"#  (c) Copyright 2013-2025 AMD, Inc. All rights reserved."
"# "
"#  This file contains proprietary information"
"#  of AMD, Inc. and is protected under U.S. and"
"#  international copyright and other intellectual property"
"#  laws."
"# "
"#  DISCLAIMER"
"#  This disclaimer is not a license and does not grant any"
"#  rights to the materials distributed herewith. Except as"
"#  otherwise provided in a valid license issued to you by"
"#  AMD, and to the maximum extent permitted by applicable"
"#  law: (1) THESE MATERIALS ARE MADE AVAILABLE ""AS IS"" AND"
"#  WITH ALL FAULTS, AND AMD HEREBY DISCLAIMS ALL WARRANTIES"
"#  AND CONDITIONS, EXPRESS, IMPLIED, OR STATUTORY, INCLUDING"
"#  BUT NOT LIMITED TO WARRANTIES OF MERCHANTABILITY, NON-"
"#  INFRINGEMENT, OR FITNESS FOR ANY PARTICULAR PURPOSE; and"
"#  (2) AMD shall not be liable (whether in contract or tort,"
"#  including negligence, or under any other theory of"
"#  liability) for any loss or damage of any kind or nature"
"#  related to, arising under or in connection with these"
"#  materials, including for any direct, or any indirect,"
"#  special, incidental, or consequential loss or damage"
"#  (including loss of data, profits, goodwill, or any type of"
"#  loss or damage suffered as a result of any action brought"
"#  by a third party) even if such damage or loss was"
"#  reasonably foreseeable or AMD had been advised of the"
"#  possibility of the same."
"# "
"#  CRITICAL APPLICATIONS"
"#  AMD products are not designed or intended to be fail-"
"#  safe, or for use in any application requiring fail-safe"
"#  performance, such as life-support or safety devices or"
"#  systems, Class III medical devices, nuclear facilities,"
"#  applications related to the deployment of airbags, or any"
"#  other applications that could lead to death, personal"
"#  injury, or severe property or environmental damage"
"#  (individually and collectively, ""Critical"
"#  Applications""). Customer assumes the sole risk and"
"#  liability of any use of AMD products in Critical"
"#  Applications, subject only to applicable laws and"
"#  regulations governing limitations on product liability."
"# "
"#  THIS COPYRIGHT NOTICE AND DISCLAIMER MUST BE RETAINED AS"
"#  PART OF THIS FILE AT ALL TIMES."
"# "
"#----------------------------------------------------------------------"
"#  ASCII Pinout File"
"# "
"#  Device   : xcku19pffvj1760"
"#  Date     : 9/29/2020 23:33:09"
"#  Revision : 1.1"
"#  Status   : Engineering Sample"
"# "
"#  Engineering Sample pkg specifications are based on a released"
"#  package design and validated with ES engineering sample"
"#  (ES) devices. Package specifications with this designation"
"#  are considered stable, however some pinout and mechanical"
"#  specifications might change prior to the production release"
"#  of the particular device. Package pinouts with this"
"#  designation are to be used for PCB and Vivado designs"
"#  using ES devices."
"# "
"#----------------------------------------------------------------------"
"#  Modification History"
"#  | Date    : 6/1/2020"
"#  | Revision: 0.1"
"#  | Status  : Evaluation Only"
"#  | Details : Initial pkg file"
"#----------------------------------------------------------------------"
"#  | Date    : 7/1/2020"
"#  | Revision: 1.0"
"#  | Status  : Engineering Sample"
"#  | Details : Moved to Engineering Sample"
"#----------------------------------------------------------------------"
"#----------------------------------------------------------------------"
"#  | Date    : 9/29/2020"
"#  | Revision: 1.1"
"#  | Status  : Engineering Sample"
"#  | Details : Changed all VCCINT_GT C4 bumps: unbonded & All VCCINT_GT BGAs: NC (Column 9: RSVDGND)"
"#----------------------------------------------------------------------"
,,,,,
Pin,Pin Name,Memory Byte Group,Bank,I/O Type,Super Logic Region
AT16,CCLK_0,NA,0,CONFIG,NA
AP18,RSVDGND,NA,NA,NA,NA
AR19,D00_MOSI_0,NA,0,CONFIG,NA
AR16,D01_DIN_0,NA,0,CONFIG,NA
AT18,D02_0,NA,0,CONFIG,NA
AR15,D03_0,NA,0,CONFIG,NA
AP19,DONE_0,NA,0,CONFIG,NA
AC21,DXN,NA,NA,NA,NA
AC22,DXP,NA,NA,NA,NA
Y21,GNDADC,NA,NA,NA,NA
AN19,INIT_B_0,NA,0,CONFIG,NA
AM19,M0_0,NA,0,CONFIG,NA
AM18,M1_0,NA,0,CONFIG,NA
AM17,M2_0,NA,0,CONFIG,NA
AN17,POR_OVERRIDE,NA,NA,NA,NA
AN15,PROGRAM_B_0,NA,0,CONFIG,NA
AN16,PUDC_B_0,NA,0,CONFIG,NA
AP16,RDWR_FCS_B_0,NA,0,CONFIG,NA
AU18,TCK_0,NA,0,CONFIG,NA
AR18,TDI_0,NA,0,CONFIG,NA
AP17,TDO_0,NA,0,CONFIG,NA
AT17,TMS_0,NA,0,CONFIG,NA
AT15,VBATT,NA,NA,NA,NA
Y22,VCCADC,NA,NA,NA,NA
AB21,VN,NA,NA,NA,NA
AA22,VP,NA,NA,NA,NA
AA21,VREFN,NA,NA,NA,NA
AB22,VREFP,NA,NA,NA,NA
A30,IO_L24N_T3U_N11_73,3U,73,HP,NA
B30,IO_L24P_T3U_N10_73,3U,73,HP,NA
A32,IO_L23N_T3U_N9_73,3U,73,HP,NA
A31,IO_L23P_T3U_N8_73,3U,73,HP,NA
B32,IO_L22N_T3U_N7_DBC_AD0N_73,3U,73,HP,NA
C32,IO_L22P_T3U_N6_DBC_AD0P_73,3U,73,HP,NA
C31,IO_L21N_T3L_N5_AD8N_73,3L,73,HP,NA
C30,IO_L21P_T3L_N4_AD8P_73,3L,73,HP,NA
E31,IO_L20N_T3L_N3_AD1N_73,3L,73,HP,NA
E30,IO_L20P_T3L_N2_AD1P_73,3L,73,HP,NA
D32,IO_L19N_T3L_N1_DBC_AD9N_73,3L,73,HP,NA
D31,IO_L19P_T3L_N0_DBC_AD9P_73,3L,73,HP,NA
D33,IO_T3U_N12_73,3U,73,HP,NA
K30,IO_T2U_N12_73,2U,73,HP,NA
F30,IO_L18N_T2U_N11_AD2N_73,2U,73,HP,NA
G30,IO_L18P_T2U_N10_AD2P_73,2U,73,HP,NA
H31,IO_L17N_T2U_N9_AD10N_73,2U,73,HP,NA
H30,IO_L17P_T2U_N8_AD10P_73,2U,73,HP,NA
J32,IO_L16N_T2U_N7_QBC_AD3N_73,2U,73,HP,NA
J31,IO_L16P_T2U_N6_QBC_AD3P_73,2U,73,HP,NA
L31,IO_L15N_T2L_N5_AD11N_73,2L,73,HP,NA
L30,IO_L15P_T2L_N4_AD11P_73,2L,73,HP,NA
F32,IO_L14N_T2L_N3_GC_73,2L,73,HP,NA
F31,IO_L14P_T2L_N2_GC_73,2L,73,HP,NA
G32,IO_L13N_T2L_N1_GC_QBC_73,2L,73,HP,NA
H32,IO_L13P_T2L_N0_GC_QBC_73,2L,73,HP,NA
D34,IO_L12N_T1U_N11_GC_73,1U,73,HP,NA
E33,IO_L12P_T1U_N10_GC_73,1U,73,HP,NA
E34,IO_L11N_T1U_N9_GC_73,1U,73,HP,NA
F33,IO_L11P_T1U_N8_GC_73,1U,73,HP,NA
A33,IO_L10N_T1U_N7_QBC_AD4N_73,1U,73,HP,NA
B33,IO_L10P_T1U_N6_QBC_AD4P_73,1U,73,HP,NA
A36,IO_L9N_T1L_N5_AD12N_73,1L,73,HP,NA
A35,IO_L9P_T1L_N4_AD12P_73,1L,73,HP,NA
B35,IO_L8N_T1L_N3_AD5N_73,1L,73,HP,NA
B34,IO_L8P_T1L_N2_AD5P_73,1L,73,HP,NA
C35,IO_L7N_T1L_N1_QBC_AD13N_73,1L,73,HP,NA
C34,IO_L7P_T1L_N0_QBC_AD13P_73,1L,73,HP,NA
E35,IO_T1U_N12_73,1U,73,HP,NA
J34,IO_T0U_N12_VRP_73,0U,73,HP,NA
F35,IO_L6N_T0U_N11_AD6N_73,0U,73,HP,NA
G35,IO_L6P_T0U_N10_AD6P_73,0U,73,HP,NA
G34,IO_L5N_T0U_N9_AD14N_73,0U,73,HP,NA
G33,IO_L5P_T0U_N8_AD14P_73,0U,73,HP,NA
H35,IO_L4N_T0U_N7_DBC_AD7N_73,0U,73,HP,NA
H34,IO_L4P_T0U_N6_DBC_AD7P_73,0U,73,HP,NA
J33,IO_L3N_T0L_N5_AD15N_73,0L,73,HP,NA
K33,IO_L3P_T0L_N4_AD15P_73,0L,73,HP,NA
K35,IO_L2N_T0L_N3_73,0L,73,HP,NA
K34,IO_L2P_T0L_N2_73,0L,73,HP,NA
L33,IO_L1N_T0L_N1_DBC_73,0L,73,HP,NA
L32,IO_L1P_T0L_N0_DBC_73,0L,73,HP,NA
K31,VREF_73,NA,73,HP,NA
A37,IO_L24N_T3U_N11_72,3U,72,HP,NA
B37,IO_L24P_T3U_N10_72,3U,72,HP,NA
A38,IO_L23N_T3U_N9_72,3U,72,HP,NA
B38,IO_L23P_T3U_N8_72,3U,72,HP,NA
C37,IO_L22N_T3U_N7_DBC_AD0N_72,3U,72,HP,NA
C36,IO_L22P_T3U_N6_DBC_AD0P_72,3U,72,HP,NA
E39,IO_L21N_T3L_N5_AD8N_72,3L,72,HP,NA
E38,IO_L21P_T3L_N4_AD8P_72,3L,72,HP,NA
D38,IO_L20N_T3L_N3_AD1N_72,3L,72,HP,NA
D37,IO_L20P_T3L_N2_AD1P_72,3L,72,HP,NA
D36,IO_L19N_T3L_N1_DBC_AD9N_72,3L,72,HP,NA
E36,IO_L19P_T3L_N0_DBC_AD9P_72,3L,72,HP,NA
B39,IO_T3U_N12_72,3U,72,HP,NA
H37,IO_T2U_N12_72,2U,72,HP,NA
F37,IO_L18N_T2U_N11_AD2N_72,2U,72,HP,NA
F36,IO_L18P_T2U_N10_AD2P_72,2U,72,HP,NA
G37,IO_L17N_T2U_N9_AD10N_72,2U,72,HP,NA
H36,IO_L17P_T2U_N8_AD10P_72,2U,72,HP,NA
J37,IO_L16N_T2U_N7_QBC_AD3N_72,2U,72,HP,NA
J36,IO_L16P_T2U_N6_QBC_AD3P_72,2U,72,HP,NA
K38,IO_L15N_T2L_N5_AD11N_72,2L,72,HP,NA
L38,IO_L15P_T2L_N4_AD11P_72,2L,72,HP,NA
F38,IO_L14N_T2L_N3_GC_72,2L,72,HP,NA
G38,IO_L14P_T2L_N2_GC_72,2L,72,HP,NA
J39,IO_L13N_T2L_N1_GC_QBC_72,2L,72,HP,NA
J38,IO_L13P_T2L_N0_GC_QBC_72,2L,72,HP,NA
C39,IO_L12N_T1U_N11_GC_72,1U,72,HP,NA
D39,IO_L12P_T1U_N10_GC_72,1U,72,HP,NA
C41,IO_L11N_T1U_N9_GC_72,1U,72,HP,NA
C40,IO_L11P_T1U_N8_GC_72,1U,72,HP,NA
A40,IO_L10N_T1U_N7_QBC_AD4N_72,1U,72,HP,NA
B40,IO_L10P_T1U_N6_QBC_AD4P_72,1U,72,HP,NA
D42,IO_L9N_T1L_N5_AD12N_72,1L,72,HP,NA
D41,IO_L9P_T1L_N4_AD12P_72,1L,72,HP,NA
E40,IO_L8N_T1L_N3_AD5N_72,1L,72,HP,NA
F40,IO_L8P_T1L_N2_AD5P_72,1L,72,HP,NA
E41,IO_L7N_T1L_N1_QBC_AD13N_72,1L,72,HP,NA
F41,IO_L7P_T1L_N0_QBC_AD13P_72,1L,72,HP,NA
C42,IO_T1U_N12_72,1U,72,HP,NA
K39,IO_T0U_N12_VRP_72,0U,72,HP,NA
F42,IO_L6N_T0U_N11_AD6N_72,0U,72,HP,NA
G42,IO_L6P_T0U_N10_AD6P_72,0U,72,HP,NA
G39,IO_L5N_T0U_N9_AD14N_72,0U,72,HP,NA
H39,IO_L5P_T0U_N8_AD14P_72,0U,72,HP,NA
G40,IO_L4N_T0U_N7_DBC_AD7N_72,0U,72,HP,NA
H40,IO_L4P_T0U_N6_DBC_AD7P_72,0U,72,HP,NA
H41,IO_L3N_T0L_N5_AD15N_72,0L,72,HP,NA
J41,IO_L3P_T0L_N4_AD15P_72,0L,72,HP,NA
H42,IO_L2N_T0L_N3_72,0L,72,HP,NA
J42,IO_L2P_T0L_N2_72,0L,72,HP,NA
K41,IO_L1N_T0L_N1_DBC_72,0L,72,HP,NA
K40,IO_L1P_T0L_N0_DBC_72,0L,72,HP,NA
K36,VREF_72,NA,72,HP,NA
N32,IO_L24N_T3U_N11_71,3U,71,HP,NA
N31,IO_L24P_T3U_N10_71,3U,71,HP,NA
P31,IO_L23N_T3U_N9_71,3U,71,HP,NA
R31,IO_L23P_T3U_N8_71,3U,71,HP,NA
M34,IO_L22N_T3U_N7_DBC_AD0N_71,3U,71,HP,NA
M33,IO_L22P_T3U_N6_DBC_AD0P_71,3U,71,HP,NA
T32,IO_L21N_T3L_N5_AD8N_71,3L,71,HP,NA
T31,IO_L21P_T3L_N4_AD8P_71,3L,71,HP,NA
P33,IO_L20N_T3L_N3_AD1N_71,3L,71,HP,NA
R33,IO_L20P_T3L_N2_AD1P_71,3L,71,HP,NA
N35,IO_L19N_T3L_N1_DBC_AD9N_71,3L,71,HP,NA
N34,IO_L19P_T3L_N0_DBC_AD9P_71,3L,71,HP,NA
P32,IO_T3U_N12_71,3U,71,HP,NA
N36,IO_T2U_N12_71,2U,71,HP,NA
P34,IO_L18N_T2U_N11_AD2N_71,2U,71,HP,NA
R34,IO_L18P_T2U_N10_AD2P_71,2U,71,HP,NA
L35,IO_L17N_T2U_N9_AD10N_71,2U,71,HP,NA
M35,IO_L17P_T2U_N8_AD10P_71,2U,71,HP,NA
R35,IO_L16N_T2U_N7_QBC_AD3N_71,2U,71,HP,NA
T35,IO_L16P_T2U_N6_QBC_AD3P_71,2U,71,HP,NA
P36,IO_L15N_T2L_N5_AD11N_71,2L,71,HP,NA
R36,IO_L15P_T2L_N4_AD11P_71,2L,71,HP,NA
T37,IO_L14N_T2L_N3_GC_71,2L,71,HP,NA
T36,IO_L14P_T2L_N2_GC_71,2L,71,HP,NA
L37,IO_L13N_T2L_N1_GC_QBC_71,2L,71,HP,NA
L36,IO_L13P_T2L_N0_GC_QBC_71,2L,71,HP,NA
M37,IO_L12N_T1U_N11_GC_71,1U,71,HP,NA
N37,IO_L12P_T1U_N10_GC_71,1U,71,HP,NA
M39,IO_L11N_T1U_N9_GC_71,1U,71,HP,NA
M38,IO_L11P_T1U_N8_GC_71,1U,71,HP,NA
N39,IO_L10N_T1U_N7_QBC_AD4N_71,1U,71,HP,NA
P38,IO_L10P_T1U_N6_QBC_AD4P_71,1U,71,HP,NA
R38,IO_L9N_T1L_N5_AD12N_71,1L,71,HP,NA
T38,IO_L9P_T1L_N4_AD12P_71,1L,71,HP,NA
P39,IO_L8N_T1L_N3_AD5N_71,1L,71,HP,NA
R39,IO_L8P_T1L_N2_AD5P_71,1L,71,HP,NA
L40,IO_L7N_T1L_N1_QBC_AD13N_71,1L,71,HP,NA
M40,IO_L7P_T1L_N0_QBC_AD13P_71,1L,71,HP,NA
P37,IO_T1U_N12_71,1U,71,HP,NA
M42,IO_T0U_N12_VRP_71,0U,71,HP,NA
N41,IO_L6N_T0U_N11_AD6N_71,0U,71,HP,NA
N40,IO_L6P_T0U_N10_AD6P_71,0U,71,HP,NA
R40,IO_L5N_T0U_N9_AD14N_71,0U,71,HP,NA
T40,IO_L5P_T0U_N8_AD14P_71,0U,71,HP,NA
L42,IO_L4N_T0U_N7_DBC_AD7N_71,0U,71,HP,NA
L41,IO_L4P_T0U_N6_DBC_AD7P_71,0U,71,HP,NA
N42,IO_L3N_T0L_N5_AD15N_71,0L,71,HP,NA
P42,IO_L3P_T0L_N4_AD15P_71,0L,71,HP,NA
P41,IO_L2N_T0L_N3_71,0L,71,HP,NA
R41,IO_L2P_T0L_N2_71,0L,71,HP,NA
T42,IO_L1N_T0L_N1_DBC_71,0L,71,HP,NA
T41,IO_L1P_T0L_N0_DBC_71,0L,71,HP,NA
M32,VREF_71,NA,71,HP,NA
V31,IO_L24N_T3U_N11_70,3U,70,HP,NA
W31,IO_L24P_T3U_N10_70,3U,70,HP,NA
Y31,IO_L23N_T3U_N9_70,3U,70,HP,NA
AA31,IO_L23P_T3U_N8_70,3U,70,HP,NA
T33,IO_L22N_T3U_N7_DBC_AD0N_70,3U,70,HP,NA
U33,IO_L22P_T3U_N6_DBC_AD0P_70,3U,70,HP,NA
V32,IO_L21N_T3L_N5_AD8N_70,3L,70,HP,NA
W32,IO_L21P_T3L_N4_AD8P_70,3L,70,HP,NA
W34,IO_L20N_T3L_N3_AD1N_70,3L,70,HP,NA
W33,IO_L20P_T3L_N2_AD1P_70,3L,70,HP,NA
Y33,IO_L19N_T3L_N1_DBC_AD9N_70,3L,70,HP,NA
AA33,IO_L19P_T3L_N0_DBC_AD9P_70,3L,70,HP,NA
AA32,IO_T3U_N12_70,3U,70,HP,NA
AB35,IO_T2U_N12_70,2U,70,HP,NA
U34,IO_L18N_T2U_N11_AD2N_70,2U,70,HP,NA
V34,IO_L18P_T2U_N10_AD2P_70,2U,70,HP,NA
Y35,IO_L17N_T2U_N9_AD10N_70,2U,70,HP,NA
Y34,IO_L17P_T2U_N8_AD10P_70,2U,70,HP,NA
AB34,IO_L16N_T2U_N7_QBC_AD3N_70,2U,70,HP,NA
AB33,IO_L16P_T2U_N6_QBC_AD3P_70,2U,70,HP,NA
U35,IO_L15N_T2L_N5_AD11N_70,2L,70,HP,NA
V35,IO_L15P_T2L_N4_AD11P_70,2L,70,HP,NA
Y36,IO_L14N_T2L_N3_GC_70,2L,70,HP,NA
AA35,IO_L14P_T2L_N2_GC_70,2L,70,HP,NA
V36,IO_L13N_T2L_N1_GC_QBC_70,2L,70,HP,NA
W36,IO_L13P_T2L_N0_GC_QBC_70,2L,70,HP,NA
AA37,IO_L12N_T1U_N11_GC_70,1U,70,HP,NA
AA36,IO_L12P_T1U_N10_GC_70,1U,70,HP,NA
U37,IO_L11N_T1U_N9_GC_70,1U,70,HP,NA
V37,IO_L11P_T1U_N8_GC_70,1U,70,HP,NA
W38,IO_L10N_T1U_N7_QBC_AD4N_70,1U,70,HP,NA
W37,IO_L10P_T1U_N6_QBC_AD4P_70,1U,70,HP,NA
AA38,IO_L9N_T1L_N5_AD12N_70,1L,70,HP,NA
AB37,IO_L9P_T1L_N4_AD12P_70,1L,70,HP,NA
U39,IO_L8N_T1L_N3_AD5N_70,1L,70,HP,NA
U38,IO_L8P_T1L_N2_AD5P_70,1L,70,HP,NA
V39,IO_L7N_T1L_N1_QBC_AD13N_70,1L,70,HP,NA
W39,IO_L7P_T1L_N0_QBC_AD13P_70,1L,70,HP,NA
Y38,IO_T1U_N12_70,1U,70,HP,NA
W42,IO_T0U_N12_VRP_70,0U,70,HP,NA
Y40,IO_L6N_T0U_N11_AD6N_70,0U,70,HP,NA
Y39,IO_L6P_T0U_N10_AD6P_70,0U,70,HP,NA
U40,IO_L5N_T0U_N9_AD14N_70,0U,70,HP,NA
V40,IO_L5P_T0U_N8_AD14P_70,0U,70,HP,NA
Y41,IO_L4N_T0U_N7_DBC_AD7N_70,0U,70,HP,NA
AA40,IO_L4P_T0U_N6_DBC_AD7P_70,0U,70,HP,NA
V41,IO_L3N_T0L_N5_AD15N_70,0L,70,HP,NA
W41,IO_L3P_T0L_N4_AD15P_70,0L,70,HP,NA
AA42,IO_L2N_T0L_N3_70,0L,70,HP,NA
AA41,IO_L2P_T0L_N2_70,0L,70,HP,NA
U42,IO_L1N_T0L_N1_DBC_70,0L,70,HP,NA
V42,IO_L1P_T0L_N0_DBC_70,0L,70,HP,NA
U32,VREF_70,NA,70,HP,NA
AD31,IO_L24N_T3U_N11_69,3U,69,HP,NA
AC31,IO_L24P_T3U_N10_69,3U,69,HP,NA
AF31,IO_L23N_T3U_N9_69,3U,69,HP,NA
AE31,IO_L23P_T3U_N8_69,3U,69,HP,NA
AC32,IO_L22N_T3U_N7_DBC_AD0N_69,3U,69,HP,NA
AB32,IO_L22P_T3U_N6_DBC_AD0P_69,3U,69,HP,NA
AD33,IO_L21N_T3L_N5_AD8N_69,3L,69,HP,NA
AD32,IO_L21P_T3L_N4_AD8P_69,3L,69,HP,NA
AF33,IO_L20N_T3L_N3_AD1N_69,3L,69,HP,NA
AE33,IO_L20P_T3L_N2_AD1P_69,3L,69,HP,NA
AG34,IO_L19N_T3L_N1_DBC_AD9N_69,3L,69,HP,NA
AG33,IO_L19P_T3L_N0_DBC_AD9P_69,3L,69,HP,NA
AF32,IO_T3U_N12_69,3U,69,HP,NA
AC35,IO_T2U_N12_69,2U,69,HP,NA
AD34,IO_L18N_T2U_N11_AD2N_69,2U,69,HP,NA
AC34,IO_L18P_T2U_N10_AD2P_69,2U,69,HP,NA
AE35,IO_L17N_T2U_N9_AD10N_69,2U,69,HP,NA
AE34,IO_L17P_T2U_N8_AD10P_69,2U,69,HP,NA
AG35,IO_L16N_T2U_N7_QBC_AD3N_69,2U,69,HP,NA
AF35,IO_L16P_T2U_N6_QBC_AD3P_69,2U,69,HP,NA
AD36,IO_L15N_T2L_N5_AD11N_69,2L,69,HP,NA
AC36,IO_L15P_T2L_N4_AD11P_69,2L,69,HP,NA
AF36,IO_L14N_T2L_N3_GC_69,2L,69,HP,NA
AE36,IO_L14P_T2L_N2_GC_69,2L,69,HP,NA
AD37,IO_L13N_T2L_N1_GC_QBC_69,2L,69,HP,NA
AC37,IO_L13P_T2L_N0_GC_QBC_69,2L,69,HP,NA
AG37,IO_L12N_T1U_N11_GC_69,1U,69,HP,NA
AF37,IO_L12P_T1U_N10_GC_69,1U,69,HP,NA
AE38,IO_L11N_T1U_N9_GC_69,1U,69,HP,NA
AD38,IO_L11P_T1U_N8_GC_69,1U,69,HP,NA
AG38,IO_L10N_T1U_N7_QBC_AD4N_69,1U,69,HP,NA
AF38,IO_L10P_T1U_N6_QBC_AD4P_69,1U,69,HP,NA
AC39,IO_L9N_T1L_N5_AD12N_69,1L,69,HP,NA
AB39,IO_L9P_T1L_N4_AD12P_69,1L,69,HP,NA
AE39,IO_L8N_T1L_N3_AD5N_69,1L,69,HP,NA
AD39,IO_L8P_T1L_N2_AD5P_69,1L,69,HP,NA
AG40,IO_L7N_T1L_N1_QBC_AD13N_69,1L,69,HP,NA
AG39,IO_L7P_T1L_N0_QBC_AD13P_69,1L,69,HP,NA
AB38,IO_T1U_N12_69,1U,69,HP,NA
AD42,IO_T0U_N12_VRP_69,0U,69,HP,NA
AC40,IO_L6N_T0U_N11_AD6N_69,0U,69,HP,NA
AB40,IO_L6P_T0U_N10_AD6P_69,0U,69,HP,NA
AF40,IO_L5N_T0U_N9_AD14N_69,0U,69,HP,NA
AE40,IO_L5P_T0U_N8_AD14P_69,0U,69,HP,NA
AD41,IO_L4N_T0U_N7_DBC_AD7N_69,0U,69,HP,NA
AC41,IO_L4P_T0U_N6_DBC_AD7P_69,0U,69,HP,NA
AF41,IO_L3N_T0L_N5_AD15N_69,0L,69,HP,NA
AE41,IO_L3P_T0L_N4_AD15P_69,0L,69,HP,NA
AC42,IO_L2N_T0L_N3_69,0L,69,HP,NA
AB42,IO_L2P_T0L_N2_69,0L,69,HP,NA
AG42,IO_L1N_T0L_N1_DBC_69,0L,69,HP,NA
AF42,IO_L1P_T0L_N0_DBC_69,0L,69,HP,NA
AG32,VREF_69,NA,69,HP,NA
AJ31,IO_L24N_T3U_N11_68,3U,68,HP,NA
AH31,IO_L24P_T3U_N10_68,3U,68,HP,NA
AL31,IO_L23N_T3U_N9_68,3U,68,HP,NA
AK31,IO_L23P_T3U_N8_68,3U,68,HP,NA
AJ32,IO_L22N_T3U_N7_DBC_AD0N_68,3U,68,HP,NA
AH32,IO_L22P_T3U_N6_DBC_AD0P_68,3U,68,HP,NA
AM32,IO_L21N_T3L_N5_AD8N_68,3L,68,HP,NA
AL32,IO_L21P_T3L_N4_AD8P_68,3L,68,HP,NA
AL33,IO_L20N_T3L_N3_AD1N_68,3L,68,HP,NA
AK33,IO_L20P_T3L_N2_AD1P_68,3L,68,HP,NA
AJ34,IO_L19N_T3L_N1_DBC_AD9N_68,3L,68,HP,NA
AH34,IO_L19P_T3L_N0_DBC_AD9P_68,3L,68,HP,NA
AM33,IO_T3U_N12_68,3U,68,HP,NA
AJ36,IO_T2U_N12_68,2U,68,HP,NA
AK35,IO_L18N_T2U_N11_AD2N_68,2U,68,HP,NA
AK34,IO_L18P_T2U_N10_AD2P_68,2U,68,HP,NA
AN35,IO_L17N_T2U_N9_AD10N_68,2U,68,HP,NA
AM34,IO_L17P_T2U_N8_AD10P_68,2U,68,HP,NA
AH36,IO_L16N_T2U_N7_QBC_AD3N_68,2U,68,HP,NA
AH35,IO_L16P_T2U_N6_QBC_AD3P_68,2U,68,HP,NA
AM35,IO_L15N_T2L_N5_AD11N_68,2L,68,HP,NA
AL35,IO_L15P_T2L_N4_AD11P_68,2L,68,HP,NA
AL36,IO_L14N_T2L_N3_GC_68,2L,68,HP,NA
AK36,IO_L14P_T2L_N2_GC_68,2L,68,HP,NA
AJ37,IO_L13N_T2L_N1_GC_QBC_68,2L,68,HP,NA
AH37,IO_L13P_T2L_N0_GC_QBC_68,2L,68,HP,NA
AM37,IO_L12N_T1U_N11_GC_68,1U,68,HP,NA
AL37,IO_L12P_T1U_N10_GC_68,1U,68,HP,NA
AK38,IO_L11N_T1U_N9_GC_68,1U,68,HP,NA
AJ38,IO_L11P_T1U_N8_GC_68,1U,68,HP,NA
AM38,IO_L10N_T1U_N7_QBC_AD4N_68,1U,68,HP,NA
AL38,IO_L10P_T1U_N6_QBC_AD4P_68,1U,68,HP,NA
AJ39,IO_L9N_T1L_N5_AD12N_68,1L,68,HP,NA
AH39,IO_L9P_T1L_N4_AD12P_68,1L,68,HP,NA
AK40,IO_L8N_T1L_N3_AD5N_68,1L,68,HP,NA
AK39,IO_L8P_T1L_N2_AD5P_68,1L,68,HP,NA
AN39,IO_L7N_T1L_N1_QBC_AD13N_68,1L,68,HP,NA
AM39,IO_L7P_T1L_N0_QBC_AD13P_68,1L,68,HP,NA
AH40,IO_T1U_N12_68,1U,68,HP,NA
AL42,IO_T0U_N12_VRP_68,0U,68,HP,NA
AJ41,IO_L6N_T0U_N11_AD6N_68,0U,68,HP,NA
AH41,IO_L6P_T0U_N10_AD6P_68,0U,68,HP,NA
AM40,IO_L5N_T0U_N9_AD14N_68,0U,68,HP,NA
AL40,IO_L5P_T0U_N8_AD14P_68,0U,68,HP,NA
AN41,IO_L4N_T0U_N7_DBC_AD7N_68,0U,68,HP,NA
AN40,IO_L4P_T0U_N6_DBC_AD7P_68,0U,68,HP,NA
AL41,IO_L3N_T0L_N5_AD15N_68,0L,68,HP,NA
AK41,IO_L3P_T0L_N4_AD15P_68,0L,68,HP,NA
AJ42,IO_L2N_T0L_N3_68,0L,68,HP,NA
AH42,IO_L2P_T0L_N2_68,0L,68,HP,NA
AN42,IO_L1N_T0L_N1_DBC_68,0L,68,HP,NA
AM42,IO_L1P_T0L_N0_DBC_68,0L,68,HP,NA
AJ33,VREF_68,NA,68,HP,NA
AW42,IO_L24N_T3U_N11_67,3U,67,HP,NA
AV41,IO_L24P_T3U_N10_67,3U,67,HP,NA
AV40,IO_L23N_T3U_N9_67,3U,67,HP,NA
AV39,IO_L23P_T3U_N8_67,3U,67,HP,NA
AY41,IO_L22N_T3U_N7_DBC_AD0N_67,3U,67,HP,NA
AW41,IO_L22P_T3U_N6_DBC_AD0P_67,3U,67,HP,NA
AY40,IO_L21N_T3L_N5_AD8N_67,3L,67,HP,NA
AY39,IO_L21P_T3L_N4_AD8P_67,3L,67,HP,NA
BA41,IO_L20N_T3L_N3_AD1N_67,3L,67,HP,NA
BA40,IO_L20P_T3L_N2_AD1P_67,3L,67,HP,NA
BB40,IO_L19N_T3L_N1_DBC_AD9N_67,3L,67,HP,NA
BB39,IO_L19P_T3L_N0_DBC_AD9P_67,3L,67,HP,NA
AW39,IO_T3U_N12_67,3U,67,HP,NA
AR41,IO_T2U_N12_67,2U,67,HP,NA
AP42,IO_L18N_T2U_N11_AD2N_67,2U,67,HP,NA
AP41,IO_L18P_T2U_N10_AD2P_67,2U,67,HP,NA
AR40,IO_L17N_T2U_N9_AD10N_67,2U,67,HP,NA
AP39,IO_L17P_T2U_N8_AD10P_67,2U,67,HP,NA
AT42,IO_L16N_T2U_N7_QBC_AD3N_67,2U,67,HP,NA
AT41,IO_L16P_T2U_N6_QBC_AD3P_67,2U,67,HP,NA
AT40,IO_L15N_T2L_N5_AD11N_67,2L,67,HP,NA
AR39,IO_L15P_T2L_N4_AD11P_67,2L,67,HP,NA
AU40,IO_L14N_T2L_N3_GC_67,2L,67,HP,NA
AU39,IO_L14P_T2L_N2_GC_67,2L,67,HP,NA
AV42,IO_L13N_T2L_N1_GC_QBC_67,2L,67,HP,NA
AU42,IO_L13P_T2L_N0_GC_QBC_67,2L,67,HP,NA
AY38,IO_L12N_T1U_N11_GC_67,1U,67,HP,NA
AW38,IO_L12P_T1U_N10_GC_67,1U,67,HP,NA
AW37,IO_L11N_T1U_N9_GC_67,1U,67,HP,NA
AW36,IO_L11P_T1U_N8_GC_67,1U,67,HP,NA
AY36,IO_L10N_T1U_N7_QBC_AD4N_67,1U,67,HP,NA
AY35,IO_L10P_T1U_N6_QBC_AD4P_67,1U,67,HP,NA
BB38,IO_L9N_T1L_N5_AD12N_67,1L,67,HP,NA
BA38,IO_L9P_T1L_N4_AD12P_67,1L,67,HP,NA
BB37,IO_L8N_T1L_N3_AD5N_67,1L,67,HP,NA
BA37,IO_L8P_T1L_N2_AD5P_67,1L,67,HP,NA
BB35,IO_L7N_T1L_N1_QBC_AD13N_67,1L,67,HP,NA
BA35,IO_L7P_T1L_N0_QBC_AD13P_67,1L,67,HP,NA
BA36,IO_T1U_N12_67,1U,67,HP,NA
AR36,IO_T0U_N12_VRP_67,0U,67,HP,NA
AP38,IO_L6N_T0U_N11_AD6N_67,0U,67,HP,NA
AP37,IO_L6P_T0U_N10_AD6P_67,0U,67,HP,NA
AT38,IO_L5N_T0U_N9_AD14N_67,0U,67,HP,NA
AR38,IO_L5P_T0U_N8_AD14P_67,0U,67,HP,NA
AN37,IO_L4N_T0U_N7_DBC_AD7N_67,0U,67,HP,NA
AN36,IO_L4P_T0U_N6_DBC_AD7P_67,0U,67,HP,NA
AT37,IO_L3N_T0L_N5_AD15N_67,0L,67,HP,NA
AT36,IO_L3P_T0L_N4_AD15P_67,0L,67,HP,NA
AV37,IO_L2N_T0L_N3_67,0L,67,HP,NA
AV36,IO_L2P_T0L_N2_67,0L,67,HP,NA
AU38,IO_L1N_T0L_N1_DBC_67,0L,67,HP,NA
AU37,IO_L1P_T0L_N0_DBC_67,0L,67,HP,NA
AP36,VREF_67,NA,67,HP,NA
AW34,IO_L24N_T3U_N11_66,3U,66,HP,NA
AV34,IO_L24P_T3U_N10_66,3U,66,HP,NA
BA33,IO_L23N_T3U_N9_66,3U,66,HP,NA
AY33,IO_L23P_T3U_N8_66,3U,66,HP,NA
BB34,IO_L22N_T3U_N7_DBC_AD0N_66,3U,66,HP,NA
BB33,IO_L22P_T3U_N6_DBC_AD0P_66,3U,66,HP,NA
AV32,IO_L21N_T3L_N5_AD8N_66,3L,66,HP,NA
AU32,IO_L21P_T3L_N4_AD8P_66,3L,66,HP,NA
AY34,IO_L20N_T3L_N3_AD1N_66,3L,66,HP,NA
AW33,IO_L20P_T3L_N2_AD1P_66,3L,66,HP,NA
BB32,IO_L19N_T3L_N1_DBC_AD9N_66,3L,66,HP,NA
BA31,IO_L19P_T3L_N0_DBC_AD9P_66,3L,66,HP,NA
BA32,IO_T3U_N12_66,3U,66,HP,NA
AR35,IO_T2U_N12_66,2U,66,HP,NA
AP34,IO_L18N_T2U_N11_AD2N_66,2U,66,HP,NA
AN34,IO_L18P_T2U_N10_AD2P_66,2U,66,HP,NA
AR34,IO_L17N_T2U_N9_AD10N_66,2U,66,HP,NA
AP33,IO_L17P_T2U_N8_AD10P_66,2U,66,HP,NA
AU35,IO_L16N_T2U_N7_QBC_AD3N_66,2U,66,HP,NA
AT35,IO_L16P_T2U_N6_QBC_AD3P_66,2U,66,HP,NA
AR33,IO_L15N_T2L_N5_AD11N_66,2L,66,HP,NA
AP32,IO_L15P_T2L_N4_AD11P_66,2L,66,HP,NA
AT33,IO_L14N_T2L_N3_GC_66,2L,66,HP,NA
AT32,IO_L14P_T2L_N2_GC_66,2L,66,HP,NA
AV35,IO_L13N_T2L_N1_GC_QBC_66,2L,66,HP,NA
AU34,IO_L13P_T2L_N0_GC_QBC_66,2L,66,HP,NA
AV31,IO_L12N_T1U_N11_GC_66,1U,66,HP,NA
AV30,IO_L12P_T1U_N10_GC_66,1U,66,HP,NA
AW29,IO_L11N_T1U_N9_GC_66,1U,66,HP,NA
AV29,IO_L11P_T1U_N8_GC_66,1U,66,HP,NA
AW32,IO_L10N_T1U_N7_QBC_AD4N_66,1U,66,HP,NA
AW31,IO_L10P_T1U_N6_QBC_AD4P_66,1U,66,HP,NA
AY30,IO_L9N_T1L_N5_AD12N_66,1L,66,HP,NA
AY29,IO_L9P_T1L_N4_AD12P_66,1L,66,HP,NA
BB30,IO_L8N_T1L_N3_AD5N_66,1L,66,HP,NA
BA30,IO_L8P_T1L_N2_AD5P_66,1L,66,HP,NA
BB29,IO_L7N_T1L_N1_QBC_AD13N_66,1L,66,HP,NA
BB28,IO_L7P_T1L_N0_QBC_AD13P_66,1L,66,HP,NA
AY31,IO_T1U_N12_66,1U,66,HP,NA
AU33,IO_T0U_N12_VRP_66,0U,66,HP,NA
AN30,IO_L6N_T0U_N11_AD6N_66,0U,66,HP,NA
AN29,IO_L6P_T0U_N10_AD6P_66,0U,66,HP,NA
AP31,IO_L5N_T0U_N9_AD14N_66,0U,66,HP,NA
AN31,IO_L5P_T0U_N8_AD14P_66,0U,66,HP,NA
AR29,IO_L4N_T0U_N7_DBC_AD7N_66,0U,66,HP,NA
AP29,IO_L4P_T0U_N6_DBC_AD7P_66,0U,66,HP,NA
AT31,IO_L3N_T0L_N5_AD15N_66,0L,66,HP,NA
AR31,IO_L3P_T0L_N4_AD15P_66,0L,66,HP,NA
AT30,IO_L2N_T0L_N3_66,0L,66,HP,NA
AR30,IO_L2P_T0L_N2_66,0L,66,HP,NA
AU30,IO_L1N_T0L_N1_DBC_66,0L,66,HP,NA
AU29,IO_L1P_T0L_N0_DBC_66,0L,66,HP,NA
AN32,VREF_66,NA,66,HP,NA
AM24,IO_L24N_T3U_N11_DOUT_CSO_B_65,3U,65,HP,NA
AM23,IO_L24P_T3U_N10_EMCCLK_65,3U,65,HP,NA
AP24,IO_L23N_T3U_N9_PERSTN1_I2C_SDA_65,3U,65,HP,NA
AP23,IO_L23P_T3U_N8_I2C_SCLK_65,3U,65,HP,NA
AN25,IO_L22N_T3U_N7_DBC_AD0N_D05_65,3U,65,HP,NA
AN24,IO_L22P_T3U_N6_DBC_AD0P_D04_65,3U,65,HP,NA
AR28,IO_L21N_T3L_N5_AD8N_D07_65,3L,65,HP,NA
AP28,IO_L21P_T3L_N4_AD8P_D06_65,3L,65,HP,NA
AP27,IO_L20N_T3L_N3_AD1N_D09_65,3L,65,HP,NA
AP26,IO_L20P_T3L_N2_AD1P_D08_65,3L,65,HP,NA
AR26,IO_L19N_T3L_N1_DBC_AD9N_D11_65,3L,65,HP,NA
AR25,IO_L19P_T3L_N0_DBC_AD9P_D10_65,3L,65,HP,NA
AN26,IO_T3U_N12_PERSTN0_65,3U,65,HP,NA
AV26,IO_T2U_N12_CSI_ADV_B_65,2U,65,HP,NA
AU28,IO_L18N_T2U_N11_AD2N_D13_65,2U,65,HP,NA
AT28,IO_L18P_T2U_N10_AD2P_D12_65,2U,65,HP,NA
BA28,IO_L17N_T2U_N9_AD10N_D15_65,2U,65,HP,NA
AY28,IO_L17P_T2U_N8_AD10P_D14_65,2U,65,HP,NA
AU27,IO_L16N_T2U_N7_QBC_AD3N_A01_D17_65,2U,65,HP,NA
AT27,IO_L16P_T2U_N6_QBC_AD3P_A00_D16_65,2U,65,HP,NA
AW28,IO_L15N_T2L_N5_AD11N_A03_D19_65,2L,65,HP,NA
AV27,IO_L15P_T2L_N4_AD11P_A02_D18_65,2L,65,HP,NA
AT26,IO_L14N_T2L_N3_GC_A05_D21_65,2L,65,HP,NA
AT25,IO_L14P_T2L_N2_GC_A04_D20_65,2L,65,HP,NA
AW27,IO_L13N_T2L_N1_GC_QBC_A07_D23_65,2L,65,HP,NA
AW26,IO_L13P_T2L_N0_GC_QBC_A06_D22_65,2L,65,HP,NA
AR24,IO_L12N_T1U_N11_GC_A09_D25_65,1U,65,HP,NA
AR23,IO_L12P_T1U_N10_GC_A08_D24_65,1U,65,HP,NA
AV25,IO_L11N_T1U_N9_GC_A11_D27_65,1U,65,HP,NA
AU25,IO_L11P_T1U_N8_GC_A10_D26_65,1U,65,HP,NA
AV24,IO_L10N_T1U_N7_QBC_AD4N_A13_D29_65,1U,65,HP,NA
AU24,IO_L10P_T1U_N6_QBC_AD4P_A12_D28_65,1U,65,HP,NA
AU23,IO_L9N_T1L_N5_AD12N_A15_D31_65,1L,65,HP,NA
AT23,IO_L9P_T1L_N4_AD12P_A14_D30_65,1L,65,HP,NA
AW22,IO_L8N_T1L_N3_AD5N_A17_65,1L,65,HP,NA
AV22,IO_L8P_T1L_N2_AD5P_A16_65,1L,65,HP,NA
AY23,IO_L7N_T1L_N1_QBC_AD13N_A19_65,1L,65,HP,NA
AW23,IO_L7P_T1L_N0_QBC_AD13P_A18_65,1L,65,HP,NA
AW24,IO_T1U_N12_SMBALERT_65,1U,65,HP,NA
AY26,IO_T0U_N12_VRP_A28_65,0U,65,HP,NA
AY25,IO_L6N_T0U_N11_AD6N_A21_65,0U,65,HP,NA
AY24,IO_L6P_T0U_N10_AD6P_A20_65,0U,65,HP,NA
BA23,IO_L5N_T0U_N9_AD14N_A23_65,0U,65,HP,NA
BA22,IO_L5P_T0U_N8_AD14P_A22_65,0U,65,HP,NA
BA26,IO_L4N_T0U_N7_DBC_AD7N_A25_65,0U,65,HP,NA
BA25,IO_L4P_T0U_N6_DBC_AD7P_A24_65,0U,65,HP,NA
BB27,IO_L3N_T0L_N5_AD15N_A27_65,0L,65,HP,NA
BA27,IO_L3P_T0L_N4_AD15P_A26_65,0L,65,HP,NA
BB25,IO_L2N_T0L_N3_FWE_FCS2_B_65,0L,65,HP,NA
BB24,IO_L2P_T0L_N2_FOE_B_65,0L,65,HP,NA
BB23,IO_L1N_T0L_N1_DBC_RS1_65,0L,65,HP,NA
BB22,IO_L1P_T0L_N0_DBC_RS0_65,0L,65,HP,NA
AN27,VREF_65,NA,65,HP,NA
A13,IO_L12N_AD0N_92,NA,92,HD,NA
B13,IO_L12P_AD0P_92,NA,92,HD,NA
A15,IO_L11N_AD1N_92,NA,92,HD,NA
A16,IO_L11P_AD1P_92,NA,92,HD,NA
A17,IO_L10N_AD2N_92,NA,92,HD,NA
A18,IO_L10P_AD2P_92,NA,92,HD,NA
B14,IO_L9N_AD3N_92,NA,92,HD,NA
B15,IO_L9P_AD3P_92,NA,92,HD,NA
B17,IO_L8N_HDGC_AD4N_92,NA,92,HD,NA
B18,IO_L8P_HDGC_AD4P_92,NA,92,HD,NA
C14,IO_L7N_HDGC_AD5N_92,NA,92,HD,NA
C15,IO_L7P_HDGC_AD5P_92,NA,92,HD,NA
C16,IO_L6N_HDGC_AD6N_92,NA,92,HD,NA
C17,IO_L6P_HDGC_AD6P_92,NA,92,HD,NA
D13,IO_L5N_HDGC_AD7N_92,NA,92,HD,NA
D14,IO_L5P_HDGC_AD7P_92,NA,92,HD,NA
D16,IO_L4N_AD8N_92,NA,92,HD,NA
D17,IO_L4P_AD8P_92,NA,92,HD,NA
D18,IO_L3N_AD9N_92,NA,92,HD,NA
E18,IO_L3P_AD9P_92,NA,92,HD,NA
E16,IO_L2N_AD10N_92,NA,92,HD,NA
F16,IO_L2P_AD10P_92,NA,92,HD,NA
F17,IO_L1N_AD11N_92,NA,92,HD,NA
F18,IO_L1P_AD11P_92,NA,92,HD,NA
A20,IO_L12N_AD0N_90,NA,90,HD,NA
A21,IO_L12P_AD0P_90,NA,90,HD,NA
B19,IO_L11N_AD1N_90,NA,90,HD,NA
B20,IO_L11P_AD1P_90,NA,90,HD,NA
C19,IO_L10N_AD2N_90,NA,90,HD,NA
D19,IO_L10P_AD2P_90,NA,90,HD,NA
C20,IO_L9N_AD3N_90,NA,90,HD,NA
C21,IO_L9P_AD3P_90,NA,90,HD,NA
E19,IO_L8N_HDGC_AD4N_90,NA,90,HD,NA
E20,IO_L8P_HDGC_AD4P_90,NA,90,HD,NA
F20,IO_L7N_HDGC_AD5N_90,NA,90,HD,NA
F21,IO_L7P_HDGC_AD5P_90,NA,90,HD,NA
G17,IO_L6N_HDGC_AD6N_90,NA,90,HD,NA
G18,IO_L6P_HDGC_AD6P_90,NA,90,HD,NA
G19,IO_L5N_HDGC_AD7N_90,NA,90,HD,NA
G20,IO_L5P_HDGC_AD7P_90,NA,90,HD,NA
H19,IO_L4N_AD8N_90,NA,90,HD,NA
J19,IO_L4P_AD8P_90,NA,90,HD,NA
J18,IO_L3N_AD9N_90,NA,90,HD,NA
K19,IO_L3P_AD9P_90,NA,90,HD,NA
K18,IO_L2N_AD10N_90,NA,90,HD,NA
L18,IO_L2P_AD10P_90,NA,90,HD,NA
K20,IO_L1N_AD11N_90,NA,90,HD,NA
L20,IO_L1P_AD11P_90,NA,90,HD,NA
A22,IO_L12N_AD0N_88,NA,88,HD,NA
B22,IO_L12P_AD0P_88,NA,88,HD,NA
A23,IO_L11N_AD1N_88,NA,88,HD,NA
B23,IO_L11P_AD1P_88,NA,88,HD,NA
C22,IO_L10N_AD2N_88,NA,88,HD,NA
D22,IO_L10P_AD2P_88,NA,88,HD,NA
D21,IO_L9N_AD3N_88,NA,88,HD,NA
E21,IO_L9P_AD3P_88,NA,88,HD,NA
D23,IO_L8N_HDGC_AD4N_88,NA,88,HD,NA
E23,IO_L8P_HDGC_AD4P_88,NA,88,HD,NA
F23,IO_L7N_HDGC_AD5N_88,NA,88,HD,NA
F22,IO_L7P_HDGC_AD5P_88,NA,88,HD,NA
G23,IO_L6N_HDGC_AD6N_88,NA,88,HD,NA
G22,IO_L6P_HDGC_AD6P_88,NA,88,HD,NA
H21,IO_L5N_HDGC_AD7N_88,NA,88,HD,NA
H20,IO_L5P_HDGC_AD7P_88,NA,88,HD,NA
H22,IO_L4N_AD8N_88,NA,88,HD,NA
J21,IO_L4P_AD8P_88,NA,88,HD,NA
J23,IO_L3N_AD9N_88,NA,88,HD,NA
J22,IO_L3P_AD9P_88,NA,88,HD,NA
K21,IO_L2N_AD10N_88,NA,88,HD,NA
L21,IO_L2P_AD10P_88,NA,88,HD,NA
K23,IO_L1N_AD11N_88,NA,88,HD,NA
L22,IO_L1P_AD11P_88,NA,88,HD,NA
AJ10,MGTAVTTRCAL_RS,NA,NA,NA,NA
AT12,MGTREFCLK0N_225,NA,225,GTY,NA
AT13,MGTREFCLK0P_225,NA,225,GTY,NA
AR10,MGTREFCLK1N_225,NA,225,GTY,NA
AR11,MGTREFCLK1P_225,NA,225,GTY,NA
AJ11,MGTRREF_RS,NA,NA,NA,NA
AV3,MGTYRXN0_225,NA,225,GTY,NA
AU1,MGTYRXN1_225,NA,225,GTY,NA
AT3,MGTYRXN2_225,NA,225,GTY,NA
AR1,MGTYRXN3_225,NA,225,GTY,NA
AV4,MGTYRXP0_225,NA,225,GTY,NA
AU2,MGTYRXP1_225,NA,225,GTY,NA
AT4,MGTYRXP2_225,NA,225,GTY,NA
AR2,MGTYRXP3_225,NA,225,GTY,NA
AV8,MGTYTXN0_225,NA,225,GTY,NA
AU6,MGTYTXN1_225,NA,225,GTY,NA
AT8,MGTYTXN2_225,NA,225,GTY,NA
AR6,MGTYTXN3_225,NA,225,GTY,NA
AV9,MGTYTXP0_225,NA,225,GTY,NA
AU7,MGTYTXP1_225,NA,225,GTY,NA
AT9,MGTYTXP2_225,NA,225,GTY,NA
AR7,MGTYTXP3_225,NA,225,GTY,NA
AP12,MGTREFCLK0N_226,NA,226,GTY,NA
AP13,MGTREFCLK0P_226,NA,226,GTY,NA
AN10,MGTREFCLK1N_226,NA,226,GTY,NA
AN11,MGTREFCLK1P_226,NA,226,GTY,NA
AP3,MGTYRXN0_226,NA,226,GTY,NA
AN1,MGTYRXN1_226,NA,226,GTY,NA
AM3,MGTYRXN2_226,NA,226,GTY,NA
AL1,MGTYRXN3_226,NA,226,GTY,NA
AP4,MGTYRXP0_226,NA,226,GTY,NA
AN2,MGTYRXP1_226,NA,226,GTY,NA
AM4,MGTYRXP2_226,NA,226,GTY,NA
AL2,MGTYRXP3_226,NA,226,GTY,NA
AP8,MGTYTXN0_226,NA,226,GTY,NA
AN6,MGTYTXN1_226,NA,226,GTY,NA
AM8,MGTYTXN2_226,NA,226,GTY,NA
AL6,MGTYTXN3_226,NA,226,GTY,NA
AP9,MGTYTXP0_226,NA,226,GTY,NA
AN7,MGTYTXP1_226,NA,226,GTY,NA
AM9,MGTYTXP2_226,NA,226,GTY,NA
AL7,MGTYTXP3_226,NA,226,GTY,NA
AL10,MGTREFCLK0N_227,NA,227,GTY,NA
AL11,MGTREFCLK0P_227,NA,227,GTY,NA
AG10,MGTREFCLK1N_227,NA,227,GTY,NA
AG11,MGTREFCLK1P_227,NA,227,GTY,NA
AK3,MGTYRXN0_227,NA,227,GTY,NA
AJ1,MGTYRXN1_227,NA,227,GTY,NA
AH3,MGTYRXN2_227,NA,227,GTY,NA
AG1,MGTYRXN3_227,NA,227,GTY,NA
AK4,MGTYRXP0_227,NA,227,GTY,NA
AJ2,MGTYRXP1_227,NA,227,GTY,NA
AH4,MGTYRXP2_227,NA,227,GTY,NA
AG2,MGTYRXP3_227,NA,227,GTY,NA
AK8,MGTYTXN0_227,NA,227,GTY,NA
AJ6,MGTYTXN1_227,NA,227,GTY,NA
AH8,MGTYTXN2_227,NA,227,GTY,NA
AG6,MGTYTXN3_227,NA,227,GTY,NA
AK9,MGTYTXP0_227,NA,227,GTY,NA
AJ7,MGTYTXP1_227,NA,227,GTY,NA
AH9,MGTYTXP2_227,NA,227,GTY,NA
AG7,MGTYTXP3_227,NA,227,GTY,NA
AE10,MGTREFCLK0N_228,NA,228,GTY,NA
AE11,MGTREFCLK0P_228,NA,228,GTY,NA
AC10,MGTREFCLK1N_228,NA,228,GTY,NA
AC11,MGTREFCLK1P_228,NA,228,GTY,NA
AF3,MGTYRXN0_228,NA,228,GTY,NA
AE1,MGTYRXN1_228,NA,228,GTY,NA
AD3,MGTYRXN2_228,NA,228,GTY,NA
AC1,MGTYRXN3_228,NA,228,GTY,NA
AF4,MGTYRXP0_228,NA,228,GTY,NA
AE2,MGTYRXP1_228,NA,228,GTY,NA
AD4,MGTYRXP2_228,NA,228,GTY,NA
AC2,MGTYRXP3_228,NA,228,GTY,NA
AF8,MGTYTXN0_228,NA,228,GTY,NA
AE6,MGTYTXN1_228,NA,228,GTY,NA
AD8,MGTYTXN2_228,NA,228,GTY,NA
AC6,MGTYTXN3_228,NA,228,GTY,NA
AF9,MGTYTXP0_228,NA,228,GTY,NA
AE7,MGTYTXP1_228,NA,228,GTY,NA
AD9,MGTYTXP2_228,NA,228,GTY,NA
AC7,MGTYTXP3_228,NA,228,GTY,NA
AA10,MGTREFCLK0N_229,NA,229,GTY,NA
AA11,MGTREFCLK0P_229,NA,229,GTY,NA
W10,MGTREFCLK1N_229,NA,229,GTY,NA
W11,MGTREFCLK1P_229,NA,229,GTY,NA
AB3,MGTYRXN0_229,NA,229,GTY,NA
AA1,MGTYRXN1_229,NA,229,GTY,NA
Y3,MGTYRXN2_229,NA,229,GTY,NA
W1,MGTYRXN3_229,NA,229,GTY,NA
AB4,MGTYRXP0_229,NA,229,GTY,NA
AA2,MGTYRXP1_229,NA,229,GTY,NA
Y4,MGTYRXP2_229,NA,229,GTY,NA
W2,MGTYRXP3_229,NA,229,GTY,NA
AB8,MGTYTXN0_229,NA,229,GTY,NA
AA6,MGTYTXN1_229,NA,229,GTY,NA
Y8,MGTYTXN2_229,NA,229,GTY,NA
W6,MGTYTXN3_229,NA,229,GTY,NA
AB9,MGTYTXP0_229,NA,229,GTY,NA
AA7,MGTYTXP1_229,NA,229,GTY,NA
Y9,MGTYTXP2_229,NA,229,GTY,NA
W7,MGTYTXP3_229,NA,229,GTY,NA
U10,MGTREFCLK0N_230,NA,230,GTY,NA
U11,MGTREFCLK0P_230,NA,230,GTY,NA
R10,MGTREFCLK1N_230,NA,230,GTY,NA
R11,MGTREFCLK1P_230,NA,230,GTY,NA
V3,MGTYRXN0_230,NA,230,GTY,NA
U1,MGTYRXN1_230,NA,230,GTY,NA
T3,MGTYRXN2_230,NA,230,GTY,NA
R1,MGTYRXN3_230,NA,230,GTY,NA
V4,MGTYRXP0_230,NA,230,GTY,NA
U2,MGTYRXP1_230,NA,230,GTY,NA
T4,MGTYRXP2_230,NA,230,GTY,NA
R2,MGTYRXP3_230,NA,230,GTY,NA
V8,MGTYTXN0_230,NA,230,GTY,NA
U6,MGTYTXN1_230,NA,230,GTY,NA
T8,MGTYTXN2_230,NA,230,GTY,NA
R6,MGTYTXN3_230,NA,230,GTY,NA
V9,MGTYTXP0_230,NA,230,GTY,NA
U7,MGTYTXP1_230,NA,230,GTY,NA
T9,MGTYTXP2_230,NA,230,GTY,NA
R7,MGTYTXP3_230,NA,230,GTY,NA
N10,MGTREFCLK0N_231,NA,231,GTY,NA
N11,MGTREFCLK0P_231,NA,231,GTY,NA
L10,MGTREFCLK1N_231,NA,231,GTY,NA
L11,MGTREFCLK1P_231,NA,231,GTY,NA
P3,MGTYRXN0_231,NA,231,GTY,NA
N1,MGTYRXN1_231,NA,231,GTY,NA
M3,MGTYRXN2_231,NA,231,GTY,NA
L1,MGTYRXN3_231,NA,231,GTY,NA
P4,MGTYRXP0_231,NA,231,GTY,NA
N2,MGTYRXP1_231,NA,231,GTY,NA
M4,MGTYRXP2_231,NA,231,GTY,NA
L2,MGTYRXP3_231,NA,231,GTY,NA
P8,MGTYTXN0_231,NA,231,GTY,NA
N6,MGTYTXN1_231,NA,231,GTY,NA
M8,MGTYTXN2_231,NA,231,GTY,NA
L6,MGTYTXN3_231,NA,231,GTY,NA
P9,MGTYTXP0_231,NA,231,GTY,NA
N7,MGTYTXP1_231,NA,231,GTY,NA
M9,MGTYTXP2_231,NA,231,GTY,NA
L7,MGTYTXP3_231,NA,231,GTY,NA
J10,MGTREFCLK0N_232,NA,232,GTY,NA
J11,MGTREFCLK0P_232,NA,232,GTY,NA
H8,MGTREFCLK1N_232,NA,232,GTY,NA
H9,MGTREFCLK1P_232,NA,232,GTY,NA
K3,MGTYRXN0_232,NA,232,GTY,NA
J1,MGTYRXN1_232,NA,232,GTY,NA
H3,MGTYRXN2_232,NA,232,GTY,NA
G1,MGTYRXN3_232,NA,232,GTY,NA
K4,MGTYRXP0_232,NA,232,GTY,NA
J2,MGTYRXP1_232,NA,232,GTY,NA
H4,MGTYRXP2_232,NA,232,GTY,NA
G2,MGTYRXP3_232,NA,232,GTY,NA
K8,MGTYTXN0_232,NA,232,GTY,NA
J6,MGTYTXN1_232,NA,232,GTY,NA
G6,MGTYTXN2_232,NA,232,GTY,NA
F4,MGTYTXN3_232,NA,232,GTY,NA
K9,MGTYTXP0_232,NA,232,GTY,NA
J7,MGTYTXP1_232,NA,232,GTY,NA
G7,MGTYTXP2_232,NA,232,GTY,NA
F5,MGTYTXP3_232,NA,232,GTY,NA
J15,MGTAVTTRCAL_RN,NA,NA,NA,NA
J16,MGTRREF_RN,NA,NA,NA,NA
AP15,VCCO_0,NA,0,NA,NA
AR17,VCCO_0,NA,0,NA,NA
AU21,VCCO_64,NA,64,NA,NA
AV18,VCCO_64,NA,64,NA,NA
AW15,VCCO_64,NA,64,NA,NA
AR27,VCCO_65,NA,65,NA,NA
AT24,VCCO_65,NA,65,NA,NA
AW25,VCCO_65,NA,65,NA,NA
AR32,VCCO_66,NA,66,NA,NA
AV33,VCCO_66,NA,66,NA,NA
AW30,VCCO_66,NA,66,NA,NA
AP40,VCCO_67,NA,67,NA,NA
AR37,VCCO_67,NA,67,NA,NA
AV38,VCCO_67,NA,67,NA,NA
AJ35,VCCO_68,NA,68,NA,NA
AK32,VCCO_68,NA,68,NA,NA
AM36,VCCO_68,NA,68,NA,NA
AC33,VCCO_69,NA,69,NA,NA
AE37,VCCO_69,NA,69,NA,NA
AF34,VCCO_69,NA,69,NA,NA
AB36,VCCO_70,NA,70,NA,NA
W35,VCCO_70,NA,70,NA,NA
Y32,VCCO_70,NA,70,NA,NA
M36,VCCO_71,NA,71,NA,NA
N33,VCCO_71,NA,71,NA,NA
T34,VCCO_71,NA,71,NA,NA
F39,VCCO_72,NA,72,NA,NA
G36,VCCO_72,NA,72,NA,NA
J40,VCCO_72,NA,72,NA,NA
D35,VCCO_73,NA,73,NA,NA
E32,VCCO_73,NA,73,NA,NA
H33,VCCO_73,NA,73,NA,NA
D25,VCCO_74,NA,74,NA,NA
F29,VCCO_74,NA,74,NA,NA
G26,VCCO_74,NA,74,NA,NA
E22,VCCO_88,NA,88,NA,NA
H23,VCCO_88,NA,88,NA,NA
B21,VCCO_90,NA,90,NA,NA
F19,VCCO_90,NA,90,NA,NA
C18,VCCO_92,NA,92,NA,NA
D15,VCCO_92,NA,92,NA,NA
A10,GND,NA,NA,NA,NA
A11,GND,NA,NA,NA,NA
A12,GND,NA,NA,NA,NA
A14,GND,NA,NA,NA,NA
A19,GND,NA,NA,NA,NA
A2,GND,NA,NA,NA,NA
A24,GND,NA,NA,NA,NA
A29,GND,NA,NA,NA,NA
A3,GND,NA,NA,NA,NA
A34,GND,NA,NA,NA,NA
A39,GND,NA,NA,NA,NA
A4,GND,NA,NA,NA,NA
A41,GND,NA,NA,NA,NA
A5,GND,NA,NA,NA,NA
A6,GND,NA,NA,NA,NA
A7,GND,NA,NA,NA,NA
A8,GND,NA,NA,NA,NA
A9,GND,NA,NA,NA,NA
AA12,GND,NA,NA,NA,NA
AA14,GND,NA,NA,NA,NA
AA16,GND,NA,NA,NA,NA
AA18,GND,NA,NA,NA,NA
AA20,GND,NA,NA,NA,NA
AA24,GND,NA,NA,NA,NA
AA26,GND,NA,NA,NA,NA
AA28,GND,NA,NA,NA,NA
AA3,GND,NA,NA,NA,NA
AA30,GND,NA,NA,NA,NA
AA34,GND,NA,NA,NA,NA
AA39,GND,NA,NA,NA,NA
AA4,GND,NA,NA,NA,NA
AA5,GND,NA,NA,NA,NA
AA8,GND,NA,NA,NA,NA
AB1,GND,NA,NA,NA,NA
AB10,GND,NA,NA,NA,NA
AB12,GND,NA,NA,NA,NA
AB13,GND,NA,NA,NA,NA
AB15,GND,NA,NA,NA,NA
AB17,GND,NA,NA,NA,NA
AB19,GND,NA,NA,NA,NA
AB2,GND,NA,NA,NA,NA
AB23,GND,NA,NA,NA,NA
AB25,GND,NA,NA,NA,NA
AB27,GND,NA,NA,NA,NA
AB29,GND,NA,NA,NA,NA
AB31,GND,NA,NA,NA,NA
AB41,GND,NA,NA,NA,NA
AB5,GND,NA,NA,NA,NA
AB6,GND,NA,NA,NA,NA
AB7,GND,NA,NA,NA,NA
AC12,GND,NA,NA,NA,NA
AC14,GND,NA,NA,NA,NA
AC16,GND,NA,NA,NA,NA
AC18,GND,NA,NA,NA,NA
AC20,GND,NA,NA,NA,NA
AC24,GND,NA,NA,NA,NA
AC26,GND,NA,NA,NA,NA
AC28,GND,NA,NA,NA,NA
AC3,GND,NA,NA,NA,NA
AC30,GND,NA,NA,NA,NA
AC38,GND,NA,NA,NA,NA
AC4,GND,NA,NA,NA,NA
AC5,GND,NA,NA,NA,NA
AC8,GND,NA,NA,NA,NA
AD1,GND,NA,NA,NA,NA
AD10,GND,NA,NA,NA,NA
AD12,GND,NA,NA,NA,NA
AD13,GND,NA,NA,NA,NA
AD15,GND,NA,NA,NA,NA
AD17,GND,NA,NA,NA,NA
AD19,GND,NA,NA,NA,NA
AD2,GND,NA,NA,NA,NA
AD21,GND,NA,NA,NA,NA
AD23,GND,NA,NA,NA,NA
AD25,GND,NA,NA,NA,NA
AD27,GND,NA,NA,NA,NA
AD29,GND,NA,NA,NA,NA
AD35,GND,NA,NA,NA,NA
AD40,GND,NA,NA,NA,NA
AD5,GND,NA,NA,NA,NA
AD6,GND,NA,NA,NA,NA
AD7,GND,NA,NA,NA,NA
AE12,GND,NA,NA,NA,NA
AE14,GND,NA,NA,NA,NA
AE16,GND,NA,NA,NA,NA
AE18,GND,NA,NA,NA,NA
AE20,GND,NA,NA,NA,NA
AE22,GND,NA,NA,NA,NA
AE24,GND,NA,NA,NA,NA
AE26,GND,NA,NA,NA,NA
AE28,GND,NA,NA,NA,NA
AE3,GND,NA,NA,NA,NA
AE30,GND,NA,NA,NA,NA
AE32,GND,NA,NA,NA,NA
AE4,GND,NA,NA,NA,NA
AE42,GND,NA,NA,NA,NA
AE5,GND,NA,NA,NA,NA
AE8,GND,NA,NA,NA,NA
AF1,GND,NA,NA,NA,NA
AF10,GND,NA,NA,NA,NA
AF12,GND,NA,NA,NA,NA
AF13,GND,NA,NA,NA,NA
AF15,GND,NA,NA,NA,NA
AF17,GND,NA,NA,NA,NA
AF19,GND,NA,NA,NA,NA
AF2,GND,NA,NA,NA,NA
AF21,GND,NA,NA,NA,NA
AF23,GND,NA,NA,NA,NA
AF25,GND,NA,NA,NA,NA
AF27,GND,NA,NA,NA,NA
AF29,GND,NA,NA,NA,NA
AF39,GND,NA,NA,NA,NA
AF5,GND,NA,NA,NA,NA
AF6,GND,NA,NA,NA,NA
AF7,GND,NA,NA,NA,NA
AG12,GND,NA,NA,NA,NA
AG14,GND,NA,NA,NA,NA
AG16,GND,NA,NA,NA,NA
AG18,GND,NA,NA,NA,NA
AG20,GND,NA,NA,NA,NA
AG22,GND,NA,NA,NA,NA
AG24,GND,NA,NA,NA,NA
AG26,GND,NA,NA,NA,NA
AG28,GND,NA,NA,NA,NA
AG3,GND,NA,NA,NA,NA
AG30,GND,NA,NA,NA,NA
AG31,GND,NA,NA,NA,NA
AG36,GND,NA,NA,NA,NA
AG4,GND,NA,NA,NA,NA
AG41,GND,NA,NA,NA,NA
AG5,GND,NA,NA,NA,NA
AG8,GND,NA,NA,NA,NA
AH1,GND,NA,NA,NA,NA
AH10,GND,NA,NA,NA,NA
AH12,GND,NA,NA,NA,NA
AH13,GND,NA,NA,NA,NA
AH15,GND,NA,NA,NA,NA
AH17,GND,NA,NA,NA,NA
AH19,GND,NA,NA,NA,NA
AH2,GND,NA,NA,NA,NA
AH21,GND,NA,NA,NA,NA
AH23,GND,NA,NA,NA,NA
AH25,GND,NA,NA,NA,NA
AH27,GND,NA,NA,NA,NA
AH29,GND,NA,NA,NA,NA
AH33,GND,NA,NA,NA,NA
AH38,GND,NA,NA,NA,NA
AH5,GND,NA,NA,NA,NA
AH6,GND,NA,NA,NA,NA
AH7,GND,NA,NA,NA,NA
AJ12,GND,NA,NA,NA,NA
AJ14,GND,NA,NA,NA,NA
AJ16,GND,NA,NA,NA,NA
AJ18,GND,NA,NA,NA,NA
AJ20,GND,NA,NA,NA,NA
AJ22,GND,NA,NA,NA,NA
AJ24,GND,NA,NA,NA,NA
AJ26,GND,NA,NA,NA,NA
AJ28,GND,NA,NA,NA,NA
AJ3,GND,NA,NA,NA,NA
AJ30,GND,NA,NA,NA,NA
AJ4,GND,NA,NA,NA,NA
AJ40,GND,NA,NA,NA,NA
AJ5,GND,NA,NA,NA,NA
AJ8,GND,NA,NA,NA,NA
AK1,GND,NA,NA,NA,NA
AK10,GND,NA,NA,NA,NA
AK12,GND,NA,NA,NA,NA
AK13,GND,NA,NA,NA,NA
AK15,GND,NA,NA,NA,NA
AK17,GND,NA,NA,NA,NA
AK19,GND,NA,NA,NA,NA
AK2,GND,NA,NA,NA,NA
AK21,GND,NA,NA,NA,NA
AK23,GND,NA,NA,NA,NA
AK25,GND,NA,NA,NA,NA
AK27,GND,NA,NA,NA,NA
AK29,GND,NA,NA,NA,NA
AK37,GND,NA,NA,NA,NA
AK42,GND,NA,NA,NA,NA
AK5,GND,NA,NA,NA,NA
AK6,GND,NA,NA,NA,NA
AK7,GND,NA,NA,NA,NA
AL12,GND,NA,NA,NA,NA
AL14,GND,NA,NA,NA,NA
AL16,GND,NA,NA,NA,NA
AL18,GND,NA,NA,NA,NA
AL20,GND,NA,NA,NA,NA
AL22,GND,NA,NA,NA,NA
AL24,GND,NA,NA,NA,NA
AL26,GND,NA,NA,NA,NA
AL28,GND,NA,NA,NA,NA
AL3,GND,NA,NA,NA,NA
AL30,GND,NA,NA,NA,NA
AL34,GND,NA,NA,NA,NA
AL39,GND,NA,NA,NA,NA
AL4,GND,NA,NA,NA,NA
AL5,GND,NA,NA,NA,NA
AL8,GND,NA,NA,NA,NA
AM1,GND,NA,NA,NA,NA
AM10,GND,NA,NA,NA,NA
AM12,GND,NA,NA,NA,NA
AM13,GND,NA,NA,NA,NA
AM15,GND,NA,NA,NA,NA
AM16,GND,NA,NA,NA,NA
AM2,GND,NA,NA,NA,NA
AM21,GND,NA,NA,NA,NA
AM25,GND,NA,NA,NA,NA
AM27,GND,NA,NA,NA,NA
AM29,GND,NA,NA,NA,NA
AM31,GND,NA,NA,NA,NA
AM41,GND,NA,NA,NA,NA
AM5,GND,NA,NA,NA,NA
AM6,GND,NA,NA,NA,NA
AM7,GND,NA,NA,NA,NA
AN12,GND,NA,NA,NA,NA
AN13,GND,NA,NA,NA,NA
AN14,GND,NA,NA,NA,NA
AN18,GND,NA,NA,NA,NA
AN23,GND,NA,NA,NA,NA
AN28,GND,NA,NA,NA,NA
AN3,GND,NA,NA,NA,NA
AN33,GND,NA,NA,NA,NA
AN38,GND,NA,NA,NA,NA
AN4,GND,NA,NA,NA,NA
AN5,GND,NA,NA,NA,NA
AN8,GND,NA,NA,NA,NA
AP1,GND,NA,NA,NA,NA
AP10,GND,NA,NA,NA,NA
AP14,GND,NA,NA,NA,NA
AP2,GND,NA,NA,NA,NA
AP20,GND,NA,NA,NA,NA
AP25,GND,NA,NA,NA,NA
AP30,GND,NA,NA,NA,NA
AP35,GND,NA,NA,NA,NA
AP5,GND,NA,NA,NA,NA
AP6,GND,NA,NA,NA,NA
AP7,GND,NA,NA,NA,NA
AR12,GND,NA,NA,NA,NA
AR13,GND,NA,NA,NA,NA
AR14,GND,NA,NA,NA,NA
AR22,GND,NA,NA,NA,NA
AR3,GND,NA,NA,NA,NA
AR4,GND,NA,NA,NA,NA
AR42,GND,NA,NA,NA,NA
AR5,GND,NA,NA,NA,NA
AR8,GND,NA,NA,NA,NA
AT1,GND,NA,NA,NA,NA
AT10,GND,NA,NA,NA,NA
AT14,GND,NA,NA,NA,NA
AT19,GND,NA,NA,NA,NA
AT2,GND,NA,NA,NA,NA
AT29,GND,NA,NA,NA,NA
AT34,GND,NA,NA,NA,NA
AT39,GND,NA,NA,NA,NA
AT5,GND,NA,NA,NA,NA
AT6,GND,NA,NA,NA,NA
AT7,GND,NA,NA,NA,NA
AU12,GND,NA,NA,NA,NA
AU13,GND,NA,NA,NA,NA
AU14,GND,NA,NA,NA,NA
AU16,GND,NA,NA,NA,NA
AU26,GND,NA,NA,NA,NA
AU3,GND,NA,NA,NA,NA
AU31,GND,NA,NA,NA,NA
AU36,GND,NA,NA,NA,NA
AU4,GND,NA,NA,NA,NA
AU41,GND,NA,NA,NA,NA
AU5,GND,NA,NA,NA,NA
AU8,GND,NA,NA,NA,NA
AV1,GND,NA,NA,NA,NA
AV10,GND,NA,NA,NA,NA
AV12,GND,NA,NA,NA,NA
AV13,GND,NA,NA,NA,NA
AV2,GND,NA,NA,NA,NA
AV23,GND,NA,NA,NA,NA
AV28,GND,NA,NA,NA,NA
AV5,GND,NA,NA,NA,NA
AV6,GND,NA,NA,NA,NA
AV7,GND,NA,NA,NA,NA
AW12,GND,NA,NA,NA,NA
AW20,GND,NA,NA,NA,NA
AW3,GND,NA,NA,NA,NA
AW35,GND,NA,NA,NA,NA
AW4,GND,NA,NA,NA,NA
AW40,GND,NA,NA,NA,NA
AW5,GND,NA,NA,NA,NA
AW8,GND,NA,NA,NA,NA
AW9,GND,NA,NA,NA,NA
AY1,GND,NA,NA,NA,NA
AY10,GND,NA,NA,NA,NA
AY11,GND,NA,NA,NA,NA
AY12,GND,NA,NA,NA,NA
AY17,GND,NA,NA,NA,NA
AY2,GND,NA,NA,NA,NA
AY22,GND,NA,NA,NA,NA
AY27,GND,NA,NA,NA,NA
AY32,GND,NA,NA,NA,NA
AY37,GND,NA,NA,NA,NA
AY42,GND,NA,NA,NA,NA
AY5,GND,NA,NA,NA,NA
AY6,GND,NA,NA,NA,NA
AY7,GND,NA,NA,NA,NA
B1,GND,NA,NA,NA,NA
B12,GND,NA,NA,NA,NA
B16,GND,NA,NA,NA,NA
B2,GND,NA,NA,NA,NA
B26,GND,NA,NA,NA,NA
B3,GND,NA,NA,NA,NA
B31,GND,NA,NA,NA,NA
B36,GND,NA,NA,NA,NA
B41,GND,NA,NA,NA,NA
B42,GND,NA,NA,NA,NA
B6,GND,NA,NA,NA,NA
B9,GND,NA,NA,NA,NA
BA1,GND,NA,NA,NA,NA
BA12,GND,NA,NA,NA,NA
BA14,GND,NA,NA,NA,NA
BA19,GND,NA,NA,NA,NA
BA2,GND,NA,NA,NA,NA
BA24,GND,NA,NA,NA,NA
BA29,GND,NA,NA,NA,NA
BA3,GND,NA,NA,NA,NA
BA34,GND,NA,NA,NA,NA
BA39,GND,NA,NA,NA,NA
BA4,GND,NA,NA,NA,NA
BA42,GND,NA,NA,NA,NA
BA7,GND,NA,NA,NA,NA
BA8,GND,NA,NA,NA,NA
BA9,GND,NA,NA,NA,NA
BB10,GND,NA,NA,NA,NA
BB11,GND,NA,NA,NA,NA
BB12,GND,NA,NA,NA,NA
BB16,GND,NA,NA,NA,NA
BB2,GND,NA,NA,NA,NA
BB21,GND,NA,NA,NA,NA
BB26,GND,NA,NA,NA,NA
BB31,GND,NA,NA,NA,NA
BB36,GND,NA,NA,NA,NA
BB41,GND,NA,NA,NA,NA
BB5,GND,NA,NA,NA,NA
BB6,GND,NA,NA,NA,NA
BB7,GND,NA,NA,NA,NA
C10,GND,NA,NA,NA,NA
C11,GND,NA,NA,NA,NA
C12,GND,NA,NA,NA,NA
C13,GND,NA,NA,NA,NA
C23,GND,NA,NA,NA,NA
C28,GND,NA,NA,NA,NA
C3,GND,NA,NA,NA,NA
C33,GND,NA,NA,NA,NA
C38,GND,NA,NA,NA,NA
C4,GND,NA,NA,NA,NA
C5,GND,NA,NA,NA,NA
C6,GND,NA,NA,NA,NA
C7,GND,NA,NA,NA,NA
C8,GND,NA,NA,NA,NA
C9,GND,NA,NA,NA,NA
D1,GND,NA,NA,NA,NA
D12,GND,NA,NA,NA,NA
D2,GND,NA,NA,NA,NA
D20,GND,NA,NA,NA,NA
D3,GND,NA,NA,NA,NA
D30,GND,NA,NA,NA,NA
D40,GND,NA,NA,NA,NA
D6,GND,NA,NA,NA,NA
D9,GND,NA,NA,NA,NA
E10,GND,NA,NA,NA,NA
E11,GND,NA,NA,NA,NA
E12,GND,NA,NA,NA,NA
E13,GND,NA,NA,NA,NA
E14,GND,NA,NA,NA,NA
E15,GND,NA,NA,NA,NA
E17,GND,NA,NA,NA,NA
E27,GND,NA,NA,NA,NA
E3,GND,NA,NA,NA,NA
E37,GND,NA,NA,NA,NA
E4,GND,NA,NA,NA,NA
E42,GND,NA,NA,NA,NA
E5,GND,NA,NA,NA,NA
E6,GND,NA,NA,NA,NA
E7,GND,NA,NA,NA,NA
E8,GND,NA,NA,NA,NA
E9,GND,NA,NA,NA,NA
F1,GND,NA,NA,NA,NA
F12,GND,NA,NA,NA,NA
F15,GND,NA,NA,NA,NA
F2,GND,NA,NA,NA,NA
F24,GND,NA,NA,NA,NA
F3,GND,NA,NA,NA,NA
F34,GND,NA,NA,NA,NA
F6,GND,NA,NA,NA,NA
F7,GND,NA,NA,NA,NA
F8,GND,NA,NA,NA,NA
G10,GND,NA,NA,NA,NA
G11,GND,NA,NA,NA,NA
G12,GND,NA,NA,NA,NA
G13,GND,NA,NA,NA,NA
G14,GND,NA,NA,NA,NA
G15,GND,NA,NA,NA,NA
G16,GND,NA,NA,NA,NA
G21,GND,NA,NA,NA,NA
G3,GND,NA,NA,NA,NA
G31,GND,NA,NA,NA,NA
G4,GND,NA,NA,NA,NA
G41,GND,NA,NA,NA,NA
G5,GND,NA,NA,NA,NA
G8,GND,NA,NA,NA,NA
G9,GND,NA,NA,NA,NA
H1,GND,NA,NA,NA,NA
H10,GND,NA,NA,NA,NA
H11,GND,NA,NA,NA,NA
H12,GND,NA,NA,NA,NA
H15,GND,NA,NA,NA,NA
H16,GND,NA,NA,NA,NA
H17,GND,NA,NA,NA,NA
H18,GND,NA,NA,NA,NA
H2,GND,NA,NA,NA,NA
H28,GND,NA,NA,NA,NA
H38,GND,NA,NA,NA,NA
H5,GND,NA,NA,NA,NA
H6,GND,NA,NA,NA,NA
H7,GND,NA,NA,NA,NA
J12,GND,NA,NA,NA,NA
J13,GND,NA,NA,NA,NA
J17,GND,NA,NA,NA,NA
J20,GND,NA,NA,NA,NA
J25,GND,NA,NA,NA,NA
J3,GND,NA,NA,NA,NA
J30,GND,NA,NA,NA,NA
J35,GND,NA,NA,NA,NA
J4,GND,NA,NA,NA,NA
J5,GND,NA,NA,NA,NA
J8,GND,NA,NA,NA,NA
J9,GND,NA,NA,NA,NA
K1,GND,NA,NA,NA,NA
K10,GND,NA,NA,NA,NA
K12,GND,NA,NA,NA,NA
K15,GND,NA,NA,NA,NA
K17,GND,NA,NA,NA,NA
K2,GND,NA,NA,NA,NA
K22,GND,NA,NA,NA,NA
K27,GND,NA,NA,NA,NA
K32,GND,NA,NA,NA,NA
K37,GND,NA,NA,NA,NA
K42,GND,NA,NA,NA,NA
K5,GND,NA,NA,NA,NA
K6,GND,NA,NA,NA,NA
K7,GND,NA,NA,NA,NA
L12,GND,NA,NA,NA,NA
L13,GND,NA,NA,NA,NA
L14,GND,NA,NA,NA,NA
L15,GND,NA,NA,NA,NA
L16,GND,NA,NA,NA,NA
L17,GND,NA,NA,NA,NA
L19,GND,NA,NA,NA,NA
L24,GND,NA,NA,NA,NA
L29,GND,NA,NA,NA,NA
L3,GND,NA,NA,NA,NA
L34,GND,NA,NA,NA,NA
L39,GND,NA,NA,NA,NA
L4,GND,NA,NA,NA,NA
L5,GND,NA,NA,NA,NA
L8,GND,NA,NA,NA,NA
M1,GND,NA,NA,NA,NA
M10,GND,NA,NA,NA,NA
M12,GND,NA,NA,NA,NA
M13,GND,NA,NA,NA,NA
M15,GND,NA,NA,NA,NA
M17,GND,NA,NA,NA,NA
M19,GND,NA,NA,NA,NA
M2,GND,NA,NA,NA,NA
M21,GND,NA,NA,NA,NA
M23,GND,NA,NA,NA,NA
M25,GND,NA,NA,NA,NA
M27,GND,NA,NA,NA,NA
M29,GND,NA,NA,NA,NA
M31,GND,NA,NA,NA,NA
M41,GND,NA,NA,NA,NA
M5,GND,NA,NA,NA,NA
M6,GND,NA,NA,NA,NA
M7,GND,NA,NA,NA,NA
N12,GND,NA,NA,NA,NA
N14,GND,NA,NA,NA,NA
N16,GND,NA,NA,NA,NA
N18,GND,NA,NA,NA,NA
N20,GND,NA,NA,NA,NA
N22,GND,NA,NA,NA,NA
N24,GND,NA,NA,NA,NA
N26,GND,NA,NA,NA,NA
N28,GND,NA,NA,NA,NA
N3,GND,NA,NA,NA,NA
N30,GND,NA,NA,NA,NA
N38,GND,NA,NA,NA,NA
N4,GND,NA,NA,NA,NA
N5,GND,NA,NA,NA,NA
N8,GND,NA,NA,NA,NA
P1,GND,NA,NA,NA,NA
P10,GND,NA,NA,NA,NA
P12,GND,NA,NA,NA,NA
P13,GND,NA,NA,NA,NA
P15,GND,NA,NA,NA,NA
P17,GND,NA,NA,NA,NA
P19,GND,NA,NA,NA,NA
P2,GND,NA,NA,NA,NA
P21,GND,NA,NA,NA,NA
P23,GND,NA,NA,NA,NA
P25,GND,NA,NA,NA,NA
P27,GND,NA,NA,NA,NA
P29,GND,NA,NA,NA,NA
P35,GND,NA,NA,NA,NA
P40,GND,NA,NA,NA,NA
P5,GND,NA,NA,NA,NA
P6,GND,NA,NA,NA,NA
P7,GND,NA,NA,NA,NA
R12,GND,NA,NA,NA,NA
R14,GND,NA,NA,NA,NA
R16,GND,NA,NA,NA,NA
R18,GND,NA,NA,NA,NA
R20,GND,NA,NA,NA,NA
R22,GND,NA,NA,NA,NA
R24,GND,NA,NA,NA,NA
R26,GND,NA,NA,NA,NA
R28,GND,NA,NA,NA,NA
R3,GND,NA,NA,NA,NA
R30,GND,NA,NA,NA,NA
R32,GND,NA,NA,NA,NA
R37,GND,NA,NA,NA,NA
R4,GND,NA,NA,NA,NA
R42,GND,NA,NA,NA,NA
R5,GND,NA,NA,NA,NA
R8,GND,NA,NA,NA,NA
T1,GND,NA,NA,NA,NA
T10,GND,NA,NA,NA,NA
T12,GND,NA,NA,NA,NA
T13,GND,NA,NA,NA,NA
T15,GND,NA,NA,NA,NA
T17,GND,NA,NA,NA,NA
T19,GND,NA,NA,NA,NA
T2,GND,NA,NA,NA,NA
T21,GND,NA,NA,NA,NA
T23,GND,NA,NA,NA,NA
T25,GND,NA,NA,NA,NA
T27,GND,NA,NA,NA,NA
T29,GND,NA,NA,NA,NA
T39,GND,NA,NA,NA,NA
T5,GND,NA,NA,NA,NA
T6,GND,NA,NA,NA,NA
T7,GND,NA,NA,NA,NA
U12,GND,NA,NA,NA,NA
U14,GND,NA,NA,NA,NA
U16,GND,NA,NA,NA,NA
U18,GND,NA,NA,NA,NA
U20,GND,NA,NA,NA,NA
U22,GND,NA,NA,NA,NA
U24,GND,NA,NA,NA,NA
U26,GND,NA,NA,NA,NA
U28,GND,NA,NA,NA,NA
U3,GND,NA,NA,NA,NA
U30,GND,NA,NA,NA,NA
U31,GND,NA,NA,NA,NA
U36,GND,NA,NA,NA,NA
U4,GND,NA,NA,NA,NA
U41,GND,NA,NA,NA,NA
U5,GND,NA,NA,NA,NA
U8,GND,NA,NA,NA,NA
V1,GND,NA,NA,NA,NA
V10,GND,NA,NA,NA,NA
V12,GND,NA,NA,NA,NA
V13,GND,NA,NA,NA,NA
V15,GND,NA,NA,NA,NA
V17,GND,NA,NA,NA,NA
V19,GND,NA,NA,NA,NA
V2,GND,NA,NA,NA,NA
V21,GND,NA,NA,NA,NA
V23,GND,NA,NA,NA,NA
V25,GND,NA,NA,NA,NA
V27,GND,NA,NA,NA,NA
V29,GND,NA,NA,NA,NA
V33,GND,NA,NA,NA,NA
V38,GND,NA,NA,NA,NA
V5,GND,NA,NA,NA,NA
V6,GND,NA,NA,NA,NA
V7,GND,NA,NA,NA,NA
W12,GND,NA,NA,NA,NA
W14,GND,NA,NA,NA,NA
W16,GND,NA,NA,NA,NA
W18,GND,NA,NA,NA,NA
W20,GND,NA,NA,NA,NA
W22,GND,NA,NA,NA,NA
W24,GND,NA,NA,NA,NA
W26,GND,NA,NA,NA,NA
W28,GND,NA,NA,NA,NA
W3,GND,NA,NA,NA,NA
W30,GND,NA,NA,NA,NA
W4,GND,NA,NA,NA,NA
W40,GND,NA,NA,NA,NA
W5,GND,NA,NA,NA,NA
W8,GND,NA,NA,NA,NA
Y1,GND,NA,NA,NA,NA
Y10,GND,NA,NA,NA,NA
Y12,GND,NA,NA,NA,NA
Y13,GND,NA,NA,NA,NA
Y15,GND,NA,NA,NA,NA
Y17,GND,NA,NA,NA,NA
Y19,GND,NA,NA,NA,NA
Y2,GND,NA,NA,NA,NA
Y23,GND,NA,NA,NA,NA
Y25,GND,NA,NA,NA,NA
Y27,GND,NA,NA,NA,NA
Y29,GND,NA,NA,NA,NA
Y37,GND,NA,NA,NA,NA
Y42,GND,NA,NA,NA,NA
Y5,GND,NA,NA,NA,NA
Y6,GND,NA,NA,NA,NA
Y7,GND,NA,NA,NA,NA
K11,MGTAVCC_RC,NA,NA,NA,NA
M11,MGTAVCC_RC,NA,NA,NA,NA
P11,MGTAVCC_RC,NA,NA,NA,NA
T11,MGTAVCC_RC,NA,NA,NA,NA
V11,MGTAVCC_RC,NA,NA,NA,NA
Y11,MGTAVCC_RC,NA,NA,NA,NA
F13,MGTAVCC_RN,NA,NA,NA,NA
F14,MGTAVCC_RN,NA,NA,NA,NA
AF11,MGTAVCC_RS,NA,NA,NA,NA
AH11,MGTAVCC_RS,NA,NA,NA,NA
AP11,MGTAVCC_RS,NA,NA,NA,NA
AT11,MGTAVCC_RS,NA,NA,NA,NA
AV11,MGTAVCC_RS,NA,NA,NA,NA
AA9,MGTAVTT_RC,NA,NA,NA,NA
AC9,MGTAVTT_RC,NA,NA,NA,NA
AE9,MGTAVTT_RC,NA,NA,NA,NA
L9,MGTAVTT_RC,NA,NA,NA,NA
N9,MGTAVTT_RC,NA,NA,NA,NA
R9,MGTAVTT_RC,NA,NA,NA,NA
U9,MGTAVTT_RC,NA,NA,NA,NA
W9,MGTAVTT_RC,NA,NA,NA,NA
F10,MGTAVTT_RN,NA,NA,NA,NA
F11,MGTAVTT_RN,NA,NA,NA,NA
F9,MGTAVTT_RN,NA,NA,NA,NA
AG9,MGTAVTT_RS,NA,NA,NA,NA
AJ9,MGTAVTT_RS,NA,NA,NA,NA
AL9,MGTAVTT_RS,NA,NA,NA,NA
AN9,MGTAVTT_RS,NA,NA,NA,NA
AR9,MGTAVTT_RS,NA,NA,NA,NA
AU9,MGTAVTT_RS,NA,NA,NA,NA
AB11,MGTVCCAUX_RC,NA,NA,NA,NA
AD11,MGTVCCAUX_RC,NA,NA,NA,NA
J14,MGTVCCAUX_RN,NA,NA,NA,NA
K16,MGTVCCAUX_RN,NA,NA,NA,NA
AK11,MGTVCCAUX_RS,NA,NA,NA,NA
AM11,MGTVCCAUX_RS,NA,NA,NA,NA
AA29,VCCAUX,NA,NA,NA,NA
AC29,VCCAUX,NA,NA,NA,NA
AE29,VCCAUX,NA,NA,NA,NA
U29,VCCAUX,NA,NA,NA,NA
W29,VCCAUX,NA,NA,NA,NA
AB28,VCCAUX_IO,NA,NA,NA,NA
AD28,VCCAUX_IO,NA,NA,NA,NA
AF28,VCCAUX_IO,NA,NA,NA,NA
V28,VCCAUX_IO,NA,NA,NA,NA
Y28,VCCAUX_IO,NA,NA,NA,NA
AB26,VCCBRAM,NA,NA,NA,NA
AD26,VCCBRAM,NA,NA,NA,NA
AF26,VCCBRAM,NA,NA,NA,NA
V26,VCCBRAM,NA,NA,NA,NA
Y26,VCCBRAM,NA,NA,NA,NA
AA13,VCCINT,NA,NA,NA,NA
AA15,VCCINT,NA,NA,NA,NA
AA17,VCCINT,NA,NA,NA,NA
AA19,VCCINT,NA,NA,NA,NA
AA23,VCCINT,NA,NA,NA,NA
AA25,VCCINT,NA,NA,NA,NA
AB14,VCCINT,NA,NA,NA,NA
AB16,VCCINT,NA,NA,NA,NA
AB18,VCCINT,NA,NA,NA,NA
AB20,VCCINT,NA,NA,NA,NA
AB24,VCCINT,NA,NA,NA,NA
AB30,VCCINT,NA,NA,NA,NA
AC13,VCCINT,NA,NA,NA,NA
AC15,VCCINT,NA,NA,NA,NA
AC17,VCCINT,NA,NA,NA,NA
AC19,VCCINT,NA,NA,NA,NA
AC23,VCCINT,NA,NA,NA,NA
AC25,VCCINT,NA,NA,NA,NA
AD14,VCCINT,NA,NA,NA,NA
AD16,VCCINT,NA,NA,NA,NA
AD18,VCCINT,NA,NA,NA,NA
AD20,VCCINT,NA,NA,NA,NA
AD22,VCCINT,NA,NA,NA,NA
AD24,VCCINT,NA,NA,NA,NA
AD30,VCCINT,NA,NA,NA,NA
AE13,VCCINT,NA,NA,NA,NA
AE15,VCCINT,NA,NA,NA,NA
AE17,VCCINT,NA,NA,NA,NA
AE19,VCCINT,NA,NA,NA,NA
AE21,VCCINT,NA,NA,NA,NA
AE23,VCCINT,NA,NA,NA,NA
AE25,VCCINT,NA,NA,NA,NA
AF14,VCCINT,NA,NA,NA,NA
AF16,VCCINT,NA,NA,NA,NA
AF18,VCCINT,NA,NA,NA,NA
AF20,VCCINT,NA,NA,NA,NA
AF22,VCCINT,NA,NA,NA,NA
AF24,VCCINT,NA,NA,NA,NA
AF30,VCCINT,NA,NA,NA,NA
AG13,VCCINT,NA,NA,NA,NA
AG15,VCCINT,NA,NA,NA,NA
AG17,VCCINT,NA,NA,NA,NA
AG19,VCCINT,NA,NA,NA,NA
AG21,VCCINT,NA,NA,NA,NA
AG23,VCCINT,NA,NA,NA,NA
AG25,VCCINT,NA,NA,NA,NA
AG27,VCCINT,NA,NA,NA,NA
AG29,VCCINT,NA,NA,NA,NA
AH14,VCCINT,NA,NA,NA,NA
AH16,VCCINT,NA,NA,NA,NA
AH18,VCCINT,NA,NA,NA,NA
AH20,VCCINT,NA,NA,NA,NA
AH22,VCCINT,NA,NA,NA,NA
AH24,VCCINT,NA,NA,NA,NA
AH26,VCCINT,NA,NA,NA,NA
AH28,VCCINT,NA,NA,NA,NA
AH30,VCCINT,NA,NA,NA,NA
AJ13,VCCINT,NA,NA,NA,NA
AJ15,VCCINT,NA,NA,NA,NA
AJ17,VCCINT,NA,NA,NA,NA
AJ19,VCCINT,NA,NA,NA,NA
AJ21,VCCINT,NA,NA,NA,NA
AJ23,VCCINT,NA,NA,NA,NA
AJ25,VCCINT,NA,NA,NA,NA
AJ27,VCCINT,NA,NA,NA,NA
AJ29,VCCINT,NA,NA,NA,NA
AK14,VCCINT,NA,NA,NA,NA
AK16,VCCINT,NA,NA,NA,NA
AK18,VCCINT,NA,NA,NA,NA
AK20,VCCINT,NA,NA,NA,NA
AK22,VCCINT,NA,NA,NA,NA
AK24,VCCINT,NA,NA,NA,NA
AK26,VCCINT,NA,NA,NA,NA
AK28,VCCINT,NA,NA,NA,NA
AK30,VCCINT,NA,NA,NA,NA
AL13,VCCINT,NA,NA,NA,NA
AL15,VCCINT,NA,NA,NA,NA
AL17,VCCINT,NA,NA,NA,NA
AL19,VCCINT,NA,NA,NA,NA
AL21,VCCINT,NA,NA,NA,NA
AL23,VCCINT,NA,NA,NA,NA
AL25,VCCINT,NA,NA,NA,NA
AL27,VCCINT,NA,NA,NA,NA
AL29,VCCINT,NA,NA,NA,NA
AM14,VCCINT,NA,NA,NA,NA
AM26,VCCINT,NA,NA,NA,NA
AM28,VCCINT,NA,NA,NA,NA
AM30,VCCINT,NA,NA,NA,NA
M16,VCCINT,NA,NA,NA,NA
M18,VCCINT,NA,NA,NA,NA
M20,VCCINT,NA,NA,NA,NA
M22,VCCINT,NA,NA,NA,NA
M24,VCCINT,NA,NA,NA,NA
M26,VCCINT,NA,NA,NA,NA
M28,VCCINT,NA,NA,NA,NA
M30,VCCINT,NA,NA,NA,NA
N15,VCCINT,NA,NA,NA,NA
N17,VCCINT,NA,NA,NA,NA
N19,VCCINT,NA,NA,NA,NA
N21,VCCINT,NA,NA,NA,NA
N23,VCCINT,NA,NA,NA,NA
N25,VCCINT,NA,NA,NA,NA
N27,VCCINT,NA,NA,NA,NA
N29,VCCINT,NA,NA,NA,NA
P14,VCCINT,NA,NA,NA,NA
P16,VCCINT,NA,NA,NA,NA
P18,VCCINT,NA,NA,NA,NA
P20,VCCINT,NA,NA,NA,NA
P22,VCCINT,NA,NA,NA,NA
P24,VCCINT,NA,NA,NA,NA
P26,VCCINT,NA,NA,NA,NA
P28,VCCINT,NA,NA,NA,NA
P30,VCCINT,NA,NA,NA,NA
R13,VCCINT,NA,NA,NA,NA
R15,VCCINT,NA,NA,NA,NA
R17,VCCINT,NA,NA,NA,NA
R19,VCCINT,NA,NA,NA,NA
R21,VCCINT,NA,NA,NA,NA
R23,VCCINT,NA,NA,NA,NA
R25,VCCINT,NA,NA,NA,NA
R27,VCCINT,NA,NA,NA,NA
R29,VCCINT,NA,NA,NA,NA
T14,VCCINT,NA,NA,NA,NA
T16,VCCINT,NA,NA,NA,NA
T18,VCCINT,NA,NA,NA,NA
T20,VCCINT,NA,NA,NA,NA
T22,VCCINT,NA,NA,NA,NA
T24,VCCINT,NA,NA,NA,NA
T26,VCCINT,NA,NA,NA,NA
T28,VCCINT,NA,NA,NA,NA
T30,VCCINT,NA,NA,NA,NA
U13,VCCINT,NA,NA,NA,NA
U15,VCCINT,NA,NA,NA,NA
U17,VCCINT,NA,NA,NA,NA
U19,VCCINT,NA,NA,NA,NA
U21,VCCINT,NA,NA,NA,NA
U23,VCCINT,NA,NA,NA,NA
U25,VCCINT,NA,NA,NA,NA
V14,VCCINT,NA,NA,NA,NA
V16,VCCINT,NA,NA,NA,NA
V18,VCCINT,NA,NA,NA,NA
V20,VCCINT,NA,NA,NA,NA
V22,VCCINT,NA,NA,NA,NA
V24,VCCINT,NA,NA,NA,NA
V30,VCCINT,NA,NA,NA,NA
W13,VCCINT,NA,NA,NA,NA
W15,VCCINT,NA,NA,NA,NA
W17,VCCINT,NA,NA,NA,NA
W19,VCCINT,NA,NA,NA,NA
W21,VCCINT,NA,NA,NA,NA
W23,VCCINT,NA,NA,NA,NA
W25,VCCINT,NA,NA,NA,NA
Y14,VCCINT,NA,NA,NA,NA
Y16,VCCINT,NA,NA,NA,NA
Y18,VCCINT,NA,NA,NA,NA
Y20,VCCINT,NA,NA,NA,NA
Y24,VCCINT,NA,NA,NA,NA
Y30,VCCINT,NA,NA,NA,NA
M14,RSVDGND,NA,NA,NA,NA
N13,RSVDGND,NA,NA,NA,NA
AA27,VCCINT_IO,NA,NA,NA,NA
AC27,VCCINT_IO,NA,NA,NA,NA
AE27,VCCINT_IO,NA,NA,NA,NA
U27,VCCINT_IO,NA,NA,NA,NA
W27,VCCINT_IO,NA,NA,NA,NA
A25,NC,NA,NA,NA,NA
A26,NC,NA,NA,NA,NA
A27,NC,NA,NA,NA,NA
A28,NC,NA,NA,NA,NA
AM20,NC,NA,NA,NA,NA
AM22,NC,NA,NA,NA,NA
AN20,NC,NA,NA,NA,NA
AN21,NC,NA,NA,NA,NA
AN22,NC,NA,NA,NA,NA
AP21,NC,NA,NA,NA,NA
AP22,NC,NA,NA,NA,NA
AR20,NC,NA,NA,NA,NA
AR21,NC,NA,NA,NA,NA
AT20,NC,NA,NA,NA,NA
AT21,NC,NA,NA,NA,NA
AT22,NC,NA,NA,NA,NA
AU10,NC,NA,NA,NA,NA
AU11,NC,NA,NA,NA,NA
AU15,NC,NA,NA,NA,NA
AU17,NC,NA,NA,NA,NA
AU19,NC,NA,NA,NA,NA
AU20,NC,NA,NA,NA,NA
AU22,NC,NA,NA,NA,NA
AV14,NC,NA,NA,NA,NA
AV15,NC,NA,NA,NA,NA
AV16,NC,NA,NA,NA,NA
AV17,NC,NA,NA,NA,NA
AV19,NC,NA,NA,NA,NA
AV20,NC,NA,NA,NA,NA
AV21,NC,NA,NA,NA,NA
AW1,NC,NA,NA,NA,NA
AW10,NC,NA,NA,NA,NA
AW11,NC,NA,NA,NA,NA
AW13,NC,NA,NA,NA,NA
AW14,NC,NA,NA,NA,NA
AW16,NC,NA,NA,NA,NA
AW17,NC,NA,NA,NA,NA
AW18,NC,NA,NA,NA,NA
AW19,NC,NA,NA,NA,NA
AW2,NC,NA,NA,NA,NA
AW21,NC,NA,NA,NA,NA
AW6,NC,NA,NA,NA,NA
AW7,NC,NA,NA,NA,NA
AY13,NC,NA,NA,NA,NA
AY14,NC,NA,NA,NA,NA
AY15,NC,NA,NA,NA,NA
AY16,NC,NA,NA,NA,NA
AY18,NC,NA,NA,NA,NA
AY19,NC,NA,NA,NA,NA
AY20,NC,NA,NA,NA,NA
AY21,NC,NA,NA,NA,NA
AY3,NC,NA,NA,NA,NA
AY4,NC,NA,NA,NA,NA
AY8,NC,NA,NA,NA,NA
AY9,NC,NA,NA,NA,NA
B10,NC,NA,NA,NA,NA
B11,NC,NA,NA,NA,NA
B24,NC,NA,NA,NA,NA
B25,NC,NA,NA,NA,NA
B27,NC,NA,NA,NA,NA
B28,NC,NA,NA,NA,NA
B29,NC,NA,NA,NA,NA
B4,NC,NA,NA,NA,NA
B5,NC,NA,NA,NA,NA
B7,NC,NA,NA,NA,NA
B8,NC,NA,NA,NA,NA
BA10,NC,NA,NA,NA,NA
BA11,NC,NA,NA,NA,NA
BA13,NC,NA,NA,NA,NA
BA15,NC,NA,NA,NA,NA
BA16,NC,NA,NA,NA,NA
BA17,NC,NA,NA,NA,NA
BA18,NC,NA,NA,NA,NA
BA20,NC,NA,NA,NA,NA
BA21,NC,NA,NA,NA,NA
BA5,NC,NA,NA,NA,NA
BA6,NC,NA,NA,NA,NA
BB13,NC,NA,NA,NA,NA
BB14,NC,NA,NA,NA,NA
BB15,NC,NA,NA,NA,NA
BB17,NC,NA,NA,NA,NA
BB18,NC,NA,NA,NA,NA
BB19,NC,NA,NA,NA,NA
BB20,NC,NA,NA,NA,NA
BB3,NC,NA,NA,NA,NA
BB4,NC,NA,NA,NA,NA
BB8,NC,NA,NA,NA,NA
BB9,NC,NA,NA,NA,NA
C1,NC,NA,NA,NA,NA
C2,NC,NA,NA,NA,NA
C24,NC,NA,NA,NA,NA
C25,NC,NA,NA,NA,NA
C26,NC,NA,NA,NA,NA
C27,NC,NA,NA,NA,NA
C29,NC,NA,NA,NA,NA
D10,NC,NA,NA,NA,NA
D11,NC,NA,NA,NA,NA
D24,NC,NA,NA,NA,NA
D26,NC,NA,NA,NA,NA
D27,NC,NA,NA,NA,NA
D28,NC,NA,NA,NA,NA
D29,NC,NA,NA,NA,NA
D4,NC,NA,NA,NA,NA
D5,NC,NA,NA,NA,NA
D7,NC,NA,NA,NA,NA
D8,NC,NA,NA,NA,NA
E1,NC,NA,NA,NA,NA
E2,NC,NA,NA,NA,NA
E24,NC,NA,NA,NA,NA
E25,NC,NA,NA,NA,NA
E26,NC,NA,NA,NA,NA
E28,NC,NA,NA,NA,NA
E29,NC,NA,NA,NA,NA
F25,NC,NA,NA,NA,NA
F26,NC,NA,NA,NA,NA
F27,NC,NA,NA,NA,NA
F28,NC,NA,NA,NA,NA
G24,NC,NA,NA,NA,NA
G25,NC,NA,NA,NA,NA
G27,NC,NA,NA,NA,NA
G28,NC,NA,NA,NA,NA
G29,NC,NA,NA,NA,NA
H13,NC,NA,NA,NA,NA
H14,NC,NA,NA,NA,NA
H24,NC,NA,NA,NA,NA
H25,NC,NA,NA,NA,NA
H26,NC,NA,NA,NA,NA
H27,NC,NA,NA,NA,NA
H29,NC,NA,NA,NA,NA
J24,NC,NA,NA,NA,NA
J26,NC,NA,NA,NA,NA
J27,NC,NA,NA,NA,NA
J28,NC,NA,NA,NA,NA
J29,NC,NA,NA,NA,NA
K13,NC,NA,NA,NA,NA
K14,NC,NA,NA,NA,NA
K24,NC,NA,NA,NA,NA
K25,NC,NA,NA,NA,NA
K26,NC,NA,NA,NA,NA
K28,NC,NA,NA,NA,NA
K29,NC,NA,NA,NA,NA
L23,NC,NA,NA,NA,NA
L25,NC,NA,NA,NA,NA
L26,NC,NA,NA,NA,NA
L27,NC,NA,NA,NA,NA
L28,NC,NA,NA,NA,NA
,,,,,
Total Number of Pins,1760,,,,
