"#  (c) Copyright 2013-2025 AMD, Inc. All rights reserved."
"# "
"#  This file contains proprietary information"
"#  of AMD, Inc. and is protected under U.S. and"
"#  international copyright and other intellectual property"
"#  laws."
"# "
"#  DISCLAIMER"
"#  This disclaimer is not a license and does not grant any"
"#  rights to the materials distributed herewith. Except as"
"#  otherwise provided in a valid license issued to you by"
"#  AMD, and to the maximum extent permitted by applicable"
"#  law: (1) THESE MATERIALS ARE MADE AVAILABLE ""AS IS"" AND"
"#  WITH ALL FAULTS, AND AMD HEREBY DISCLAIMS ALL WARRANTIES"
"#  AND CONDITIONS, EXPRESS, IMPLIED, OR STATUTORY, INCLUDING"
"#  BUT NOT LIMITED TO WARRANTIES OF MERCHANTABILITY, NON-"
"#  INFRINGEMENT, OR FITNESS FOR ANY PARTICULAR PURPOSE; and"
"#  (2) AMD shall not be liable (whether in contract or tort,"
"#  including negligence, or under any other theory of"
"#  liability) for any loss or damage of any kind or nature"
"#  related to, arising under or in connection with these"
"#  materials, including for any direct, or any indirect,"
"#  special, incidental, or consequential loss or damage"
"#  (including loss of data, profits, goodwill, or any type of"
"#  loss or damage suffered as a result of any action brought"
"#  by a third party) even if such damage or loss was"
"#  reasonably foreseeable or AMD had been advised of the"
"#  possibility of the same."
"# "
"#  CRITICAL APPLICATIONS"
"#  AMD products are not designed or intended to be fail-"
"#  safe, or for use in any application requiring fail-safe"
"#  performance, such as life-support or safety devices or"
"#  systems, Class III medical devices, nuclear facilities,"
"#  applications related to the deployment of airbags, or any"
"#  other applications that could lead to death, personal"
"#  injury, or severe property or environmental damage"
"#  (individually and collectively, ""Critical"
"#  Applications""). Customer assumes the sole risk and"
"#  liability of any use of AMD products in Critical"
"#  Applications, subject only to applicable laws and"
"#  regulations governing limitations on product liability."
"# "
"#  THIS COPYRIGHT NOTICE AND DISCLAIMER MUST BE RETAINED AS"
"#  PART OF THIS FILE AT ALL TIMES."
"# "
"#----------------------------------------------------------------------"
"#  ASCII Pinout File"
"# "
"#  Device   : xcku19pffvb2104"
"#  Date     : 7/23/2020 08:15:47"
"#  Revision : 1.0"
"#  Status   : Engineering Sample"
"# "
"#  Engineering Sample pkg specifications are based on a released"
"#  package design and validated with ES engineering sample"
"#  (ES) devices. Package specifications with this designation"
"#  are considered stable, however some pinout and mechanical"
"#  specifications might change prior to the production release"
"#  of the particular device. Package pinouts with this"
"#  designation are to be used for PCB and Vivado designs"
"#  using ES devices."
"# "
"#----------------------------------------------------------------------"
"#  Modification History"
"#  | Date    : 4/30/2020"
"#  | Revision: 0.1"
"#  | Status  : Evaluation Only"
"#  | Details : Initial pkg file"
"#----------------------------------------------------------------------"
"#  | Date    : 6/8/2020"
"#  | Revision: 0.2"
"#  | Status  : Evaluation Only"
"#  | Details : GT power groups changed"
"#----------------------------------------------------------------------"
"#  | Date    : 7/23/2020"
"#  | Revision: 1.0"
"#  | Status  : Engineering Sample"
"#  | Details : Moved to Engineering Sample"
"#----------------------------------------------------------------------"
,,,,,
Pin,Pin Name,Memory Byte Group,Bank,I/O Type,Super Logic Region
AG13,CCLK_0,NA,0,CONFIG,NA
W12,RSVDGND,NA,NA,NA,NA
AK12,D00_MOSI_0,NA,0,CONFIG,NA
AJ12,D01_DIN_0,NA,0,CONFIG,NA
AL12,D02_0,NA,0,CONFIG,NA
AH12,D03_0,NA,0,CONFIG,NA
AC12,DONE_0,NA,0,CONFIG,NA
AJ18,DXN,NA,NA,NA,NA
AJ19,DXP,NA,NA,NA,NA
AF18,GNDADC,NA,NA,NA,NA
Y12,INIT_B_0,NA,0,CONFIG,NA
V12,M0_0,NA,0,CONFIG,NA
U12,M1_0,NA,0,CONFIG,NA
R12,M2_0,NA,0,CONFIG,NA
AD12,POR_OVERRIDE,NA,NA,NA,NA
AE12,PROGRAM_B_0,NA,0,CONFIG,NA
AA12,PUDC_B_0,NA,0,CONFIG,NA
AG12,RDWR_FCS_B_0,NA,0,CONFIG,NA
AE13,TCK_0,NA,0,CONFIG,NA
AE15,TDI_0,NA,0,CONFIG,NA
AC13,TDO_0,NA,0,CONFIG,NA
AG15,TMS_0,NA,0,CONFIG,NA
AM12,VBATT,NA,NA,NA,NA
AF19,VCCADC,NA,NA,NA,NA
AH18,VN,NA,NA,NA,NA
AG19,VP,NA,NA,NA,NA
AG18,VREFN,NA,NA,NA,NA
AH19,VREFP,NA,NA,NA,NA
E33,IO_L24N_T3U_N11_73,3U,73,HP,NA
F33,IO_L24P_T3U_N10_73,3U,73,HP,NA
E32,IO_L23N_T3U_N9_73,3U,73,HP,NA
F32,IO_L23P_T3U_N8_73,3U,73,HP,NA
H33,IO_L22N_T3U_N7_DBC_AD0N_73,3U,73,HP,NA
J33,IO_L22P_T3U_N6_DBC_AD0P_73,3U,73,HP,NA
G32,IO_L21N_T3L_N5_AD8N_73,3L,73,HP,NA
H32,IO_L21P_T3L_N4_AD8P_73,3L,73,HP,NA
G31,IO_L20N_T3L_N3_AD1N_73,3L,73,HP,NA
H31,IO_L20P_T3L_N2_AD1P_73,3L,73,HP,NA
F30,IO_L19N_T3L_N1_DBC_AD9N_73,3L,73,HP,NA
G30,IO_L19P_T3L_N0_DBC_AD9P_73,3L,73,HP,NA
E31,IO_T3U_N12_73,3U,73,HP,NA
K34,IO_T2U_N12_73,2U,73,HP,NA
K33,IO_L18N_T2U_N11_AD2N_73,2U,73,HP,NA
L33,IO_L18P_T2U_N10_AD2P_73,2U,73,HP,NA
J31,IO_L17N_T2U_N9_AD10N_73,2U,73,HP,NA
K31,IO_L17P_T2U_N8_AD10P_73,2U,73,HP,NA
J30,IO_L16N_T2U_N7_QBC_AD3N_73,2U,73,HP,NA
K30,IO_L16P_T2U_N6_QBC_AD3P_73,2U,73,HP,NA
L30,IO_L15N_T2L_N5_AD11N_73,2L,73,HP,NA
M30,IO_L15P_T2L_N4_AD11P_73,2L,73,HP,NA
K32,IO_L14N_T2L_N3_GC_73,2L,73,HP,NA
L32,IO_L14P_T2L_N2_GC_73,2L,73,HP,NA
M32,IO_L13N_T2L_N1_GC_QBC_73,2L,73,HP,NA
M31,IO_L13P_T2L_N0_GC_QBC_73,2L,73,HP,NA
N33,IO_L12N_T1U_N11_GC_73,1U,73,HP,NA
N32,IO_L12P_T1U_N10_GC_73,1U,73,HP,NA
N31,IO_L11N_T1U_N9_GC_73,1U,73,HP,NA
P31,IO_L11P_T1U_N8_GC_73,1U,73,HP,NA
L34,IO_L10N_T1U_N7_QBC_AD4N_73,1U,73,HP,NA
M34,IO_L10P_T1U_N6_QBC_AD4P_73,1U,73,HP,NA
N34,IO_L9N_T1L_N5_AD12N_73,1L,73,HP,NA
P34,IO_L9P_T1L_N4_AD12P_73,1L,73,HP,NA
R32,IO_L8N_T1L_N3_AD5N_73,1L,73,HP,NA
R31,IO_L8P_T1L_N2_AD5P_73,1L,73,HP,NA
P30,IO_L7N_T1L_N1_QBC_AD13N_73,1L,73,HP,NA
R30,IO_L7P_T1L_N0_QBC_AD13P_73,1L,73,HP,NA
P33,IO_T1U_N12_73,1U,73,HP,NA
V34,IO_T0U_N12_VRP_73,0U,73,HP,NA
T30,IO_L6N_T0U_N11_AD6N_73,0U,73,HP,NA
U30,IO_L6P_T0U_N10_AD6P_73,0U,73,HP,NA
U31,IO_L5N_T0U_N9_AD14N_73,0U,73,HP,NA
V31,IO_L5P_T0U_N8_AD14P_73,0U,73,HP,NA
V33,IO_L4N_T0U_N7_DBC_AD7N_73,0U,73,HP,NA
V32,IO_L4P_T0U_N6_DBC_AD7P_73,0U,73,HP,NA
T32,IO_L3N_T0L_N5_AD15N_73,0L,73,HP,NA
U32,IO_L3P_T0L_N4_AD15P_73,0L,73,HP,NA
R33,IO_L2N_T0L_N3_73,0L,73,HP,NA
T33,IO_L2P_T0L_N2_73,0L,73,HP,NA
T34,IO_L1N_T0L_N1_DBC_73,0L,73,HP,NA
U34,IO_L1P_T0L_N0_DBC_73,0L,73,HP,NA
U29,VREF_73,NA,73,HP,NA
C31,IO_L24N_T3U_N11_72,3U,72,HP,NA
D31,IO_L24P_T3U_N10_72,3U,72,HP,NA
B32,IO_L23N_T3U_N9_72,3U,72,HP,NA
C32,IO_L23P_T3U_N8_72,3U,72,HP,NA
A33,IO_L22N_T3U_N7_DBC_AD0N_72,3U,72,HP,NA
A32,IO_L22P_T3U_N6_DBC_AD0P_72,3U,72,HP,NA
C33,IO_L21N_T3L_N5_AD8N_72,3L,72,HP,NA
D33,IO_L21P_T3L_N4_AD8P_72,3L,72,HP,NA
C34,IO_L20N_T3L_N3_AD1N_72,3L,72,HP,NA
D34,IO_L20P_T3L_N2_AD1P_72,3L,72,HP,NA
A34,IO_L19N_T3L_N1_DBC_AD9N_72,3L,72,HP,NA
B34,IO_L19P_T3L_N0_DBC_AD9P_72,3L,72,HP,NA
B31,IO_T3U_N12_72,3U,72,HP,NA
E37,IO_T2U_N12_72,2U,72,HP,NA
D35,IO_L18N_T2U_N11_AD2N_72,2U,72,HP,NA
E35,IO_L18P_T2U_N10_AD2P_72,2U,72,HP,NA
A35,IO_L17N_T2U_N9_AD10N_72,2U,72,HP,NA
B35,IO_L17P_T2U_N8_AD10P_72,2U,72,HP,NA
B37,IO_L16N_T2U_N7_QBC_AD3N_72,2U,72,HP,NA
B36,IO_L16P_T2U_N6_QBC_AD3P_72,2U,72,HP,NA
A38,IO_L15N_T2L_N5_AD11N_72,2L,72,HP,NA
A37,IO_L15P_T2L_N4_AD11P_72,2L,72,HP,NA
D36,IO_L14N_T2L_N3_GC_72,2L,72,HP,NA
E36,IO_L14P_T2L_N2_GC_72,2L,72,HP,NA
C37,IO_L13N_T2L_N1_GC_QBC_72,2L,72,HP,NA
C36,IO_L13P_T2L_N0_GC_QBC_72,2L,72,HP,NA
C39,IO_L12N_T1U_N11_GC_72,1U,72,HP,NA
C38,IO_L12P_T1U_N10_GC_72,1U,72,HP,NA
D38,IO_L11N_T1U_N9_GC_72,1U,72,HP,NA
E38,IO_L11P_T1U_N8_GC_72,1U,72,HP,NA
A39,IO_L10N_T1U_N7_QBC_AD4N_72,1U,72,HP,NA
B39,IO_L10P_T1U_N6_QBC_AD4P_72,1U,72,HP,NA
A40,IO_L9N_T1L_N5_AD12N_72,1L,72,HP,NA
B40,IO_L9P_T1L_N4_AD12P_72,1L,72,HP,NA
D39,IO_L8N_T1L_N3_AD5N_72,1L,72,HP,NA
E39,IO_L8P_T1L_N2_AD5P_72,1L,72,HP,NA
D40,IO_L7N_T1L_N1_QBC_AD13N_72,1L,72,HP,NA
E40,IO_L7P_T1L_N0_QBC_AD13P_72,1L,72,HP,NA
F38,IO_T1U_N12_72,1U,72,HP,NA
G35,IO_T0U_N12_VRP_72,0U,72,HP,NA
F35,IO_L6N_T0U_N11_AD6N_72,0U,72,HP,NA
F34,IO_L6P_T0U_N10_AD6P_72,0U,72,HP,NA
G34,IO_L5N_T0U_N9_AD14N_72,0U,72,HP,NA
H34,IO_L5P_T0U_N8_AD14P_72,0U,72,HP,NA
G36,IO_L4N_T0U_N7_DBC_AD7N_72,0U,72,HP,NA
H36,IO_L4P_T0U_N6_DBC_AD7P_72,0U,72,HP,NA
J36,IO_L3N_T0L_N5_AD15N_72,0L,72,HP,NA
J35,IO_L3P_T0L_N4_AD15P_72,0L,72,HP,NA
F37,IO_L2N_T0L_N3_72,0L,72,HP,NA
G37,IO_L2P_T0L_N2_72,0L,72,HP,NA
H38,IO_L1N_T0L_N1_DBC_72,0L,72,HP,NA
H37,IO_L1P_T0L_N0_DBC_72,0L,72,HP,NA
J34,VREF_72,NA,72,HP,NA
A30,IO_L24N_T3U_N11_71,3U,71,HP,NA
B30,IO_L24P_T3U_N10_71,3U,71,HP,NA
A29,IO_L23N_T3U_N9_71,3U,71,HP,NA
B29,IO_L23P_T3U_N8_71,3U,71,HP,NA
A28,IO_L22N_T3U_N7_DBC_AD0N_71,3U,71,HP,NA
A27,IO_L22P_T3U_N6_DBC_AD0P_71,3U,71,HP,NA
D30,IO_L21N_T3L_N5_AD8N_71,3L,71,HP,NA
E30,IO_L21P_T3L_N4_AD8P_71,3L,71,HP,NA
C29,IO_L20N_T3L_N3_AD1N_71,3L,71,HP,NA
D29,IO_L20P_T3L_N2_AD1P_71,3L,71,HP,NA
B27,IO_L19N_T3L_N1_DBC_AD9N_71,3L,71,HP,NA
C27,IO_L19P_T3L_N0_DBC_AD9P_71,3L,71,HP,NA
C28,IO_T3U_N12_71,3U,71,HP,NA
E26,IO_T2U_N12_71,2U,71,HP,NA
D28,IO_L18N_T2U_N11_AD2N_71,2U,71,HP,NA
E28,IO_L18P_T2U_N10_AD2P_71,2U,71,HP,NA
E27,IO_L17N_T2U_N9_AD10N_71,2U,71,HP,NA
F27,IO_L17P_T2U_N8_AD10P_71,2U,71,HP,NA
F29,IO_L16N_T2U_N7_QBC_AD3N_71,2U,71,HP,NA
F28,IO_L16P_T2U_N6_QBC_AD3P_71,2U,71,HP,NA
G29,IO_L15N_T2L_N5_AD11N_71,2L,71,HP,NA
H29,IO_L15P_T2L_N4_AD11P_71,2L,71,HP,NA
G27,IO_L14N_T2L_N3_GC_71,2L,71,HP,NA
G26,IO_L14P_T2L_N2_GC_71,2L,71,HP,NA
H26,IO_L13N_T2L_N1_GC_QBC_71,2L,71,HP,NA
J26,IO_L13P_T2L_N0_GC_QBC_71,2L,71,HP,NA
J29,IO_L12N_T1U_N11_GC_71,1U,71,HP,NA
J28,IO_L12P_T1U_N10_GC_71,1U,71,HP,NA
H28,IO_L11N_T1U_N9_GC_71,1U,71,HP,NA
H27,IO_L11P_T1U_N8_GC_71,1U,71,HP,NA
K27,IO_L10N_T1U_N7_QBC_AD4N_71,1U,71,HP,NA
K26,IO_L10P_T1U_N6_QBC_AD4P_71,1U,71,HP,NA
L27,IO_L9N_T1L_N5_AD12N_71,1L,71,HP,NA
M27,IO_L9P_T1L_N4_AD12P_71,1L,71,HP,NA
K28,IO_L8N_T1L_N3_AD5N_71,1L,71,HP,NA
L28,IO_L8P_T1L_N2_AD5P_71,1L,71,HP,NA
L29,IO_L7N_T1L_N1_QBC_AD13N_71,1L,71,HP,NA
M29,IO_L7P_T1L_N0_QBC_AD13P_71,1L,71,HP,NA
M26,IO_T1U_N12_71,1U,71,HP,NA
N27,IO_T0U_N12_VRP_71,0U,71,HP,NA
N26,IO_L6N_T0U_N11_AD6N_71,0U,71,HP,NA
P26,IO_L6P_T0U_N10_AD6P_71,0U,71,HP,NA
N28,IO_L5N_T0U_N9_AD14N_71,0U,71,HP,NA
P28,IO_L5P_T0U_N8_AD14P_71,0U,71,HP,NA
N29,IO_L4N_T0U_N7_DBC_AD7N_71,0U,71,HP,NA
P29,IO_L4P_T0U_N6_DBC_AD7P_71,0U,71,HP,NA
R26,IO_L3N_T0L_N5_AD15N_71,0L,71,HP,NA
T26,IO_L3P_T0L_N4_AD15P_71,0L,71,HP,NA
R27,IO_L2N_T0L_N3_71,0L,71,HP,NA
T27,IO_L2P_T0L_N2_71,0L,71,HP,NA
R28,IO_L1N_T0L_N1_DBC_71,0L,71,HP,NA
T28,IO_L1P_T0L_N0_DBC_71,0L,71,HP,NA
T29,VREF_71,NA,71,HP,NA
A25,IO_L24N_T3U_N11_70,3U,70,HP,NA
B25,IO_L24P_T3U_N10_70,3U,70,HP,NA
A24,IO_L23N_T3U_N9_70,3U,70,HP,NA
B24,IO_L23P_T3U_N8_70,3U,70,HP,NA
A22,IO_L22N_T3U_N7_DBC_AD0N_70,3U,70,HP,NA
A23,IO_L22P_T3U_N6_DBC_AD0P_70,3U,70,HP,NA
B26,IO_L21N_T3L_N5_AD8N_70,3L,70,HP,NA
C26,IO_L21P_T3L_N4_AD8P_70,3L,70,HP,NA
C23,IO_L20N_T3L_N3_AD1N_70,3L,70,HP,NA
C24,IO_L20P_T3L_N2_AD1P_70,3L,70,HP,NA
B22,IO_L19N_T3L_N1_DBC_AD9N_70,3L,70,HP,NA
C22,IO_L19P_T3L_N0_DBC_AD9P_70,3L,70,HP,NA
D26,IO_T3U_N12_70,3U,70,HP,NA
F25,IO_T2U_N12_70,2U,70,HP,NA
D25,IO_L18N_T2U_N11_AD2N_70,2U,70,HP,NA
E25,IO_L18P_T2U_N10_AD2P_70,2U,70,HP,NA
D23,IO_L17N_T2U_N9_AD10N_70,2U,70,HP,NA
D24,IO_L17P_T2U_N8_AD10P_70,2U,70,HP,NA
E22,IO_L16N_T2U_N7_QBC_AD3N_70,2U,70,HP,NA
E23,IO_L16P_T2U_N6_QBC_AD3P_70,2U,70,HP,NA
F22,IO_L15N_T2L_N5_AD11N_70,2L,70,HP,NA
G22,IO_L15P_T2L_N4_AD11P_70,2L,70,HP,NA
F23,IO_L14N_T2L_N3_GC_70,2L,70,HP,NA
F24,IO_L14P_T2L_N2_GC_70,2L,70,HP,NA
G24,IO_L13N_T2L_N1_GC_QBC_70,2L,70,HP,NA
G25,IO_L13P_T2L_N0_GC_QBC_70,2L,70,HP,NA
H24,IO_L12N_T1U_N11_GC_70,1U,70,HP,NA
J24,IO_L12P_T1U_N10_GC_70,1U,70,HP,NA
H23,IO_L11N_T1U_N9_GC_70,1U,70,HP,NA
J23,IO_L11P_T1U_N8_GC_70,1U,70,HP,NA
J25,IO_L10N_T1U_N7_QBC_AD4N_70,1U,70,HP,NA
K25,IO_L10P_T1U_N6_QBC_AD4P_70,1U,70,HP,NA
K23,IO_L9N_T1L_N5_AD12N_70,1L,70,HP,NA
L23,IO_L9P_T1L_N4_AD12P_70,1L,70,HP,NA
K22,IO_L8N_T1L_N3_AD5N_70,1L,70,HP,NA
L22,IO_L8P_T1L_N2_AD5P_70,1L,70,HP,NA
L24,IO_L7N_T1L_N1_QBC_AD13N_70,1L,70,HP,NA
L25,IO_L7P_T1L_N0_QBC_AD13P_70,1L,70,HP,NA
H22,IO_T1U_N12_70,1U,70,HP,NA
R23,IO_T0U_N12_VRP_70,0U,70,HP,NA
P25,IO_L6N_T0U_N11_AD6N_70,0U,70,HP,NA
R25,IO_L6P_T0U_N10_AD6P_70,0U,70,HP,NA
M24,IO_L5N_T0U_N9_AD14N_70,0U,70,HP,NA
M25,IO_L5P_T0U_N8_AD14P_70,0U,70,HP,NA
N24,IO_L4N_T0U_N7_DBC_AD7N_70,0U,70,HP,NA
P24,IO_L4P_T0U_N6_DBC_AD7P_70,0U,70,HP,NA
N23,IO_L3N_T0L_N5_AD15N_70,0L,70,HP,NA
P23,IO_L3P_T0L_N4_AD15P_70,0L,70,HP,NA
M22,IO_L2N_T0L_N3_70,0L,70,HP,NA
N22,IO_L2P_T0L_N2_70,0L,70,HP,NA
P21,IO_L1N_T0L_N1_DBC_70,0L,70,HP,NA
R21,IO_L1P_T0L_N0_DBC_70,0L,70,HP,NA
R22,VREF_70,NA,70,HP,NA
A20,IO_L24N_T3U_N11_69,3U,69,HP,NA
B20,IO_L24P_T3U_N10_69,3U,69,HP,NA
A19,IO_L23N_T3U_N9_69,3U,69,HP,NA
B19,IO_L23P_T3U_N8_69,3U,69,HP,NA
C18,IO_L22N_T3U_N7_DBC_AD0N_69,3U,69,HP,NA
D18,IO_L22P_T3U_N6_DBC_AD0P_69,3U,69,HP,NA
B21,IO_L21N_T3L_N5_AD8N_69,3L,69,HP,NA
C21,IO_L21P_T3L_N4_AD8P_69,3L,69,HP,NA
D20,IO_L20N_T3L_N3_AD1N_69,3L,69,HP,NA
D21,IO_L20P_T3L_N2_AD1P_69,3L,69,HP,NA
C19,IO_L19N_T3L_N1_DBC_AD9N_69,3L,69,HP,NA
D19,IO_L19P_T3L_N0_DBC_AD9P_69,3L,69,HP,NA
A18,IO_T3U_N12_69,3U,69,HP,NA
G21,IO_T2U_N12_69,2U,69,HP,NA
F17,IO_L18N_T2U_N11_AD2N_69,2U,69,HP,NA
F18,IO_L18P_T2U_N10_AD2P_69,2U,69,HP,NA
E20,IO_L17N_T2U_N9_AD10N_69,2U,69,HP,NA
E21,IO_L17P_T2U_N8_AD10P_69,2U,69,HP,NA
E17,IO_L16N_T2U_N7_QBC_AD3N_69,2U,69,HP,NA
E18,IO_L16P_T2U_N6_QBC_AD3P_69,2U,69,HP,NA
F19,IO_L15N_T2L_N5_AD11N_69,2L,69,HP,NA
F20,IO_L15P_T2L_N4_AD11P_69,2L,69,HP,NA
G19,IO_L14N_T2L_N3_GC_69,2L,69,HP,NA
G20,IO_L14P_T2L_N2_GC_69,2L,69,HP,NA
H18,IO_L13N_T2L_N1_GC_QBC_69,2L,69,HP,NA
H19,IO_L13P_T2L_N0_GC_QBC_69,2L,69,HP,NA
J19,IO_L12N_T1U_N11_GC_69,1U,69,HP,NA
J20,IO_L12P_T1U_N10_GC_69,1U,69,HP,NA
J18,IO_L11N_T1U_N9_GC_69,1U,69,HP,NA
K18,IO_L11P_T1U_N8_GC_69,1U,69,HP,NA
H21,IO_L10N_T1U_N7_QBC_AD4N_69,1U,69,HP,NA
J21,IO_L10P_T1U_N6_QBC_AD4P_69,1U,69,HP,NA
K20,IO_L9N_T1L_N5_AD12N_69,1L,69,HP,NA
L20,IO_L9P_T1L_N4_AD12P_69,1L,69,HP,NA
L18,IO_L8N_T1L_N3_AD5N_69,1L,69,HP,NA
L19,IO_L8P_T1L_N2_AD5P_69,1L,69,HP,NA
K17,IO_L7N_T1L_N1_QBC_AD13N_69,1L,69,HP,NA
L17,IO_L7P_T1L_N0_QBC_AD13P_69,1L,69,HP,NA
K21,IO_T1U_N12_69,1U,69,HP,NA
R18,IO_T0U_N12_VRP_69,0U,69,HP,NA
M21,IO_L6N_T0U_N11_AD6N_69,0U,69,HP,NA
N21,IO_L6P_T0U_N10_AD6P_69,0U,69,HP,NA
P20,IO_L5N_T0U_N9_AD14N_69,0U,69,HP,NA
R20,IO_L5P_T0U_N8_AD14P_69,0U,69,HP,NA
N19,IO_L4N_T0U_N7_DBC_AD7N_69,0U,69,HP,NA
P19,IO_L4P_T0U_N6_DBC_AD7P_69,0U,69,HP,NA
M19,IO_L3N_T0L_N5_AD15N_69,0L,69,HP,NA
M20,IO_L3P_T0L_N4_AD15P_69,0L,69,HP,NA
N18,IO_L2N_T0L_N3_69,0L,69,HP,NA
P18,IO_L2P_T0L_N2_69,0L,69,HP,NA
M17,IO_L1N_T0L_N1_DBC_69,0L,69,HP,NA
N17,IO_L1P_T0L_N0_DBC_69,0L,69,HP,NA
R17,VREF_69,NA,69,HP,NA
A17,IO_L24N_T3U_N11_68,3U,68,HP,NA
B17,IO_L24P_T3U_N10_68,3U,68,HP,NA
B16,IO_L23N_T3U_N9_68,3U,68,HP,NA
C16,IO_L23P_T3U_N8_68,3U,68,HP,NA
A15,IO_L22N_T3U_N7_DBC_AD0N_68,3U,68,HP,NA
B15,IO_L22P_T3U_N6_DBC_AD0P_68,3U,68,HP,NA
A13,IO_L21N_T3L_N5_AD8N_68,3L,68,HP,NA
A14,IO_L21P_T3L_N4_AD8P_68,3L,68,HP,NA
B14,IO_L20N_T3L_N3_AD1N_68,3L,68,HP,NA
C14,IO_L20P_T3L_N2_AD1P_68,3L,68,HP,NA
C13,IO_L19N_T3L_N1_DBC_AD9N_68,3L,68,HP,NA
D13,IO_L19P_T3L_N0_DBC_AD9P_68,3L,68,HP,NA
C17,IO_T3U_N12_68,3U,68,HP,NA
D14,IO_T2U_N12_68,2U,68,HP,NA
D16,IO_L18N_T2U_N11_AD2N_68,2U,68,HP,NA
E16,IO_L18P_T2U_N10_AD2P_68,2U,68,HP,NA
D15,IO_L17N_T2U_N9_AD10N_68,2U,68,HP,NA
E15,IO_L17P_T2U_N8_AD10P_68,2U,68,HP,NA
G16,IO_L16N_T2U_N7_QBC_AD3N_68,2U,68,HP,NA
G17,IO_L16P_T2U_N6_QBC_AD3P_68,2U,68,HP,NA
E13,IO_L15N_T2L_N5_AD11N_68,2L,68,HP,NA
F13,IO_L15P_T2L_N4_AD11P_68,2L,68,HP,NA
F15,IO_L14N_T2L_N3_GC_68,2L,68,HP,NA
G15,IO_L14P_T2L_N2_GC_68,2L,68,HP,NA
F14,IO_L13N_T2L_N1_GC_QBC_68,2L,68,HP,NA
G14,IO_L13P_T2L_N0_GC_QBC_68,2L,68,HP,NA
J15,IO_L12N_T1U_N11_GC_68,1U,68,HP,NA
J16,IO_L12P_T1U_N10_GC_68,1U,68,HP,NA
H14,IO_L11N_T1U_N9_GC_68,1U,68,HP,NA
J14,IO_L11P_T1U_N8_GC_68,1U,68,HP,NA
H16,IO_L10N_T1U_N7_QBC_AD4N_68,1U,68,HP,NA
H17,IO_L10P_T1U_N6_QBC_AD4P_68,1U,68,HP,NA
H13,IO_L9N_T1L_N5_AD12N_68,1L,68,HP,NA
J13,IO_L9P_T1L_N4_AD12P_68,1L,68,HP,NA
K15,IO_L8N_T1L_N3_AD5N_68,1L,68,HP,NA
K16,IO_L8P_T1L_N2_AD5P_68,1L,68,HP,NA
K13,IO_L7N_T1L_N1_QBC_AD13N_68,1L,68,HP,NA
L13,IO_L7P_T1L_N0_QBC_AD13P_68,1L,68,HP,NA
L15,IO_T1U_N12_68,1U,68,HP,NA
M15,IO_T0U_N12_VRP_68,0U,68,HP,NA
M16,IO_L6N_T0U_N11_AD6N_68,0U,68,HP,NA
N16,IO_L6P_T0U_N10_AD6P_68,0U,68,HP,NA
L14,IO_L5N_T0U_N9_AD14N_68,0U,68,HP,NA
M14,IO_L5P_T0U_N8_AD14P_68,0U,68,HP,NA
P16,IO_L4N_T0U_N7_DBC_AD7N_68,0U,68,HP,NA
R16,IO_L4P_T0U_N6_DBC_AD7P_68,0U,68,HP,NA
P15,IO_L3N_T0L_N5_AD15N_68,0L,68,HP,NA
R15,IO_L3P_T0L_N4_AD15P_68,0L,68,HP,NA
N14,IO_L2N_T0L_N3_68,0L,68,HP,NA
P14,IO_L2P_T0L_N2_68,0L,68,HP,NA
N13,IO_L1N_T0L_N1_DBC_68,0L,68,HP,NA
P13,IO_L1P_T0L_N0_DBC_68,0L,68,HP,NA
R13,VREF_68,NA,68,HP,NA
AM14,IO_L24N_T3U_N11_67,3U,67,HP,NA
AL14,IO_L24P_T3U_N10_67,3U,67,HP,NA
AM15,IO_L23N_T3U_N9_67,3U,67,HP,NA
AL15,IO_L23P_T3U_N8_67,3U,67,HP,NA
AR13,IO_L22N_T3U_N7_DBC_AD0N_67,3U,67,HP,NA
AP13,IO_L22P_T3U_N6_DBC_AD0P_67,3U,67,HP,NA
AN13,IO_L21N_T3L_N5_AD8N_67,3L,67,HP,NA
AN14,IO_L21P_T3L_N4_AD8P_67,3L,67,HP,NA
AP14,IO_L20N_T3L_N3_AD1N_67,3L,67,HP,NA
AP15,IO_L20P_T3L_N2_AD1P_67,3L,67,HP,NA
AR15,IO_L19N_T3L_N1_DBC_AD9N_67,3L,67,HP,NA
AR16,IO_L19P_T3L_N0_DBC_AD9P_67,3L,67,HP,NA
AT13,IO_T3U_N12_67,3U,67,HP,NA
AT14,IO_T2U_N12_67,2U,67,HP,NA
AV16,IO_L18N_T2U_N11_AD2N_67,2U,67,HP,NA
AU16,IO_L18P_T2U_N10_AD2P_67,2U,67,HP,NA
AU15,IO_L17N_T2U_N9_AD10N_67,2U,67,HP,NA
AT15,IO_L17P_T2U_N8_AD10P_67,2U,67,HP,NA
AV14,IO_L16N_T2U_N7_QBC_AD3N_67,2U,67,HP,NA
AU14,IO_L16P_T2U_N6_QBC_AD3P_67,2U,67,HP,NA
AV13,IO_L15N_T2L_N5_AD11N_67,2L,67,HP,NA
AU13,IO_L15P_T2L_N4_AD11P_67,2L,67,HP,NA
AW15,IO_L14N_T2L_N3_GC_67,2L,67,HP,NA
AW16,IO_L14P_T2L_N2_GC_67,2L,67,HP,NA
AW13,IO_L13N_T2L_N1_GC_QBC_67,2L,67,HP,NA
AW14,IO_L13P_T2L_N0_GC_QBC_67,2L,67,HP,NA
BA13,IO_L12N_T1U_N11_GC_67,1U,67,HP,NA
AY13,IO_L12P_T1U_N10_GC_67,1U,67,HP,NA
BA14,IO_L11N_T1U_N9_GC_67,1U,67,HP,NA
BA15,IO_L11P_T1U_N8_GC_67,1U,67,HP,NA
BB14,IO_L10N_T1U_N7_QBC_AD4N_67,1U,67,HP,NA
BB15,IO_L10P_T1U_N6_QBC_AD4P_67,1U,67,HP,NA
AY15,IO_L9N_T1L_N5_AD12N_67,1L,67,HP,NA
AY16,IO_L9P_T1L_N4_AD12P_67,1L,67,HP,NA
AY11,IO_L8N_T1L_N3_AD5N_67,1L,67,HP,NA
AY12,IO_L8P_T1L_N2_AD5P_67,1L,67,HP,NA
BB12,IO_L7N_T1L_N1_QBC_AD13N_67,1L,67,HP,NA
BA12,IO_L7P_T1L_N0_QBC_AD13P_67,1L,67,HP,NA
BB16,IO_T1U_N12_67,1U,67,HP,NA
BC16,IO_T0U_N12_VRP_67,0U,67,HP,NA
BC13,IO_L6N_T0U_N11_AD6N_67,0U,67,HP,NA
BC14,IO_L6P_T0U_N10_AD6P_67,0U,67,HP,NA
BD14,IO_L5N_T0U_N9_AD14N_67,0U,67,HP,NA
BD15,IO_L5P_T0U_N8_AD14P_67,0U,67,HP,NA
BE13,IO_L4N_T0U_N7_DBC_AD7N_67,0U,67,HP,NA
BD13,IO_L4P_T0U_N6_DBC_AD7P_67,0U,67,HP,NA
BE16,IO_L3N_T0L_N5_AD15N_67,0L,67,HP,NA
BD16,IO_L3P_T0L_N4_AD15P_67,0L,67,HP,NA
BF15,IO_L2N_T0L_N3_67,0L,67,HP,NA
BE15,IO_L2P_T0L_N2_67,0L,67,HP,NA
BF13,IO_L1N_T0L_N1_DBC_67,0L,67,HP,NA
BF14,IO_L1P_T0L_N0_DBC_67,0L,67,HP,NA
AL13,VREF_67,NA,67,HP,NA
AM20,IO_L24N_T3U_N11_66,3U,66,HP,NA
AL20,IO_L24P_T3U_N10_66,3U,66,HP,NA
AM19,IO_L23N_T3U_N9_66,3U,66,HP,NA
AL19,IO_L23P_T3U_N8_66,3U,66,HP,NA
AM17,IO_L22N_T3U_N7_DBC_AD0N_66,3U,66,HP,NA
AL17,IO_L22P_T3U_N6_DBC_AD0P_66,3U,66,HP,NA
AN16,IO_L21N_T3L_N5_AD8N_66,3L,66,HP,NA
AM16,IO_L21P_T3L_N4_AD8P_66,3L,66,HP,NA
AP19,IO_L20N_T3L_N3_AD1N_66,3L,66,HP,NA
AN19,IO_L20P_T3L_N2_AD1P_66,3L,66,HP,NA
AN17,IO_L19N_T3L_N1_DBC_AD9N_66,3L,66,HP,NA
AN18,IO_L19P_T3L_N0_DBC_AD9P_66,3L,66,HP,NA
AP16,IO_T3U_N12_66,3U,66,HP,NA
AU21,IO_T2U_N12_66,2U,66,HP,NA
AR20,IO_L18N_T2U_N11_AD2N_66,2U,66,HP,NA
AP20,IO_L18P_T2U_N10_AD2P_66,2U,66,HP,NA
AR18,IO_L17N_T2U_N9_AD10N_66,2U,66,HP,NA
AP18,IO_L17P_T2U_N8_AD10P_66,2U,66,HP,NA
AT17,IO_L16N_T2U_N7_QBC_AD3N_66,2U,66,HP,NA
AR17,IO_L16P_T2U_N6_QBC_AD3P_66,2U,66,HP,NA
AU17,IO_L15N_T2L_N5_AD11N_66,2L,66,HP,NA
AT18,IO_L15P_T2L_N4_AD11P_66,2L,66,HP,NA
AU20,IO_L14N_T2L_N3_GC_66,2L,66,HP,NA
AT20,IO_L14P_T2L_N2_GC_66,2L,66,HP,NA
AU19,IO_L13N_T2L_N1_GC_QBC_66,2L,66,HP,NA
AT19,IO_L13P_T2L_N0_GC_QBC_66,2L,66,HP,NA
AW19,IO_L12N_T1U_N11_GC_66,1U,66,HP,NA
AV19,IO_L12P_T1U_N10_GC_66,1U,66,HP,NA
AW18,IO_L11N_T1U_N9_GC_66,1U,66,HP,NA
AV18,IO_L11P_T1U_N8_GC_66,1U,66,HP,NA
AW21,IO_L10N_T1U_N7_QBC_AD4N_66,1U,66,HP,NA
AV21,IO_L10P_T1U_N6_QBC_AD4P_66,1U,66,HP,NA
AY20,IO_L9N_T1L_N5_AD12N_66,1L,66,HP,NA
AW20,IO_L9P_T1L_N4_AD12P_66,1L,66,HP,NA
BA18,IO_L8N_T1L_N3_AD5N_66,1L,66,HP,NA
AY18,IO_L8P_T1L_N2_AD5P_66,1L,66,HP,NA
BA17,IO_L7N_T1L_N1_QBC_AD13N_66,1L,66,HP,NA
AY17,IO_L7P_T1L_N0_QBC_AD13P_66,1L,66,HP,NA
AV17,IO_T1U_N12_66,1U,66,HP,NA
BA19,IO_T0U_N12_VRP_66,0U,66,HP,NA
BC18,IO_L6N_T0U_N11_AD6N_66,0U,66,HP,NA
BB19,IO_L6P_T0U_N10_AD6P_66,0U,66,HP,NA
BC17,IO_L5N_T0U_N9_AD14N_66,0U,66,HP,NA
BB17,IO_L5P_T0U_N8_AD14P_66,0U,66,HP,NA
BD19,IO_L4N_T0U_N7_DBC_AD7N_66,0U,66,HP,NA
BC19,IO_L4P_T0U_N6_DBC_AD7P_66,0U,66,HP,NA
BE18,IO_L3N_T0L_N5_AD15N_66,0L,66,HP,NA
BD18,IO_L3P_T0L_N4_AD15P_66,0L,66,HP,NA
BF18,IO_L2N_T0L_N3_66,0L,66,HP,NA
BF19,IO_L2P_T0L_N2_66,0L,66,HP,NA
BF17,IO_L1N_T0L_N1_DBC_66,0L,66,HP,NA
BE17,IO_L1P_T0L_N0_DBC_66,0L,66,HP,NA
AL18,VREF_66,NA,66,HP,NA
AL28,IO_L24N_T3U_N11_DOUT_CSO_B_65,3U,65,HP,NA
AL27,IO_L24P_T3U_N10_EMCCLK_65,3U,65,HP,NA
AN27,IO_L23N_T3U_N9_PERSTN1_I2C_SDA_65,3U,65,HP,NA
AM27,IO_L23P_T3U_N8_I2C_SCLK_65,3U,65,HP,NA
AN26,IO_L22N_T3U_N7_DBC_AD0N_D05_65,3U,65,HP,NA
AM26,IO_L22P_T3U_N6_DBC_AD0P_D04_65,3U,65,HP,NA
AM25,IO_L21N_T3L_N5_AD8N_D07_65,3L,65,HP,NA
AL25,IO_L21P_T3L_N4_AD8P_D06_65,3L,65,HP,NA
AP28,IO_L20N_T3L_N3_AD1N_D09_65,3L,65,HP,NA
AN28,IO_L20P_T3L_N2_AD1P_D08_65,3L,65,HP,NA
AP26,IO_L19N_T3L_N1_DBC_AD9N_D11_65,3L,65,HP,NA
AP25,IO_L19P_T3L_N0_DBC_AD9P_D10_65,3L,65,HP,NA
AR26,IO_T3U_N12_PERSTN0_65,3U,65,HP,NA
AU25,IO_T2U_N12_CSI_ADV_B_65,2U,65,HP,NA
AT28,IO_L18N_T2U_N11_AD2N_D13_65,2U,65,HP,NA
AR28,IO_L18P_T2U_N10_AD2P_D12_65,2U,65,HP,NA
AT27,IO_L17N_T2U_N9_AD10N_D15_65,2U,65,HP,NA
AR27,IO_L17P_T2U_N8_AD10P_D14_65,2U,65,HP,NA
AT25,IO_L16N_T2U_N7_QBC_AD3N_A01_D17_65,2U,65,HP,NA
AR25,IO_L16P_T2U_N6_QBC_AD3P_A00_D16_65,2U,65,HP,NA
AU27,IO_L15N_T2L_N5_AD11N_A03_D19_65,2L,65,HP,NA
AU26,IO_L15P_T2L_N4_AD11P_A02_D18_65,2L,65,HP,NA
AV28,IO_L14N_T2L_N3_GC_A05_D21_65,2L,65,HP,NA
AV27,IO_L14P_T2L_N2_GC_A04_D20_65,2L,65,HP,NA
AW26,IO_L13N_T2L_N1_GC_QBC_A07_D23_65,2L,65,HP,NA
AV26,IO_L13P_T2L_N0_GC_QBC_A06_D22_65,2L,65,HP,NA
AY28,IO_L12N_T1U_N11_GC_A09_D25_65,1U,65,HP,NA
AW28,IO_L12P_T1U_N10_GC_A08_D24_65,1U,65,HP,NA
AY27,IO_L11N_T1U_N9_GC_A11_D27_65,1U,65,HP,NA
AY26,IO_L11P_T1U_N8_GC_A10_D26_65,1U,65,HP,NA
AY25,IO_L10N_T1U_N7_QBC_AD4N_A13_D29_65,1U,65,HP,NA
AW25,IO_L10P_T1U_N6_QBC_AD4P_A12_D28_65,1U,65,HP,NA
BA28,IO_L9N_T1L_N5_AD12N_A15_D31_65,1L,65,HP,NA
BA27,IO_L9P_T1L_N4_AD12P_A14_D30_65,1L,65,HP,NA
BB27,IO_L8N_T1L_N3_AD5N_A17_65,1L,65,HP,NA
BB26,IO_L8P_T1L_N2_AD5P_A16_65,1L,65,HP,NA
BB25,IO_L7N_T1L_N1_QBC_AD13N_A19_65,1L,65,HP,NA
BA25,IO_L7P_T1L_N0_QBC_AD13P_A18_65,1L,65,HP,NA
BC28,IO_T1U_N12_SMBALERT_65,1U,65,HP,NA
BD25,IO_T0U_N12_VRP_A28_65,0U,65,HP,NA
BC27,IO_L6N_T0U_N11_AD6N_A21_65,0U,65,HP,NA
BC26,IO_L6P_T0U_N10_AD6P_A20_65,0U,65,HP,NA
BF25,IO_L5N_T0U_N9_AD14N_A23_65,0U,65,HP,NA
BE25,IO_L5P_T0U_N8_AD14P_A22_65,0U,65,HP,NA
BE26,IO_L4N_T0U_N7_DBC_AD7N_A25_65,0U,65,HP,NA
BD26,IO_L4P_T0U_N6_DBC_AD7P_A24_65,0U,65,HP,NA
BE28,IO_L3N_T0L_N5_AD15N_A27_65,0L,65,HP,NA
BD28,IO_L3P_T0L_N4_AD15P_A26_65,0L,65,HP,NA
BF27,IO_L2N_T0L_N3_FWE_FCS2_B_65,0L,65,HP,NA
BE27,IO_L2P_T0L_N2_FOE_B_65,0L,65,HP,NA
BF29,IO_L1N_T0L_N1_DBC_RS1_65,0L,65,HP,NA
BF28,IO_L1P_T0L_N0_DBC_RS0_65,0L,65,HP,NA
AK25,VREF_65,NA,65,HP,NA
AM21,IO_L12N_AD0N_92,NA,92,HD,NA
AL21,IO_L12P_AD0P_92,NA,92,HD,NA
AM22,IO_L11N_AD1N_92,NA,92,HD,NA
AL22,IO_L11P_AD1P_92,NA,92,HD,NA
AM24,IO_L10N_AD2N_92,NA,92,HD,NA
AL24,IO_L10P_AD2P_92,NA,92,HD,NA
AP24,IO_L9N_AD3N_92,NA,92,HD,NA
AN24,IO_L9P_AD3P_92,NA,92,HD,NA
AP23,IO_L8N_HDGC_AD4N_92,NA,92,HD,NA
AN23,IO_L8P_HDGC_AD4P_92,NA,92,HD,NA
AN21,IO_L7N_HDGC_AD5N_92,NA,92,HD,NA
AN22,IO_L7P_HDGC_AD5P_92,NA,92,HD,NA
AU24,IO_L6N_HDGC_AD6N_92,NA,92,HD,NA
AT24,IO_L6P_HDGC_AD6P_92,NA,92,HD,NA
AT23,IO_L5N_HDGC_AD7N_92,NA,92,HD,NA
AR23,IO_L5P_HDGC_AD7P_92,NA,92,HD,NA
AT22,IO_L4N_AD8N_92,NA,92,HD,NA
AR22,IO_L4P_AD8P_92,NA,92,HD,NA
AV22,IO_L3N_AD9N_92,NA,92,HD,NA
AU22,IO_L3P_AD9P_92,NA,92,HD,NA
AW24,IO_L2N_AD10N_92,NA,92,HD,NA
AV24,IO_L2P_AD10P_92,NA,92,HD,NA
AW23,IO_L1N_AD11N_92,NA,92,HD,NA
AV23,IO_L1P_AD11P_92,NA,92,HD,NA
BA23,IO_L12N_AD0N_90,NA,90,HD,NA
AY23,IO_L12P_AD0P_90,NA,90,HD,NA
BA22,IO_L11N_AD1N_90,NA,90,HD,NA
AY22,IO_L11P_AD1P_90,NA,90,HD,NA
BB24,IO_L10N_AD2N_90,NA,90,HD,NA
BA24,IO_L10P_AD2P_90,NA,90,HD,NA
BC22,IO_L9N_AD3N_90,NA,90,HD,NA
BB22,IO_L9P_AD3P_90,NA,90,HD,NA
BC21,IO_L8N_HDGC_AD4N_90,NA,90,HD,NA
BB21,IO_L8P_HDGC_AD4P_90,NA,90,HD,NA
BB20,IO_L7N_HDGC_AD5N_90,NA,90,HD,NA
BA20,IO_L7P_HDGC_AD5P_90,NA,90,HD,NA
BE20,IO_L6N_HDGC_AD6N_90,NA,90,HD,NA
BD20,IO_L6P_HDGC_AD6P_90,NA,90,HD,NA
BE21,IO_L5N_HDGC_AD7N_90,NA,90,HD,NA
BD21,IO_L5P_HDGC_AD7P_90,NA,90,HD,NA
BF22,IO_L4N_AD8N_90,NA,90,HD,NA
BE22,IO_L4P_AD8P_90,NA,90,HD,NA
BD24,IO_L3N_AD9N_90,NA,90,HD,NA
BC24,IO_L3P_AD9P_90,NA,90,HD,NA
BE23,IO_L2N_AD10N_90,NA,90,HD,NA
BD23,IO_L2P_AD10P_90,NA,90,HD,NA
BF23,IO_L1N_AD11N_90,NA,90,HD,NA
BF24,IO_L1P_AD11P_90,NA,90,HD,NA
BA8,IO_L12N_AD0N_88,NA,88,HD,NA
BA9,IO_L12P_AD0P_88,NA,88,HD,NA
BC9,IO_L11N_AD1N_88,NA,88,HD,NA
BB9,IO_L11P_AD1P_88,NA,88,HD,NA
BB7,IO_L10N_AD2N_88,NA,88,HD,NA
BA7,IO_L10P_AD2P_88,NA,88,HD,NA
BC7,IO_L9N_AD3N_88,NA,88,HD,NA
BC8,IO_L9P_AD3P_88,NA,88,HD,NA
BB10,IO_L8N_HDGC_AD4N_88,NA,88,HD,NA
BB11,IO_L8P_HDGC_AD4P_88,NA,88,HD,NA
BC11,IO_L7N_HDGC_AD5N_88,NA,88,HD,NA
BC12,IO_L7P_HDGC_AD5P_88,NA,88,HD,NA
BD8,IO_L6N_HDGC_AD6N_88,NA,88,HD,NA
BD9,IO_L6P_HDGC_AD6P_88,NA,88,HD,NA
BF12,IO_L5N_HDGC_AD7N_88,NA,88,HD,NA
BE12,IO_L5P_HDGC_AD7P_88,NA,88,HD,NA
BE10,IO_L4N_AD8N_88,NA,88,HD,NA
BE11,IO_L4P_AD8P_88,NA,88,HD,NA
BF9,IO_L3N_AD9N_88,NA,88,HD,NA
BF10,IO_L3P_AD9P_88,NA,88,HD,NA
BF8,IO_L2N_AD10N_88,NA,88,HD,NA
BE8,IO_L2P_AD10P_88,NA,88,HD,NA
BF7,IO_L1N_AD11N_88,NA,88,HD,NA
BE7,IO_L1P_AD11P_88,NA,88,HD,NA
BA5,MGTAVTTRCAL_RS,NA,NA,NA,NA
AW8,MGTREFCLK0N_225,NA,225,GTY,NA
AW9,MGTREFCLK0P_225,NA,225,GTY,NA
AV10,MGTREFCLK1N_225,NA,225,GTY,NA
AV11,MGTREFCLK1P_225,NA,225,GTY,NA
BA4,MGTRREF_RS,NA,NA,NA,NA
BC1,MGTYRXN0_225,NA,225,GTY,NA
BA1,MGTYRXN1_225,NA,225,GTY,NA
AW3,MGTYRXN2_225,NA,225,GTY,NA
AV1,MGTYRXN3_225,NA,225,GTY,NA
BC2,MGTYRXP0_225,NA,225,GTY,NA
BA2,MGTYRXP1_225,NA,225,GTY,NA
AW4,MGTYRXP2_225,NA,225,GTY,NA
AV2,MGTYRXP3_225,NA,225,GTY,NA
BF4,MGTYTXN0_225,NA,225,GTY,NA
BD4,MGTYTXN1_225,NA,225,GTY,NA
BB4,MGTYTXN2_225,NA,225,GTY,NA
AV6,MGTYTXN3_225,NA,225,GTY,NA
BF5,MGTYTXP0_225,NA,225,GTY,NA
BD5,MGTYTXP1_225,NA,225,GTY,NA
BB5,MGTYTXP2_225,NA,225,GTY,NA
AV7,MGTYTXP3_225,NA,225,GTY,NA
AT10,MGTREFCLK0N_226,NA,226,GTY,NA
AT11,MGTREFCLK0P_226,NA,226,GTY,NA
AP10,MGTREFCLK1N_226,NA,226,GTY,NA
AP11,MGTREFCLK1P_226,NA,226,GTY,NA
AU3,MGTYRXN0_226,NA,226,GTY,NA
AT1,MGTYRXN1_226,NA,226,GTY,NA
AR3,MGTYRXN2_226,NA,226,GTY,NA
AP1,MGTYRXN3_226,NA,226,GTY,NA
AU4,MGTYRXP0_226,NA,226,GTY,NA
AT2,MGTYRXP1_226,NA,226,GTY,NA
AR4,MGTYRXP2_226,NA,226,GTY,NA
AP2,MGTYRXP3_226,NA,226,GTY,NA
AU8,MGTYTXN0_226,NA,226,GTY,NA
AT6,MGTYTXN1_226,NA,226,GTY,NA
AR8,MGTYTXN2_226,NA,226,GTY,NA
AP6,MGTYTXN3_226,NA,226,GTY,NA
AU9,MGTYTXP0_226,NA,226,GTY,NA
AT7,MGTYTXP1_226,NA,226,GTY,NA
AR9,MGTYTXP2_226,NA,226,GTY,NA
AP7,MGTYTXP3_226,NA,226,GTY,NA
AM10,MGTREFCLK0N_227,NA,227,GTY,NA
AM11,MGTREFCLK0P_227,NA,227,GTY,NA
AK10,MGTREFCLK1N_227,NA,227,GTY,NA
AK11,MGTREFCLK1P_227,NA,227,GTY,NA
AN3,MGTYRXN0_227,NA,227,GTY,NA
AM1,MGTYRXN1_227,NA,227,GTY,NA
AL3,MGTYRXN2_227,NA,227,GTY,NA
AK1,MGTYRXN3_227,NA,227,GTY,NA
AN4,MGTYRXP0_227,NA,227,GTY,NA
AM2,MGTYRXP1_227,NA,227,GTY,NA
AL4,MGTYRXP2_227,NA,227,GTY,NA
AK2,MGTYRXP3_227,NA,227,GTY,NA
AN8,MGTYTXN0_227,NA,227,GTY,NA
AM6,MGTYTXN1_227,NA,227,GTY,NA
AL8,MGTYTXN2_227,NA,227,GTY,NA
AK6,MGTYTXN3_227,NA,227,GTY,NA
AN9,MGTYTXP0_227,NA,227,GTY,NA
AM7,MGTYTXP1_227,NA,227,GTY,NA
AL9,MGTYTXP2_227,NA,227,GTY,NA
AK7,MGTYTXP3_227,NA,227,GTY,NA
AH10,MGTREFCLK0N_228,NA,228,GTY,NA
AH11,MGTREFCLK0P_228,NA,228,GTY,NA
AF10,MGTREFCLK1N_228,NA,228,GTY,NA
AF11,MGTREFCLK1P_228,NA,228,GTY,NA
AJ3,MGTYRXN0_228,NA,228,GTY,NA
AH1,MGTYRXN1_228,NA,228,GTY,NA
AG3,MGTYRXN2_228,NA,228,GTY,NA
AF1,MGTYRXN3_228,NA,228,GTY,NA
AJ4,MGTYRXP0_228,NA,228,GTY,NA
AH2,MGTYRXP1_228,NA,228,GTY,NA
AG4,MGTYRXP2_228,NA,228,GTY,NA
AF2,MGTYRXP3_228,NA,228,GTY,NA
AJ8,MGTYTXN0_228,NA,228,GTY,NA
AH6,MGTYTXN1_228,NA,228,GTY,NA
AG8,MGTYTXN2_228,NA,228,GTY,NA
AF6,MGTYTXN3_228,NA,228,GTY,NA
AJ9,MGTYTXP0_228,NA,228,GTY,NA
AH7,MGTYTXP1_228,NA,228,GTY,NA
AG9,MGTYTXP2_228,NA,228,GTY,NA
AF7,MGTYTXP3_228,NA,228,GTY,NA
Y10,MGTREFCLK0N_229,NA,229,GTY,NA
Y11,MGTREFCLK0P_229,NA,229,GTY,NA
V10,MGTREFCLK1N_229,NA,229,GTY,NA
V11,MGTREFCLK1P_229,NA,229,GTY,NA
AA3,MGTYRXN0_229,NA,229,GTY,NA
Y1,MGTYRXN1_229,NA,229,GTY,NA
W3,MGTYRXN2_229,NA,229,GTY,NA
V1,MGTYRXN3_229,NA,229,GTY,NA
AA4,MGTYRXP0_229,NA,229,GTY,NA
Y2,MGTYRXP1_229,NA,229,GTY,NA
W4,MGTYRXP2_229,NA,229,GTY,NA
V2,MGTYRXP3_229,NA,229,GTY,NA
AA8,MGTYTXN0_229,NA,229,GTY,NA
Y6,MGTYTXN1_229,NA,229,GTY,NA
W8,MGTYTXN2_229,NA,229,GTY,NA
V6,MGTYTXN3_229,NA,229,GTY,NA
AA9,MGTYTXP0_229,NA,229,GTY,NA
Y7,MGTYTXP1_229,NA,229,GTY,NA
W9,MGTYTXP2_229,NA,229,GTY,NA
V7,MGTYTXP3_229,NA,229,GTY,NA
T10,MGTREFCLK0N_230,NA,230,GTY,NA
T11,MGTREFCLK0P_230,NA,230,GTY,NA
P10,MGTREFCLK1N_230,NA,230,GTY,NA
P11,MGTREFCLK1P_230,NA,230,GTY,NA
U3,MGTYRXN0_230,NA,230,GTY,NA
T1,MGTYRXN1_230,NA,230,GTY,NA
R3,MGTYRXN2_230,NA,230,GTY,NA
P1,MGTYRXN3_230,NA,230,GTY,NA
U4,MGTYRXP0_230,NA,230,GTY,NA
T2,MGTYRXP1_230,NA,230,GTY,NA
R4,MGTYRXP2_230,NA,230,GTY,NA
P2,MGTYRXP3_230,NA,230,GTY,NA
U8,MGTYTXN0_230,NA,230,GTY,NA
T6,MGTYTXN1_230,NA,230,GTY,NA
R8,MGTYTXN2_230,NA,230,GTY,NA
P6,MGTYTXN3_230,NA,230,GTY,NA
U9,MGTYTXP0_230,NA,230,GTY,NA
T7,MGTYTXP1_230,NA,230,GTY,NA
R9,MGTYTXP2_230,NA,230,GTY,NA
P7,MGTYTXP3_230,NA,230,GTY,NA
M10,MGTREFCLK0N_231,NA,231,GTY,NA
M11,MGTREFCLK0P_231,NA,231,GTY,NA
K10,MGTREFCLK1N_231,NA,231,GTY,NA
K11,MGTREFCLK1P_231,NA,231,GTY,NA
N3,MGTYRXN0_231,NA,231,GTY,NA
M1,MGTYRXN1_231,NA,231,GTY,NA
L3,MGTYRXN2_231,NA,231,GTY,NA
K1,MGTYRXN3_231,NA,231,GTY,NA
N4,MGTYRXP0_231,NA,231,GTY,NA
M2,MGTYRXP1_231,NA,231,GTY,NA
L4,MGTYRXP2_231,NA,231,GTY,NA
K2,MGTYRXP3_231,NA,231,GTY,NA
N8,MGTYTXN0_231,NA,231,GTY,NA
M6,MGTYTXN1_231,NA,231,GTY,NA
L8,MGTYTXN2_231,NA,231,GTY,NA
K6,MGTYTXN3_231,NA,231,GTY,NA
N9,MGTYTXP0_231,NA,231,GTY,NA
M7,MGTYTXP1_231,NA,231,GTY,NA
L9,MGTYTXP2_231,NA,231,GTY,NA
K7,MGTYTXP3_231,NA,231,GTY,NA
H10,MGTREFCLK0N_232,NA,232,GTY,NA
H11,MGTREFCLK0P_232,NA,232,GTY,NA
F10,MGTREFCLK1N_232,NA,232,GTY,NA
F11,MGTREFCLK1P_232,NA,232,GTY,NA
J3,MGTYRXN0_232,NA,232,GTY,NA
H1,MGTYRXN1_232,NA,232,GTY,NA
G3,MGTYRXN2_232,NA,232,GTY,NA
F1,MGTYRXN3_232,NA,232,GTY,NA
J4,MGTYRXP0_232,NA,232,GTY,NA
H2,MGTYRXP1_232,NA,232,GTY,NA
G4,MGTYRXP2_232,NA,232,GTY,NA
F2,MGTYRXP3_232,NA,232,GTY,NA
J8,MGTYTXN0_232,NA,232,GTY,NA
H6,MGTYTXN1_232,NA,232,GTY,NA
G8,MGTYTXN2_232,NA,232,GTY,NA
F6,MGTYTXN3_232,NA,232,GTY,NA
J9,MGTYTXP0_232,NA,232,GTY,NA
H7,MGTYTXP1_232,NA,232,GTY,NA
G9,MGTYTXP2_232,NA,232,GTY,NA
F7,MGTYTXP3_232,NA,232,GTY,NA
AD13,VCCO_0,NA,0,NA,NA
AF13,VCCO_0,NA,0,NA,NA
AL26,VCCO_65,NA,65,NA,NA
AP27,VCCO_65,NA,65,NA,NA
AU28,VCCO_65,NA,65,NA,NA
AV25,VCCO_65,NA,65,NA,NA
BA26,VCCO_65,NA,65,NA,NA
BD27,VCCO_65,NA,65,NA,NA
AL16,VCCO_66,NA,66,NA,NA
AN20,VCCO_66,NA,66,NA,NA
AP17,VCCO_66,NA,66,NA,NA
AU18,VCCO_66,NA,66,NA,NA
AY19,VCCO_66,NA,66,NA,NA
BD17,VCCO_66,NA,66,NA,NA
AM13,VCCO_67,NA,67,NA,NA
AR14,VCCO_67,NA,67,NA,NA
AV15,VCCO_67,NA,67,NA,NA
BA16,VCCO_67,NA,67,NA,NA
BB13,VCCO_67,NA,67,NA,NA
BE14,VCCO_67,NA,67,NA,NA
A16,VCCO_68,NA,68,NA,NA
B13,VCCO_68,NA,68,NA,NA
E14,VCCO_68,NA,68,NA,NA
H15,VCCO_68,NA,68,NA,NA
L16,VCCO_68,NA,68,NA,NA
M13,VCCO_68,NA,68,NA,NA
R14,VCCO_68,NA,68,NA,NA
C20,VCCO_69,NA,69,NA,NA
D17,VCCO_69,NA,69,NA,NA
F21,VCCO_69,NA,69,NA,NA
G18,VCCO_69,NA,69,NA,NA
K19,VCCO_69,NA,69,NA,NA
N20,VCCO_69,NA,69,NA,NA
P17,VCCO_69,NA,69,NA,NA
A26,VCCO_70,NA,70,NA,NA
B23,VCCO_70,NA,70,NA,NA
E24,VCCO_70,NA,70,NA,NA
H25,VCCO_70,NA,70,NA,NA
J22,VCCO_70,NA,70,NA,NA
M23,VCCO_70,NA,70,NA,NA
R24,VCCO_70,NA,70,NA,NA
C30,VCCO_71,NA,71,NA,NA
D27,VCCO_71,NA,71,NA,NA
G28,VCCO_71,NA,71,NA,NA
K29,VCCO_71,NA,71,NA,NA
L26,VCCO_71,NA,71,NA,NA
P27,VCCO_71,NA,71,NA,NA
A36,VCCO_72,NA,72,NA,NA
B33,VCCO_72,NA,72,NA,NA
C40,VCCO_72,NA,72,NA,NA
D37,VCCO_72,NA,72,NA,NA
E34,VCCO_72,NA,72,NA,NA
G38,VCCO_72,NA,72,NA,NA
H35,VCCO_72,NA,72,NA,NA
F31,VCCO_73,NA,73,NA,NA
J32,VCCO_73,NA,73,NA,NA
M33,VCCO_73,NA,73,NA,NA
N30,VCCO_73,NA,73,NA,NA
R34,VCCO_73,NA,73,NA,NA
T31,VCCO_73,NA,73,NA,NA
BC10,VCCO_88,NA,88,NA,NA
BD7,VCCO_88,NA,88,NA,NA
BF11,VCCO_88,NA,88,NA,NA
BB23,VCCO_90,NA,90,NA,NA
BC20,VCCO_90,NA,90,NA,NA
BE24,VCCO_90,NA,90,NA,NA
BF21,VCCO_90,NA,90,NA,NA
AM23,VCCO_92,NA,92,NA,NA
AR24,VCCO_92,NA,92,NA,NA
AT21,VCCO_92,NA,92,NA,NA
AW22,VCCO_92,NA,92,NA,NA
A10,GND,NA,NA,NA,NA
A12,GND,NA,NA,NA,NA
A21,GND,NA,NA,NA,NA
A3,GND,NA,NA,NA,NA
A31,GND,NA,NA,NA,NA
A41,GND,NA,NA,NA,NA
A44,GND,NA,NA,NA,NA
A6,GND,NA,NA,NA,NA
AA1,GND,NA,NA,NA,NA
AA10,GND,NA,NA,NA,NA
AA13,GND,NA,NA,NA,NA
AA15,GND,NA,NA,NA,NA
AA17,GND,NA,NA,NA,NA
AA19,GND,NA,NA,NA,NA
AA2,GND,NA,NA,NA,NA
AA21,GND,NA,NA,NA,NA
AA23,GND,NA,NA,NA,NA
AA25,GND,NA,NA,NA,NA
AA27,GND,NA,NA,NA,NA
AA29,GND,NA,NA,NA,NA
AA31,GND,NA,NA,NA,NA
AA35,GND,NA,NA,NA,NA
AA38,GND,NA,NA,NA,NA
AA42,GND,NA,NA,NA,NA
AA43,GND,NA,NA,NA,NA
AA44,GND,NA,NA,NA,NA
AA5,GND,NA,NA,NA,NA
AA6,GND,NA,NA,NA,NA
AA7,GND,NA,NA,NA,NA
AB12,GND,NA,NA,NA,NA
AB14,GND,NA,NA,NA,NA
AB16,GND,NA,NA,NA,NA
AB18,GND,NA,NA,NA,NA
AB20,GND,NA,NA,NA,NA
AB22,GND,NA,NA,NA,NA
AB24,GND,NA,NA,NA,NA
AB26,GND,NA,NA,NA,NA
AB28,GND,NA,NA,NA,NA
AB3,GND,NA,NA,NA,NA
AB30,GND,NA,NA,NA,NA
AB35,GND,NA,NA,NA,NA
AB37,GND,NA,NA,NA,NA
AB4,GND,NA,NA,NA,NA
AB40,GND,NA,NA,NA,NA
AB42,GND,NA,NA,NA,NA
AB45,GND,NA,NA,NA,NA
AB46,GND,NA,NA,NA,NA
AB5,GND,NA,NA,NA,NA
AB8,GND,NA,NA,NA,NA
AC1,GND,NA,NA,NA,NA
AC10,GND,NA,NA,NA,NA
AC15,GND,NA,NA,NA,NA
AC17,GND,NA,NA,NA,NA
AC19,GND,NA,NA,NA,NA
AC2,GND,NA,NA,NA,NA
AC21,GND,NA,NA,NA,NA
AC23,GND,NA,NA,NA,NA
AC25,GND,NA,NA,NA,NA
AC27,GND,NA,NA,NA,NA
AC29,GND,NA,NA,NA,NA
AC35,GND,NA,NA,NA,NA
AC39,GND,NA,NA,NA,NA
AC42,GND,NA,NA,NA,NA
AC43,GND,NA,NA,NA,NA
AC44,GND,NA,NA,NA,NA
AC5,GND,NA,NA,NA,NA
AC7,GND,NA,NA,NA,NA
AD14,GND,NA,NA,NA,NA
AD16,GND,NA,NA,NA,NA
AD18,GND,NA,NA,NA,NA
AD20,GND,NA,NA,NA,NA
AD22,GND,NA,NA,NA,NA
AD24,GND,NA,NA,NA,NA
AD26,GND,NA,NA,NA,NA
AD28,GND,NA,NA,NA,NA
AD3,GND,NA,NA,NA,NA
AD32,GND,NA,NA,NA,NA
AD35,GND,NA,NA,NA,NA
AD37,GND,NA,NA,NA,NA
AD4,GND,NA,NA,NA,NA
AD41,GND,NA,NA,NA,NA
AD42,GND,NA,NA,NA,NA
AD45,GND,NA,NA,NA,NA
AD46,GND,NA,NA,NA,NA
AD5,GND,NA,NA,NA,NA
AD9,GND,NA,NA,NA,NA
AE1,GND,NA,NA,NA,NA
AE10,GND,NA,NA,NA,NA
AE17,GND,NA,NA,NA,NA
AE19,GND,NA,NA,NA,NA
AE2,GND,NA,NA,NA,NA
AE21,GND,NA,NA,NA,NA
AE23,GND,NA,NA,NA,NA
AE25,GND,NA,NA,NA,NA
AE27,GND,NA,NA,NA,NA
AE29,GND,NA,NA,NA,NA
AE35,GND,NA,NA,NA,NA
AE38,GND,NA,NA,NA,NA
AE42,GND,NA,NA,NA,NA
AE43,GND,NA,NA,NA,NA
AE44,GND,NA,NA,NA,NA
AE5,GND,NA,NA,NA,NA
AE6,GND,NA,NA,NA,NA
AF12,GND,NA,NA,NA,NA
AF14,GND,NA,NA,NA,NA
AF16,GND,NA,NA,NA,NA
AF20,GND,NA,NA,NA,NA
AF22,GND,NA,NA,NA,NA
AF24,GND,NA,NA,NA,NA
AF26,GND,NA,NA,NA,NA
AF28,GND,NA,NA,NA,NA
AF3,GND,NA,NA,NA,NA
AF35,GND,NA,NA,NA,NA
AF36,GND,NA,NA,NA,NA
AF4,GND,NA,NA,NA,NA
AF40,GND,NA,NA,NA,NA
AF42,GND,NA,NA,NA,NA
AF45,GND,NA,NA,NA,NA
AF46,GND,NA,NA,NA,NA
AF5,GND,NA,NA,NA,NA
AF8,GND,NA,NA,NA,NA
AG1,GND,NA,NA,NA,NA
AG11,GND,NA,NA,NA,NA
AG17,GND,NA,NA,NA,NA
AG2,GND,NA,NA,NA,NA
AG21,GND,NA,NA,NA,NA
AG23,GND,NA,NA,NA,NA
AG25,GND,NA,NA,NA,NA
AG27,GND,NA,NA,NA,NA
AG33,GND,NA,NA,NA,NA
AG35,GND,NA,NA,NA,NA
AG39,GND,NA,NA,NA,NA
AG42,GND,NA,NA,NA,NA
AG43,GND,NA,NA,NA,NA
AG44,GND,NA,NA,NA,NA
AG5,GND,NA,NA,NA,NA
AG7,GND,NA,NA,NA,NA
AH14,GND,NA,NA,NA,NA
AH16,GND,NA,NA,NA,NA
AH20,GND,NA,NA,NA,NA
AH22,GND,NA,NA,NA,NA
AH24,GND,NA,NA,NA,NA
AH26,GND,NA,NA,NA,NA
AH3,GND,NA,NA,NA,NA
AH30,GND,NA,NA,NA,NA
AH35,GND,NA,NA,NA,NA
AH37,GND,NA,NA,NA,NA
AH4,GND,NA,NA,NA,NA
AH41,GND,NA,NA,NA,NA
AH42,GND,NA,NA,NA,NA
AH45,GND,NA,NA,NA,NA
AH46,GND,NA,NA,NA,NA
AH5,GND,NA,NA,NA,NA
AH9,GND,NA,NA,NA,NA
AJ1,GND,NA,NA,NA,NA
AJ10,GND,NA,NA,NA,NA
AJ13,GND,NA,NA,NA,NA
AJ15,GND,NA,NA,NA,NA
AJ17,GND,NA,NA,NA,NA
AJ2,GND,NA,NA,NA,NA
AJ21,GND,NA,NA,NA,NA
AJ23,GND,NA,NA,NA,NA
AJ25,GND,NA,NA,NA,NA
AJ35,GND,NA,NA,NA,NA
AJ38,GND,NA,NA,NA,NA
AJ42,GND,NA,NA,NA,NA
AJ43,GND,NA,NA,NA,NA
AJ44,GND,NA,NA,NA,NA
AJ5,GND,NA,NA,NA,NA
AJ6,GND,NA,NA,NA,NA
AK14,GND,NA,NA,NA,NA
AK16,GND,NA,NA,NA,NA
AK18,GND,NA,NA,NA,NA
AK20,GND,NA,NA,NA,NA
AK22,GND,NA,NA,NA,NA
AK24,GND,NA,NA,NA,NA
AK3,GND,NA,NA,NA,NA
AK34,GND,NA,NA,NA,NA
AK35,GND,NA,NA,NA,NA
AK37,GND,NA,NA,NA,NA
AK4,GND,NA,NA,NA,NA
AK40,GND,NA,NA,NA,NA
AK42,GND,NA,NA,NA,NA
AK45,GND,NA,NA,NA,NA
AK46,GND,NA,NA,NA,NA
AK5,GND,NA,NA,NA,NA
AK8,GND,NA,NA,NA,NA
AL1,GND,NA,NA,NA,NA
AL11,GND,NA,NA,NA,NA
AL2,GND,NA,NA,NA,NA
AL31,GND,NA,NA,NA,NA
AL35,GND,NA,NA,NA,NA
AL39,GND,NA,NA,NA,NA
AL42,GND,NA,NA,NA,NA
AL43,GND,NA,NA,NA,NA
AL44,GND,NA,NA,NA,NA
AL5,GND,NA,NA,NA,NA
AL7,GND,NA,NA,NA,NA
AM18,GND,NA,NA,NA,NA
AM28,GND,NA,NA,NA,NA
AM3,GND,NA,NA,NA,NA
AM35,GND,NA,NA,NA,NA
AM37,GND,NA,NA,NA,NA
AM4,GND,NA,NA,NA,NA
AM41,GND,NA,NA,NA,NA
AM42,GND,NA,NA,NA,NA
AM45,GND,NA,NA,NA,NA
AM46,GND,NA,NA,NA,NA
AM5,GND,NA,NA,NA,NA
AM9,GND,NA,NA,NA,NA
AN1,GND,NA,NA,NA,NA
AN10,GND,NA,NA,NA,NA
AN12,GND,NA,NA,NA,NA
AN15,GND,NA,NA,NA,NA
AN2,GND,NA,NA,NA,NA
AN25,GND,NA,NA,NA,NA
AN35,GND,NA,NA,NA,NA
AN38,GND,NA,NA,NA,NA
AN42,GND,NA,NA,NA,NA
AN43,GND,NA,NA,NA,NA
AN44,GND,NA,NA,NA,NA
AN5,GND,NA,NA,NA,NA
AN6,GND,NA,NA,NA,NA
AP12,GND,NA,NA,NA,NA
AP22,GND,NA,NA,NA,NA
AP3,GND,NA,NA,NA,NA
AP32,GND,NA,NA,NA,NA
AP35,GND,NA,NA,NA,NA
AP36,GND,NA,NA,NA,NA
AP4,GND,NA,NA,NA,NA
AP40,GND,NA,NA,NA,NA
AP42,GND,NA,NA,NA,NA
AP45,GND,NA,NA,NA,NA
AP46,GND,NA,NA,NA,NA
AP5,GND,NA,NA,NA,NA
AP8,GND,NA,NA,NA,NA
AR1,GND,NA,NA,NA,NA
AR11,GND,NA,NA,NA,NA
AR12,GND,NA,NA,NA,NA
AR19,GND,NA,NA,NA,NA
AR2,GND,NA,NA,NA,NA
AR29,GND,NA,NA,NA,NA
AR35,GND,NA,NA,NA,NA
AR39,GND,NA,NA,NA,NA
AR42,GND,NA,NA,NA,NA
AR43,GND,NA,NA,NA,NA
AR44,GND,NA,NA,NA,NA
AR5,GND,NA,NA,NA,NA
AR7,GND,NA,NA,NA,NA
AT12,GND,NA,NA,NA,NA
AT16,GND,NA,NA,NA,NA
AT26,GND,NA,NA,NA,NA
AT3,GND,NA,NA,NA,NA
AT35,GND,NA,NA,NA,NA
AT37,GND,NA,NA,NA,NA
AT4,GND,NA,NA,NA,NA
AT41,GND,NA,NA,NA,NA
AT42,GND,NA,NA,NA,NA
AT45,GND,NA,NA,NA,NA
AT46,GND,NA,NA,NA,NA
AT5,GND,NA,NA,NA,NA
AT9,GND,NA,NA,NA,NA
AU1,GND,NA,NA,NA,NA
AU10,GND,NA,NA,NA,NA
AU12,GND,NA,NA,NA,NA
AU2,GND,NA,NA,NA,NA
AU23,GND,NA,NA,NA,NA
AU33,GND,NA,NA,NA,NA
AU35,GND,NA,NA,NA,NA
AU38,GND,NA,NA,NA,NA
AU42,GND,NA,NA,NA,NA
AU43,GND,NA,NA,NA,NA
AU44,GND,NA,NA,NA,NA
AU5,GND,NA,NA,NA,NA
AU6,GND,NA,NA,NA,NA
AV12,GND,NA,NA,NA,NA
AV20,GND,NA,NA,NA,NA
AV3,GND,NA,NA,NA,NA
AV30,GND,NA,NA,NA,NA
AV35,GND,NA,NA,NA,NA
AV36,GND,NA,NA,NA,NA
AV37,GND,NA,NA,NA,NA
AV4,GND,NA,NA,NA,NA
AV40,GND,NA,NA,NA,NA
AV42,GND,NA,NA,NA,NA
AV45,GND,NA,NA,NA,NA
AV46,GND,NA,NA,NA,NA
AV5,GND,NA,NA,NA,NA
AV8,GND,NA,NA,NA,NA
AW1,GND,NA,NA,NA,NA
AW10,GND,NA,NA,NA,NA
AW11,GND,NA,NA,NA,NA
AW12,GND,NA,NA,NA,NA
AW17,GND,NA,NA,NA,NA
AW2,GND,NA,NA,NA,NA
AW27,GND,NA,NA,NA,NA
AW37,GND,NA,NA,NA,NA
AW39,GND,NA,NA,NA,NA
AW42,GND,NA,NA,NA,NA
AW43,GND,NA,NA,NA,NA
AW44,GND,NA,NA,NA,NA
AW5,GND,NA,NA,NA,NA
AW6,GND,NA,NA,NA,NA
AY1,GND,NA,NA,NA,NA
AY10,GND,NA,NA,NA,NA
AY14,GND,NA,NA,NA,NA
AY2,GND,NA,NA,NA,NA
AY24,GND,NA,NA,NA,NA
AY3,GND,NA,NA,NA,NA
AY34,GND,NA,NA,NA,NA
AY37,GND,NA,NA,NA,NA
AY4,GND,NA,NA,NA,NA
AY41,GND,NA,NA,NA,NA
AY42,GND,NA,NA,NA,NA
AY43,GND,NA,NA,NA,NA
AY44,GND,NA,NA,NA,NA
AY45,GND,NA,NA,NA,NA
AY46,GND,NA,NA,NA,NA
AY5,GND,NA,NA,NA,NA
AY6,GND,NA,NA,NA,NA
AY7,GND,NA,NA,NA,NA
AY8,GND,NA,NA,NA,NA
AY9,GND,NA,NA,NA,NA
B12,GND,NA,NA,NA,NA
B18,GND,NA,NA,NA,NA
B2,GND,NA,NA,NA,NA
B28,GND,NA,NA,NA,NA
B38,GND,NA,NA,NA,NA
B4,GND,NA,NA,NA,NA
B41,GND,NA,NA,NA,NA
B44,GND,NA,NA,NA,NA
B45,GND,NA,NA,NA,NA
B5,GND,NA,NA,NA,NA
B6,GND,NA,NA,NA,NA
B7,GND,NA,NA,NA,NA
B8,GND,NA,NA,NA,NA
BA11,GND,NA,NA,NA,NA
BA21,GND,NA,NA,NA,NA
BA3,GND,NA,NA,NA,NA
BA31,GND,NA,NA,NA,NA
BA37,GND,NA,NA,NA,NA
BA38,GND,NA,NA,NA,NA
BA39,GND,NA,NA,NA,NA
BA44,GND,NA,NA,NA,NA
BA6,GND,NA,NA,NA,NA
BB1,GND,NA,NA,NA,NA
BB18,GND,NA,NA,NA,NA
BB2,GND,NA,NA,NA,NA
BB28,GND,NA,NA,NA,NA
BB3,GND,NA,NA,NA,NA
BB39,GND,NA,NA,NA,NA
BB40,GND,NA,NA,NA,NA
BB41,GND,NA,NA,NA,NA
BB44,GND,NA,NA,NA,NA
BB45,GND,NA,NA,NA,NA
BB46,GND,NA,NA,NA,NA
BB6,GND,NA,NA,NA,NA
BB8,GND,NA,NA,NA,NA
BC15,GND,NA,NA,NA,NA
BC25,GND,NA,NA,NA,NA
BC3,GND,NA,NA,NA,NA
BC35,GND,NA,NA,NA,NA
BC4,GND,NA,NA,NA,NA
BC41,GND,NA,NA,NA,NA
BC42,GND,NA,NA,NA,NA
BC44,GND,NA,NA,NA,NA
BC6,GND,NA,NA,NA,NA
BD1,GND,NA,NA,NA,NA
BD12,GND,NA,NA,NA,NA
BD22,GND,NA,NA,NA,NA
BD3,GND,NA,NA,NA,NA
BD32,GND,NA,NA,NA,NA
BD41,GND,NA,NA,NA,NA
BD44,GND,NA,NA,NA,NA
BD46,GND,NA,NA,NA,NA
BD6,GND,NA,NA,NA,NA
BE19,GND,NA,NA,NA,NA
BE2,GND,NA,NA,NA,NA
BE29,GND,NA,NA,NA,NA
BE3,GND,NA,NA,NA,NA
BE39,GND,NA,NA,NA,NA
BE41,GND,NA,NA,NA,NA
BE45,GND,NA,NA,NA,NA
BE5,GND,NA,NA,NA,NA
BE6,GND,NA,NA,NA,NA
BE9,GND,NA,NA,NA,NA
BF16,GND,NA,NA,NA,NA
BF26,GND,NA,NA,NA,NA
BF3,GND,NA,NA,NA,NA
BF36,GND,NA,NA,NA,NA
BF41,GND,NA,NA,NA,NA
BF44,GND,NA,NA,NA,NA
BF6,GND,NA,NA,NA,NA
C1,GND,NA,NA,NA,NA
C11,GND,NA,NA,NA,NA
C12,GND,NA,NA,NA,NA
C15,GND,NA,NA,NA,NA
C2,GND,NA,NA,NA,NA
C25,GND,NA,NA,NA,NA
C35,GND,NA,NA,NA,NA
C41,GND,NA,NA,NA,NA
C44,GND,NA,NA,NA,NA
C46,GND,NA,NA,NA,NA
C5,GND,NA,NA,NA,NA
D12,GND,NA,NA,NA,NA
D22,GND,NA,NA,NA,NA
D3,GND,NA,NA,NA,NA
D32,GND,NA,NA,NA,NA
D4,GND,NA,NA,NA,NA
D41,GND,NA,NA,NA,NA
D42,GND,NA,NA,NA,NA
D44,GND,NA,NA,NA,NA
D5,GND,NA,NA,NA,NA
D9,GND,NA,NA,NA,NA
E1,GND,NA,NA,NA,NA
E10,GND,NA,NA,NA,NA
E12,GND,NA,NA,NA,NA
E19,GND,NA,NA,NA,NA
E2,GND,NA,NA,NA,NA
E29,GND,NA,NA,NA,NA
E41,GND,NA,NA,NA,NA
E44,GND,NA,NA,NA,NA
E45,GND,NA,NA,NA,NA
E46,GND,NA,NA,NA,NA
E5,GND,NA,NA,NA,NA
E6,GND,NA,NA,NA,NA
F12,GND,NA,NA,NA,NA
F16,GND,NA,NA,NA,NA
F26,GND,NA,NA,NA,NA
F3,GND,NA,NA,NA,NA
F36,GND,NA,NA,NA,NA
F39,GND,NA,NA,NA,NA
F4,GND,NA,NA,NA,NA
F40,GND,NA,NA,NA,NA
F41,GND,NA,NA,NA,NA
F44,GND,NA,NA,NA,NA
F5,GND,NA,NA,NA,NA
F8,GND,NA,NA,NA,NA
G1,GND,NA,NA,NA,NA
G11,GND,NA,NA,NA,NA
G12,GND,NA,NA,NA,NA
G13,GND,NA,NA,NA,NA
G2,GND,NA,NA,NA,NA
G23,GND,NA,NA,NA,NA
G33,GND,NA,NA,NA,NA
G39,GND,NA,NA,NA,NA
G42,GND,NA,NA,NA,NA
G43,GND,NA,NA,NA,NA
G44,GND,NA,NA,NA,NA
G45,GND,NA,NA,NA,NA
G46,GND,NA,NA,NA,NA
G5,GND,NA,NA,NA,NA
G7,GND,NA,NA,NA,NA
H12,GND,NA,NA,NA,NA
H20,GND,NA,NA,NA,NA
H3,GND,NA,NA,NA,NA
H30,GND,NA,NA,NA,NA
H39,GND,NA,NA,NA,NA
H4,GND,NA,NA,NA,NA
H41,GND,NA,NA,NA,NA
H42,GND,NA,NA,NA,NA
H45,GND,NA,NA,NA,NA
H46,GND,NA,NA,NA,NA
H5,GND,NA,NA,NA,NA
H9,GND,NA,NA,NA,NA
J1,GND,NA,NA,NA,NA
J10,GND,NA,NA,NA,NA
J12,GND,NA,NA,NA,NA
J17,GND,NA,NA,NA,NA
J2,GND,NA,NA,NA,NA
J27,GND,NA,NA,NA,NA
J37,GND,NA,NA,NA,NA
J38,GND,NA,NA,NA,NA
J39,GND,NA,NA,NA,NA
J42,GND,NA,NA,NA,NA
J43,GND,NA,NA,NA,NA
J44,GND,NA,NA,NA,NA
J5,GND,NA,NA,NA,NA
J6,GND,NA,NA,NA,NA
K12,GND,NA,NA,NA,NA
K14,GND,NA,NA,NA,NA
K24,GND,NA,NA,NA,NA
K3,GND,NA,NA,NA,NA
K35,GND,NA,NA,NA,NA
K36,GND,NA,NA,NA,NA
K37,GND,NA,NA,NA,NA
K4,GND,NA,NA,NA,NA
K40,GND,NA,NA,NA,NA
K42,GND,NA,NA,NA,NA
K45,GND,NA,NA,NA,NA
K46,GND,NA,NA,NA,NA
K5,GND,NA,NA,NA,NA
K8,GND,NA,NA,NA,NA
L1,GND,NA,NA,NA,NA
L11,GND,NA,NA,NA,NA
L12,GND,NA,NA,NA,NA
L2,GND,NA,NA,NA,NA
L21,GND,NA,NA,NA,NA
L31,GND,NA,NA,NA,NA
L35,GND,NA,NA,NA,NA
L39,GND,NA,NA,NA,NA
L42,GND,NA,NA,NA,NA
L43,GND,NA,NA,NA,NA
L44,GND,NA,NA,NA,NA
L5,GND,NA,NA,NA,NA
L7,GND,NA,NA,NA,NA
M12,GND,NA,NA,NA,NA
M18,GND,NA,NA,NA,NA
M28,GND,NA,NA,NA,NA
M3,GND,NA,NA,NA,NA
M35,GND,NA,NA,NA,NA
M37,GND,NA,NA,NA,NA
M4,GND,NA,NA,NA,NA
M41,GND,NA,NA,NA,NA
M42,GND,NA,NA,NA,NA
M45,GND,NA,NA,NA,NA
M46,GND,NA,NA,NA,NA
M5,GND,NA,NA,NA,NA
M9,GND,NA,NA,NA,NA
N1,GND,NA,NA,NA,NA
N10,GND,NA,NA,NA,NA
N12,GND,NA,NA,NA,NA
N15,GND,NA,NA,NA,NA
N2,GND,NA,NA,NA,NA
N25,GND,NA,NA,NA,NA
N35,GND,NA,NA,NA,NA
N38,GND,NA,NA,NA,NA
N42,GND,NA,NA,NA,NA
N43,GND,NA,NA,NA,NA
N44,GND,NA,NA,NA,NA
N5,GND,NA,NA,NA,NA
N6,GND,NA,NA,NA,NA
P12,GND,NA,NA,NA,NA
P22,GND,NA,NA,NA,NA
P3,GND,NA,NA,NA,NA
P32,GND,NA,NA,NA,NA
P35,GND,NA,NA,NA,NA
P36,GND,NA,NA,NA,NA
P4,GND,NA,NA,NA,NA
P40,GND,NA,NA,NA,NA
P42,GND,NA,NA,NA,NA
P45,GND,NA,NA,NA,NA
P46,GND,NA,NA,NA,NA
P5,GND,NA,NA,NA,NA
P8,GND,NA,NA,NA,NA
R1,GND,NA,NA,NA,NA
R10,GND,NA,NA,NA,NA
R19,GND,NA,NA,NA,NA
R2,GND,NA,NA,NA,NA
R29,GND,NA,NA,NA,NA
R35,GND,NA,NA,NA,NA
R39,GND,NA,NA,NA,NA
R42,GND,NA,NA,NA,NA
R43,GND,NA,NA,NA,NA
R44,GND,NA,NA,NA,NA
R5,GND,NA,NA,NA,NA
R7,GND,NA,NA,NA,NA
T12,GND,NA,NA,NA,NA
T14,GND,NA,NA,NA,NA
T16,GND,NA,NA,NA,NA
T18,GND,NA,NA,NA,NA
T20,GND,NA,NA,NA,NA
T22,GND,NA,NA,NA,NA
T24,GND,NA,NA,NA,NA
T3,GND,NA,NA,NA,NA
T35,GND,NA,NA,NA,NA
T37,GND,NA,NA,NA,NA
T4,GND,NA,NA,NA,NA
T41,GND,NA,NA,NA,NA
T42,GND,NA,NA,NA,NA
T45,GND,NA,NA,NA,NA
T46,GND,NA,NA,NA,NA
T5,GND,NA,NA,NA,NA
T9,GND,NA,NA,NA,NA
U1,GND,NA,NA,NA,NA
U10,GND,NA,NA,NA,NA
U13,GND,NA,NA,NA,NA
U15,GND,NA,NA,NA,NA
U17,GND,NA,NA,NA,NA
U19,GND,NA,NA,NA,NA
U2,GND,NA,NA,NA,NA
U21,GND,NA,NA,NA,NA
U23,GND,NA,NA,NA,NA
U25,GND,NA,NA,NA,NA
U27,GND,NA,NA,NA,NA
U33,GND,NA,NA,NA,NA
U35,GND,NA,NA,NA,NA
U38,GND,NA,NA,NA,NA
U42,GND,NA,NA,NA,NA
U43,GND,NA,NA,NA,NA
U44,GND,NA,NA,NA,NA
U5,GND,NA,NA,NA,NA
U6,GND,NA,NA,NA,NA
V14,GND,NA,NA,NA,NA
V16,GND,NA,NA,NA,NA
V18,GND,NA,NA,NA,NA
V20,GND,NA,NA,NA,NA
V22,GND,NA,NA,NA,NA
V24,GND,NA,NA,NA,NA
V26,GND,NA,NA,NA,NA
V28,GND,NA,NA,NA,NA
V3,GND,NA,NA,NA,NA
V30,GND,NA,NA,NA,NA
V35,GND,NA,NA,NA,NA
V36,GND,NA,NA,NA,NA
V4,GND,NA,NA,NA,NA
V40,GND,NA,NA,NA,NA
V42,GND,NA,NA,NA,NA
V45,GND,NA,NA,NA,NA
V46,GND,NA,NA,NA,NA
V5,GND,NA,NA,NA,NA
V8,GND,NA,NA,NA,NA
W1,GND,NA,NA,NA,NA
W11,GND,NA,NA,NA,NA
W13,GND,NA,NA,NA,NA
W15,GND,NA,NA,NA,NA
W17,GND,NA,NA,NA,NA
W19,GND,NA,NA,NA,NA
W2,GND,NA,NA,NA,NA
W21,GND,NA,NA,NA,NA
W23,GND,NA,NA,NA,NA
W25,GND,NA,NA,NA,NA
W27,GND,NA,NA,NA,NA
W29,GND,NA,NA,NA,NA
W35,GND,NA,NA,NA,NA
W39,GND,NA,NA,NA,NA
W42,GND,NA,NA,NA,NA
W43,GND,NA,NA,NA,NA
W44,GND,NA,NA,NA,NA
W5,GND,NA,NA,NA,NA
W7,GND,NA,NA,NA,NA
Y14,GND,NA,NA,NA,NA
Y16,GND,NA,NA,NA,NA
Y18,GND,NA,NA,NA,NA
Y20,GND,NA,NA,NA,NA
Y22,GND,NA,NA,NA,NA
Y24,GND,NA,NA,NA,NA
Y26,GND,NA,NA,NA,NA
Y28,GND,NA,NA,NA,NA
Y3,GND,NA,NA,NA,NA
Y34,GND,NA,NA,NA,NA
Y35,GND,NA,NA,NA,NA
Y37,GND,NA,NA,NA,NA
Y4,GND,NA,NA,NA,NA
Y41,GND,NA,NA,NA,NA
Y42,GND,NA,NA,NA,NA
Y45,GND,NA,NA,NA,NA
Y46,GND,NA,NA,NA,NA
Y5,GND,NA,NA,NA,NA
Y9,GND,NA,NA,NA,NA
A11,MGTAVCC_RN,NA,NA,NA,NA
A7,MGTAVCC_RN,NA,NA,NA,NA
B9,MGTAVCC_RN,NA,NA,NA,NA
C10,MGTAVCC_RN,NA,NA,NA,NA
E11,MGTAVCC_RN,NA,NA,NA,NA
G10,MGTAVCC_RN,NA,NA,NA,NA
J11,MGTAVCC_RN,NA,NA,NA,NA
L10,MGTAVCC_RN,NA,NA,NA,NA
N11,MGTAVCC_RN,NA,NA,NA,NA
W10,MGTAVCC_RN,NA,NA,NA,NA
AA11,MGTAVCC_RS,NA,NA,NA,NA
AG10,MGTAVCC_RS,NA,NA,NA,NA
AJ11,MGTAVCC_RS,NA,NA,NA,NA
AL10,MGTAVCC_RS,NA,NA,NA,NA
AN11,MGTAVCC_RS,NA,NA,NA,NA
AP9,MGTAVCC_RS,NA,NA,NA,NA
AR10,MGTAVCC_RS,NA,NA,NA,NA
AU11,MGTAVCC_RS,NA,NA,NA,NA
AV9,MGTAVCC_RS,NA,NA,NA,NA
AW7,MGTAVCC_RS,NA,NA,NA,NA
B3,MGTAVTT_RN,NA,NA,NA,NA
D8,MGTAVTT_RN,NA,NA,NA,NA
E7,MGTAVTT_RN,NA,NA,NA,NA
F9,MGTAVTT_RN,NA,NA,NA,NA
G6,MGTAVTT_RN,NA,NA,NA,NA
H8,MGTAVTT_RN,NA,NA,NA,NA
J7,MGTAVTT_RN,NA,NA,NA,NA
K9,MGTAVTT_RN,NA,NA,NA,NA
L6,MGTAVTT_RN,NA,NA,NA,NA
M8,MGTAVTT_RN,NA,NA,NA,NA
N7,MGTAVTT_RN,NA,NA,NA,NA
P9,MGTAVTT_RN,NA,NA,NA,NA
R6,MGTAVTT_RN,NA,NA,NA,NA
T8,MGTAVTT_RN,NA,NA,NA,NA
U7,MGTAVTT_RN,NA,NA,NA,NA
V9,MGTAVTT_RN,NA,NA,NA,NA
W6,MGTAVTT_RN,NA,NA,NA,NA
Y8,MGTAVTT_RN,NA,NA,NA,NA
AB9,MGTAVTT_RS,NA,NA,NA,NA
AC6,MGTAVTT_RS,NA,NA,NA,NA
AD8,MGTAVTT_RS,NA,NA,NA,NA
AE7,MGTAVTT_RS,NA,NA,NA,NA
AF9,MGTAVTT_RS,NA,NA,NA,NA
AG6,MGTAVTT_RS,NA,NA,NA,NA
AH8,MGTAVTT_RS,NA,NA,NA,NA
AJ7,MGTAVTT_RS,NA,NA,NA,NA
AK9,MGTAVTT_RS,NA,NA,NA,NA
AL6,MGTAVTT_RS,NA,NA,NA,NA
AM8,MGTAVTT_RS,NA,NA,NA,NA
AN7,MGTAVTT_RS,NA,NA,NA,NA
AR6,MGTAVTT_RS,NA,NA,NA,NA
AT8,MGTAVTT_RS,NA,NA,NA,NA
AU7,MGTAVTT_RS,NA,NA,NA,NA
BC5,MGTAVTT_RS,NA,NA,NA,NA
BD2,MGTAVTT_RS,NA,NA,NA,NA
BE4,MGTAVTT_RS,NA,NA,NA,NA
R11,MGTVCCAUX_RN,NA,NA,NA,NA
U11,MGTVCCAUX_RN,NA,NA,NA,NA
AC11,MGTVCCAUX_RS,NA,NA,NA,NA
AE11,MGTVCCAUX_RS,NA,NA,NA,NA
AA30,VCCAUX,NA,NA,NA,NA
AB29,VCCAUX,NA,NA,NA,NA
AC30,VCCAUX,NA,NA,NA,NA
AD29,VCCAUX,NA,NA,NA,NA
AF29,VCCAUX,NA,NA,NA,NA
V29,VCCAUX,NA,NA,NA,NA
W28,VCCAUX,NA,NA,NA,NA
Y29,VCCAUX,NA,NA,NA,NA
AA26,VCCAUX_IO,NA,NA,NA,NA
AA28,VCCAUX_IO,NA,NA,NA,NA
AB27,VCCAUX_IO,NA,NA,NA,NA
AC26,VCCAUX_IO,NA,NA,NA,NA
AC28,VCCAUX_IO,NA,NA,NA,NA
AD27,VCCAUX_IO,NA,NA,NA,NA
AE28,VCCAUX_IO,NA,NA,NA,NA
AF27,VCCAUX_IO,NA,NA,NA,NA
AG26,VCCAUX_IO,NA,NA,NA,NA
AG28,VCCAUX_IO,NA,NA,NA,NA
AH27,VCCAUX_IO,NA,NA,NA,NA
AJ26,VCCAUX_IO,NA,NA,NA,NA
U26,VCCAUX_IO,NA,NA,NA,NA
U28,VCCAUX_IO,NA,NA,NA,NA
V27,VCCAUX_IO,NA,NA,NA,NA
W26,VCCAUX_IO,NA,NA,NA,NA
Y27,VCCAUX_IO,NA,NA,NA,NA
AB13,VCCBRAM,NA,NA,NA,NA
AC14,VCCBRAM,NA,NA,NA,NA
AE14,VCCBRAM,NA,NA,NA,NA
AG14,VCCBRAM,NA,NA,NA,NA
Y13,VCCBRAM,NA,NA,NA,NA
AA14,VCCINT,NA,NA,NA,NA
AA16,VCCINT,NA,NA,NA,NA
AA18,VCCINT,NA,NA,NA,NA
AA20,VCCINT,NA,NA,NA,NA
AA22,VCCINT,NA,NA,NA,NA
AA24,VCCINT,NA,NA,NA,NA
AB15,VCCINT,NA,NA,NA,NA
AB17,VCCINT,NA,NA,NA,NA
AB19,VCCINT,NA,NA,NA,NA
AB21,VCCINT,NA,NA,NA,NA
AB23,VCCINT,NA,NA,NA,NA
AC16,VCCINT,NA,NA,NA,NA
AC18,VCCINT,NA,NA,NA,NA
AC20,VCCINT,NA,NA,NA,NA
AC22,VCCINT,NA,NA,NA,NA
AD15,VCCINT,NA,NA,NA,NA
AD17,VCCINT,NA,NA,NA,NA
AD19,VCCINT,NA,NA,NA,NA
AD21,VCCINT,NA,NA,NA,NA
AD23,VCCINT,NA,NA,NA,NA
AE16,VCCINT,NA,NA,NA,NA
AE18,VCCINT,NA,NA,NA,NA
AE20,VCCINT,NA,NA,NA,NA
AE22,VCCINT,NA,NA,NA,NA
AE24,VCCINT,NA,NA,NA,NA
AF15,VCCINT,NA,NA,NA,NA
AF17,VCCINT,NA,NA,NA,NA
AF21,VCCINT,NA,NA,NA,NA
AF23,VCCINT,NA,NA,NA,NA
AG16,VCCINT,NA,NA,NA,NA
AG20,VCCINT,NA,NA,NA,NA
AG22,VCCINT,NA,NA,NA,NA
AG24,VCCINT,NA,NA,NA,NA
AH13,VCCINT,NA,NA,NA,NA
AH15,VCCINT,NA,NA,NA,NA
AH17,VCCINT,NA,NA,NA,NA
AH21,VCCINT,NA,NA,NA,NA
AH23,VCCINT,NA,NA,NA,NA
AJ14,VCCINT,NA,NA,NA,NA
AJ16,VCCINT,NA,NA,NA,NA
AJ20,VCCINT,NA,NA,NA,NA
AJ22,VCCINT,NA,NA,NA,NA
AJ24,VCCINT,NA,NA,NA,NA
AK13,VCCINT,NA,NA,NA,NA
AK15,VCCINT,NA,NA,NA,NA
AK17,VCCINT,NA,NA,NA,NA
AK19,VCCINT,NA,NA,NA,NA
AK21,VCCINT,NA,NA,NA,NA
AK23,VCCINT,NA,NA,NA,NA
T13,VCCINT,NA,NA,NA,NA
T15,VCCINT,NA,NA,NA,NA
T17,VCCINT,NA,NA,NA,NA
T19,VCCINT,NA,NA,NA,NA
T21,VCCINT,NA,NA,NA,NA
T23,VCCINT,NA,NA,NA,NA
U14,VCCINT,NA,NA,NA,NA
U16,VCCINT,NA,NA,NA,NA
U18,VCCINT,NA,NA,NA,NA
U20,VCCINT,NA,NA,NA,NA
U22,VCCINT,NA,NA,NA,NA
U24,VCCINT,NA,NA,NA,NA
V13,VCCINT,NA,NA,NA,NA
V15,VCCINT,NA,NA,NA,NA
V17,VCCINT,NA,NA,NA,NA
V19,VCCINT,NA,NA,NA,NA
V21,VCCINT,NA,NA,NA,NA
V23,VCCINT,NA,NA,NA,NA
W14,VCCINT,NA,NA,NA,NA
W16,VCCINT,NA,NA,NA,NA
W18,VCCINT,NA,NA,NA,NA
W20,VCCINT,NA,NA,NA,NA
W22,VCCINT,NA,NA,NA,NA
W24,VCCINT,NA,NA,NA,NA
Y15,VCCINT,NA,NA,NA,NA
Y17,VCCINT,NA,NA,NA,NA
Y19,VCCINT,NA,NA,NA,NA
Y21,VCCINT,NA,NA,NA,NA
Y23,VCCINT,NA,NA,NA,NA
AB25,VCCINT_IO,NA,NA,NA,NA
AC24,VCCINT_IO,NA,NA,NA,NA
AD25,VCCINT_IO,NA,NA,NA,NA
AE26,VCCINT_IO,NA,NA,NA,NA
AF25,VCCINT_IO,NA,NA,NA,NA
AH25,VCCINT_IO,NA,NA,NA,NA
T25,VCCINT_IO,NA,NA,NA,NA
V25,VCCINT_IO,NA,NA,NA,NA
Y25,VCCINT_IO,NA,NA,NA,NA
A4,NC,NA,NA,NA,NA
A42,NC,NA,NA,NA,NA
A43,NC,NA,NA,NA,NA
A5,NC,NA,NA,NA,NA
A8,NC,NA,NA,NA,NA
A9,NC,NA,NA,NA,NA
AA32,NC,NA,NA,NA,NA
AA33,NC,NA,NA,NA,NA
AA34,NC,NA,NA,NA,NA
AA36,NC,NA,NA,NA,NA
AA37,NC,NA,NA,NA,NA
AA39,NC,NA,NA,NA,NA
AA40,NC,NA,NA,NA,NA
AA41,NC,NA,NA,NA,NA
AA45,NC,NA,NA,NA,NA
AA46,NC,NA,NA,NA,NA
AB1,NC,NA,NA,NA,NA
AB10,NC,NA,NA,NA,NA
AB11,NC,NA,NA,NA,NA
AB2,NC,NA,NA,NA,NA
AB31,NC,NA,NA,NA,NA
AB32,NC,NA,NA,NA,NA
AB33,NC,NA,NA,NA,NA
AB34,NC,NA,NA,NA,NA
AB36,NC,NA,NA,NA,NA
AB38,NC,NA,NA,NA,NA
AB39,NC,NA,NA,NA,NA
AB41,NC,NA,NA,NA,NA
AB43,NC,NA,NA,NA,NA
AB44,NC,NA,NA,NA,NA
AB6,NC,NA,NA,NA,NA
AB7,NC,NA,NA,NA,NA
AC3,NC,NA,NA,NA,NA
AC31,NC,NA,NA,NA,NA
AC32,NC,NA,NA,NA,NA
AC33,NC,NA,NA,NA,NA
AC34,NC,NA,NA,NA,NA
AC36,NC,NA,NA,NA,NA
AC37,NC,NA,NA,NA,NA
AC38,NC,NA,NA,NA,NA
AC4,NC,NA,NA,NA,NA
AC40,NC,NA,NA,NA,NA
AC41,NC,NA,NA,NA,NA
AC45,NC,NA,NA,NA,NA
AC46,NC,NA,NA,NA,NA
AC8,NC,NA,NA,NA,NA
AC9,NC,NA,NA,NA,NA
AD1,NC,NA,NA,NA,NA
AD10,NC,NA,NA,NA,NA
AD11,NC,NA,NA,NA,NA
AD2,NC,NA,NA,NA,NA
AD30,NC,NA,NA,NA,NA
AD31,NC,NA,NA,NA,NA
AD33,NC,NA,NA,NA,NA
AD34,NC,NA,NA,NA,NA
AD36,NC,NA,NA,NA,NA
AD38,NC,NA,NA,NA,NA
AD39,NC,NA,NA,NA,NA
AD40,NC,NA,NA,NA,NA
AD43,NC,NA,NA,NA,NA
AD44,NC,NA,NA,NA,NA
AD6,NC,NA,NA,NA,NA
AD7,NC,NA,NA,NA,NA
AE3,NC,NA,NA,NA,NA
AE30,NC,NA,NA,NA,NA
AE31,NC,NA,NA,NA,NA
AE32,NC,NA,NA,NA,NA
AE33,NC,NA,NA,NA,NA
AE34,NC,NA,NA,NA,NA
AE36,NC,NA,NA,NA,NA
AE37,NC,NA,NA,NA,NA
AE39,NC,NA,NA,NA,NA
AE4,NC,NA,NA,NA,NA
AE40,NC,NA,NA,NA,NA
AE41,NC,NA,NA,NA,NA
AE45,NC,NA,NA,NA,NA
AE46,NC,NA,NA,NA,NA
AE8,NC,NA,NA,NA,NA
AE9,NC,NA,NA,NA,NA
AF30,NC,NA,NA,NA,NA
AF31,NC,NA,NA,NA,NA
AF32,NC,NA,NA,NA,NA
AF33,NC,NA,NA,NA,NA
AF34,NC,NA,NA,NA,NA
AF37,NC,NA,NA,NA,NA
AF38,NC,NA,NA,NA,NA
AF39,NC,NA,NA,NA,NA
AF41,NC,NA,NA,NA,NA
AF43,NC,NA,NA,NA,NA
AF44,NC,NA,NA,NA,NA
AG29,NC,NA,NA,NA,NA
AG30,NC,NA,NA,NA,NA
AG31,NC,NA,NA,NA,NA
AG32,NC,NA,NA,NA,NA
AG34,NC,NA,NA,NA,NA
AG36,NC,NA,NA,NA,NA
AG37,NC,NA,NA,NA,NA
AG38,NC,NA,NA,NA,NA
AG40,NC,NA,NA,NA,NA
AG41,NC,NA,NA,NA,NA
AG45,NC,NA,NA,NA,NA
AG46,NC,NA,NA,NA,NA
AH28,NC,NA,NA,NA,NA
AH29,NC,NA,NA,NA,NA
AH31,NC,NA,NA,NA,NA
AH32,NC,NA,NA,NA,NA
AH33,NC,NA,NA,NA,NA
AH34,NC,NA,NA,NA,NA
AH36,NC,NA,NA,NA,NA
AH38,NC,NA,NA,NA,NA
AH39,NC,NA,NA,NA,NA
AH40,NC,NA,NA,NA,NA
AH43,NC,NA,NA,NA,NA
AH44,NC,NA,NA,NA,NA
AJ27,NC,NA,NA,NA,NA
AJ28,NC,NA,NA,NA,NA
AJ29,NC,NA,NA,NA,NA
AJ30,NC,NA,NA,NA,NA
AJ31,NC,NA,NA,NA,NA
AJ32,NC,NA,NA,NA,NA
AJ33,NC,NA,NA,NA,NA
AJ34,NC,NA,NA,NA,NA
AJ36,NC,NA,NA,NA,NA
AJ37,NC,NA,NA,NA,NA
AJ39,NC,NA,NA,NA,NA
AJ40,NC,NA,NA,NA,NA
AJ41,NC,NA,NA,NA,NA
AJ45,NC,NA,NA,NA,NA
AJ46,NC,NA,NA,NA,NA
AK26,NC,NA,NA,NA,NA
AK27,NC,NA,NA,NA,NA
AK28,NC,NA,NA,NA,NA
AK29,NC,NA,NA,NA,NA
AK30,NC,NA,NA,NA,NA
AK31,NC,NA,NA,NA,NA
AK32,NC,NA,NA,NA,NA
AK33,NC,NA,NA,NA,NA
AK36,NC,NA,NA,NA,NA
AK38,NC,NA,NA,NA,NA
AK39,NC,NA,NA,NA,NA
AK41,NC,NA,NA,NA,NA
AK43,NC,NA,NA,NA,NA
AK44,NC,NA,NA,NA,NA
AL23,NC,NA,NA,NA,NA
AL29,NC,NA,NA,NA,NA
AL30,NC,NA,NA,NA,NA
AL32,NC,NA,NA,NA,NA
AL33,NC,NA,NA,NA,NA
AL34,NC,NA,NA,NA,NA
AL36,NC,NA,NA,NA,NA
AL37,NC,NA,NA,NA,NA
AL38,NC,NA,NA,NA,NA
AL40,NC,NA,NA,NA,NA
AL41,NC,NA,NA,NA,NA
AL45,NC,NA,NA,NA,NA
AL46,NC,NA,NA,NA,NA
AM29,NC,NA,NA,NA,NA
AM30,NC,NA,NA,NA,NA
AM31,NC,NA,NA,NA,NA
AM32,NC,NA,NA,NA,NA
AM33,NC,NA,NA,NA,NA
AM34,NC,NA,NA,NA,NA
AM36,NC,NA,NA,NA,NA
AM38,NC,NA,NA,NA,NA
AM39,NC,NA,NA,NA,NA
AM40,NC,NA,NA,NA,NA
AM43,NC,NA,NA,NA,NA
AM44,NC,NA,NA,NA,NA
AN29,NC,NA,NA,NA,NA
AN30,NC,NA,NA,NA,NA
AN31,NC,NA,NA,NA,NA
AN32,NC,NA,NA,NA,NA
AN33,NC,NA,NA,NA,NA
AN34,NC,NA,NA,NA,NA
AN36,NC,NA,NA,NA,NA
AN37,NC,NA,NA,NA,NA
AN39,NC,NA,NA,NA,NA
AN40,NC,NA,NA,NA,NA
AN41,NC,NA,NA,NA,NA
AN45,NC,NA,NA,NA,NA
AN46,NC,NA,NA,NA,NA
AP21,NC,NA,NA,NA,NA
AP29,NC,NA,NA,NA,NA
AP30,NC,NA,NA,NA,NA
AP31,NC,NA,NA,NA,NA
AP33,NC,NA,NA,NA,NA
AP34,NC,NA,NA,NA,NA
AP37,NC,NA,NA,NA,NA
AP38,NC,NA,NA,NA,NA
AP39,NC,NA,NA,NA,NA
AP41,NC,NA,NA,NA,NA
AP43,NC,NA,NA,NA,NA
AP44,NC,NA,NA,NA,NA
AR21,NC,NA,NA,NA,NA
AR30,NC,NA,NA,NA,NA
AR31,NC,NA,NA,NA,NA
AR32,NC,NA,NA,NA,NA
AR33,NC,NA,NA,NA,NA
AR34,NC,NA,NA,NA,NA
AR36,NC,NA,NA,NA,NA
AR37,NC,NA,NA,NA,NA
AR38,NC,NA,NA,NA,NA
AR40,NC,NA,NA,NA,NA
AR41,NC,NA,NA,NA,NA
AR45,NC,NA,NA,NA,NA
AR46,NC,NA,NA,NA,NA
AT29,NC,NA,NA,NA,NA
AT30,NC,NA,NA,NA,NA
AT31,NC,NA,NA,NA,NA
AT32,NC,NA,NA,NA,NA
AT33,NC,NA,NA,NA,NA
AT34,NC,NA,NA,NA,NA
AT36,NC,NA,NA,NA,NA
AT38,NC,NA,NA,NA,NA
AT39,NC,NA,NA,NA,NA
AT40,NC,NA,NA,NA,NA
AT43,NC,NA,NA,NA,NA
AT44,NC,NA,NA,NA,NA
AU29,NC,NA,NA,NA,NA
AU30,NC,NA,NA,NA,NA
AU31,NC,NA,NA,NA,NA
AU32,NC,NA,NA,NA,NA
AU34,NC,NA,NA,NA,NA
AU36,NC,NA,NA,NA,NA
AU37,NC,NA,NA,NA,NA
AU39,NC,NA,NA,NA,NA
AU40,NC,NA,NA,NA,NA
AU41,NC,NA,NA,NA,NA
AU45,NC,NA,NA,NA,NA
AU46,NC,NA,NA,NA,NA
AV29,NC,NA,NA,NA,NA
AV31,NC,NA,NA,NA,NA
AV32,NC,NA,NA,NA,NA
AV33,NC,NA,NA,NA,NA
AV34,NC,NA,NA,NA,NA
AV38,NC,NA,NA,NA,NA
AV39,NC,NA,NA,NA,NA
AV41,NC,NA,NA,NA,NA
AV43,NC,NA,NA,NA,NA
AV44,NC,NA,NA,NA,NA
AW29,NC,NA,NA,NA,NA
AW30,NC,NA,NA,NA,NA
AW31,NC,NA,NA,NA,NA
AW32,NC,NA,NA,NA,NA
AW33,NC,NA,NA,NA,NA
AW34,NC,NA,NA,NA,NA
AW35,NC,NA,NA,NA,NA
AW36,NC,NA,NA,NA,NA
AW38,NC,NA,NA,NA,NA
AW40,NC,NA,NA,NA,NA
AW41,NC,NA,NA,NA,NA
AW45,NC,NA,NA,NA,NA
AW46,NC,NA,NA,NA,NA
AY21,NC,NA,NA,NA,NA
AY29,NC,NA,NA,NA,NA
AY30,NC,NA,NA,NA,NA
AY31,NC,NA,NA,NA,NA
AY32,NC,NA,NA,NA,NA
AY33,NC,NA,NA,NA,NA
AY35,NC,NA,NA,NA,NA
AY36,NC,NA,NA,NA,NA
AY38,NC,NA,NA,NA,NA
AY39,NC,NA,NA,NA,NA
AY40,NC,NA,NA,NA,NA
B10,NC,NA,NA,NA,NA
B11,NC,NA,NA,NA,NA
B42,NC,NA,NA,NA,NA
B43,NC,NA,NA,NA,NA
BA10,NC,NA,NA,NA,NA
BA29,NC,NA,NA,NA,NA
BA30,NC,NA,NA,NA,NA
BA32,NC,NA,NA,NA,NA
BA33,NC,NA,NA,NA,NA
BA34,NC,NA,NA,NA,NA
BA35,NC,NA,NA,NA,NA
BA36,NC,NA,NA,NA,NA
BA40,NC,NA,NA,NA,NA
BA41,NC,NA,NA,NA,NA
BA42,NC,NA,NA,NA,NA
BA43,NC,NA,NA,NA,NA
BA45,NC,NA,NA,NA,NA
BA46,NC,NA,NA,NA,NA
BB29,NC,NA,NA,NA,NA
BB30,NC,NA,NA,NA,NA
BB31,NC,NA,NA,NA,NA
BB32,NC,NA,NA,NA,NA
BB33,NC,NA,NA,NA,NA
BB34,NC,NA,NA,NA,NA
BB35,NC,NA,NA,NA,NA
BB36,NC,NA,NA,NA,NA
BB37,NC,NA,NA,NA,NA
BB38,NC,NA,NA,NA,NA
BB42,NC,NA,NA,NA,NA
BB43,NC,NA,NA,NA,NA
BC23,NC,NA,NA,NA,NA
BC29,NC,NA,NA,NA,NA
BC30,NC,NA,NA,NA,NA
BC31,NC,NA,NA,NA,NA
BC32,NC,NA,NA,NA,NA
BC33,NC,NA,NA,NA,NA
BC34,NC,NA,NA,NA,NA
BC36,NC,NA,NA,NA,NA
BC37,NC,NA,NA,NA,NA
BC38,NC,NA,NA,NA,NA
BC39,NC,NA,NA,NA,NA
BC40,NC,NA,NA,NA,NA
BC43,NC,NA,NA,NA,NA
BC45,NC,NA,NA,NA,NA
BC46,NC,NA,NA,NA,NA
BD10,NC,NA,NA,NA,NA
BD11,NC,NA,NA,NA,NA
BD29,NC,NA,NA,NA,NA
BD30,NC,NA,NA,NA,NA
BD31,NC,NA,NA,NA,NA
BD33,NC,NA,NA,NA,NA
BD34,NC,NA,NA,NA,NA
BD35,NC,NA,NA,NA,NA
BD36,NC,NA,NA,NA,NA
BD37,NC,NA,NA,NA,NA
BD38,NC,NA,NA,NA,NA
BD39,NC,NA,NA,NA,NA
BD40,NC,NA,NA,NA,NA
BD42,NC,NA,NA,NA,NA
BD43,NC,NA,NA,NA,NA
BD45,NC,NA,NA,NA,NA
BE30,NC,NA,NA,NA,NA
BE31,NC,NA,NA,NA,NA
BE32,NC,NA,NA,NA,NA
BE33,NC,NA,NA,NA,NA
BE34,NC,NA,NA,NA,NA
BE35,NC,NA,NA,NA,NA
BE36,NC,NA,NA,NA,NA
BE37,NC,NA,NA,NA,NA
BE38,NC,NA,NA,NA,NA
BE40,NC,NA,NA,NA,NA
BE42,NC,NA,NA,NA,NA
BE43,NC,NA,NA,NA,NA
BE44,NC,NA,NA,NA,NA
BF20,NC,NA,NA,NA,NA
BF30,NC,NA,NA,NA,NA
BF31,NC,NA,NA,NA,NA
BF32,NC,NA,NA,NA,NA
BF33,NC,NA,NA,NA,NA
BF34,NC,NA,NA,NA,NA
BF35,NC,NA,NA,NA,NA
BF37,NC,NA,NA,NA,NA
BF38,NC,NA,NA,NA,NA
BF39,NC,NA,NA,NA,NA
BF40,NC,NA,NA,NA,NA
BF42,NC,NA,NA,NA,NA
BF43,NC,NA,NA,NA,NA
C3,NC,NA,NA,NA,NA
C4,NC,NA,NA,NA,NA
C42,NC,NA,NA,NA,NA
C43,NC,NA,NA,NA,NA
C45,NC,NA,NA,NA,NA
C6,NC,NA,NA,NA,NA
C7,NC,NA,NA,NA,NA
C8,NC,NA,NA,NA,NA
C9,NC,NA,NA,NA,NA
D1,NC,NA,NA,NA,NA
D10,NC,NA,NA,NA,NA
D11,NC,NA,NA,NA,NA
D2,NC,NA,NA,NA,NA
D43,NC,NA,NA,NA,NA
D45,NC,NA,NA,NA,NA
D46,NC,NA,NA,NA,NA
D6,NC,NA,NA,NA,NA
D7,NC,NA,NA,NA,NA
E3,NC,NA,NA,NA,NA
E4,NC,NA,NA,NA,NA
E42,NC,NA,NA,NA,NA
E43,NC,NA,NA,NA,NA
E8,NC,NA,NA,NA,NA
E9,NC,NA,NA,NA,NA
F42,NC,NA,NA,NA,NA
F43,NC,NA,NA,NA,NA
F45,NC,NA,NA,NA,NA
F46,NC,NA,NA,NA,NA
G40,NC,NA,NA,NA,NA
G41,NC,NA,NA,NA,NA
H40,NC,NA,NA,NA,NA
H43,NC,NA,NA,NA,NA
H44,NC,NA,NA,NA,NA
J40,NC,NA,NA,NA,NA
J41,NC,NA,NA,NA,NA
J45,NC,NA,NA,NA,NA
J46,NC,NA,NA,NA,NA
K38,NC,NA,NA,NA,NA
K39,NC,NA,NA,NA,NA
K41,NC,NA,NA,NA,NA
K43,NC,NA,NA,NA,NA
K44,NC,NA,NA,NA,NA
L36,NC,NA,NA,NA,NA
L37,NC,NA,NA,NA,NA
L38,NC,NA,NA,NA,NA
L40,NC,NA,NA,NA,NA
L41,NC,NA,NA,NA,NA
L45,NC,NA,NA,NA,NA
L46,NC,NA,NA,NA,NA
M36,NC,NA,NA,NA,NA
M38,NC,NA,NA,NA,NA
M39,NC,NA,NA,NA,NA
M40,NC,NA,NA,NA,NA
M43,NC,NA,NA,NA,NA
M44,NC,NA,NA,NA,NA
N36,NC,NA,NA,NA,NA
N37,NC,NA,NA,NA,NA
N39,NC,NA,NA,NA,NA
N40,NC,NA,NA,NA,NA
N41,NC,NA,NA,NA,NA
N45,NC,NA,NA,NA,NA
N46,NC,NA,NA,NA,NA
P37,NC,NA,NA,NA,NA
P38,NC,NA,NA,NA,NA
P39,NC,NA,NA,NA,NA
P41,NC,NA,NA,NA,NA
P43,NC,NA,NA,NA,NA
P44,NC,NA,NA,NA,NA
R36,NC,NA,NA,NA,NA
R37,NC,NA,NA,NA,NA
R38,NC,NA,NA,NA,NA
R40,NC,NA,NA,NA,NA
R41,NC,NA,NA,NA,NA
R45,NC,NA,NA,NA,NA
R46,NC,NA,NA,NA,NA
T36,NC,NA,NA,NA,NA
T38,NC,NA,NA,NA,NA
T39,NC,NA,NA,NA,NA
T40,NC,NA,NA,NA,NA
T43,NC,NA,NA,NA,NA
T44,NC,NA,NA,NA,NA
U36,NC,NA,NA,NA,NA
U37,NC,NA,NA,NA,NA
U39,NC,NA,NA,NA,NA
U40,NC,NA,NA,NA,NA
U41,NC,NA,NA,NA,NA
U45,NC,NA,NA,NA,NA
U46,NC,NA,NA,NA,NA
V37,NC,NA,NA,NA,NA
V38,NC,NA,NA,NA,NA
V39,NC,NA,NA,NA,NA
V41,NC,NA,NA,NA,NA
V43,NC,NA,NA,NA,NA
V44,NC,NA,NA,NA,NA
W30,NC,NA,NA,NA,NA
W31,NC,NA,NA,NA,NA
W32,NC,NA,NA,NA,NA
W33,NC,NA,NA,NA,NA
W34,NC,NA,NA,NA,NA
W36,NC,NA,NA,NA,NA
W37,NC,NA,NA,NA,NA
W38,NC,NA,NA,NA,NA
W40,NC,NA,NA,NA,NA
W41,NC,NA,NA,NA,NA
W45,NC,NA,NA,NA,NA
W46,NC,NA,NA,NA,NA
Y30,NC,NA,NA,NA,NA
Y31,NC,NA,NA,NA,NA
Y32,NC,NA,NA,NA,NA
Y33,NC,NA,NA,NA,NA
Y36,NC,NA,NA,NA,NA
Y38,NC,NA,NA,NA,NA
Y39,NC,NA,NA,NA,NA
Y40,NC,NA,NA,NA,NA
Y43,NC,NA,NA,NA,NA
Y44,NC,NA,NA,NA,NA
,,,,,
Total Number of Pins,2104,,,,
