"#  (c) Copyright 2013-2025 AMD, Inc. All rights reserved."
"# "
"#  This file contains proprietary information"
"#  of AMD, Inc. and is protected under U.S. and"
"#  international copyright and other intellectual property"
"#  laws."
"# "
"#  DISCLAIMER"
"#  This disclaimer is not a license and does not grant any"
"#  rights to the materials distributed herewith. Except as"
"#  otherwise provided in a valid license issued to you by"
"#  AMD, and to the maximum extent permitted by applicable"
"#  law: (1) THESE MATERIALS ARE MADE AVAILABLE ""AS IS"" AND"
"#  WITH ALL FAULTS, AND AMD HEREBY DISCLAIMS ALL WARRANTIES"
"#  AND CONDITIONS, EXPRESS, IMPLIED, OR STATUTORY, INCLUDING"
"#  BUT NOT LIMITED TO WARRANTIES OF MERCHANTABILITY, NON-"
"#  INFRINGEMENT, OR FITNESS FOR ANY PARTICULAR PURPOSE; and"
"#  (2) AMD shall not be liable (whether in contract or tort,"
"#  including negligence, or under any other theory of"
"#  liability) for any loss or damage of any kind or nature"
"#  related to, arising under or in connection with these"
"#  materials, including for any direct, or any indirect,"
"#  special, incidental, or consequential loss or damage"
"#  (including loss of data, profits, goodwill, or any type of"
"#  loss or damage suffered as a result of any action brought"
"#  by a third party) even if such damage or loss was"
"#  reasonably foreseeable or AMD had been advised of the"
"#  possibility of the same."
"# "
"#  CRITICAL APPLICATIONS"
"#  AMD products are not designed or intended to be fail-"
"#  safe, or for use in any application requiring fail-safe"
"#  performance, such as life-support or safety devices or"
"#  systems, Class III medical devices, nuclear facilities,"
"#  applications related to the deployment of airbags, or any"
"#  other applications that could lead to death, personal"
"#  injury, or severe property or environmental damage"
"#  (individually and collectively, ""Critical"
"#  Applications""). Customer assumes the sole risk and"
"#  liability of any use of AMD products in Critical"
"#  Applications, subject only to applicable laws and"
"#  regulations governing limitations on product liability."
"# "
"#  THIS COPYRIGHT NOTICE AND DISCLAIMER MUST BE RETAINED AS"
"#  PART OF THIS FILE AT ALL TIMES."
"# "
"#----------------------------------------------------------------------"
"#  ASCII Pinout File"
"# "
"#  Device   : xcku11pffve1517"
"#  Date     : 9/27/2017 11:34:58"
"#  Revision : 1.1"
"#  Status   : Production"
"# "
"#  Production package specifications are released coincident"
"#  with production release of a particular device."
"# "
"#----------------------------------------------------------------------"
"#  Modification History"
"#  | Date    : 10/5/2016"
"#  | Revision: 0.1"
"#  | Status  : Evaluation Only"
"#  | Details : Initial creation."
"#----------------------------------------------------------------------"
"#  | Date    : 11/18/2016"
"#  | Revision: 0.2"
"#  | Status  : Evaluation Only"
"#  | Details : updated bumps locations"
"#----------------------------------------------------------------------"
"#  | Date    : 2/21/2017"
"#  | Revision: 1.0"
"#  | Status  : Engineering Sample"
"#  | Details : Updated DK8 FFVE1517 to Engineering_Sample"
"#----------------------------------------------------------------------"
"#  | Date    : 9/27/2017"
"#  | Revision: 1.1"
"#  | Status  : Production"
"#  | Details : Updated DK8 FFVA1156, FFVD900, FFVE1517 to Production"
"#----------------------------------------------------------------------"
,,,,,
Pin,Pin Name,Memory Byte Group,Bank,I/O Type,Super Logic Region
AD23,CCLK_0,NA,0,CONFIG,NA
AD24,RSVDGND,NA,NA,NA,NA
AD25,D00_MOSI_0,NA,0,CONFIG,NA
AD26,D01_DIN_0,NA,0,CONFIG,NA
AE22,D02_0,NA,0,CONFIG,NA
AE23,D03_0,NA,0,CONFIG,NA
AE24,DONE_0,NA,0,CONFIG,NA
AA19,DXN,NA,NA,NA,NA
AA20,DXP,NA,NA,NA,NA
V19,GNDADC,NA,NA,NA,NA
AE26,INIT_B_0,NA,0,CONFIG,NA
AE27,M0_0,NA,0,CONFIG,NA
AF22,M1_0,NA,0,CONFIG,NA
AF24,M2_0,NA,0,CONFIG,NA
AF25,POR_OVERRIDE,NA,NA,NA,NA
AF26,PROGRAM_B_0,NA,0,CONFIG,NA
AF27,PUDC_B_0,NA,0,CONFIG,NA
AG22,RDWR_FCS_B_0,NA,0,CONFIG,NA
AG23,TCK_0,NA,0,CONFIG,NA
AG24,TDI_0,NA,0,CONFIG,NA
AG27,TDO_0,NA,0,CONFIG,NA
AD22,TMS_0,NA,0,CONFIG,NA
AG28,VBATT,NA,NA,NA,NA
V20,VCCADC,NA,NA,NA,NA
Y19,VN,NA,NA,NA,NA
W20,VP,NA,NA,NA,NA
W19,VREFN,NA,NA,NA,NA
Y20,VREFP,NA,NA,NA,NA
A16,IO_L24N_T3U_N11_71,3U,71,HP,NA
B17,IO_L24P_T3U_N10_71,3U,71,HP,NA
A17,IO_L23N_T3U_N9_71,3U,71,HP,NA
A18,IO_L23P_T3U_N8_71,3U,71,HP,NA
B15,IO_L22N_T3U_N7_DBC_AD0N_71,3U,71,HP,NA
B16,IO_L22P_T3U_N6_DBC_AD0P_71,3U,71,HP,NA
A19,IO_L21N_T3L_N5_AD8N_71,3L,71,HP,NA
B19,IO_L21P_T3L_N4_AD8P_71,3L,71,HP,NA
C14,IO_L20N_T3L_N3_AD1N_71,3L,71,HP,NA
C15,IO_L20P_T3L_N2_AD1P_71,3L,71,HP,NA
C17,IO_L19N_T3L_N1_DBC_AD9N_71,3L,71,HP,NA
C18,IO_L19P_T3L_N0_DBC_AD9P_71,3L,71,HP,NA
C19,IO_T3U_N12_71,3U,71,HP,NA
E14,IO_T2U_N12_71,2U,71,HP,NA
D15,IO_L18N_T2U_N11_AD2N_71,2U,71,HP,NA
D16,IO_L18P_T2U_N10_AD2P_71,2U,71,HP,NA
D17,IO_L17N_T2U_N9_AD10N_71,2U,71,HP,NA
D18,IO_L17P_T2U_N8_AD10P_71,2U,71,HP,NA
E15,IO_L16N_T2U_N7_QBC_AD3N_71,2U,71,HP,NA
E16,IO_L16P_T2U_N6_QBC_AD3P_71,2U,71,HP,NA
E18,IO_L15N_T2L_N5_AD11N_71,2L,71,HP,NA
E19,IO_L15P_T2L_N4_AD11P_71,2L,71,HP,NA
F16,IO_L14N_T2L_N3_GC_71,2L,71,HP,NA
F17,IO_L14P_T2L_N2_GC_71,2L,71,HP,NA
F18,IO_L13N_T2L_N1_GC_QBC_71,2L,71,HP,NA
F19,IO_L13P_T2L_N0_GC_QBC_71,2L,71,HP,NA
G19,IO_L12N_T1U_N11_GC_71,1U,71,HP,NA
H19,IO_L12P_T1U_N10_GC_71,1U,71,HP,NA
G16,IO_L11N_T1U_N9_GC_71,1U,71,HP,NA
G17,IO_L11P_T1U_N8_GC_71,1U,71,HP,NA
F14,IO_L10N_T1U_N7_QBC_AD4N_71,1U,71,HP,NA
G15,IO_L10P_T1U_N6_QBC_AD4P_71,1U,71,HP,NA
G14,IO_L9N_T1L_N5_AD12N_71,1L,71,HP,NA
H14,IO_L9P_T1L_N4_AD12P_71,1L,71,HP,NA
H17,IO_L8N_T1L_N3_AD5N_71,1L,71,HP,NA
H18,IO_L8P_T1L_N2_AD5P_71,1L,71,HP,NA
H15,IO_L7N_T1L_N1_QBC_AD13N_71,1L,71,HP,NA
J15,IO_L7P_T1L_N0_QBC_AD13P_71,1L,71,HP,NA
J18,IO_T1U_N12_71,1U,71,HP,NA
J17,IO_T0U_N12_VRP_71,0U,71,HP,NA
K14,IO_L6N_T0U_N11_AD6N_71,0U,71,HP,NA
K15,IO_L6P_T0U_N10_AD6P_71,0U,71,HP,NA
J16,IO_L5N_T0U_N9_AD14N_71,0U,71,HP,NA
K16,IO_L5P_T0U_N8_AD14P_71,0U,71,HP,NA
L16,IO_L4N_T0U_N7_DBC_AD7N_71,0U,71,HP,NA
L17,IO_L4P_T0U_N6_DBC_AD7P_71,0U,71,HP,NA
K18,IO_L3N_T0L_N5_AD15N_71,0L,71,HP,NA
L18,IO_L3P_T0L_N4_AD15P_71,0L,71,HP,NA
K19,IO_L2N_T0L_N3_71,0L,71,HP,NA
L19,IO_L2P_T0L_N2_71,0L,71,HP,NA
M15,IO_L1N_T0L_N1_DBC_71,0L,71,HP,NA
M16,IO_L1P_T0L_N0_DBC_71,0L,71,HP,NA
M17,VREF_71,NA,71,HP,NA
A24,IO_L24N_T3U_N11_70,3U,70,HP,NA
A23,IO_L24P_T3U_N10_70,3U,70,HP,NA
B25,IO_L23N_T3U_N9_70,3U,70,HP,NA
B24,IO_L23P_T3U_N8_70,3U,70,HP,NA
A22,IO_L22N_T3U_N7_DBC_AD0N_70,3U,70,HP,NA
B22,IO_L22P_T3U_N6_DBC_AD0P_70,3U,70,HP,NA
A21,IO_L21N_T3L_N5_AD8N_70,3L,70,HP,NA
B21,IO_L21P_T3L_N4_AD8P_70,3L,70,HP,NA
B20,IO_L20N_T3L_N3_AD1N_70,3L,70,HP,NA
C20,IO_L20P_T3L_N2_AD1P_70,3L,70,HP,NA
C23,IO_L19N_T3L_N1_DBC_AD9N_70,3L,70,HP,NA
C22,IO_L19P_T3L_N0_DBC_AD9P_70,3L,70,HP,NA
C24,IO_T3U_N12_70,3U,70,HP,NA
C25,IO_T2U_N12_70,2U,70,HP,NA
D20,IO_L18N_T2U_N11_AD2N_70,2U,70,HP,NA
E20,IO_L18P_T2U_N10_AD2P_70,2U,70,HP,NA
D21,IO_L17N_T2U_N9_AD10N_70,2U,70,HP,NA
E21,IO_L17P_T2U_N8_AD10P_70,2U,70,HP,NA
D23,IO_L16N_T2U_N7_QBC_AD3N_70,2U,70,HP,NA
D22,IO_L16P_T2U_N6_QBC_AD3P_70,2U,70,HP,NA
D25,IO_L15N_T2L_N5_AD11N_70,2L,70,HP,NA
E25,IO_L15P_T2L_N4_AD11P_70,2L,70,HP,NA
E24,IO_L14N_T2L_N3_GC_70,2L,70,HP,NA
E23,IO_L14P_T2L_N2_GC_70,2L,70,HP,NA
F24,IO_L13N_T2L_N1_GC_QBC_70,2L,70,HP,NA
F23,IO_L13P_T2L_N0_GC_QBC_70,2L,70,HP,NA
F22,IO_L12N_T1U_N11_GC_70,1U,70,HP,NA
G22,IO_L12P_T1U_N10_GC_70,1U,70,HP,NA
F21,IO_L11N_T1U_N9_GC_70,1U,70,HP,NA
G21,IO_L11P_T1U_N8_GC_70,1U,70,HP,NA
G20,IO_L10N_T1U_N7_QBC_AD4N_70,1U,70,HP,NA
H20,IO_L10P_T1U_N6_QBC_AD4P_70,1U,70,HP,NA
G24,IO_L9N_T1L_N5_AD12N_70,1L,70,HP,NA
H24,IO_L9P_T1L_N4_AD12P_70,1L,70,HP,NA
J21,IO_L8N_T1L_N3_AD5N_70,1L,70,HP,NA
J20,IO_L8P_T1L_N2_AD5P_70,1L,70,HP,NA
H22,IO_L7N_T1L_N1_QBC_AD13N_70,1L,70,HP,NA
J22,IO_L7P_T1L_N0_QBC_AD13P_70,1L,70,HP,NA
H23,IO_T1U_N12_70,1U,70,HP,NA
J23,IO_T0U_N12_VRP_70,0U,70,HP,NA
K21,IO_L6N_T0U_N11_AD6N_70,0U,70,HP,NA
K20,IO_L6P_T0U_N10_AD6P_70,0U,70,HP,NA
K24,IO_L5N_T0U_N9_AD14N_70,0U,70,HP,NA
K23,IO_L5P_T0U_N8_AD14P_70,0U,70,HP,NA
L22,IO_L4N_T0U_N7_DBC_AD7N_70,0U,70,HP,NA
L21,IO_L4P_T0U_N6_DBC_AD7P_70,0U,70,HP,NA
L24,IO_L3N_T0L_N5_AD15N_70,0L,70,HP,NA
L23,IO_L3P_T0L_N4_AD15P_70,0L,70,HP,NA
M20,IO_L2N_T0L_N3_70,0L,70,HP,NA
M19,IO_L2P_T0L_N2_70,0L,70,HP,NA
M22,IO_L1N_T0L_N1_DBC_70,0L,70,HP,NA
M21,IO_L1P_T0L_N0_DBC_70,0L,70,HP,NA
M24,VREF_70,NA,70,HP,NA
A29,IO_L24N_T3U_N11_69,3U,69,HP,NA
A28,IO_L24P_T3U_N10_69,3U,69,HP,NA
A26,IO_L23N_T3U_N9_69,3U,69,HP,NA
B26,IO_L23P_T3U_N8_69,3U,69,HP,NA
A27,IO_L22N_T3U_N7_DBC_AD0N_69,3U,69,HP,NA
B27,IO_L22P_T3U_N6_DBC_AD0P_69,3U,69,HP,NA
A31,IO_L21N_T3L_N5_AD8N_69,3L,69,HP,NA
B31,IO_L21P_T3L_N4_AD8P_69,3L,69,HP,NA
C28,IO_L20N_T3L_N3_AD1N_69,3L,69,HP,NA
C27,IO_L20P_T3L_N2_AD1P_69,3L,69,HP,NA
B29,IO_L19N_T3L_N1_DBC_AD9N_69,3L,69,HP,NA
C29,IO_L19P_T3L_N0_DBC_AD9P_69,3L,69,HP,NA
B30,IO_T3U_N12_69,3U,69,HP,NA
C30,IO_T2U_N12_69,2U,69,HP,NA
D28,IO_L18N_T2U_N11_AD2N_69,2U,69,HP,NA
D27,IO_L18P_T2U_N10_AD2P_69,2U,69,HP,NA
D26,IO_L17N_T2U_N9_AD10N_69,2U,69,HP,NA
E26,IO_L17P_T2U_N8_AD10P_69,2U,69,HP,NA
D30,IO_L16N_T2U_N7_QBC_AD3N_69,2U,69,HP,NA
E30,IO_L16P_T2U_N6_QBC_AD3P_69,2U,69,HP,NA
D31,IO_L15N_T2L_N5_AD11N_69,2L,69,HP,NA
E31,IO_L15P_T2L_N4_AD11P_69,2L,69,HP,NA
E29,IO_L14N_T2L_N3_GC_69,2L,69,HP,NA
E28,IO_L14P_T2L_N2_GC_69,2L,69,HP,NA
F29,IO_L13N_T2L_N1_GC_QBC_69,2L,69,HP,NA
F28,IO_L13P_T2L_N0_GC_QBC_69,2L,69,HP,NA
G30,IO_L12N_T1U_N11_GC_69,1U,69,HP,NA
G29,IO_L12P_T1U_N10_GC_69,1U,69,HP,NA
F27,IO_L11N_T1U_N9_GC_69,1U,69,HP,NA
G27,IO_L11P_T1U_N8_GC_69,1U,69,HP,NA
F31,IO_L10N_T1U_N7_QBC_AD4N_69,1U,69,HP,NA
G31,IO_L10P_T1U_N6_QBC_AD4P_69,1U,69,HP,NA
H28,IO_L9N_T1L_N5_AD12N_69,1L,69,HP,NA
J28,IO_L9P_T1L_N4_AD12P_69,1L,69,HP,NA
H30,IO_L8N_T1L_N3_AD5N_69,1L,69,HP,NA
H29,IO_L8P_T1L_N2_AD5P_69,1L,69,HP,NA
J31,IO_L7N_T1L_N1_QBC_AD13N_69,1L,69,HP,NA
J30,IO_L7P_T1L_N0_QBC_AD13P_69,1L,69,HP,NA
F26,IO_T1U_N12_69,1U,69,HP,NA
K25,IO_T0U_N12_VRP_69,0U,69,HP,NA
G26,IO_L6N_T0U_N11_AD6N_69,0U,69,HP,NA
G25,IO_L6P_T0U_N10_AD6P_69,0U,69,HP,NA
J26,IO_L5N_T0U_N9_AD14N_69,0U,69,HP,NA
K26,IO_L5P_T0U_N8_AD14P_69,0U,69,HP,NA
H25,IO_L4N_T0U_N7_DBC_AD7N_69,0U,69,HP,NA
J25,IO_L4P_T0U_N6_DBC_AD7P_69,0U,69,HP,NA
L27,IO_L3N_T0L_N5_AD15N_69,0L,69,HP,NA
L26,IO_L3P_T0L_N4_AD15P_69,0L,69,HP,NA
H27,IO_L2N_T0L_N3_69,0L,69,HP,NA
J27,IO_L2P_T0L_N2_69,0L,69,HP,NA
M26,IO_L1N_T0L_N1_DBC_69,0L,69,HP,NA
M25,IO_L1P_T0L_N0_DBC_69,0L,69,HP,NA
M27,VREF_69,NA,69,HP,NA
AK39,IO_L24N_T3U_N11_68,3U,68,HP,NA
AJ39,IO_L24P_T3U_N10_68,3U,68,HP,NA
AL37,IO_L23N_T3U_N9_68,3U,68,HP,NA
AL36,IO_L23P_T3U_N8_68,3U,68,HP,NA
AK38,IO_L22N_T3U_N7_DBC_AD0N_68,3U,68,HP,NA
AK37,IO_L22P_T3U_N6_DBC_AD0P_68,3U,68,HP,NA
AN38,IO_L21N_T3L_N5_AD8N_68,3L,68,HP,NA
AM38,IO_L21P_T3L_N4_AD8P_68,3L,68,HP,NA
AM39,IO_L20N_T3L_N3_AD1N_68,3L,68,HP,NA
AL39,IO_L20P_T3L_N2_AD1P_68,3L,68,HP,NA
AN37,IO_L19N_T3L_N1_DBC_AD9N_68,3L,68,HP,NA
AM37,IO_L19P_T3L_N0_DBC_AD9P_68,3L,68,HP,NA
AK36,IO_T3U_N12_68,3U,68,HP,NA
AH34,IO_T2U_N12_68,2U,68,HP,NA
AM35,IO_L18N_T2U_N11_AD2N_68,2U,68,HP,NA
AL35,IO_L18P_T2U_N10_AD2P_68,2U,68,HP,NA
AJ33,IO_L17N_T2U_N9_AD10N_68,2U,68,HP,NA
AH33,IO_L17P_T2U_N8_AD10P_68,2U,68,HP,NA
AN36,IO_L16N_T2U_N7_QBC_AD3N_68,2U,68,HP,NA
AN35,IO_L16P_T2U_N6_QBC_AD3P_68,2U,68,HP,NA
AK35,IO_L15N_T2L_N5_AD11N_68,2L,68,HP,NA
AJ34,IO_L15P_T2L_N4_AD11P_68,2L,68,HP,NA
AM34,IO_L14N_T2L_N3_GC_68,2L,68,HP,NA
AL34,IO_L14P_T2L_N2_GC_68,2L,68,HP,NA
AK34,IO_L13N_T2L_N1_GC_QBC_68,2L,68,HP,NA
AK33,IO_L13P_T2L_N0_GC_QBC_68,2L,68,HP,NA
AM33,IO_L12N_T1U_N11_GC_68,1U,68,HP,NA
AM32,IO_L12P_T1U_N10_GC_68,1U,68,HP,NA
AL32,IO_L11N_T1U_N9_GC_68,1U,68,HP,NA
AK32,IO_L11P_T1U_N8_GC_68,1U,68,HP,NA
AL31,IO_L10N_T1U_N7_QBC_AD4N_68,1U,68,HP,NA
AK31,IO_L10P_T1U_N6_QBC_AD4P_68,1U,68,HP,NA
AH32,IO_L9N_T1L_N5_AD12N_68,1L,68,HP,NA
AH31,IO_L9P_T1L_N4_AD12P_68,1L,68,HP,NA
AJ30,IO_L8N_T1L_N3_AD5N_68,1L,68,HP,NA
AJ29,IO_L8P_T1L_N2_AD5P_68,1L,68,HP,NA
AJ31,IO_L7N_T1L_N1_QBC_AD13N_68,1L,68,HP,NA
AH30,IO_L7P_T1L_N0_QBC_AD13P_68,1L,68,HP,NA
AK29,IO_T1U_N12_68,1U,68,HP,NA
AP30,IO_T0U_N12_VRP_68,0U,68,HP,NA
AN33,IO_L6N_T0U_N11_AD6N_68,0U,68,HP,NA
AN32,IO_L6P_T0U_N10_AD6P_68,0U,68,HP,NA
AM29,IO_L5N_T0U_N9_AD14N_68,0U,68,HP,NA
AL29,IO_L5P_T0U_N8_AD14P_68,0U,68,HP,NA
AN31,IO_L4N_T0U_N7_DBC_AD7N_68,0U,68,HP,NA
AN30,IO_L4P_T0U_N6_DBC_AD7P_68,0U,68,HP,NA
AP29,IO_L3N_T0L_N5_AD15N_68,0L,68,HP,NA
AP28,IO_L3P_T0L_N4_AD15P_68,0L,68,HP,NA
AM30,IO_L2N_T0L_N3_68,0L,68,HP,NA
AL30,IO_L2P_T0L_N2_68,0L,68,HP,NA
AN28,IO_L1N_T0L_N1_DBC_68,0L,68,HP,NA
AM28,IO_L1P_T0L_N0_DBC_68,0L,68,HP,NA
AH29,VREF_68,NA,68,HP,NA
AU39,IO_L24N_T3U_N11_67,3U,67,HP,NA
AT39,IO_L24P_T3U_N10_67,3U,67,HP,NA
AP39,IO_L23N_T3U_N9_67,3U,67,HP,NA
AP38,IO_L23P_T3U_N8_67,3U,67,HP,NA
AV38,IO_L22N_T3U_N7_DBC_AD0N_67,3U,67,HP,NA
AU38,IO_L22P_T3U_N6_DBC_AD0P_67,3U,67,HP,NA
AR39,IO_L21N_T3L_N5_AD8N_67,3L,67,HP,NA
AR38,IO_L21P_T3L_N4_AD8P_67,3L,67,HP,NA
AV37,IO_L20N_T3L_N3_AD1N_67,3L,67,HP,NA
AU37,IO_L20P_T3L_N2_AD1P_67,3L,67,HP,NA
AT37,IO_L19N_T3L_N1_DBC_AD9N_67,3L,67,HP,NA
AR37,IO_L19P_T3L_N0_DBC_AD9P_67,3L,67,HP,NA
AW36,IO_T3U_N12_67,3U,67,HP,NA
AP31,IO_T2U_N12_67,2U,67,HP,NA
AR36,IO_L18N_T2U_N11_AD2N_67,2U,67,HP,NA
AP36,IO_L18P_T2U_N10_AD2P_67,2U,67,HP,NA
AR33,IO_L17N_T2U_N9_AD10N_67,2U,67,HP,NA
AP33,IO_L17P_T2U_N8_AD10P_67,2U,67,HP,NA
AP35,IO_L16N_T2U_N7_QBC_AD3N_67,2U,67,HP,NA
AP34,IO_L16P_T2U_N6_QBC_AD3P_67,2U,67,HP,NA
AT31,IO_L15N_T2L_N5_AD11N_67,2L,67,HP,NA
AR31,IO_L15P_T2L_N4_AD11P_67,2L,67,HP,NA
AT32,IO_L14N_T2L_N3_GC_67,2L,67,HP,NA
AR32,IO_L14P_T2L_N2_GC_67,2L,67,HP,NA
AT34,IO_L13N_T2L_N1_GC_QBC_67,2L,67,HP,NA
AR34,IO_L13P_T2L_N0_GC_QBC_67,2L,67,HP,NA
AU35,IO_L12N_T1U_N11_GC_67,1U,67,HP,NA
AU34,IO_L12P_T1U_N10_GC_67,1U,67,HP,NA
AU33,IO_L11N_T1U_N9_GC_67,1U,67,HP,NA
AU32,IO_L11P_T1U_N8_GC_67,1U,67,HP,NA
AV33,IO_L10N_T1U_N7_QBC_AD4N_67,1U,67,HP,NA
AV32,IO_L10P_T1U_N6_QBC_AD4P_67,1U,67,HP,NA
AT36,IO_L9N_T1L_N5_AD12N_67,1L,67,HP,NA
AT35,IO_L9P_T1L_N4_AD12P_67,1L,67,HP,NA
AW35,IO_L8N_T1L_N3_AD5N_67,1L,67,HP,NA
AW34,IO_L8P_T1L_N2_AD5P_67,1L,67,HP,NA
AV36,IO_L7N_T1L_N1_QBC_AD13N_67,1L,67,HP,NA
AV35,IO_L7P_T1L_N0_QBC_AD13P_67,1L,67,HP,NA
AW33,IO_T1U_N12_67,1U,67,HP,NA
AR29,IO_T0U_N12_VRP_67,0U,67,HP,NA
AW31,IO_L6N_T0U_N11_AD6N_67,0U,67,HP,NA
AV31,IO_L6P_T0U_N10_AD6P_67,0U,67,HP,NA
AU29,IO_L5N_T0U_N9_AD14N_67,0U,67,HP,NA
AT29,IO_L5P_T0U_N8_AD14P_67,0U,67,HP,NA
AW30,IO_L4N_T0U_N7_DBC_AD7N_67,0U,67,HP,NA
AV30,IO_L4P_T0U_N6_DBC_AD7P_67,0U,67,HP,NA
AW29,IO_L3N_T0L_N5_AD15N_67,0L,67,HP,NA
AW28,IO_L3P_T0L_N4_AD15P_67,0L,67,HP,NA
AU30,IO_L2N_T0L_N3_67,0L,67,HP,NA
AT30,IO_L2P_T0L_N2_67,0L,67,HP,NA
AV28,IO_L1N_T0L_N1_DBC_67,0L,67,HP,NA
AU28,IO_L1P_T0L_N0_DBC_67,0L,67,HP,NA
AR28,VREF_67,NA,67,HP,NA
AL27,IO_L24N_T3U_N11_66,3U,66,HP,NA
AK27,IO_L24P_T3U_N10_66,3U,66,HP,NA
AN27,IO_L23N_T3U_N9_66,3U,66,HP,NA
AN26,IO_L23P_T3U_N8_66,3U,66,HP,NA
AH27,IO_L22N_T3U_N7_DBC_AD0N_66,3U,66,HP,NA
AH26,IO_L22P_T3U_N6_DBC_AD0P_66,3U,66,HP,NA
AK26,IO_L21N_T3L_N5_AD8N_66,3L,66,HP,NA
AJ26,IO_L21P_T3L_N4_AD8P_66,3L,66,HP,NA
AK28,IO_L20N_T3L_N3_AD1N_66,3L,66,HP,NA
AJ28,IO_L20P_T3L_N2_AD1P_66,3L,66,HP,NA
AL26,IO_L19N_T3L_N1_DBC_AD9N_66,3L,66,HP,NA
AL25,IO_L19P_T3L_N0_DBC_AD9P_66,3L,66,HP,NA
AM27,IO_T3U_N12_66,3U,66,HP,NA
AH22,IO_T2U_N12_66,2U,66,HP,NA
AK24,IO_L18N_T2U_N11_AD2N_66,2U,66,HP,NA
AJ24,IO_L18P_T2U_N10_AD2P_66,2U,66,HP,NA
AJ23,IO_L17N_T2U_N9_AD10N_66,2U,66,HP,NA
AH23,IO_L17P_T2U_N8_AD10P_66,2U,66,HP,NA
AJ25,IO_L16N_T2U_N7_QBC_AD3N_66,2U,66,HP,NA
AH25,IO_L16P_T2U_N6_QBC_AD3P_66,2U,66,HP,NA
AK23,IO_L15N_T2L_N5_AD11N_66,2L,66,HP,NA
AK22,IO_L15P_T2L_N4_AD11P_66,2L,66,HP,NA
AM25,IO_L14N_T2L_N3_GC_66,2L,66,HP,NA
AL24,IO_L14P_T2L_N2_GC_66,2L,66,HP,NA
AM24,IO_L13N_T2L_N1_GC_QBC_66,2L,66,HP,NA
AM23,IO_L13P_T2L_N0_GC_QBC_66,2L,66,HP,NA
AP26,IO_L12N_T1U_N11_GC_66,1U,66,HP,NA
AN25,IO_L12P_T1U_N10_GC_66,1U,66,HP,NA
AP25,IO_L11N_T1U_N9_GC_66,1U,66,HP,NA
AP24,IO_L11P_T1U_N8_GC_66,1U,66,HP,NA
AR27,IO_L10N_T1U_N7_QBC_AD4N_66,1U,66,HP,NA
AR26,IO_L10P_T1U_N6_QBC_AD4P_66,1U,66,HP,NA
AP23,IO_L9N_T1L_N5_AD12N_66,1L,66,HP,NA
AN23,IO_L9P_T1L_N4_AD12P_66,1L,66,HP,NA
AT26,IO_L8N_T1L_N3_AD5N_66,1L,66,HP,NA
AT25,IO_L8P_T1L_N2_AD5P_66,1L,66,HP,NA
AR24,IO_L7N_T1L_N1_QBC_AD13N_66,1L,66,HP,NA
AR23,IO_L7P_T1L_N0_QBC_AD13P_66,1L,66,HP,NA
AT27,IO_T1U_N12_66,1U,66,HP,NA
AU27,IO_T0U_N12_VRP_66,0U,66,HP,NA
AV27,IO_L6N_T0U_N11_AD6N_66,0U,66,HP,NA
AV26,IO_L6P_T0U_N10_AD6P_66,0U,66,HP,NA
AU24,IO_L5N_T0U_N9_AD14N_66,0U,66,HP,NA
AT24,IO_L5P_T0U_N8_AD14P_66,0U,66,HP,NA
AV25,IO_L4N_T0U_N7_DBC_AD7N_66,0U,66,HP,NA
AU25,IO_L4P_T0U_N6_DBC_AD7P_66,0U,66,HP,NA
AV23,IO_L3N_T0L_N5_AD15N_66,0L,66,HP,NA
AU23,IO_L3P_T0L_N4_AD15P_66,0L,66,HP,NA
AW26,IO_L2N_T0L_N3_66,0L,66,HP,NA
AW25,IO_L2P_T0L_N2_66,0L,66,HP,NA
AW24,IO_L1N_T0L_N1_DBC_66,0L,66,HP,NA
AW23,IO_L1P_T0L_N0_DBC_66,0L,66,HP,NA
AG25,VREF_66,NA,66,HP,NA
AM13,IO_L24N_T3U_N11_DOUT_CSO_B_65,3U,65,HP,NA
AM14,IO_L24P_T3U_N10_EMCCLK_65,3U,65,HP,NA
AR11,IO_L23N_T3U_N9_PERSTN1_I2C_SDA_65,3U,65,HP,NA
AP11,IO_L23P_T3U_N8_I2C_SCLK_65,3U,65,HP,NA
AN12,IO_L22N_T3U_N7_DBC_AD0N_D05_65,3U,65,HP,NA
AM12,IO_L22P_T3U_N6_DBC_AD0P_D04_65,3U,65,HP,NA
AR12,IO_L21N_T3L_N5_AD8N_D07_65,3L,65,HP,NA
AR13,IO_L21P_T3L_N4_AD8P_D06_65,3L,65,HP,NA
AP13,IO_L20N_T3L_N3_AD1N_D09_65,3L,65,HP,NA
AN13,IO_L20P_T3L_N2_AD1P_D08_65,3L,65,HP,NA
AT11,IO_L19N_T3L_N1_DBC_AD9N_D11_65,3L,65,HP,NA
AT12,IO_L19P_T3L_N0_DBC_AD9P_D10_65,3L,65,HP,NA
AP10,IO_T3U_N12_PERSTN0_65,3U,65,HP,NA
AN16,IO_T2U_N12_CSI_ADV_B_65,2U,65,HP,NA
AL16,IO_L18N_T2U_N11_AD2N_D13_65,2U,65,HP,NA
AK16,IO_L18P_T2U_N10_AD2P_D12_65,2U,65,HP,NA
AJ15,IO_L17N_T2U_N9_AD10N_D15_65,2U,65,HP,NA
AJ16,IO_L17P_T2U_N8_AD10P_D14_65,2U,65,HP,NA
AL17,IO_L16N_T2U_N7_QBC_AD3N_A01_D17_65,2U,65,HP,NA
AK17,IO_L16P_T2U_N6_QBC_AD3P_A00_D16_65,2U,65,HP,NA
AK14,IO_L15N_T2L_N5_AD11N_A03_D19_65,2L,65,HP,NA
AJ14,IO_L15P_T2L_N4_AD11P_A02_D18_65,2L,65,HP,NA
AN15,IO_L14N_T2L_N3_GC_A05_D21_65,2L,65,HP,NA
AM15,IO_L14P_T2L_N2_GC_A04_D20_65,2L,65,HP,NA
AL14,IO_L13N_T2L_N1_GC_QBC_A07_D23_65,2L,65,HP,NA
AL15,IO_L13P_T2L_N0_GC_QBC_A06_D22_65,2L,65,HP,NA
AP14,IO_L12N_T1U_N11_GC_A09_D25_65,1U,65,HP,NA
AP15,IO_L12P_T1U_N10_GC_A08_D24_65,1U,65,HP,NA
AT14,IO_L11N_T1U_N9_GC_A11_D27_65,1U,65,HP,NA
AR14,IO_L11P_T1U_N8_GC_A10_D26_65,1U,65,HP,NA
AR16,IO_L10N_T1U_N7_QBC_AD4N_A13_D29_65,1U,65,HP,NA
AP16,IO_L10P_T1U_N6_QBC_AD4P_A12_D28_65,1U,65,HP,NA
AW15,IO_L9N_T1L_N5_AD12N_A15_D31_65,1L,65,HP,NA
AV15,IO_L9P_T1L_N4_AD12P_A14_D30_65,1L,65,HP,NA
AU15,IO_L8N_T1L_N3_AD5N_A17_65,1L,65,HP,NA
AT15,IO_L8P_T1L_N2_AD5P_A16_65,1L,65,HP,NA
AW16,IO_L7N_T1L_N1_QBC_AD13N_A19_65,1L,65,HP,NA
AV16,IO_L7P_T1L_N0_QBC_AD13P_A18_65,1L,65,HP,NA
AT16,IO_T1U_N12_SMBALERT_65,1U,65,HP,NA
AT10,IO_T0U_N12_VRP_A28_65,0U,65,HP,NA
AU13,IO_L6N_T0U_N11_AD6N_A21_65,0U,65,HP,NA
AU14,IO_L6P_T0U_N10_AD6P_A20_65,0U,65,HP,NA
AV12,IO_L5N_T0U_N9_AD14N_A23_65,0U,65,HP,NA
AV13,IO_L5P_T0U_N8_AD14P_A22_65,0U,65,HP,NA
AV10,IO_L4N_T0U_N7_DBC_AD7N_A25_65,0U,65,HP,NA
AU10,IO_L4P_T0U_N6_DBC_AD7P_A24_65,0U,65,HP,NA
AW13,IO_L3N_T0L_N5_AD15N_A27_65,0L,65,HP,NA
AW14,IO_L3P_T0L_N4_AD15P_A26_65,0L,65,HP,NA
AV11,IO_L2N_T0L_N3_FWE_FCS2_B_65,0L,65,HP,NA
AU12,IO_L2P_T0L_N2_FOE_B_65,0L,65,HP,NA
AW10,IO_L1N_T0L_N1_DBC_RS1_65,0L,65,HP,NA
AW11,IO_L1P_T0L_N0_DBC_RS0_65,0L,65,HP,NA
AH16,VREF_65,NA,65,HP,NA
AM17,IO_L24N_T3U_N11_64,3U,64,HP,NA
AM18,IO_L24P_T3U_N10_64,3U,64,HP,NA
AJ18,IO_L23N_T3U_N9_64,3U,64,HP,NA
AH18,IO_L23P_T3U_N8_64,3U,64,HP,NA
AK18,IO_L22N_T3U_N7_DBC_AD0N_64,3U,64,HP,NA
AK19,IO_L22P_T3U_N6_DBC_AD0P_64,3U,64,HP,NA
AJ19,IO_L21N_T3L_N5_AD8N_64,3L,64,HP,NA
AJ20,IO_L21P_T3L_N4_AD8P_64,3L,64,HP,NA
AM19,IO_L20N_T3L_N3_AD1N_64,3L,64,HP,NA
AL19,IO_L20P_T3L_N2_AD1P_64,3L,64,HP,NA
AJ21,IO_L19N_T3L_N1_DBC_AD9N_64,3L,64,HP,NA
AH21,IO_L19P_T3L_N0_DBC_AD9P_64,3L,64,HP,NA
AH17,IO_T3U_N12_64,3U,64,HP,NA
AN17,IO_T2U_N12_64,2U,64,HP,NA
AR17,IO_L18N_T2U_N11_AD2N_64,2U,64,HP,NA
AR18,IO_L18P_T2U_N10_AD2P_64,2U,64,HP,NA
AU18,IO_L17N_T2U_N9_AD10N_64,2U,64,HP,NA
AU19,IO_L17P_T2U_N8_AD10P_64,2U,64,HP,NA
AU17,IO_L16N_T2U_N7_QBC_AD3N_64,2U,64,HP,NA
AT17,IO_L16P_T2U_N6_QBC_AD3P_64,2U,64,HP,NA
AT19,IO_L15N_T2L_N5_AD11N_64,2L,64,HP,NA
AT20,IO_L15P_T2L_N4_AD11P_64,2L,64,HP,NA
AP18,IO_L14N_T2L_N3_GC_64,2L,64,HP,NA
AN18,IO_L14P_T2L_N2_GC_64,2L,64,HP,NA
AR19,IO_L13N_T2L_N1_GC_QBC_64,2L,64,HP,NA
AP19,IO_L13P_T2L_N0_GC_QBC_64,2L,64,HP,NA
AM20,IO_L12N_T1U_N11_GC_64,1U,64,HP,NA
AL20,IO_L12P_T1U_N10_GC_64,1U,64,HP,NA
AN20,IO_L11N_T1U_N9_GC_64,1U,64,HP,NA
AN21,IO_L11P_T1U_N8_GC_64,1U,64,HP,NA
AL21,IO_L10N_T1U_N7_QBC_AD4N_64,1U,64,HP,NA
AK21,IO_L10P_T1U_N6_QBC_AD4P_64,1U,64,HP,NA
AP20,IO_L9N_T1L_N5_AD12N_64,1L,64,HP,NA
AP21,IO_L9P_T1L_N4_AD12P_64,1L,64,HP,NA
AM22,IO_L8N_T1L_N3_AD5N_64,1L,64,HP,NA
AL22,IO_L8P_T1L_N2_AD5P_64,1L,64,HP,NA
AR21,IO_L7N_T1L_N1_QBC_AD13N_64,1L,64,HP,NA
AR22,IO_L7P_T1L_N0_QBC_AD13P_64,1L,64,HP,NA
AN22,IO_T1U_N12_64,1U,64,HP,NA
AV17,IO_T0U_N12_VRP_64,0U,64,HP,NA
AW18,IO_L6N_T0U_N11_AD6N_64,0U,64,HP,NA
AV18,IO_L6P_T0U_N10_AD6P_64,0U,64,HP,NA
AT21,IO_L5N_T0U_N9_AD14N_64,0U,64,HP,NA
AT22,IO_L5P_T0U_N8_AD14P_64,0U,64,HP,NA
AW19,IO_L4N_T0U_N7_DBC_AD7N_64,0U,64,HP,NA
AW20,IO_L4P_T0U_N6_DBC_AD7P_64,0U,64,HP,NA
AW21,IO_L3N_T0L_N5_AD15N_64,0L,64,HP,NA
AV21,IO_L3P_T0L_N4_AD15P_64,0L,64,HP,NA
AV20,IO_L2N_T0L_N3_64,0L,64,HP,NA
AU20,IO_L2P_T0L_N2_64,0L,64,HP,NA
AV22,IO_L1N_T0L_N1_DBC_64,0L,64,HP,NA
AU22,IO_L1P_T0L_N0_DBC_64,0L,64,HP,NA
AH20,VREF_64,NA,64,HP,NA
A14,IO_L12N_AD8N_91,NA,91,HD,NA
B14,IO_L12P_AD8P_91,NA,91,HD,NA
A12,IO_L11N_AD9N_91,NA,91,HD,NA
A13,IO_L11P_AD9P_91,NA,91,HD,NA
B12,IO_L10N_AD10N_91,NA,91,HD,NA
C13,IO_L10P_AD10P_91,NA,91,HD,NA
C12,IO_L9N_AD11N_91,NA,91,HD,NA
D12,IO_L9P_AD11P_91,NA,91,HD,NA
D13,IO_L8N_HDGC_91,NA,91,HD,NA
E13,IO_L8P_HDGC_91,NA,91,HD,NA
F12,IO_L7N_HDGC_91,NA,91,HD,NA
F13,IO_L7P_HDGC_91,NA,91,HD,NA
E11,IO_L6N_HDGC_91,NA,91,HD,NA
F11,IO_L6P_HDGC_91,NA,91,HD,NA
G11,IO_L5N_HDGC_91,NA,91,HD,NA
G12,IO_L5P_HDGC_91,NA,91,HD,NA
G10,IO_L4N_AD12N_91,NA,91,HD,NA
H10,IO_L4P_AD12P_91,NA,91,HD,NA
H12,IO_L3N_AD13N_91,NA,91,HD,NA
H13,IO_L3P_AD13P_91,NA,91,HD,NA
J10,IO_L2N_AD14N_91,NA,91,HD,NA
J11,IO_L2P_AD14P_91,NA,91,HD,NA
J12,IO_L1N_AD15N_91,NA,91,HD,NA
J13,IO_L1P_AD15P_91,NA,91,HD,NA
K10,IO_L12N_AD0N_90,NA,90,HD,NA
K11,IO_L12P_AD0P_90,NA,90,HD,NA
L11,IO_L11N_AD1N_90,NA,90,HD,NA
L12,IO_L11P_AD1P_90,NA,90,HD,NA
K13,IO_L10N_AD2N_90,NA,90,HD,NA
L13,IO_L10P_AD2P_90,NA,90,HD,NA
M10,IO_L9N_AD3N_90,NA,90,HD,NA
N10,IO_L9P_AD3P_90,NA,90,HD,NA
M11,IO_L8N_HDGC_AD4N_90,NA,90,HD,NA
M12,IO_L8P_HDGC_AD4P_90,NA,90,HD,NA
L14,IO_L7N_HDGC_AD5N_90,NA,90,HD,NA
M14,IO_L7P_HDGC_AD5P_90,NA,90,HD,NA
N12,IO_L6N_HDGC_AD6N_90,NA,90,HD,NA
N13,IO_L6P_HDGC_AD6P_90,NA,90,HD,NA
N14,IO_L5N_HDGC_AD7N_90,NA,90,HD,NA
N15,IO_L5P_HDGC_AD7P_90,NA,90,HD,NA
P10,IO_L4N_AD8N_90,NA,90,HD,NA
P11,IO_L4P_AD8P_90,NA,90,HD,NA
P12,IO_L3N_AD9N_90,NA,90,HD,NA
P13,IO_L3P_AD9P_90,NA,90,HD,NA
R13,IO_L2N_AD10N_90,NA,90,HD,NA
R14,IO_L2P_AD10P_90,NA,90,HD,NA
P15,IO_L1N_AD11N_90,NA,90,HD,NA
R15,IO_L1P_AD11P_90,NA,90,HD,NA
A11,IO_L12N_AD8N_89,NA,89,HD,NA
B11,IO_L12P_AD8P_89,NA,89,HD,NA
A9,IO_L11N_AD9N_89,NA,89,HD,NA
B10,IO_L11P_AD9P_89,NA,89,HD,NA
A8,IO_L10N_AD10N_89,NA,89,HD,NA
B9,IO_L10P_AD10P_89,NA,89,HD,NA
A7,IO_L9N_AD11N_89,NA,89,HD,NA
B7,IO_L9P_AD11P_89,NA,89,HD,NA
C9,IO_L8N_HDGC_89,NA,89,HD,NA
C10,IO_L8P_HDGC_89,NA,89,HD,NA
C7,IO_L7N_HDGC_89,NA,89,HD,NA
C8,IO_L7P_HDGC_89,NA,89,HD,NA
D10,IO_L6N_HDGC_89,NA,89,HD,NA
D11,IO_L6P_HDGC_89,NA,89,HD,NA
D7,IO_L5N_HDGC_89,NA,89,HD,NA
D8,IO_L5P_HDGC_89,NA,89,HD,NA
E9,IO_L4N_AD12N_89,NA,89,HD,NA
E10,IO_L4P_AD12P_89,NA,89,HD,NA
E8,IO_L3N_AD13N_89,NA,89,HD,NA
F9,IO_L3P_AD13P_89,NA,89,HD,NA
F7,IO_L2N_AD14N_89,NA,89,HD,NA
F8,IO_L2P_AD14P_89,NA,89,HD,NA
E6,IO_L1N_AD15N_89,NA,89,HD,NA
F6,IO_L1P_AD15P_89,NA,89,HD,NA
A6,IO_L12N_AD0N_88,NA,88,HD,NA
B6,IO_L12P_AD0P_88,NA,88,HD,NA
A3,IO_L11N_AD1N_88,NA,88,HD,NA
A4,IO_L11P_AD1P_88,NA,88,HD,NA
B4,IO_L10N_AD2N_88,NA,88,HD,NA
B5,IO_L10P_AD2P_88,NA,88,HD,NA
B2,IO_L9N_AD3N_88,NA,88,HD,NA
C2,IO_L9P_AD3P_88,NA,88,HD,NA
C4,IO_L8N_HDGC_AD4N_88,NA,88,HD,NA
C5,IO_L8P_HDGC_AD4P_88,NA,88,HD,NA
C3,IO_L7N_HDGC_AD5N_88,NA,88,HD,NA
D3,IO_L7P_HDGC_AD5P_88,NA,88,HD,NA
D1,IO_L6N_HDGC_AD6N_88,NA,88,HD,NA
D2,IO_L6P_HDGC_AD6P_88,NA,88,HD,NA
D5,IO_L5N_HDGC_AD7N_88,NA,88,HD,NA
D6,IO_L5P_HDGC_AD7P_88,NA,88,HD,NA
E1,IO_L4N_AD8N_88,NA,88,HD,NA
F1,IO_L4P_AD8P_88,NA,88,HD,NA
F2,IO_L3N_AD9N_88,NA,88,HD,NA
F3,IO_L3P_AD9P_88,NA,88,HD,NA
E3,IO_L2N_AD10N_88,NA,88,HD,NA
F4,IO_L2P_AD10P_88,NA,88,HD,NA
E4,IO_L1N_AD11N_88,NA,88,HD,NA
E5,IO_L1P_AD11P_88,NA,88,HD,NA
AE30,MGTREFCLK0N_127,NA,127,GTY,NA
AE29,MGTREFCLK0P_127,NA,127,GTY,NA
AC30,MGTREFCLK1N_127,NA,127,GTY,NA
AC29,MGTREFCLK1P_127,NA,127,GTY,NA
AH37,MGTYRXN0_127,NA,127,GTY,NA
AG39,MGTYRXN1_127,NA,127,GTY,NA
AF37,MGTYRXN2_127,NA,127,GTY,NA
AE39,MGTYRXN3_127,NA,127,GTY,NA
AH36,MGTYRXP0_127,NA,127,GTY,NA
AG38,MGTYRXP1_127,NA,127,GTY,NA
AF36,MGTYRXP2_127,NA,127,GTY,NA
AE38,MGTYRXP3_127,NA,127,GTY,NA
AF32,MGTYTXN0_127,NA,127,GTY,NA
AE34,MGTYTXN1_127,NA,127,GTY,NA
AD32,MGTYTXN2_127,NA,127,GTY,NA
AC34,MGTYTXN3_127,NA,127,GTY,NA
AF31,MGTYTXP0_127,NA,127,GTY,NA
AE33,MGTYTXP1_127,NA,127,GTY,NA
AD31,MGTYTXP2_127,NA,127,GTY,NA
AC33,MGTYTXP3_127,NA,127,GTY,NA
AB28,MGTREFCLK0N_128,NA,128,GTY,NA
AB27,MGTREFCLK0P_128,NA,128,GTY,NA
AA30,MGTREFCLK1N_128,NA,128,GTY,NA
AA29,MGTREFCLK1P_128,NA,128,GTY,NA
AD37,MGTYRXN0_128,NA,128,GTY,NA
AC39,MGTYRXN1_128,NA,128,GTY,NA
AB37,MGTYRXN2_128,NA,128,GTY,NA
AA39,MGTYRXN3_128,NA,128,GTY,NA
AD36,MGTYRXP0_128,NA,128,GTY,NA
AC38,MGTYRXP1_128,NA,128,GTY,NA
AB36,MGTYRXP2_128,NA,128,GTY,NA
AA38,MGTYRXP3_128,NA,128,GTY,NA
AB32,MGTYTXN0_128,NA,128,GTY,NA
AA34,MGTYTXN1_128,NA,128,GTY,NA
Y32,MGTYTXN2_128,NA,128,GTY,NA
W34,MGTYTXN3_128,NA,128,GTY,NA
AB31,MGTYTXP0_128,NA,128,GTY,NA
AA33,MGTYTXP1_128,NA,128,GTY,NA
Y31,MGTYTXP2_128,NA,128,GTY,NA
W33,MGTYTXP3_128,NA,128,GTY,NA
L30,MGTAVTTRCAL_L,NA,NA,NA,NA
Y28,MGTREFCLK0N_129,NA,129,GTY,NA
Y27,MGTREFCLK0P_129,NA,129,GTY,NA
W30,MGTREFCLK1N_129,NA,129,GTY,NA
W29,MGTREFCLK1P_129,NA,129,GTY,NA
L29,MGTRREF_L,NA,NA,NA,NA
Y37,MGTYRXN0_129,NA,129,GTY,NA
W39,MGTYRXN1_129,NA,129,GTY,NA
V37,MGTYRXN2_129,NA,129,GTY,NA
U39,MGTYRXN3_129,NA,129,GTY,NA
Y36,MGTYRXP0_129,NA,129,GTY,NA
W38,MGTYRXP1_129,NA,129,GTY,NA
V36,MGTYRXP2_129,NA,129,GTY,NA
U38,MGTYRXP3_129,NA,129,GTY,NA
V32,MGTYTXN0_129,NA,129,GTY,NA
U34,MGTYTXN1_129,NA,129,GTY,NA
T32,MGTYTXN2_129,NA,129,GTY,NA
R34,MGTYTXN3_129,NA,129,GTY,NA
V31,MGTYTXP0_129,NA,129,GTY,NA
U33,MGTYTXP1_129,NA,129,GTY,NA
T31,MGTYTXP2_129,NA,129,GTY,NA
R33,MGTYTXP3_129,NA,129,GTY,NA
V28,MGTREFCLK0N_130,NA,130,GTY,NA
V27,MGTREFCLK0P_130,NA,130,GTY,NA
U30,MGTREFCLK1N_130,NA,130,GTY,NA
U29,MGTREFCLK1P_130,NA,130,GTY,NA
T37,MGTYRXN0_130,NA,130,GTY,NA
R39,MGTYRXN1_130,NA,130,GTY,NA
P37,MGTYRXN2_130,NA,130,GTY,NA
N39,MGTYRXN3_130,NA,130,GTY,NA
T36,MGTYRXP0_130,NA,130,GTY,NA
R38,MGTYRXP1_130,NA,130,GTY,NA
P36,MGTYRXP2_130,NA,130,GTY,NA
N38,MGTYRXP3_130,NA,130,GTY,NA
P32,MGTYTXN0_130,NA,130,GTY,NA
N34,MGTYTXN1_130,NA,130,GTY,NA
M32,MGTYTXN2_130,NA,130,GTY,NA
L34,MGTYTXN3_130,NA,130,GTY,NA
P31,MGTYTXP0_130,NA,130,GTY,NA
N33,MGTYTXP1_130,NA,130,GTY,NA
M31,MGTYTXP2_130,NA,130,GTY,NA
L33,MGTYTXP3_130,NA,130,GTY,NA
T28,MGTREFCLK0N_131,NA,131,GTY,NA
T27,MGTREFCLK0P_131,NA,131,GTY,NA
R30,MGTREFCLK1N_131,NA,131,GTY,NA
R29,MGTREFCLK1P_131,NA,131,GTY,NA
M37,MGTYRXN0_131,NA,131,GTY,NA
L39,MGTYRXN1_131,NA,131,GTY,NA
K37,MGTYRXN2_131,NA,131,GTY,NA
J39,MGTYRXN3_131,NA,131,GTY,NA
M36,MGTYRXP0_131,NA,131,GTY,NA
L38,MGTYRXP1_131,NA,131,GTY,NA
K36,MGTYRXP2_131,NA,131,GTY,NA
J38,MGTYRXP3_131,NA,131,GTY,NA
J34,MGTYTXN0_131,NA,131,GTY,NA
G34,MGTYTXN1_131,NA,131,GTY,NA
F36,MGTYTXN2_131,NA,131,GTY,NA
E34,MGTYTXN3_131,NA,131,GTY,NA
J33,MGTYTXP0_131,NA,131,GTY,NA
G33,MGTYTXP1_131,NA,131,GTY,NA
F35,MGTYTXP2_131,NA,131,GTY,NA
E33,MGTYTXP3_131,NA,131,GTY,NA
AW3,MGTHRXN0_224,NA,224,GTH,NA
AV1,MGTHRXN1_224,NA,224,GTH,NA
AU3,MGTHRXN2_224,NA,224,GTH,NA
AT1,MGTHRXN3_224,NA,224,GTH,NA
AW4,MGTHRXP0_224,NA,224,GTH,NA
AV2,MGTHRXP1_224,NA,224,GTH,NA
AU4,MGTHRXP2_224,NA,224,GTH,NA
AT2,MGTHRXP3_224,NA,224,GTH,NA
AW7,MGTHTXN0_224,NA,224,GTH,NA
AV5,MGTHTXN1_224,NA,224,GTH,NA
AU7,MGTHTXN2_224,NA,224,GTH,NA
AT5,MGTHTXN3_224,NA,224,GTH,NA
AW8,MGTHTXP0_224,NA,224,GTH,NA
AV6,MGTHTXP1_224,NA,224,GTH,NA
AU8,MGTHTXP2_224,NA,224,GTH,NA
AT6,MGTHTXP3_224,NA,224,GTH,NA
AM9,MGTREFCLK0N_224,NA,224,GTH,NA
AM10,MGTREFCLK0P_224,NA,224,GTH,NA
AK9,MGTREFCLK1N_224,NA,224,GTH,NA
AK10,MGTREFCLK1P_224,NA,224,GTH,NA
AR3,MGTHRXN0_225,NA,225,GTH,NA
AP1,MGTHRXN1_225,NA,225,GTH,NA
AN3,MGTHRXN2_225,NA,225,GTH,NA
AM1,MGTHRXN3_225,NA,225,GTH,NA
AR4,MGTHRXP0_225,NA,225,GTH,NA
AP2,MGTHRXP1_225,NA,225,GTH,NA
AN4,MGTHRXP2_225,NA,225,GTH,NA
AM2,MGTHRXP3_225,NA,225,GTH,NA
AR7,MGTHTXN0_225,NA,225,GTH,NA
AP5,MGTHTXN1_225,NA,225,GTH,NA
AN7,MGTHTXN2_225,NA,225,GTH,NA
AM5,MGTHTXN3_225,NA,225,GTH,NA
AR8,MGTHTXP0_225,NA,225,GTH,NA
AP6,MGTHTXP1_225,NA,225,GTH,NA
AN8,MGTHTXP2_225,NA,225,GTH,NA
AM6,MGTHTXP3_225,NA,225,GTH,NA
AJ11,MGTREFCLK0N_225,NA,225,GTH,NA
AJ12,MGTREFCLK0P_225,NA,225,GTH,NA
AH9,MGTREFCLK1N_225,NA,225,GTH,NA
AH10,MGTREFCLK1P_225,NA,225,GTH,NA
AD11,MGTAVTTRCAL_R,NA,NA,NA,NA
AL3,MGTHRXN0_226,NA,226,GTH,NA
AK1,MGTHRXN1_226,NA,226,GTH,NA
AJ3,MGTHRXN2_226,NA,226,GTH,NA
AH1,MGTHRXN3_226,NA,226,GTH,NA
AL4,MGTHRXP0_226,NA,226,GTH,NA
AK2,MGTHRXP1_226,NA,226,GTH,NA
AJ4,MGTHRXP2_226,NA,226,GTH,NA
AH2,MGTHRXP3_226,NA,226,GTH,NA
AL7,MGTHTXN0_226,NA,226,GTH,NA
AK5,MGTHTXN1_226,NA,226,GTH,NA
AJ7,MGTHTXN2_226,NA,226,GTH,NA
AH5,MGTHTXN3_226,NA,226,GTH,NA
AL8,MGTHTXP0_226,NA,226,GTH,NA
AK6,MGTHTXP1_226,NA,226,GTH,NA
AJ8,MGTHTXP2_226,NA,226,GTH,NA
AH6,MGTHTXP3_226,NA,226,GTH,NA
AG11,MGTREFCLK0N_226,NA,226,GTH,NA
AG12,MGTREFCLK0P_226,NA,226,GTH,NA
AF9,MGTREFCLK1N_226,NA,226,GTH,NA
AF10,MGTREFCLK1P_226,NA,226,GTH,NA
AD12,MGTRREF_R,NA,NA,NA,NA
AG3,MGTHRXN0_227,NA,227,GTH,NA
AF1,MGTHRXN1_227,NA,227,GTH,NA
AE3,MGTHRXN2_227,NA,227,GTH,NA
AD1,MGTHRXN3_227,NA,227,GTH,NA
AG4,MGTHRXP0_227,NA,227,GTH,NA
AF2,MGTHRXP1_227,NA,227,GTH,NA
AE4,MGTHRXP2_227,NA,227,GTH,NA
AD2,MGTHRXP3_227,NA,227,GTH,NA
AG7,MGTHTXN0_227,NA,227,GTH,NA
AF5,MGTHTXN1_227,NA,227,GTH,NA
AE7,MGTHTXN2_227,NA,227,GTH,NA
AD5,MGTHTXN3_227,NA,227,GTH,NA
AG8,MGTHTXP0_227,NA,227,GTH,NA
AF6,MGTHTXP1_227,NA,227,GTH,NA
AE8,MGTHTXP2_227,NA,227,GTH,NA
AD6,MGTHTXP3_227,NA,227,GTH,NA
AE11,MGTREFCLK0N_227,NA,227,GTH,NA
AE12,MGTREFCLK0P_227,NA,227,GTH,NA
AD9,MGTREFCLK1N_227,NA,227,GTH,NA
AD10,MGTREFCLK1P_227,NA,227,GTH,NA
AC3,MGTHRXN0_228,NA,228,GTH,NA
AB1,MGTHRXN1_228,NA,228,GTH,NA
AA3,MGTHRXN2_228,NA,228,GTH,NA
Y1,MGTHRXN3_228,NA,228,GTH,NA
AC4,MGTHRXP0_228,NA,228,GTH,NA
AB2,MGTHRXP1_228,NA,228,GTH,NA
AA4,MGTHRXP2_228,NA,228,GTH,NA
Y2,MGTHRXP3_228,NA,228,GTH,NA
AC7,MGTHTXN0_228,NA,228,GTH,NA
AB5,MGTHTXN1_228,NA,228,GTH,NA
AA7,MGTHTXN2_228,NA,228,GTH,NA
Y5,MGTHTXN3_228,NA,228,GTH,NA
AC8,MGTHTXP0_228,NA,228,GTH,NA
AB6,MGTHTXP1_228,NA,228,GTH,NA
AA8,MGTHTXP2_228,NA,228,GTH,NA
Y6,MGTHTXP3_228,NA,228,GTH,NA
AC11,MGTREFCLK0N_228,NA,228,GTH,NA
AC12,MGTREFCLK0P_228,NA,228,GTH,NA
AB9,MGTREFCLK1N_228,NA,228,GTH,NA
AB10,MGTREFCLK1P_228,NA,228,GTH,NA
W3,MGTHRXN0_229,NA,229,GTH,NA
V1,MGTHRXN1_229,NA,229,GTH,NA
U3,MGTHRXN2_229,NA,229,GTH,NA
T1,MGTHRXN3_229,NA,229,GTH,NA
W4,MGTHRXP0_229,NA,229,GTH,NA
V2,MGTHRXP1_229,NA,229,GTH,NA
U4,MGTHRXP2_229,NA,229,GTH,NA
T2,MGTHRXP3_229,NA,229,GTH,NA
W7,MGTHTXN0_229,NA,229,GTH,NA
V5,MGTHTXN1_229,NA,229,GTH,NA
U7,MGTHTXN2_229,NA,229,GTH,NA
T5,MGTHTXN3_229,NA,229,GTH,NA
W8,MGTHTXP0_229,NA,229,GTH,NA
V6,MGTHTXP1_229,NA,229,GTH,NA
U8,MGTHTXP2_229,NA,229,GTH,NA
T6,MGTHTXP3_229,NA,229,GTH,NA
AA11,MGTREFCLK0N_229,NA,229,GTH,NA
AA12,MGTREFCLK0P_229,NA,229,GTH,NA
Y9,MGTREFCLK1N_229,NA,229,GTH,NA
Y10,MGTREFCLK1P_229,NA,229,GTH,NA
R3,MGTHRXN0_230,NA,230,GTH,NA
P1,MGTHRXN1_230,NA,230,GTH,NA
N3,MGTHRXN2_230,NA,230,GTH,NA
M1,MGTHRXN3_230,NA,230,GTH,NA
R4,MGTHRXP0_230,NA,230,GTH,NA
P2,MGTHRXP1_230,NA,230,GTH,NA
N4,MGTHRXP2_230,NA,230,GTH,NA
M2,MGTHRXP3_230,NA,230,GTH,NA
R7,MGTHTXN0_230,NA,230,GTH,NA
P5,MGTHTXN1_230,NA,230,GTH,NA
N7,MGTHTXN2_230,NA,230,GTH,NA
M5,MGTHTXN3_230,NA,230,GTH,NA
R8,MGTHTXP0_230,NA,230,GTH,NA
P6,MGTHTXP1_230,NA,230,GTH,NA
N8,MGTHTXP2_230,NA,230,GTH,NA
M6,MGTHTXP3_230,NA,230,GTH,NA
W11,MGTREFCLK0N_230,NA,230,GTH,NA
W12,MGTREFCLK0P_230,NA,230,GTH,NA
V9,MGTREFCLK1N_230,NA,230,GTH,NA
V10,MGTREFCLK1P_230,NA,230,GTH,NA
L3,MGTHRXN0_231,NA,231,GTH,NA
K1,MGTHRXN1_231,NA,231,GTH,NA
J3,MGTHRXN2_231,NA,231,GTH,NA
H1,MGTHRXN3_231,NA,231,GTH,NA
L4,MGTHRXP0_231,NA,231,GTH,NA
K2,MGTHRXP1_231,NA,231,GTH,NA
J4,MGTHRXP2_231,NA,231,GTH,NA
H2,MGTHRXP3_231,NA,231,GTH,NA
L7,MGTHTXN0_231,NA,231,GTH,NA
K5,MGTHTXN1_231,NA,231,GTH,NA
J7,MGTHTXN2_231,NA,231,GTH,NA
H5,MGTHTXN3_231,NA,231,GTH,NA
L8,MGTHTXP0_231,NA,231,GTH,NA
K6,MGTHTXP1_231,NA,231,GTH,NA
J8,MGTHTXP2_231,NA,231,GTH,NA
H6,MGTHTXP3_231,NA,231,GTH,NA
U11,MGTREFCLK0N_231,NA,231,GTH,NA
U12,MGTREFCLK0P_231,NA,231,GTH,NA
T9,MGTREFCLK1N_231,NA,231,GTH,NA
T10,MGTREFCLK1P_231,NA,231,GTH,NA
AF23,VCCO_0,NA,0,NA,NA
AG26,VCCO_0,NA,0,NA,NA
AK20,VCCO_64,NA,64,NA,NA
AN19,VCCO_64,NA,64,NA,NA
AT18,VCCO_64,NA,64,NA,NA
AK15,VCCO_65,NA,65,NA,NA
AN14,VCCO_65,NA,65,NA,NA
AT13,VCCO_65,NA,65,NA,NA
AK25,VCCO_66,NA,66,NA,NA
AN24,VCCO_66,NA,66,NA,NA
AT23,VCCO_66,NA,66,NA,NA
AR30,VCCO_67,NA,67,NA,NA
AT33,VCCO_67,NA,67,NA,NA
AU36,VCCO_67,NA,67,NA,NA
AK30,VCCO_68,NA,68,NA,NA
AL33,VCCO_68,NA,68,NA,NA
AM36,VCCO_68,NA,68,NA,NA
B28,VCCO_69,NA,69,NA,NA
E27,VCCO_69,NA,69,NA,NA
H26,VCCO_69,NA,69,NA,NA
B23,VCCO_70,NA,70,NA,NA
E22,VCCO_70,NA,70,NA,NA
H21,VCCO_70,NA,70,NA,NA
B18,VCCO_71,NA,71,NA,NA
E17,VCCO_71,NA,71,NA,NA
H16,VCCO_71,NA,71,NA,NA
E2,VCCO_88,NA,88,NA,NA
F5,VCCO_88,NA,88,NA,NA
B8,VCCO_89,NA,89,NA,NA
F10,VCCO_89,NA,89,NA,NA
K12,VCCO_90,NA,90,NA,NA
N11,VCCO_90,NA,90,NA,NA
B13,VCCO_91,NA,91,NA,NA
G13,VCCO_91,NA,91,NA,NA
AA31,MGTAVCC_L,NA,NA,NA,NA
AB29,MGTAVCC_L,NA,NA,NA,NA
AC31,MGTAVCC_L,NA,NA,NA,NA
AD29,MGTAVCC_L,NA,NA,NA,NA
P29,MGTAVCC_L,NA,NA,NA,NA
R31,MGTAVCC_L,NA,NA,NA,NA
T29,MGTAVCC_L,NA,NA,NA,NA
U31,MGTAVCC_L,NA,NA,NA,NA
V29,MGTAVCC_L,NA,NA,NA,NA
W31,MGTAVCC_L,NA,NA,NA,NA
Y29,MGTAVCC_L,NA,NA,NA,NA
AA10,MGTAVCC_RN,NA,NA,NA,NA
AC10,MGTAVCC_RN,NA,NA,NA,NA
U10,MGTAVCC_RN,NA,NA,NA,NA
W10,MGTAVCC_RN,NA,NA,NA,NA
AE10,MGTAVCC_RS,NA,NA,NA,NA
AG10,MGTAVCC_RS,NA,NA,NA,NA
AJ10,MGTAVCC_RS,NA,NA,NA,NA
AL10,MGTAVCC_RS,NA,NA,NA,NA
AB33,MGTAVTT_L,NA,NA,NA,NA
AD33,MGTAVTT_L,NA,NA,NA,NA
AE31,MGTAVTT_L,NA,NA,NA,NA
B33,MGTAVTT_L,NA,NA,NA,NA
C35,MGTAVTT_L,NA,NA,NA,NA
D33,MGTAVTT_L,NA,NA,NA,NA
E35,MGTAVTT_L,NA,NA,NA,NA
F33,MGTAVTT_L,NA,NA,NA,NA
H33,MGTAVTT_L,NA,NA,NA,NA
K33,MGTAVTT_L,NA,NA,NA,NA
M33,MGTAVTT_L,NA,NA,NA,NA
N31,MGTAVTT_L,NA,NA,NA,NA
P33,MGTAVTT_L,NA,NA,NA,NA
T33,MGTAVTT_L,NA,NA,NA,NA
V33,MGTAVTT_L,NA,NA,NA,NA
Y33,MGTAVTT_L,NA,NA,NA,NA
AA6,MGTAVTT_RN,NA,NA,NA,NA
AB8,MGTAVTT_RN,NA,NA,NA,NA
AC6,MGTAVTT_RN,NA,NA,NA,NA
J6,MGTAVTT_RN,NA,NA,NA,NA
K8,MGTAVTT_RN,NA,NA,NA,NA
L6,MGTAVTT_RN,NA,NA,NA,NA
M8,MGTAVTT_RN,NA,NA,NA,NA
N6,MGTAVTT_RN,NA,NA,NA,NA
P8,MGTAVTT_RN,NA,NA,NA,NA
R6,MGTAVTT_RN,NA,NA,NA,NA
T8,MGTAVTT_RN,NA,NA,NA,NA
U6,MGTAVTT_RN,NA,NA,NA,NA
V8,MGTAVTT_RN,NA,NA,NA,NA
W6,MGTAVTT_RN,NA,NA,NA,NA
Y8,MGTAVTT_RN,NA,NA,NA,NA
AD8,MGTAVTT_RS,NA,NA,NA,NA
AE6,MGTAVTT_RS,NA,NA,NA,NA
AF8,MGTAVTT_RS,NA,NA,NA,NA
AG6,MGTAVTT_RS,NA,NA,NA,NA
AH8,MGTAVTT_RS,NA,NA,NA,NA
AJ6,MGTAVTT_RS,NA,NA,NA,NA
AK8,MGTAVTT_RS,NA,NA,NA,NA
AL6,MGTAVTT_RS,NA,NA,NA,NA
AM8,MGTAVTT_RS,NA,NA,NA,NA
AN6,MGTAVTT_RS,NA,NA,NA,NA
AP8,MGTAVTT_RS,NA,NA,NA,NA
AR6,MGTAVTT_RS,NA,NA,NA,NA
AT8,MGTAVTT_RS,NA,NA,NA,NA
AU6,MGTAVTT_RS,NA,NA,NA,NA
AV8,MGTAVTT_RS,NA,NA,NA,NA
AW6,MGTAVTT_RS,NA,NA,NA,NA
AA27,MGTVCCAUX_L,NA,NA,NA,NA
R27,MGTVCCAUX_L,NA,NA,NA,NA
U27,MGTVCCAUX_L,NA,NA,NA,NA
W27,MGTVCCAUX_L,NA,NA,NA,NA
AB12,MGTVCCAUX_RN,NA,NA,NA,NA
V12,MGTVCCAUX_RN,NA,NA,NA,NA
Y12,MGTVCCAUX_RN,NA,NA,NA,NA
AF12,MGTVCCAUX_RS,NA,NA,NA,NA
AH12,MGTVCCAUX_RS,NA,NA,NA,NA
AK12,MGTVCCAUX_RS,NA,NA,NA,NA
T14,VCCAUX,NA,NA,NA,NA
V14,VCCAUX,NA,NA,NA,NA
AA15,VCCAUX_IO,NA,NA,NA,NA
AB16,VCCAUX_IO,NA,NA,NA,NA
U15,VCCAUX_IO,NA,NA,NA,NA
W15,VCCAUX_IO,NA,NA,NA,NA
AE14,VCCBRAM,NA,NA,NA,NA
AE15,VCCBRAM,NA,NA,NA,NA
AF14,VCCBRAM,NA,NA,NA,NA
AG15,VCCBRAM,NA,NA,NA,NA
AH14,VCCBRAM,NA,NA,NA,NA
AA17,VCCINT,NA,NA,NA,NA
AA21,VCCINT,NA,NA,NA,NA
AA23,VCCINT,NA,NA,NA,NA
AA25,VCCINT,NA,NA,NA,NA
AB18,VCCINT,NA,NA,NA,NA
AB20,VCCINT,NA,NA,NA,NA
AB22,VCCINT,NA,NA,NA,NA
AB24,VCCINT,NA,NA,NA,NA
AC17,VCCINT,NA,NA,NA,NA
AC19,VCCINT,NA,NA,NA,NA
AC21,VCCINT,NA,NA,NA,NA
AC23,VCCINT,NA,NA,NA,NA
AC25,VCCINT,NA,NA,NA,NA
AD16,VCCINT,NA,NA,NA,NA
AD18,VCCINT,NA,NA,NA,NA
AD20,VCCINT,NA,NA,NA,NA
AE17,VCCINT,NA,NA,NA,NA
AE19,VCCINT,NA,NA,NA,NA
AE21,VCCINT,NA,NA,NA,NA
AF16,VCCINT,NA,NA,NA,NA
AF18,VCCINT,NA,NA,NA,NA
AF20,VCCINT,NA,NA,NA,NA
AG17,VCCINT,NA,NA,NA,NA
AG19,VCCINT,NA,NA,NA,NA
AG21,VCCINT,NA,NA,NA,NA
N17,VCCINT,NA,NA,NA,NA
N19,VCCINT,NA,NA,NA,NA
N21,VCCINT,NA,NA,NA,NA
N23,VCCINT,NA,NA,NA,NA
N25,VCCINT,NA,NA,NA,NA
P16,VCCINT,NA,NA,NA,NA
P18,VCCINT,NA,NA,NA,NA
P20,VCCINT,NA,NA,NA,NA
P22,VCCINT,NA,NA,NA,NA
P24,VCCINT,NA,NA,NA,NA
R17,VCCINT,NA,NA,NA,NA
R19,VCCINT,NA,NA,NA,NA
R21,VCCINT,NA,NA,NA,NA
R23,VCCINT,NA,NA,NA,NA
R25,VCCINT,NA,NA,NA,NA
T16,VCCINT,NA,NA,NA,NA
T18,VCCINT,NA,NA,NA,NA
T20,VCCINT,NA,NA,NA,NA
T22,VCCINT,NA,NA,NA,NA
T24,VCCINT,NA,NA,NA,NA
U17,VCCINT,NA,NA,NA,NA
U19,VCCINT,NA,NA,NA,NA
U21,VCCINT,NA,NA,NA,NA
U23,VCCINT,NA,NA,NA,NA
U25,VCCINT,NA,NA,NA,NA
V16,VCCINT,NA,NA,NA,NA
V18,VCCINT,NA,NA,NA,NA
V22,VCCINT,NA,NA,NA,NA
V24,VCCINT,NA,NA,NA,NA
W17,VCCINT,NA,NA,NA,NA
W21,VCCINT,NA,NA,NA,NA
W23,VCCINT,NA,NA,NA,NA
W25,VCCINT,NA,NA,NA,NA
Y16,VCCINT,NA,NA,NA,NA
Y18,VCCINT,NA,NA,NA,NA
Y22,VCCINT,NA,NA,NA,NA
Y24,VCCINT,NA,NA,NA,NA
AB14,VCCINT_IO,NA,NA,NA,NA
AC15,VCCINT_IO,NA,NA,NA,NA
AD14,VCCINT_IO,NA,NA,NA,NA
Y14,VCCINT_IO,NA,NA,NA,NA
A10,GND,NA,NA,NA,NA
A15,GND,NA,NA,NA,NA
A2,GND,NA,NA,NA,NA
A20,GND,NA,NA,NA,NA
A25,GND,NA,NA,NA,NA
A30,GND,NA,NA,NA,NA
A32,GND,NA,NA,NA,NA
A35,GND,NA,NA,NA,NA
A36,GND,NA,NA,NA,NA
A37,GND,NA,NA,NA,NA
A38,GND,NA,NA,NA,NA
A5,GND,NA,NA,NA,NA
AA1,GND,NA,NA,NA,NA
AA13,GND,NA,NA,NA,NA
AA14,GND,NA,NA,NA,NA
AA16,GND,NA,NA,NA,NA
AA18,GND,NA,NA,NA,NA
AA2,GND,NA,NA,NA,NA
AA22,GND,NA,NA,NA,NA
AA24,GND,NA,NA,NA,NA
AA26,GND,NA,NA,NA,NA
AA28,GND,NA,NA,NA,NA
AA32,GND,NA,NA,NA,NA
AA35,GND,NA,NA,NA,NA
AA36,GND,NA,NA,NA,NA
AA37,GND,NA,NA,NA,NA
AA5,GND,NA,NA,NA,NA
AA9,GND,NA,NA,NA,NA
AB11,GND,NA,NA,NA,NA
AB13,GND,NA,NA,NA,NA
AB15,GND,NA,NA,NA,NA
AB17,GND,NA,NA,NA,NA
AB19,GND,NA,NA,NA,NA
AB21,GND,NA,NA,NA,NA
AB23,GND,NA,NA,NA,NA
AB25,GND,NA,NA,NA,NA
AB26,GND,NA,NA,NA,NA
AB3,GND,NA,NA,NA,NA
AB30,GND,NA,NA,NA,NA
AB34,GND,NA,NA,NA,NA
AB35,GND,NA,NA,NA,NA
AB38,GND,NA,NA,NA,NA
AB39,GND,NA,NA,NA,NA
AB4,GND,NA,NA,NA,NA
AB7,GND,NA,NA,NA,NA
AC1,GND,NA,NA,NA,NA
AC13,GND,NA,NA,NA,NA
AC14,GND,NA,NA,NA,NA
AC16,GND,NA,NA,NA,NA
AC18,GND,NA,NA,NA,NA
AC2,GND,NA,NA,NA,NA
AC20,GND,NA,NA,NA,NA
AC22,GND,NA,NA,NA,NA
AC24,GND,NA,NA,NA,NA
AC26,GND,NA,NA,NA,NA
AC27,GND,NA,NA,NA,NA
AC28,GND,NA,NA,NA,NA
AC32,GND,NA,NA,NA,NA
AC35,GND,NA,NA,NA,NA
AC36,GND,NA,NA,NA,NA
AC37,GND,NA,NA,NA,NA
AC5,GND,NA,NA,NA,NA
AC9,GND,NA,NA,NA,NA
AD13,GND,NA,NA,NA,NA
AD15,GND,NA,NA,NA,NA
AD17,GND,NA,NA,NA,NA
AD19,GND,NA,NA,NA,NA
AD21,GND,NA,NA,NA,NA
AD27,GND,NA,NA,NA,NA
AD28,GND,NA,NA,NA,NA
AD3,GND,NA,NA,NA,NA
AD30,GND,NA,NA,NA,NA
AD34,GND,NA,NA,NA,NA
AD35,GND,NA,NA,NA,NA
AD38,GND,NA,NA,NA,NA
AD39,GND,NA,NA,NA,NA
AD4,GND,NA,NA,NA,NA
AD7,GND,NA,NA,NA,NA
AE1,GND,NA,NA,NA,NA
AE13,GND,NA,NA,NA,NA
AE16,GND,NA,NA,NA,NA
AE18,GND,NA,NA,NA,NA
AE2,GND,NA,NA,NA,NA
AE20,GND,NA,NA,NA,NA
AE25,GND,NA,NA,NA,NA
AE28,GND,NA,NA,NA,NA
AE32,GND,NA,NA,NA,NA
AE35,GND,NA,NA,NA,NA
AE36,GND,NA,NA,NA,NA
AE37,GND,NA,NA,NA,NA
AE5,GND,NA,NA,NA,NA
AE9,GND,NA,NA,NA,NA
AF11,GND,NA,NA,NA,NA
AF13,GND,NA,NA,NA,NA
AF15,GND,NA,NA,NA,NA
AF17,GND,NA,NA,NA,NA
AF19,GND,NA,NA,NA,NA
AF21,GND,NA,NA,NA,NA
AF28,GND,NA,NA,NA,NA
AF29,GND,NA,NA,NA,NA
AF3,GND,NA,NA,NA,NA
AF30,GND,NA,NA,NA,NA
AF33,GND,NA,NA,NA,NA
AF34,GND,NA,NA,NA,NA
AF35,GND,NA,NA,NA,NA
AF38,GND,NA,NA,NA,NA
AF39,GND,NA,NA,NA,NA
AF4,GND,NA,NA,NA,NA
AF7,GND,NA,NA,NA,NA
AG1,GND,NA,NA,NA,NA
AG13,GND,NA,NA,NA,NA
AG14,GND,NA,NA,NA,NA
AG16,GND,NA,NA,NA,NA
AG18,GND,NA,NA,NA,NA
AG2,GND,NA,NA,NA,NA
AG20,GND,NA,NA,NA,NA
AG29,GND,NA,NA,NA,NA
AG30,GND,NA,NA,NA,NA
AG31,GND,NA,NA,NA,NA
AG32,GND,NA,NA,NA,NA
AG33,GND,NA,NA,NA,NA
AG34,GND,NA,NA,NA,NA
AG35,GND,NA,NA,NA,NA
AG36,GND,NA,NA,NA,NA
AG37,GND,NA,NA,NA,NA
AG5,GND,NA,NA,NA,NA
AG9,GND,NA,NA,NA,NA
AH11,GND,NA,NA,NA,NA
AH13,GND,NA,NA,NA,NA
AH15,GND,NA,NA,NA,NA
AH19,GND,NA,NA,NA,NA
AH24,GND,NA,NA,NA,NA
AH28,GND,NA,NA,NA,NA
AH3,GND,NA,NA,NA,NA
AH35,GND,NA,NA,NA,NA
AH38,GND,NA,NA,NA,NA
AH39,GND,NA,NA,NA,NA
AH4,GND,NA,NA,NA,NA
AH7,GND,NA,NA,NA,NA
AJ1,GND,NA,NA,NA,NA
AJ13,GND,NA,NA,NA,NA
AJ17,GND,NA,NA,NA,NA
AJ2,GND,NA,NA,NA,NA
AJ22,GND,NA,NA,NA,NA
AJ27,GND,NA,NA,NA,NA
AJ32,GND,NA,NA,NA,NA
AJ35,GND,NA,NA,NA,NA
AJ36,GND,NA,NA,NA,NA
AJ37,GND,NA,NA,NA,NA
AJ38,GND,NA,NA,NA,NA
AJ5,GND,NA,NA,NA,NA
AJ9,GND,NA,NA,NA,NA
AK11,GND,NA,NA,NA,NA
AK13,GND,NA,NA,NA,NA
AK3,GND,NA,NA,NA,NA
AK4,GND,NA,NA,NA,NA
AK7,GND,NA,NA,NA,NA
AL1,GND,NA,NA,NA,NA
AL11,GND,NA,NA,NA,NA
AL12,GND,NA,NA,NA,NA
AL13,GND,NA,NA,NA,NA
AL18,GND,NA,NA,NA,NA
AL2,GND,NA,NA,NA,NA
AL23,GND,NA,NA,NA,NA
AL28,GND,NA,NA,NA,NA
AL38,GND,NA,NA,NA,NA
AL5,GND,NA,NA,NA,NA
AL9,GND,NA,NA,NA,NA
AM11,GND,NA,NA,NA,NA
AM16,GND,NA,NA,NA,NA
AM21,GND,NA,NA,NA,NA
AM26,GND,NA,NA,NA,NA
AM3,GND,NA,NA,NA,NA
AM31,GND,NA,NA,NA,NA
AM4,GND,NA,NA,NA,NA
AM7,GND,NA,NA,NA,NA
AN1,GND,NA,NA,NA,NA
AN10,GND,NA,NA,NA,NA
AN11,GND,NA,NA,NA,NA
AN2,GND,NA,NA,NA,NA
AN29,GND,NA,NA,NA,NA
AN34,GND,NA,NA,NA,NA
AN39,GND,NA,NA,NA,NA
AN5,GND,NA,NA,NA,NA
AN9,GND,NA,NA,NA,NA
AP12,GND,NA,NA,NA,NA
AP17,GND,NA,NA,NA,NA
AP22,GND,NA,NA,NA,NA
AP27,GND,NA,NA,NA,NA
AP3,GND,NA,NA,NA,NA
AP32,GND,NA,NA,NA,NA
AP37,GND,NA,NA,NA,NA
AP4,GND,NA,NA,NA,NA
AP7,GND,NA,NA,NA,NA
AP9,GND,NA,NA,NA,NA
AR1,GND,NA,NA,NA,NA
AR10,GND,NA,NA,NA,NA
AR15,GND,NA,NA,NA,NA
AR2,GND,NA,NA,NA,NA
AR20,GND,NA,NA,NA,NA
AR25,GND,NA,NA,NA,NA
AR35,GND,NA,NA,NA,NA
AR5,GND,NA,NA,NA,NA
AR9,GND,NA,NA,NA,NA
AT28,GND,NA,NA,NA,NA
AT3,GND,NA,NA,NA,NA
AT38,GND,NA,NA,NA,NA
AT4,GND,NA,NA,NA,NA
AT7,GND,NA,NA,NA,NA
AT9,GND,NA,NA,NA,NA
AU1,GND,NA,NA,NA,NA
AU11,GND,NA,NA,NA,NA
AU16,GND,NA,NA,NA,NA
AU2,GND,NA,NA,NA,NA
AU21,GND,NA,NA,NA,NA
AU26,GND,NA,NA,NA,NA
AU31,GND,NA,NA,NA,NA
AU5,GND,NA,NA,NA,NA
AU9,GND,NA,NA,NA,NA
AV14,GND,NA,NA,NA,NA
AV19,GND,NA,NA,NA,NA
AV24,GND,NA,NA,NA,NA
AV29,GND,NA,NA,NA,NA
AV3,GND,NA,NA,NA,NA
AV34,GND,NA,NA,NA,NA
AV39,GND,NA,NA,NA,NA
AV4,GND,NA,NA,NA,NA
AV7,GND,NA,NA,NA,NA
AV9,GND,NA,NA,NA,NA
AW12,GND,NA,NA,NA,NA
AW17,GND,NA,NA,NA,NA
AW2,GND,NA,NA,NA,NA
AW22,GND,NA,NA,NA,NA
AW27,GND,NA,NA,NA,NA
AW32,GND,NA,NA,NA,NA
AW37,GND,NA,NA,NA,NA
AW38,GND,NA,NA,NA,NA
AW5,GND,NA,NA,NA,NA
AW9,GND,NA,NA,NA,NA
B1,GND,NA,NA,NA,NA
B3,GND,NA,NA,NA,NA
B32,GND,NA,NA,NA,NA
B34,GND,NA,NA,NA,NA
B37,GND,NA,NA,NA,NA
B38,GND,NA,NA,NA,NA
B39,GND,NA,NA,NA,NA
C1,GND,NA,NA,NA,NA
C11,GND,NA,NA,NA,NA
C16,GND,NA,NA,NA,NA
C21,GND,NA,NA,NA,NA
C26,GND,NA,NA,NA,NA
C31,GND,NA,NA,NA,NA
C32,GND,NA,NA,NA,NA
C36,GND,NA,NA,NA,NA
C37,GND,NA,NA,NA,NA
C6,GND,NA,NA,NA,NA
D14,GND,NA,NA,NA,NA
D19,GND,NA,NA,NA,NA
D24,GND,NA,NA,NA,NA
D29,GND,NA,NA,NA,NA
D32,GND,NA,NA,NA,NA
D34,GND,NA,NA,NA,NA
D37,GND,NA,NA,NA,NA
D38,GND,NA,NA,NA,NA
D39,GND,NA,NA,NA,NA
D4,GND,NA,NA,NA,NA
D9,GND,NA,NA,NA,NA
E12,GND,NA,NA,NA,NA
E32,GND,NA,NA,NA,NA
E36,GND,NA,NA,NA,NA
E37,GND,NA,NA,NA,NA
E7,GND,NA,NA,NA,NA
F15,GND,NA,NA,NA,NA
F20,GND,NA,NA,NA,NA
F25,GND,NA,NA,NA,NA
F30,GND,NA,NA,NA,NA
F32,GND,NA,NA,NA,NA
F34,GND,NA,NA,NA,NA
F37,GND,NA,NA,NA,NA
F38,GND,NA,NA,NA,NA
F39,GND,NA,NA,NA,NA
G1,GND,NA,NA,NA,NA
G18,GND,NA,NA,NA,NA
G2,GND,NA,NA,NA,NA
G23,GND,NA,NA,NA,NA
G28,GND,NA,NA,NA,NA
G3,GND,NA,NA,NA,NA
G32,GND,NA,NA,NA,NA
G35,GND,NA,NA,NA,NA
G36,GND,NA,NA,NA,NA
G37,GND,NA,NA,NA,NA
G4,GND,NA,NA,NA,NA
G5,GND,NA,NA,NA,NA
G6,GND,NA,NA,NA,NA
G7,GND,NA,NA,NA,NA
G8,GND,NA,NA,NA,NA
G9,GND,NA,NA,NA,NA
H11,GND,NA,NA,NA,NA
H3,GND,NA,NA,NA,NA
H31,GND,NA,NA,NA,NA
H32,GND,NA,NA,NA,NA
H34,GND,NA,NA,NA,NA
H35,GND,NA,NA,NA,NA
H38,GND,NA,NA,NA,NA
H39,GND,NA,NA,NA,NA
H4,GND,NA,NA,NA,NA
H7,GND,NA,NA,NA,NA
H8,GND,NA,NA,NA,NA
H9,GND,NA,NA,NA,NA
J1,GND,NA,NA,NA,NA
J14,GND,NA,NA,NA,NA
J19,GND,NA,NA,NA,NA
J2,GND,NA,NA,NA,NA
J24,GND,NA,NA,NA,NA
J29,GND,NA,NA,NA,NA
J32,GND,NA,NA,NA,NA
J35,GND,NA,NA,NA,NA
J36,GND,NA,NA,NA,NA
J37,GND,NA,NA,NA,NA
J5,GND,NA,NA,NA,NA
J9,GND,NA,NA,NA,NA
K17,GND,NA,NA,NA,NA
K22,GND,NA,NA,NA,NA
K27,GND,NA,NA,NA,NA
K28,GND,NA,NA,NA,NA
K29,GND,NA,NA,NA,NA
K3,GND,NA,NA,NA,NA
K30,GND,NA,NA,NA,NA
K31,GND,NA,NA,NA,NA
K32,GND,NA,NA,NA,NA
K34,GND,NA,NA,NA,NA
K35,GND,NA,NA,NA,NA
K38,GND,NA,NA,NA,NA
K39,GND,NA,NA,NA,NA
K4,GND,NA,NA,NA,NA
K7,GND,NA,NA,NA,NA
K9,GND,NA,NA,NA,NA
L1,GND,NA,NA,NA,NA
L10,GND,NA,NA,NA,NA
L15,GND,NA,NA,NA,NA
L2,GND,NA,NA,NA,NA
L20,GND,NA,NA,NA,NA
L25,GND,NA,NA,NA,NA
L28,GND,NA,NA,NA,NA
L31,GND,NA,NA,NA,NA
L32,GND,NA,NA,NA,NA
L35,GND,NA,NA,NA,NA
L36,GND,NA,NA,NA,NA
L37,GND,NA,NA,NA,NA
L5,GND,NA,NA,NA,NA
L9,GND,NA,NA,NA,NA
M13,GND,NA,NA,NA,NA
M18,GND,NA,NA,NA,NA
M23,GND,NA,NA,NA,NA
M28,GND,NA,NA,NA,NA
M29,GND,NA,NA,NA,NA
M3,GND,NA,NA,NA,NA
M30,GND,NA,NA,NA,NA
M34,GND,NA,NA,NA,NA
M35,GND,NA,NA,NA,NA
M38,GND,NA,NA,NA,NA
M39,GND,NA,NA,NA,NA
M4,GND,NA,NA,NA,NA
M7,GND,NA,NA,NA,NA
M9,GND,NA,NA,NA,NA
N1,GND,NA,NA,NA,NA
N16,GND,NA,NA,NA,NA
N18,GND,NA,NA,NA,NA
N2,GND,NA,NA,NA,NA
N20,GND,NA,NA,NA,NA
N22,GND,NA,NA,NA,NA
N24,GND,NA,NA,NA,NA
N26,GND,NA,NA,NA,NA
N27,GND,NA,NA,NA,NA
N28,GND,NA,NA,NA,NA
N32,GND,NA,NA,NA,NA
N35,GND,NA,NA,NA,NA
N36,GND,NA,NA,NA,NA
N37,GND,NA,NA,NA,NA
N5,GND,NA,NA,NA,NA
N9,GND,NA,NA,NA,NA
P14,GND,NA,NA,NA,NA
P17,GND,NA,NA,NA,NA
P19,GND,NA,NA,NA,NA
P21,GND,NA,NA,NA,NA
P23,GND,NA,NA,NA,NA
P25,GND,NA,NA,NA,NA
P26,GND,NA,NA,NA,NA
P3,GND,NA,NA,NA,NA
P30,GND,NA,NA,NA,NA
P34,GND,NA,NA,NA,NA
P35,GND,NA,NA,NA,NA
P38,GND,NA,NA,NA,NA
P39,GND,NA,NA,NA,NA
P4,GND,NA,NA,NA,NA
P7,GND,NA,NA,NA,NA
P9,GND,NA,NA,NA,NA
R1,GND,NA,NA,NA,NA
R10,GND,NA,NA,NA,NA
R11,GND,NA,NA,NA,NA
R12,GND,NA,NA,NA,NA
R16,GND,NA,NA,NA,NA
R18,GND,NA,NA,NA,NA
R2,GND,NA,NA,NA,NA
R20,GND,NA,NA,NA,NA
R22,GND,NA,NA,NA,NA
R24,GND,NA,NA,NA,NA
R26,GND,NA,NA,NA,NA
R28,GND,NA,NA,NA,NA
R32,GND,NA,NA,NA,NA
R35,GND,NA,NA,NA,NA
R36,GND,NA,NA,NA,NA
R37,GND,NA,NA,NA,NA
R5,GND,NA,NA,NA,NA
R9,GND,NA,NA,NA,NA
T11,GND,NA,NA,NA,NA
T12,GND,NA,NA,NA,NA
T13,GND,NA,NA,NA,NA
T15,GND,NA,NA,NA,NA
T17,GND,NA,NA,NA,NA
T19,GND,NA,NA,NA,NA
T21,GND,NA,NA,NA,NA
T23,GND,NA,NA,NA,NA
T25,GND,NA,NA,NA,NA
T26,GND,NA,NA,NA,NA
T3,GND,NA,NA,NA,NA
T30,GND,NA,NA,NA,NA
T34,GND,NA,NA,NA,NA
T35,GND,NA,NA,NA,NA
T38,GND,NA,NA,NA,NA
T39,GND,NA,NA,NA,NA
T4,GND,NA,NA,NA,NA
T7,GND,NA,NA,NA,NA
U1,GND,NA,NA,NA,NA
U13,GND,NA,NA,NA,NA
U14,GND,NA,NA,NA,NA
U16,GND,NA,NA,NA,NA
U18,GND,NA,NA,NA,NA
U2,GND,NA,NA,NA,NA
U20,GND,NA,NA,NA,NA
U22,GND,NA,NA,NA,NA
U24,GND,NA,NA,NA,NA
U26,GND,NA,NA,NA,NA
U28,GND,NA,NA,NA,NA
U32,GND,NA,NA,NA,NA
U35,GND,NA,NA,NA,NA
U36,GND,NA,NA,NA,NA
U37,GND,NA,NA,NA,NA
U5,GND,NA,NA,NA,NA
U9,GND,NA,NA,NA,NA
V11,GND,NA,NA,NA,NA
V13,GND,NA,NA,NA,NA
V15,GND,NA,NA,NA,NA
V17,GND,NA,NA,NA,NA
V21,GND,NA,NA,NA,NA
V23,GND,NA,NA,NA,NA
V25,GND,NA,NA,NA,NA
V26,GND,NA,NA,NA,NA
V3,GND,NA,NA,NA,NA
V30,GND,NA,NA,NA,NA
V34,GND,NA,NA,NA,NA
V35,GND,NA,NA,NA,NA
V38,GND,NA,NA,NA,NA
V39,GND,NA,NA,NA,NA
V4,GND,NA,NA,NA,NA
V7,GND,NA,NA,NA,NA
W1,GND,NA,NA,NA,NA
W13,GND,NA,NA,NA,NA
W14,GND,NA,NA,NA,NA
W16,GND,NA,NA,NA,NA
W18,GND,NA,NA,NA,NA
W2,GND,NA,NA,NA,NA
W22,GND,NA,NA,NA,NA
W24,GND,NA,NA,NA,NA
W26,GND,NA,NA,NA,NA
W28,GND,NA,NA,NA,NA
W32,GND,NA,NA,NA,NA
W35,GND,NA,NA,NA,NA
W36,GND,NA,NA,NA,NA
W37,GND,NA,NA,NA,NA
W5,GND,NA,NA,NA,NA
W9,GND,NA,NA,NA,NA
Y11,GND,NA,NA,NA,NA
Y13,GND,NA,NA,NA,NA
Y15,GND,NA,NA,NA,NA
Y17,GND,NA,NA,NA,NA
Y21,GND,NA,NA,NA,NA
Y23,GND,NA,NA,NA,NA
Y25,GND,NA,NA,NA,NA
Y26,GND,NA,NA,NA,NA
Y3,GND,NA,NA,NA,NA
Y30,GND,NA,NA,NA,NA
Y34,GND,NA,NA,NA,NA
Y35,GND,NA,NA,NA,NA
Y38,GND,NA,NA,NA,NA
Y39,GND,NA,NA,NA,NA
Y4,GND,NA,NA,NA,NA
Y7,GND,NA,NA,NA,NA
P28,NC,NA,NA,NA,NA
P27,NC,NA,NA,NA,NA
N30,NC,NA,NA,NA,NA
N29,NC,NA,NA,NA,NA
H37,NC,NA,NA,NA,NA
G39,NC,NA,NA,NA,NA
E39,NC,NA,NA,NA,NA
C39,NC,NA,NA,NA,NA
H36,NC,NA,NA,NA,NA
G38,NC,NA,NA,NA,NA
E38,NC,NA,NA,NA,NA
C38,NC,NA,NA,NA,NA
D36,NC,NA,NA,NA,NA
C34,NC,NA,NA,NA,NA
B36,NC,NA,NA,NA,NA
A34,NC,NA,NA,NA,NA
D35,NC,NA,NA,NA,NA
C33,NC,NA,NA,NA,NA
B35,NC,NA,NA,NA,NA
A33,NC,NA,NA,NA,NA
,,,,,
Total Number of Pins,1517,,,,
