"#  (c) Copyright 2013-2025 AMD, Inc. All rights reserved."
"# "
"#  This file contains proprietary information"
"#  of AMD, Inc. and is protected under U.S. and"
"#  international copyright and other intellectual property"
"#  laws."
"# "
"#  DISCLAIMER"
"#  This disclaimer is not a license and does not grant any"
"#  rights to the materials distributed herewith. Except as"
"#  otherwise provided in a valid license issued to you by"
"#  AMD, and to the maximum extent permitted by applicable"
"#  law: (1) THESE MATERIALS ARE MADE AVAILABLE ""AS IS"" AND"
"#  WITH ALL FAULTS, AND AMD HEREBY DISCLAIMS ALL WARRANTIES"
"#  AND CONDITIONS, EXPRESS, IMPLIED, OR STATUTORY, INCLUDING"
"#  BUT NOT LIMITED TO WARRANTIES OF MERCHANTABILITY, NON-"
"#  INFRINGEMENT, OR FITNESS FOR ANY PARTICULAR PURPOSE; and"
"#  (2) AMD shall not be liable (whether in contract or tort,"
"#  including negligence, or under any other theory of"
"#  liability) for any loss or damage of any kind or nature"
"#  related to, arising under or in connection with these"
"#  materials, including for any direct, or any indirect,"
"#  special, incidental, or consequential loss or damage"
"#  (including loss of data, profits, goodwill, or any type of"
"#  loss or damage suffered as a result of any action brought"
"#  by a third party) even if such damage or loss was"
"#  reasonably foreseeable or AMD had been advised of the"
"#  possibility of the same."
"# "
"#  CRITICAL APPLICATIONS"
"#  AMD products are not designed or intended to be fail-"
"#  safe, or for use in any application requiring fail-safe"
"#  performance, such as life-support or safety devices or"
"#  systems, Class III medical devices, nuclear facilities,"
"#  applications related to the deployment of airbags, or any"
"#  other applications that could lead to death, personal"
"#  injury, or severe property or environmental damage"
"#  (individually and collectively, ""Critical"
"#  Applications""). Customer assumes the sole risk and"
"#  liability of any use of AMD products in Critical"
"#  Applications, subject only to applicable laws and"
"#  regulations governing limitations on product liability."
"# "
"#  THIS COPYRIGHT NOTICE AND DISCLAIMER MUST BE RETAINED AS"
"#  PART OF THIS FILE AT ALL TIMES."
"# "
"#----------------------------------------------------------------------"
"#  ASCII Pinout File"
"# "
"#  Device   : xcvu31pfsvh1924"
"#  Date     : 3/19/2019 12:46:49"
"#  Revision : 1.1"
"#  Status   : Production"
"# "
"#  Production package specifications are released coincident"
"#  with production release of a particular device."
"# "
"#----------------------------------------------------------------------"
"#  Modification History"
"#  | Date    : 10/11/2017"
"#  | Revision: 0.1"
"#  | Status  : Evaluation Only"
"#  | Details : Initial pkg file"
"#----------------------------------------------------------------------"
"#  | Date    : 11/7/2017"
"#  | Revision: 0.2"
"#  | Status  : Evaluation Only"
"#  | Details : One mech_dummy C4 bump added.Pkg files in new format with additional 9th column."
"#----------------------------------------------------------------------"
"#  | Date    : 11/17/2017"
"#  | Revision: 0.3"
"#  | Status  : Evaluation Only"
"#  | Details : Converted mech_dummy to power bumps as per Packaging team request"
"#----------------------------------------------------------------------"
"#  | Date    : 12/11/2017"
"#  | Revision: 0.4"
"#  | Status  : Evaluation Only"
"#  | Details : 40nm shift in mech_dummy near HBM region"
"#----------------------------------------------------------------------"
"#  | Date    : 1/10/2018"
"#  | Revision: 1.0"
"#  | Status  : Engineering Sample"
"#  | Details : Updated to Engineering_Sample"
"#----------------------------------------------------------------------"
"#  | Date    : 3/19/2019"
"#  | Revision: 1.1"
"#  | Status  : Production"
"#  | Details : Moved to Production"
"#----------------------------------------------------------------------"
,,,,,
Pin,Pin Name,Memory Byte Group,Bank,I/O Type,Super Logic Region
K9,CCLK_0,NA,0,CONFIG,NA
L12,RSVDGND,NA,NA,NA,NA
F10,D00_MOSI_0,NA,0,CONFIG,NA
F9,D01_DIN_0,NA,0,CONFIG,NA
E10,D02_0,NA,0,CONFIG,NA
E9,D03_0,NA,0,CONFIG,NA
M9,DONE_0,NA,0,CONFIG,NA
W22,DXN,NA,NA,NA,NA
W23,DXP,NA,NA,NA,NA
T23,GNDADC,NA,NA,NA,NA
G9,INIT_B_0,NA,0,CONFIG,NA
H11,M0_0,NA,0,CONFIG,NA
F11,M1_0,NA,0,CONFIG,NA
G11,M2_0,NA,0,CONFIG,NA
L10,POR_OVERRIDE,NA,NA,NA,NA
K10,PROGRAM_B_0,NA,0,CONFIG,NA
M11,PUDC_B_0,NA,0,CONFIG,NA
L11,RDWR_FCS_B_0,NA,0,CONFIG,NA
L9,TCK_0,NA,0,CONFIG,NA
H9,TDI_0,NA,0,CONFIG,NA
H10,TDO_0,NA,0,CONFIG,NA
J11,TMS_0,NA,0,CONFIG,NA
J10,VBATT,NA,NA,NA,NA
T22,VCCADC,NA,NA,NA,NA
V22,VN,NA,NA,NA,NA
U23,VP,NA,NA,NA,NA
U22,VREFN,NA,NA,NA,NA
V23,VREFP,NA,NA,NA,NA
M22,IO_L24N_T3U_N11_67,3U,67,HP,NA
M23,IO_L24P_T3U_N10_67,3U,67,HP,NA
L20,IO_L23N_T3U_N9_67,3U,67,HP,NA
M21,IO_L23P_T3U_N8_67,3U,67,HP,NA
L21,IO_L22N_T3U_N7_DBC_AD0N_67,3U,67,HP,NA
L22,IO_L22P_T3U_N6_DBC_AD0P_67,3U,67,HP,NA
L19,IO_L21N_T3L_N5_AD8N_67,3L,67,HP,NA
M19,IO_L21P_T3L_N4_AD8P_67,3L,67,HP,NA
K22,IO_L20N_T3L_N3_AD1N_67,3L,67,HP,NA
K23,IO_L20P_T3L_N2_AD1P_67,3L,67,HP,NA
K19,IO_L19N_T3L_N1_DBC_AD9N_67,3L,67,HP,NA
K20,IO_L19P_T3L_N0_DBC_AD9P_67,3L,67,HP,NA
J22,IO_T3U_N12_67,3U,67,HP,NA
J21,IO_T2U_N12_67,2U,67,HP,NA
G22,IO_L18N_T2U_N11_AD2N_67,2U,67,HP,NA
G23,IO_L18P_T2U_N10_AD2P_67,2U,67,HP,NA
H19,IO_L17N_T2U_N9_AD10N_67,2U,67,HP,NA
J20,IO_L17P_T2U_N8_AD10P_67,2U,67,HP,NA
F19,IO_L16N_T2U_N7_QBC_AD3N_67,2U,67,HP,NA
G19,IO_L16P_T2U_N6_QBC_AD3P_67,2U,67,HP,NA
H23,IO_L15N_T2L_N5_AD11N_67,2L,67,HP,NA
J23,IO_L15P_T2L_N4_AD11P_67,2L,67,HP,NA
F20,IO_L14N_T2L_N3_GC_67,2L,67,HP,NA
G21,IO_L14P_T2L_N2_GC_67,2L,67,HP,NA
H20,IO_L13N_T2L_N1_GC_QBC_67,2L,67,HP,NA
H21,IO_L13P_T2L_N0_GC_QBC_67,2L,67,HP,NA
F21,IO_L12N_T1U_N11_GC_67,1U,67,HP,NA
F22,IO_L12P_T1U_N10_GC_67,1U,67,HP,NA
E19,IO_L11N_T1U_N9_GC_67,1U,67,HP,NA
E20,IO_L11P_T1U_N8_GC_67,1U,67,HP,NA
D20,IO_L10N_T1U_N7_QBC_AD4N_67,1U,67,HP,NA
D21,IO_L10P_T1U_N6_QBC_AD4P_67,1U,67,HP,NA
E22,IO_L9N_T1L_N5_AD12N_67,1L,67,HP,NA
E23,IO_L9P_T1L_N4_AD12P_67,1L,67,HP,NA
D22,IO_L8N_T1L_N3_AD5N_67,1L,67,HP,NA
D23,IO_L8P_T1L_N2_AD5P_67,1L,67,HP,NA
D18,IO_L7N_T1L_N1_QBC_AD13N_67,1L,67,HP,NA
E18,IO_L7P_T1L_N0_QBC_AD13P_67,1L,67,HP,NA
C23,IO_T1U_N12_67,1U,67,HP,NA
B23,IO_T0U_N12_VRP_67,0U,67,HP,NA
C20,IO_L6N_T0U_N11_AD6N_67,0U,67,HP,NA
C21,IO_L6P_T0U_N10_AD6P_67,0U,67,HP,NA
B19,IO_L5N_T0U_N9_AD14N_67,0U,67,HP,NA
C19,IO_L5P_T0U_N8_AD14P_67,0U,67,HP,NA
B21,IO_L4N_T0U_N7_DBC_AD7N_67,0U,67,HP,NA
B22,IO_L4P_T0U_N6_DBC_AD7P_67,0U,67,HP,NA
A19,IO_L3N_T0L_N5_AD15N_67,0L,67,HP,NA
A20,IO_L3P_T0L_N4_AD15P_67,0L,67,HP,NA
A21,IO_L2N_T0L_N3_67,0L,67,HP,NA
A22,IO_L2P_T0L_N2_67,0L,67,HP,NA
B18,IO_L1N_T0L_N1_DBC_67,0L,67,HP,NA
C18,IO_L1P_T0L_N0_DBC_67,0L,67,HP,NA
M18,VREF_67,NA,67,HP,NA
M27,IO_L24N_T3U_N11_66,3U,66,HP,NA
M26,IO_L24P_T3U_N10_66,3U,66,HP,NA
K29,IO_L23N_T3U_N9_66,3U,66,HP,NA
L29,IO_L23P_T3U_N8_66,3U,66,HP,NA
L25,IO_L22N_T3U_N7_DBC_AD0N_66,3U,66,HP,NA
L24,IO_L22P_T3U_N6_DBC_AD0P_66,3U,66,HP,NA
L27,IO_L21N_T3L_N5_AD8N_66,3L,66,HP,NA
L26,IO_L21P_T3L_N4_AD8P_66,3L,66,HP,NA
K28,IO_L20N_T3L_N3_AD1N_66,3L,66,HP,NA
K27,IO_L20P_T3L_N2_AD1P_66,3L,66,HP,NA
M29,IO_L19N_T3L_N1_DBC_AD9N_66,3L,66,HP,NA
M28,IO_L19P_T3L_N0_DBC_AD9P_66,3L,66,HP,NA
K24,IO_T3U_N12_66,3U,66,HP,NA
K25,IO_T2U_N12_66,2U,66,HP,NA
G24,IO_L18N_T2U_N11_AD2N_66,2U,66,HP,NA
H24,IO_L18P_T2U_N10_AD2P_66,2U,66,HP,NA
H29,IO_L17N_T2U_N9_AD10N_66,2U,66,HP,NA
H28,IO_L17P_T2U_N8_AD10P_66,2U,66,HP,NA
G29,IO_L16N_T2U_N7_QBC_AD3N_66,2U,66,HP,NA
G28,IO_L16P_T2U_N6_QBC_AD3P_66,2U,66,HP,NA
J28,IO_L15N_T2L_N5_AD11N_66,2L,66,HP,NA
J27,IO_L15P_T2L_N4_AD11P_66,2L,66,HP,NA
H26,IO_L14N_T2L_N3_GC_66,2L,66,HP,NA
J26,IO_L14P_T2L_N2_GC_66,2L,66,HP,NA
H25,IO_L13N_T2L_N1_GC_QBC_66,2L,66,HP,NA
J25,IO_L13P_T2L_N0_GC_QBC_66,2L,66,HP,NA
G27,IO_L12N_T1U_N11_GC_66,1U,66,HP,NA
G26,IO_L12P_T1U_N10_GC_66,1U,66,HP,NA
F27,IO_L11N_T1U_N9_GC_66,1U,66,HP,NA
F26,IO_L11P_T1U_N8_GC_66,1U,66,HP,NA
E28,IO_L10N_T1U_N7_QBC_AD4N_66,1U,66,HP,NA
E27,IO_L10P_T1U_N6_QBC_AD4P_66,1U,66,HP,NA
F25,IO_L9N_T1L_N5_AD12N_66,1L,66,HP,NA
F24,IO_L9P_T1L_N4_AD12P_66,1L,66,HP,NA
D27,IO_L8N_T1L_N3_AD5N_66,1L,66,HP,NA
D26,IO_L8P_T1L_N2_AD5P_66,1L,66,HP,NA
E25,IO_L7N_T1L_N1_QBC_AD13N_66,1L,66,HP,NA
E24,IO_L7P_T1L_N0_QBC_AD13P_66,1L,66,HP,NA
D25,IO_T1U_N12_66,1U,66,HP,NA
C24,IO_T0U_N12_VRP_66,0U,66,HP,NA
A27,IO_L6N_T0U_N11_AD6N_66,0U,66,HP,NA
B26,IO_L6P_T0U_N10_AD6P_66,0U,66,HP,NA
C26,IO_L5N_T0U_N9_AD14N_66,0U,66,HP,NA
C25,IO_L5P_T0U_N8_AD14P_66,0U,66,HP,NA
B28,IO_L4N_T0U_N7_DBC_AD7N_66,0U,66,HP,NA
B27,IO_L4P_T0U_N6_DBC_AD7P_66,0U,66,HP,NA
A24,IO_L3N_T0L_N5_AD15N_66,0L,66,HP,NA
B24,IO_L3P_T0L_N4_AD15P_66,0L,66,HP,NA
C28,IO_L2N_T0L_N3_66,0L,66,HP,NA
D28,IO_L2P_T0L_N2_66,0L,66,HP,NA
A26,IO_L1N_T0L_N1_DBC_66,0L,66,HP,NA
A25,IO_L1P_T0L_N0_DBC_66,0L,66,HP,NA
M24,VREF_66,NA,66,HP,NA
A29,IO_L24N_T3U_N11_DOUT_CSO_B_65,3U,65,HP,NA
B29,IO_L24P_T3U_N10_EMCCLK_65,3U,65,HP,NA
B31,IO_L23N_T3U_N9_PERSTN1_I2C_SDA_65,3U,65,HP,NA
C31,IO_L23P_T3U_N8_I2C_SCLK_65,3U,65,HP,NA
A31,IO_L22N_T3U_N7_DBC_AD0N_D05_65,3U,65,HP,NA
A30,IO_L22P_T3U_N6_DBC_AD0P_D04_65,3U,65,HP,NA
A34,IO_L21N_T3L_N5_AD8N_D07_65,3L,65,HP,NA
B33,IO_L21P_T3L_N4_AD8P_D06_65,3L,65,HP,NA
A32,IO_L20N_T3L_N3_AD1N_D09_65,3L,65,HP,NA
B32,IO_L20P_T3L_N2_AD1P_D08_65,3L,65,HP,NA
B34,IO_L19N_T3L_N1_DBC_AD9N_D11_65,3L,65,HP,NA
C34,IO_L19P_T3L_N0_DBC_AD9P_D10_65,3L,65,HP,NA
C29,IO_T3U_N12_PERSTN0_65,3U,65,HP,NA
C30,IO_T2U_N12_CSI_ADV_B_65,2U,65,HP,NA
E29,IO_L18N_T2U_N11_AD2N_D13_65,2U,65,HP,NA
F29,IO_L18P_T2U_N10_AD2P_D12_65,2U,65,HP,NA
C33,IO_L17N_T2U_N9_AD10N_D15_65,2U,65,HP,NA
D33,IO_L17P_T2U_N8_AD10P_D14_65,2U,65,HP,NA
D30,IO_L16N_T2U_N7_QBC_AD3N_A01_D17_65,2U,65,HP,NA
E30,IO_L16P_T2U_N6_QBC_AD3P_A00_D16_65,2U,65,HP,NA
E34,IO_L15N_T2L_N5_AD11N_A03_D19_65,2L,65,HP,NA
F34,IO_L15P_T2L_N4_AD11P_A02_D18_65,2L,65,HP,NA
D32,IO_L14N_T2L_N3_GC_A05_D21_65,2L,65,HP,NA
D31,IO_L14P_T2L_N2_GC_A04_D20_65,2L,65,HP,NA
E33,IO_L13N_T2L_N1_GC_QBC_A07_D23_65,2L,65,HP,NA
E32,IO_L13P_T2L_N0_GC_QBC_A06_D22_65,2L,65,HP,NA
F31,IO_L12N_T1U_N11_GC_A09_D25_65,1U,65,HP,NA
F30,IO_L12P_T1U_N10_GC_A08_D24_65,1U,65,HP,NA
F32,IO_L11N_T1U_N9_GC_A11_D27_65,1U,65,HP,NA
G32,IO_L11P_T1U_N8_GC_A10_D26_65,1U,65,HP,NA
H31,IO_L10N_T1U_N7_QBC_AD4N_A13_D29_65,1U,65,HP,NA
H30,IO_L10P_T1U_N6_QBC_AD4P_A12_D28_65,1U,65,HP,NA
J33,IO_L9N_T1L_N5_AD12N_A15_D31_65,1L,65,HP,NA
J32,IO_L9P_T1L_N4_AD12P_A14_D30_65,1L,65,HP,NA
G34,IO_L8N_T1L_N3_AD5N_A17_65,1L,65,HP,NA
G33,IO_L8P_T1L_N2_AD5P_A16_65,1L,65,HP,NA
H34,IO_L7N_T1L_N1_QBC_AD13N_A19_65,1L,65,HP,NA
H33,IO_L7P_T1L_N0_QBC_AD13P_A18_65,1L,65,HP,NA
G31,IO_T1U_N12_SMBALERT_65,1U,65,HP,NA
J31,IO_T0U_N12_VRP_A28_65,0U,65,HP,NA
J30,IO_L6N_T0U_N11_AD6N_A21_65,0U,65,HP,NA
K30,IO_L6P_T0U_N10_AD6P_A20_65,0U,65,HP,NA
L32,IO_L5N_T0U_N9_AD14N_A23_65,0U,65,HP,NA
M32,IO_L5P_T0U_N8_AD14P_A22_65,0U,65,HP,NA
K33,IO_L4N_T0U_N7_DBC_AD7N_A25_65,0U,65,HP,NA
K32,IO_L4P_T0U_N6_DBC_AD7P_A24_65,0U,65,HP,NA
K34,IO_L3N_T0L_N5_AD15N_A27_65,0L,65,HP,NA
L34,IO_L3P_T0L_N4_AD15P_A26_65,0L,65,HP,NA
L31,IO_L2N_T0L_N3_FWE_FCS2_B_65,0L,65,HP,NA
L30,IO_L2P_T0L_N2_FOE_B_65,0L,65,HP,NA
M34,IO_L1N_T0L_N1_DBC_RS1_65,0L,65,HP,NA
M33,IO_L1P_T0L_N0_DBC_RS0_65,0L,65,HP,NA
M31,VREF_65,NA,65,HP,NA
A16,IO_L24N_T3U_N11_64,3U,64,HP,NA
A17,IO_L24P_T3U_N10_64,3U,64,HP,NA
A14,IO_L23N_T3U_N9_64,3U,64,HP,NA
A15,IO_L23P_T3U_N8_64,3U,64,HP,NA
B13,IO_L22N_T3U_N7_DBC_AD0N_64,3U,64,HP,NA
B14,IO_L22P_T3U_N6_DBC_AD0P_64,3U,64,HP,NA
C14,IO_L21N_T3L_N5_AD8N_64,3L,64,HP,NA
C15,IO_L21P_T3L_N4_AD8P_64,3L,64,HP,NA
B16,IO_L20N_T3L_N3_AD1N_64,3L,64,HP,NA
B17,IO_L20P_T3L_N2_AD1P_64,3L,64,HP,NA
C13,IO_L19N_T3L_N1_DBC_AD9N_64,3L,64,HP,NA
D13,IO_L19P_T3L_N0_DBC_AD9P_64,3L,64,HP,NA
C16,IO_T3U_N12_64,3U,64,HP,NA
D16,IO_T2U_N12_64,2U,64,HP,NA
D15,IO_L18N_T2U_N11_AD2N_64,2U,64,HP,NA
E15,IO_L18P_T2U_N10_AD2P_64,2U,64,HP,NA
E13,IO_L17N_T2U_N9_AD10N_64,2U,64,HP,NA
E14,IO_L17P_T2U_N8_AD10P_64,2U,64,HP,NA
D17,IO_L16N_T2U_N7_QBC_AD3N_64,2U,64,HP,NA
E17,IO_L16P_T2U_N6_QBC_AD3P_64,2U,64,HP,NA
G13,IO_L15N_T2L_N5_AD11N_64,2L,64,HP,NA
G14,IO_L15P_T2L_N4_AD11P_64,2L,64,HP,NA
F16,IO_L14N_T2L_N3_GC_64,2L,64,HP,NA
F17,IO_L14P_T2L_N2_GC_64,2L,64,HP,NA
F14,IO_L13N_T2L_N1_GC_QBC_64,2L,64,HP,NA
F15,IO_L13P_T2L_N0_GC_QBC_64,2L,64,HP,NA
G16,IO_L12N_T1U_N11_GC_64,1U,64,HP,NA
G17,IO_L12P_T1U_N10_GC_64,1U,64,HP,NA
H14,IO_L11N_T1U_N9_GC_64,1U,64,HP,NA
H15,IO_L11P_T1U_N8_GC_64,1U,64,HP,NA
H16,IO_L10N_T1U_N7_QBC_AD4N_64,1U,64,HP,NA
J16,IO_L10P_T1U_N6_QBC_AD4P_64,1U,64,HP,NA
G18,IO_L9N_T1L_N5_AD12N_64,1L,64,HP,NA
H18,IO_L9P_T1L_N4_AD12P_64,1L,64,HP,NA
J17,IO_L8N_T1L_N3_AD5N_64,1L,64,HP,NA
J18,IO_L8P_T1L_N2_AD5P_64,1L,64,HP,NA
H13,IO_L7N_T1L_N1_QBC_AD13N_64,1L,64,HP,NA
J13,IO_L7P_T1L_N0_QBC_AD13P_64,1L,64,HP,NA
J15,IO_T1U_N12_64,1U,64,HP,NA
K15,IO_T0U_N12_VRP_64,0U,64,HP,NA
K17,IO_L6N_T0U_N11_AD6N_64,0U,64,HP,NA
K18,IO_L6P_T0U_N10_AD6P_64,0U,64,HP,NA
L16,IO_L5N_T0U_N9_AD14N_64,0U,64,HP,NA
M16,IO_L5P_T0U_N8_AD14P_64,0U,64,HP,NA
L17,IO_L4N_T0U_N7_DBC_AD7N_64,0U,64,HP,NA
M17,IO_L4P_T0U_N6_DBC_AD7P_64,0U,64,HP,NA
K13,IO_L3N_T0L_N5_AD15N_64,0L,64,HP,NA
K14,IO_L3P_T0L_N4_AD15P_64,0L,64,HP,NA
L14,IO_L2N_T0L_N3_64,0L,64,HP,NA
L15,IO_L2P_T0L_N2_64,0L,64,HP,NA
M13,IO_L1N_T0L_N1_DBC_64,0L,64,HP,NA
M14,IO_L1P_T0L_N0_DBC_64,0L,64,HP,NA
M12,VREF_64,NA,64,HP,NA
AN19,RSVD,NA,83,NA,NA
AP20,RSVD,NA,83,NA,NA
AP19,RSVD,NA,83,NA,NA
AR20,RSVD,NA,83,NA,NA
AT20,RSVD,NA,83,NA,NA
AN18,RSVD,NA,83,NA,NA
AP18,RSVD,NA,83,NA,NA
AR18,RSVD,NA,83,NA,NA
AT18,RSVD,NA,83,NA,NA
AT19,RSVD,NA,83,NA,NA
AU20,RSVD,NA,83,NA,NA
AU19,RSVD,NA,83,NA,NA
AW18,RSVD,NA,83,NA,NA
AV19,RSVDGND,NA,83,NA,NA
AV18,RSVD,NA,83,NA,NA
AM17,RSVD,NA,83,NA,NA
AM16,RSVD,NA,83,NA,NA
AM15,RSVD,NA,83,NA,NA
AN17,RSVD,NA,83,NA,NA
AN16,RSVD,NA,83,NA,NA
AP16,RSVD,NA,83,NA,NA
AP15,RSVD,NA,83,NA,NA
AR17,RSVD,NA,83,NA,NA
AR16,RSVD,NA,83,NA,NA
AR15,RSVD,NA,83,NA,NA
AT17,RSVD,NA,83,NA,NA
AN21,RSVD,NA,83,NA,NA
AT15,RSVD,NA,83,NA,NA
AU17,RSVD,NA,83,NA,NA
AU16,RSVD,NA,83,NA,NA
AU15,RSVD,NA,83,NA,NA
AV17,RSVD,NA,83,NA,NA
AV16,RSVD,NA,83,NA,NA
AW16,RSVD,NA,83,NA,NA
AW15,RSVD,NA,83,NA,NA
AM21,RSVD,NA,83,NA,NA
AM20,RSVD,NA,83,NA,NA
AM19,RSVD,NA,83,NA,NA
AL11,RSVD,NA,83,NA,NA
AL13,RSVD,NA,83,NA,NA
AR39,MGTREFCLK0N_124,NA,124,GTY,NA
AR38,MGTREFCLK0P_124,NA,124,GTY,NA
AN39,MGTREFCLK1N_124,NA,124,GTY,NA
AN38,MGTREFCLK1P_124,NA,124,GTY,NA
AP44,MGTYRXN0_124,NA,124,GTY,NA
AM44,MGTYRXN1_124,NA,124,GTY,NA
AK44,MGTYRXN2_124,NA,124,GTY,NA
AH44,MGTYRXN3_124,NA,124,GTY,NA
AP43,MGTYRXP0_124,NA,124,GTY,NA
AM43,MGTYRXP1_124,NA,124,GTY,NA
AK43,MGTYRXP2_124,NA,124,GTY,NA
AH43,MGTYRXP3_124,NA,124,GTY,NA
AV41,MGTYTXN0_124,NA,124,GTY,NA
AT41,MGTYTXN1_124,NA,124,GTY,NA
AP41,MGTYTXN2_124,NA,124,GTY,NA
AM41,MGTYTXN3_124,NA,124,GTY,NA
AV40,MGTYTXP0_124,NA,124,GTY,NA
AT40,MGTYTXP1_124,NA,124,GTY,NA
AP40,MGTYTXP2_124,NA,124,GTY,NA
AM40,MGTYTXP3_124,NA,124,GTY,NA
AE39,MGTAVTTRCAL_L,NA,NA,NA,NA
AJ39,MGTREFCLK0N_125,NA,125,GTY,NA
AJ38,MGTREFCLK0P_125,NA,125,GTY,NA
AG39,MGTREFCLK1N_125,NA,125,GTY,NA
AG38,MGTREFCLK1P_125,NA,125,GTY,NA
AE38,MGTRREF_L,NA,NA,NA,NA
AF44,MGTYRXN0_125,NA,125,GTY,NA
AD44,MGTYRXN1_125,NA,125,GTY,NA
AB44,MGTYRXN2_125,NA,125,GTY,NA
Y44,MGTYRXN3_125,NA,125,GTY,NA
AF43,MGTYRXP0_125,NA,125,GTY,NA
AD43,MGTYRXP1_125,NA,125,GTY,NA
AB43,MGTYRXP2_125,NA,125,GTY,NA
Y43,MGTYRXP3_125,NA,125,GTY,NA
AK41,MGTYTXN0_125,NA,125,GTY,NA
AH41,MGTYTXN1_125,NA,125,GTY,NA
AF41,MGTYTXN2_125,NA,125,GTY,NA
AD41,MGTYTXN3_125,NA,125,GTY,NA
AK40,MGTYTXP0_125,NA,125,GTY,NA
AH40,MGTYTXP1_125,NA,125,GTY,NA
AF40,MGTYTXP2_125,NA,125,GTY,NA
AD40,MGTYTXP3_125,NA,125,GTY,NA
K39,MGTREFCLK0N_126,NA,126,GTY,NA
K38,MGTREFCLK0P_126,NA,126,GTY,NA
H39,MGTREFCLK1N_126,NA,126,GTY,NA
H38,MGTREFCLK1P_126,NA,126,GTY,NA
V44,MGTYRXN0_126,NA,126,GTY,NA
T44,MGTYRXN1_126,NA,126,GTY,NA
P44,MGTYRXN2_126,NA,126,GTY,NA
M44,MGTYRXN3_126,NA,126,GTY,NA
V43,MGTYRXP0_126,NA,126,GTY,NA
T43,MGTYRXP1_126,NA,126,GTY,NA
P43,MGTYRXP2_126,NA,126,GTY,NA
M43,MGTYRXP3_126,NA,126,GTY,NA
U41,MGTYTXN0_126,NA,126,GTY,NA
R41,MGTYTXN1_126,NA,126,GTY,NA
N41,MGTYTXN2_126,NA,126,GTY,NA
L41,MGTYTXN3_126,NA,126,GTY,NA
U40,MGTYTXP0_126,NA,126,GTY,NA
R40,MGTYTXP1_126,NA,126,GTY,NA
N40,MGTYTXP2_126,NA,126,GTY,NA
L40,MGTYTXP3_126,NA,126,GTY,NA
F39,MGTREFCLK0N_127,NA,127,GTY,NA
F38,MGTREFCLK0P_127,NA,127,GTY,NA
D39,MGTREFCLK1N_127,NA,127,GTY,NA
D38,MGTREFCLK1P_127,NA,127,GTY,NA
K44,MGTYRXN0_127,NA,127,GTY,NA
H44,MGTYRXN1_127,NA,127,GTY,NA
F44,MGTYRXN2_127,NA,127,GTY,NA
D44,MGTYRXN3_127,NA,127,GTY,NA
K43,MGTYRXP0_127,NA,127,GTY,NA
H43,MGTYRXP1_127,NA,127,GTY,NA
F43,MGTYRXP2_127,NA,127,GTY,NA
D43,MGTYRXP3_127,NA,127,GTY,NA
J41,MGTYTXN0_127,NA,127,GTY,NA
G41,MGTYTXN1_127,NA,127,GTY,NA
E41,MGTYTXN2_127,NA,127,GTY,NA
C41,MGTYTXN3_127,NA,127,GTY,NA
J40,MGTYTXP0_127,NA,127,GTY,NA
G40,MGTYTXP1_127,NA,127,GTY,NA
E40,MGTYTXP2_127,NA,127,GTY,NA
C40,MGTYTXP3_127,NA,127,GTY,NA
AR6,MGTREFCLK0N_224,NA,224,GTY,NA
AR7,MGTREFCLK0P_224,NA,224,GTY,NA
AN6,MGTREFCLK1N_224,NA,224,GTY,NA
AN7,MGTREFCLK1P_224,NA,224,GTY,NA
AP1,MGTYRXN0_224,NA,224,GTY,NA
AM1,MGTYRXN1_224,NA,224,GTY,NA
AK1,MGTYRXN2_224,NA,224,GTY,NA
AH1,MGTYRXN3_224,NA,224,GTY,NA
AP2,MGTYRXP0_224,NA,224,GTY,NA
AM2,MGTYRXP1_224,NA,224,GTY,NA
AK2,MGTYRXP2_224,NA,224,GTY,NA
AH2,MGTYRXP3_224,NA,224,GTY,NA
AV4,MGTYTXN0_224,NA,224,GTY,NA
AT4,MGTYTXN1_224,NA,224,GTY,NA
AP4,MGTYTXN2_224,NA,224,GTY,NA
AM4,MGTYTXN3_224,NA,224,GTY,NA
AV5,MGTYTXP0_224,NA,224,GTY,NA
AT5,MGTYTXP1_224,NA,224,GTY,NA
AP5,MGTYTXP2_224,NA,224,GTY,NA
AM5,MGTYTXP3_224,NA,224,GTY,NA
AE6,MGTAVTTRCAL_R,NA,NA,NA,NA
AJ6,MGTREFCLK0N_225,NA,225,GTY,NA
AJ7,MGTREFCLK0P_225,NA,225,GTY,NA
AG6,MGTREFCLK1N_225,NA,225,GTY,NA
AG7,MGTREFCLK1P_225,NA,225,GTY,NA
AE7,MGTRREF_R,NA,NA,NA,NA
AF1,MGTYRXN0_225,NA,225,GTY,NA
AD1,MGTYRXN1_225,NA,225,GTY,NA
AB1,MGTYRXN2_225,NA,225,GTY,NA
Y1,MGTYRXN3_225,NA,225,GTY,NA
AF2,MGTYRXP0_225,NA,225,GTY,NA
AD2,MGTYRXP1_225,NA,225,GTY,NA
AB2,MGTYRXP2_225,NA,225,GTY,NA
Y2,MGTYRXP3_225,NA,225,GTY,NA
AK4,MGTYTXN0_225,NA,225,GTY,NA
AH4,MGTYTXN1_225,NA,225,GTY,NA
AF4,MGTYTXN2_225,NA,225,GTY,NA
AD4,MGTYTXN3_225,NA,225,GTY,NA
AK5,MGTYTXP0_225,NA,225,GTY,NA
AH5,MGTYTXP1_225,NA,225,GTY,NA
AF5,MGTYTXP2_225,NA,225,GTY,NA
AD5,MGTYTXP3_225,NA,225,GTY,NA
K6,MGTREFCLK0N_226,NA,226,GTY,NA
K7,MGTREFCLK0P_226,NA,226,GTY,NA
H6,MGTREFCLK1N_226,NA,226,GTY,NA
H7,MGTREFCLK1P_226,NA,226,GTY,NA
V1,MGTYRXN0_226,NA,226,GTY,NA
T1,MGTYRXN1_226,NA,226,GTY,NA
P1,MGTYRXN2_226,NA,226,GTY,NA
M1,MGTYRXN3_226,NA,226,GTY,NA
V2,MGTYRXP0_226,NA,226,GTY,NA
T2,MGTYRXP1_226,NA,226,GTY,NA
P2,MGTYRXP2_226,NA,226,GTY,NA
M2,MGTYRXP3_226,NA,226,GTY,NA
U4,MGTYTXN0_226,NA,226,GTY,NA
R4,MGTYTXN1_226,NA,226,GTY,NA
N4,MGTYTXN2_226,NA,226,GTY,NA
L4,MGTYTXN3_226,NA,226,GTY,NA
U5,MGTYTXP0_226,NA,226,GTY,NA
R5,MGTYTXP1_226,NA,226,GTY,NA
N5,MGTYTXP2_226,NA,226,GTY,NA
L5,MGTYTXP3_226,NA,226,GTY,NA
F6,MGTREFCLK0N_227,NA,227,GTY,NA
F7,MGTREFCLK0P_227,NA,227,GTY,NA
D6,MGTREFCLK1N_227,NA,227,GTY,NA
D7,MGTREFCLK1P_227,NA,227,GTY,NA
K1,MGTYRXN0_227,NA,227,GTY,NA
H1,MGTYRXN1_227,NA,227,GTY,NA
F1,MGTYRXN2_227,NA,227,GTY,NA
D1,MGTYRXN3_227,NA,227,GTY,NA
K2,MGTYRXP0_227,NA,227,GTY,NA
H2,MGTYRXP1_227,NA,227,GTY,NA
F2,MGTYRXP2_227,NA,227,GTY,NA
D2,MGTYRXP3_227,NA,227,GTY,NA
J4,MGTYTXN0_227,NA,227,GTY,NA
G4,MGTYTXN1_227,NA,227,GTY,NA
E4,MGTYTXN2_227,NA,227,GTY,NA
C4,MGTYTXN3_227,NA,227,GTY,NA
J5,MGTYTXP0_227,NA,227,GTY,NA
G5,MGTYTXP1_227,NA,227,GTY,NA
E5,MGTYTXP2_227,NA,227,GTY,NA
C5,MGTYTXP3_227,NA,227,GTY,NA
G10,VCCO_0,NA,0,NA,NA
K11,VCCO_0,NA,0,NA,NA
E16,VCCO_64,NA,64,NA,NA
H17,VCCO_64,NA,64,NA,NA
J14,VCCO_64,NA,64,NA,NA
F33,VCCO_65,NA,65,NA,NA
G30,VCCO_65,NA,65,NA,NA
K31,VCCO_65,NA,65,NA,NA
E26,VCCO_66,NA,66,NA,NA
H27,VCCO_66,NA,66,NA,NA
J24,VCCO_66,NA,66,NA,NA
F23,VCCO_67,NA,67,NA,NA
G20,VCCO_67,NA,67,NA,NA
K21,VCCO_67,NA,67,NA,NA
AL15,VCCAUX_HBM_83,NA,83,NA,NA
AL17,VCCAUX_HBM_83,NA,83,NA,NA
AL19,VCCAUX_HBM_83,NA,83,NA,NA
AL21,VCCAUX_HBM_83,NA,83,NA,NA
AH10,VCC_HBM_83,NA,83,NA,NA
AH12,VCC_HBM_83,NA,83,NA,NA
AH14,VCC_HBM_83,NA,83,NA,NA
AH16,VCC_HBM_83,NA,83,NA,NA
AH18,VCC_HBM_83,NA,83,NA,NA
AH20,VCC_HBM_83,NA,83,NA,NA
AH22,VCC_HBM_83,NA,83,NA,NA
AJ11,VCC_HBM_83,NA,83,NA,NA
AJ13,VCC_HBM_83,NA,83,NA,NA
AJ15,VCC_HBM_83,NA,83,NA,NA
AJ17,VCC_HBM_83,NA,83,NA,NA
AJ19,VCC_HBM_83,NA,83,NA,NA
AJ21,VCC_HBM_83,NA,83,NA,NA
AJ9,VCC_HBM_83,NA,83,NA,NA
AK10,VCC_HBM_83,NA,83,NA,NA
AK12,VCC_HBM_83,NA,83,NA,NA
AK14,VCC_HBM_83,NA,83,NA,NA
AK16,VCC_HBM_83,NA,83,NA,NA
AK18,VCC_HBM_83,NA,83,NA,NA
AK20,VCC_HBM_83,NA,83,NA,NA
AK22,VCC_HBM_83,NA,83,NA,NA
AD10,VCC_IO_HBM_83,NA,83,NA,NA
AD12,VCC_IO_HBM_83,NA,83,NA,NA
AD14,VCC_IO_HBM_83,NA,83,NA,NA
AD16,VCC_IO_HBM_83,NA,83,NA,NA
AD18,VCC_IO_HBM_83,NA,83,NA,NA
AD20,VCC_IO_HBM_83,NA,83,NA,NA
AD22,VCC_IO_HBM_83,NA,83,NA,NA
AE11,VCC_IO_HBM_83,NA,83,NA,NA
AE13,VCC_IO_HBM_83,NA,83,NA,NA
AE15,VCC_IO_HBM_83,NA,83,NA,NA
AE17,VCC_IO_HBM_83,NA,83,NA,NA
AE19,VCC_IO_HBM_83,NA,83,NA,NA
AE21,VCC_IO_HBM_83,NA,83,NA,NA
AE9,VCC_IO_HBM_83,NA,83,NA,NA
AF10,VCC_IO_HBM_83,NA,83,NA,NA
AF12,VCC_IO_HBM_83,NA,83,NA,NA
AF14,VCC_IO_HBM_83,NA,83,NA,NA
AF16,VCC_IO_HBM_83,NA,83,NA,NA
AF18,VCC_IO_HBM_83,NA,83,NA,NA
AF20,VCC_IO_HBM_83,NA,83,NA,NA
AF22,VCC_IO_HBM_83,NA,83,NA,NA
AG11,VCC_IO_HBM_83,NA,83,NA,NA
AG13,VCC_IO_HBM_83,NA,83,NA,NA
AG15,VCC_IO_HBM_83,NA,83,NA,NA
AG17,VCC_IO_HBM_83,NA,83,NA,NA
AG19,VCC_IO_HBM_83,NA,83,NA,NA
AG21,VCC_IO_HBM_83,NA,83,NA,NA
AG9,VCC_IO_HBM_83,NA,83,NA,NA
A10,GND,NA,NA,NA,NA
A11,GND,NA,NA,NA,NA
A12,GND,NA,NA,NA,NA
A13,GND,NA,NA,NA,NA
A18,GND,NA,NA,NA,NA
A23,GND,NA,NA,NA,NA
A28,GND,NA,NA,NA,NA
A3,GND,NA,NA,NA,NA
A33,GND,NA,NA,NA,NA
A35,GND,NA,NA,NA,NA
A36,GND,NA,NA,NA,NA
A37,GND,NA,NA,NA,NA
A38,GND,NA,NA,NA,NA
A39,GND,NA,NA,NA,NA
A4,GND,NA,NA,NA,NA
A40,GND,NA,NA,NA,NA
A41,GND,NA,NA,NA,NA
A42,GND,NA,NA,NA,NA
A5,GND,NA,NA,NA,NA
A6,GND,NA,NA,NA,NA
A7,GND,NA,NA,NA,NA
A8,GND,NA,NA,NA,NA
A9,GND,NA,NA,NA,NA
AA1,GND,NA,NA,NA,NA
AA10,GND,NA,NA,NA,NA
AA12,GND,NA,NA,NA,NA
AA14,GND,NA,NA,NA,NA
AA16,GND,NA,NA,NA,NA
AA18,GND,NA,NA,NA,NA
AA2,GND,NA,NA,NA,NA
AA20,GND,NA,NA,NA,NA
AA22,GND,NA,NA,NA,NA
AA24,GND,NA,NA,NA,NA
AA26,GND,NA,NA,NA,NA
AA28,GND,NA,NA,NA,NA
AA3,GND,NA,NA,NA,NA
AA30,GND,NA,NA,NA,NA
AA32,GND,NA,NA,NA,NA
AA34,GND,NA,NA,NA,NA
AA36,GND,NA,NA,NA,NA
AA37,GND,NA,NA,NA,NA
AA39,GND,NA,NA,NA,NA
AA42,GND,NA,NA,NA,NA
AA43,GND,NA,NA,NA,NA
AA44,GND,NA,NA,NA,NA
AA6,GND,NA,NA,NA,NA
AA8,GND,NA,NA,NA,NA
AB11,GND,NA,NA,NA,NA
AB13,GND,NA,NA,NA,NA
AB15,GND,NA,NA,NA,NA
AB17,GND,NA,NA,NA,NA
AB19,GND,NA,NA,NA,NA
AB21,GND,NA,NA,NA,NA
AB23,GND,NA,NA,NA,NA
AB25,GND,NA,NA,NA,NA
AB27,GND,NA,NA,NA,NA
AB29,GND,NA,NA,NA,NA
AB3,GND,NA,NA,NA,NA
AB31,GND,NA,NA,NA,NA
AB33,GND,NA,NA,NA,NA
AB35,GND,NA,NA,NA,NA
AB37,GND,NA,NA,NA,NA
AB38,GND,NA,NA,NA,NA
AB39,GND,NA,NA,NA,NA
AB4,GND,NA,NA,NA,NA
AB41,GND,NA,NA,NA,NA
AB42,GND,NA,NA,NA,NA
AB6,GND,NA,NA,NA,NA
AB7,GND,NA,NA,NA,NA
AB8,GND,NA,NA,NA,NA
AB9,GND,NA,NA,NA,NA
AC1,GND,NA,NA,NA,NA
AC10,GND,NA,NA,NA,NA
AC12,GND,NA,NA,NA,NA
AC14,GND,NA,NA,NA,NA
AC16,GND,NA,NA,NA,NA
AC18,GND,NA,NA,NA,NA
AC2,GND,NA,NA,NA,NA
AC20,GND,NA,NA,NA,NA
AC22,GND,NA,NA,NA,NA
AC24,GND,NA,NA,NA,NA
AC26,GND,NA,NA,NA,NA
AC28,GND,NA,NA,NA,NA
AC3,GND,NA,NA,NA,NA
AC30,GND,NA,NA,NA,NA
AC32,GND,NA,NA,NA,NA
AC34,GND,NA,NA,NA,NA
AC36,GND,NA,NA,NA,NA
AC37,GND,NA,NA,NA,NA
AC39,GND,NA,NA,NA,NA
AC40,GND,NA,NA,NA,NA
AC42,GND,NA,NA,NA,NA
AC43,GND,NA,NA,NA,NA
AC44,GND,NA,NA,NA,NA
AC5,GND,NA,NA,NA,NA
AC6,GND,NA,NA,NA,NA
AC8,GND,NA,NA,NA,NA
AD11,GND,NA,NA,NA,NA
AD13,GND,NA,NA,NA,NA
AD15,GND,NA,NA,NA,NA
AD17,GND,NA,NA,NA,NA
AD19,GND,NA,NA,NA,NA
AD21,GND,NA,NA,NA,NA
AD23,GND,NA,NA,NA,NA
AD25,GND,NA,NA,NA,NA
AD27,GND,NA,NA,NA,NA
AD29,GND,NA,NA,NA,NA
AD3,GND,NA,NA,NA,NA
AD31,GND,NA,NA,NA,NA
AD33,GND,NA,NA,NA,NA
AD35,GND,NA,NA,NA,NA
AD37,GND,NA,NA,NA,NA
AD38,GND,NA,NA,NA,NA
AD39,GND,NA,NA,NA,NA
AD42,GND,NA,NA,NA,NA
AD6,GND,NA,NA,NA,NA
AD7,GND,NA,NA,NA,NA
AD8,GND,NA,NA,NA,NA
AD9,GND,NA,NA,NA,NA
AE1,GND,NA,NA,NA,NA
AE10,GND,NA,NA,NA,NA
AE12,GND,NA,NA,NA,NA
AE14,GND,NA,NA,NA,NA
AE16,GND,NA,NA,NA,NA
AE18,GND,NA,NA,NA,NA
AE2,GND,NA,NA,NA,NA
AE20,GND,NA,NA,NA,NA
AE22,GND,NA,NA,NA,NA
AE23,GND,NA,NA,NA,NA
AE24,GND,NA,NA,NA,NA
AE26,GND,NA,NA,NA,NA
AE28,GND,NA,NA,NA,NA
AE3,GND,NA,NA,NA,NA
AE30,GND,NA,NA,NA,NA
AE32,GND,NA,NA,NA,NA
AE34,GND,NA,NA,NA,NA
AE36,GND,NA,NA,NA,NA
AE37,GND,NA,NA,NA,NA
AE4,GND,NA,NA,NA,NA
AE40,GND,NA,NA,NA,NA
AE41,GND,NA,NA,NA,NA
AE42,GND,NA,NA,NA,NA
AE43,GND,NA,NA,NA,NA
AE44,GND,NA,NA,NA,NA
AE5,GND,NA,NA,NA,NA
AE8,GND,NA,NA,NA,NA
AF11,GND,NA,NA,NA,NA
AF13,GND,NA,NA,NA,NA
AF15,GND,NA,NA,NA,NA
AF17,GND,NA,NA,NA,NA
AF19,GND,NA,NA,NA,NA
AF21,GND,NA,NA,NA,NA
AF23,GND,NA,NA,NA,NA
AF25,GND,NA,NA,NA,NA
AF27,GND,NA,NA,NA,NA
AF29,GND,NA,NA,NA,NA
AF3,GND,NA,NA,NA,NA
AF31,GND,NA,NA,NA,NA
AF33,GND,NA,NA,NA,NA
AF35,GND,NA,NA,NA,NA
AF37,GND,NA,NA,NA,NA
AF38,GND,NA,NA,NA,NA
AF39,GND,NA,NA,NA,NA
AF42,GND,NA,NA,NA,NA
AF6,GND,NA,NA,NA,NA
AF7,GND,NA,NA,NA,NA
AF8,GND,NA,NA,NA,NA
AF9,GND,NA,NA,NA,NA
AG1,GND,NA,NA,NA,NA
AG10,GND,NA,NA,NA,NA
AG12,GND,NA,NA,NA,NA
AG14,GND,NA,NA,NA,NA
AG16,GND,NA,NA,NA,NA
AG18,GND,NA,NA,NA,NA
AG2,GND,NA,NA,NA,NA
AG20,GND,NA,NA,NA,NA
AG22,GND,NA,NA,NA,NA
AG23,GND,NA,NA,NA,NA
AG24,GND,NA,NA,NA,NA
AG26,GND,NA,NA,NA,NA
AG28,GND,NA,NA,NA,NA
AG3,GND,NA,NA,NA,NA
AG30,GND,NA,NA,NA,NA
AG32,GND,NA,NA,NA,NA
AG34,GND,NA,NA,NA,NA
AG36,GND,NA,NA,NA,NA
AG37,GND,NA,NA,NA,NA
AG4,GND,NA,NA,NA,NA
AG40,GND,NA,NA,NA,NA
AG41,GND,NA,NA,NA,NA
AG42,GND,NA,NA,NA,NA
AG43,GND,NA,NA,NA,NA
AG44,GND,NA,NA,NA,NA
AG5,GND,NA,NA,NA,NA
AG8,GND,NA,NA,NA,NA
AH11,GND,NA,NA,NA,NA
AH13,GND,NA,NA,NA,NA
AH15,GND,NA,NA,NA,NA
AH17,GND,NA,NA,NA,NA
AH19,GND,NA,NA,NA,NA
AH21,GND,NA,NA,NA,NA
AH23,GND,NA,NA,NA,NA
AH25,GND,NA,NA,NA,NA
AH27,GND,NA,NA,NA,NA
AH29,GND,NA,NA,NA,NA
AH3,GND,NA,NA,NA,NA
AH31,GND,NA,NA,NA,NA
AH33,GND,NA,NA,NA,NA
AH35,GND,NA,NA,NA,NA
AH37,GND,NA,NA,NA,NA
AH38,GND,NA,NA,NA,NA
AH39,GND,NA,NA,NA,NA
AH42,GND,NA,NA,NA,NA
AH6,GND,NA,NA,NA,NA
AH7,GND,NA,NA,NA,NA
AH8,GND,NA,NA,NA,NA
AH9,GND,NA,NA,NA,NA
AJ1,GND,NA,NA,NA,NA
AJ10,GND,NA,NA,NA,NA
AJ12,GND,NA,NA,NA,NA
AJ14,GND,NA,NA,NA,NA
AJ16,GND,NA,NA,NA,NA
AJ18,GND,NA,NA,NA,NA
AJ2,GND,NA,NA,NA,NA
AJ20,GND,NA,NA,NA,NA
AJ22,GND,NA,NA,NA,NA
AJ23,GND,NA,NA,NA,NA
AJ24,GND,NA,NA,NA,NA
AJ26,GND,NA,NA,NA,NA
AJ28,GND,NA,NA,NA,NA
AJ3,GND,NA,NA,NA,NA
AJ30,GND,NA,NA,NA,NA
AJ32,GND,NA,NA,NA,NA
AJ34,GND,NA,NA,NA,NA
AJ36,GND,NA,NA,NA,NA
AJ37,GND,NA,NA,NA,NA
AJ4,GND,NA,NA,NA,NA
AJ40,GND,NA,NA,NA,NA
AJ41,GND,NA,NA,NA,NA
AJ42,GND,NA,NA,NA,NA
AJ43,GND,NA,NA,NA,NA
AJ44,GND,NA,NA,NA,NA
AJ5,GND,NA,NA,NA,NA
AJ8,GND,NA,NA,NA,NA
AK11,GND,NA,NA,NA,NA
AK13,GND,NA,NA,NA,NA
AK15,GND,NA,NA,NA,NA
AK17,GND,NA,NA,NA,NA
AK19,GND,NA,NA,NA,NA
AK21,GND,NA,NA,NA,NA
AK23,GND,NA,NA,NA,NA
AK25,GND,NA,NA,NA,NA
AK27,GND,NA,NA,NA,NA
AK29,GND,NA,NA,NA,NA
AK3,GND,NA,NA,NA,NA
AK31,GND,NA,NA,NA,NA
AK33,GND,NA,NA,NA,NA
AK35,GND,NA,NA,NA,NA
AK37,GND,NA,NA,NA,NA
AK38,GND,NA,NA,NA,NA
AK39,GND,NA,NA,NA,NA
AK42,GND,NA,NA,NA,NA
AK6,GND,NA,NA,NA,NA
AK7,GND,NA,NA,NA,NA
AK8,GND,NA,NA,NA,NA
AK9,GND,NA,NA,NA,NA
AL1,GND,NA,NA,NA,NA
AL12,GND,NA,NA,NA,NA
AL14,GND,NA,NA,NA,NA
AL16,GND,NA,NA,NA,NA
AL18,GND,NA,NA,NA,NA
AL2,GND,NA,NA,NA,NA
AL20,GND,NA,NA,NA,NA
AL22,GND,NA,NA,NA,NA
AL23,GND,NA,NA,NA,NA
AL24,GND,NA,NA,NA,NA
AL26,GND,NA,NA,NA,NA
AL28,GND,NA,NA,NA,NA
AL3,GND,NA,NA,NA,NA
AL30,GND,NA,NA,NA,NA
AL32,GND,NA,NA,NA,NA
AL34,GND,NA,NA,NA,NA
AL37,GND,NA,NA,NA,NA
AL38,GND,NA,NA,NA,NA
AL39,GND,NA,NA,NA,NA
AL4,GND,NA,NA,NA,NA
AL40,GND,NA,NA,NA,NA
AL41,GND,NA,NA,NA,NA
AL42,GND,NA,NA,NA,NA
AL43,GND,NA,NA,NA,NA
AL44,GND,NA,NA,NA,NA
AL5,GND,NA,NA,NA,NA
AL6,GND,NA,NA,NA,NA
AL7,GND,NA,NA,NA,NA
AL8,GND,NA,NA,NA,NA
AM18,GND,NA,NA,NA,NA
AM3,GND,NA,NA,NA,NA
AM37,GND,NA,NA,NA,NA
AM38,GND,NA,NA,NA,NA
AM39,GND,NA,NA,NA,NA
AM42,GND,NA,NA,NA,NA
AM6,GND,NA,NA,NA,NA
AM7,GND,NA,NA,NA,NA
AM8,GND,NA,NA,NA,NA
AN1,GND,NA,NA,NA,NA
AN15,GND,NA,NA,NA,NA
AN2,GND,NA,NA,NA,NA
AN20,GND,NA,NA,NA,NA
AN3,GND,NA,NA,NA,NA
AN37,GND,NA,NA,NA,NA
AN4,GND,NA,NA,NA,NA
AN40,GND,NA,NA,NA,NA
AN41,GND,NA,NA,NA,NA
AN42,GND,NA,NA,NA,NA
AN43,GND,NA,NA,NA,NA
AN44,GND,NA,NA,NA,NA
AN5,GND,NA,NA,NA,NA
AN8,GND,NA,NA,NA,NA
AP17,GND,NA,NA,NA,NA
AP3,GND,NA,NA,NA,NA
AP37,GND,NA,NA,NA,NA
AP38,GND,NA,NA,NA,NA
AP39,GND,NA,NA,NA,NA
AP42,GND,NA,NA,NA,NA
AP6,GND,NA,NA,NA,NA
AP7,GND,NA,NA,NA,NA
AP8,GND,NA,NA,NA,NA
AR1,GND,NA,NA,NA,NA
AR19,GND,NA,NA,NA,NA
AR2,GND,NA,NA,NA,NA
AR3,GND,NA,NA,NA,NA
AR37,GND,NA,NA,NA,NA
AR4,GND,NA,NA,NA,NA
AR40,GND,NA,NA,NA,NA
AR41,GND,NA,NA,NA,NA
AR42,GND,NA,NA,NA,NA
AR43,GND,NA,NA,NA,NA
AR44,GND,NA,NA,NA,NA
AR5,GND,NA,NA,NA,NA
AR8,GND,NA,NA,NA,NA
AT1,GND,NA,NA,NA,NA
AT16,GND,NA,NA,NA,NA
AT2,GND,NA,NA,NA,NA
AT3,GND,NA,NA,NA,NA
AT37,GND,NA,NA,NA,NA
AT38,GND,NA,NA,NA,NA
AT39,GND,NA,NA,NA,NA
AT42,GND,NA,NA,NA,NA
AT43,GND,NA,NA,NA,NA
AT44,GND,NA,NA,NA,NA
AT6,GND,NA,NA,NA,NA
AT7,GND,NA,NA,NA,NA
AT8,GND,NA,NA,NA,NA
AU1,GND,NA,NA,NA,NA
AU18,GND,NA,NA,NA,NA
AU2,GND,NA,NA,NA,NA
AU3,GND,NA,NA,NA,NA
AU37,GND,NA,NA,NA,NA
AU38,GND,NA,NA,NA,NA
AU39,GND,NA,NA,NA,NA
AU4,GND,NA,NA,NA,NA
AU40,GND,NA,NA,NA,NA
AU41,GND,NA,NA,NA,NA
AU42,GND,NA,NA,NA,NA
AU43,GND,NA,NA,NA,NA
AU44,GND,NA,NA,NA,NA
AU5,GND,NA,NA,NA,NA
AU6,GND,NA,NA,NA,NA
AU7,GND,NA,NA,NA,NA
AU8,GND,NA,NA,NA,NA
AV1,GND,NA,NA,NA,NA
AV15,GND,NA,NA,NA,NA
AV2,GND,NA,NA,NA,NA
AV20,GND,NA,NA,NA,NA
AV3,GND,NA,NA,NA,NA
AV37,GND,NA,NA,NA,NA
AV38,GND,NA,NA,NA,NA
AV39,GND,NA,NA,NA,NA
AV42,GND,NA,NA,NA,NA
AV43,GND,NA,NA,NA,NA
AV44,GND,NA,NA,NA,NA
AV6,GND,NA,NA,NA,NA
AV7,GND,NA,NA,NA,NA
AV8,GND,NA,NA,NA,NA
AW1,GND,NA,NA,NA,NA
AW17,GND,NA,NA,NA,NA
AW2,GND,NA,NA,NA,NA
AW3,GND,NA,NA,NA,NA
AW37,GND,NA,NA,NA,NA
AW38,GND,NA,NA,NA,NA
AW39,GND,NA,NA,NA,NA
AW4,GND,NA,NA,NA,NA
AW40,GND,NA,NA,NA,NA
AW41,GND,NA,NA,NA,NA
AW42,GND,NA,NA,NA,NA
AW43,GND,NA,NA,NA,NA
AW44,GND,NA,NA,NA,NA
AW5,GND,NA,NA,NA,NA
AW6,GND,NA,NA,NA,NA
AW7,GND,NA,NA,NA,NA
AW8,GND,NA,NA,NA,NA
AY1,GND,NA,NA,NA,NA
AY2,GND,NA,NA,NA,NA
AY3,GND,NA,NA,NA,NA
AY42,GND,NA,NA,NA,NA
AY43,GND,NA,NA,NA,NA
AY44,GND,NA,NA,NA,NA
B10,GND,NA,NA,NA,NA
B11,GND,NA,NA,NA,NA
B12,GND,NA,NA,NA,NA
B15,GND,NA,NA,NA,NA
B2,GND,NA,NA,NA,NA
B20,GND,NA,NA,NA,NA
B25,GND,NA,NA,NA,NA
B3,GND,NA,NA,NA,NA
B30,GND,NA,NA,NA,NA
B35,GND,NA,NA,NA,NA
B36,GND,NA,NA,NA,NA
B37,GND,NA,NA,NA,NA
B38,GND,NA,NA,NA,NA
B39,GND,NA,NA,NA,NA
B4,GND,NA,NA,NA,NA
B40,GND,NA,NA,NA,NA
B41,GND,NA,NA,NA,NA
B42,GND,NA,NA,NA,NA
B43,GND,NA,NA,NA,NA
B5,GND,NA,NA,NA,NA
B6,GND,NA,NA,NA,NA
B7,GND,NA,NA,NA,NA
B8,GND,NA,NA,NA,NA
B9,GND,NA,NA,NA,NA
BA1,GND,NA,NA,NA,NA
BA2,GND,NA,NA,NA,NA
BA3,GND,NA,NA,NA,NA
BA42,GND,NA,NA,NA,NA
BA43,GND,NA,NA,NA,NA
BA44,GND,NA,NA,NA,NA
BB1,GND,NA,NA,NA,NA
BB2,GND,NA,NA,NA,NA
BB3,GND,NA,NA,NA,NA
BB42,GND,NA,NA,NA,NA
BB43,GND,NA,NA,NA,NA
BB44,GND,NA,NA,NA,NA
BC2,GND,NA,NA,NA,NA
BC3,GND,NA,NA,NA,NA
BC42,GND,NA,NA,NA,NA
BC43,GND,NA,NA,NA,NA
BD3,GND,NA,NA,NA,NA
BD42,GND,NA,NA,NA,NA
C1,GND,NA,NA,NA,NA
C10,GND,NA,NA,NA,NA
C11,GND,NA,NA,NA,NA
C12,GND,NA,NA,NA,NA
C17,GND,NA,NA,NA,NA
C2,GND,NA,NA,NA,NA
C22,GND,NA,NA,NA,NA
C27,GND,NA,NA,NA,NA
C3,GND,NA,NA,NA,NA
C32,GND,NA,NA,NA,NA
C35,GND,NA,NA,NA,NA
C36,GND,NA,NA,NA,NA
C37,GND,NA,NA,NA,NA
C38,GND,NA,NA,NA,NA
C39,GND,NA,NA,NA,NA
C42,GND,NA,NA,NA,NA
C43,GND,NA,NA,NA,NA
C44,GND,NA,NA,NA,NA
C6,GND,NA,NA,NA,NA
C7,GND,NA,NA,NA,NA
C8,GND,NA,NA,NA,NA
C9,GND,NA,NA,NA,NA
D10,GND,NA,NA,NA,NA
D11,GND,NA,NA,NA,NA
D12,GND,NA,NA,NA,NA
D14,GND,NA,NA,NA,NA
D19,GND,NA,NA,NA,NA
D24,GND,NA,NA,NA,NA
D29,GND,NA,NA,NA,NA
D3,GND,NA,NA,NA,NA
D34,GND,NA,NA,NA,NA
D35,GND,NA,NA,NA,NA
D36,GND,NA,NA,NA,NA
D37,GND,NA,NA,NA,NA
D4,GND,NA,NA,NA,NA
D40,GND,NA,NA,NA,NA
D41,GND,NA,NA,NA,NA
D42,GND,NA,NA,NA,NA
D5,GND,NA,NA,NA,NA
D8,GND,NA,NA,NA,NA
D9,GND,NA,NA,NA,NA
E1,GND,NA,NA,NA,NA
E11,GND,NA,NA,NA,NA
E12,GND,NA,NA,NA,NA
E2,GND,NA,NA,NA,NA
E21,GND,NA,NA,NA,NA
E3,GND,NA,NA,NA,NA
E31,GND,NA,NA,NA,NA
E35,GND,NA,NA,NA,NA
E36,GND,NA,NA,NA,NA
E37,GND,NA,NA,NA,NA
E38,GND,NA,NA,NA,NA
E39,GND,NA,NA,NA,NA
E42,GND,NA,NA,NA,NA
E43,GND,NA,NA,NA,NA
E44,GND,NA,NA,NA,NA
E6,GND,NA,NA,NA,NA
E7,GND,NA,NA,NA,NA
E8,GND,NA,NA,NA,NA
F12,GND,NA,NA,NA,NA
F13,GND,NA,NA,NA,NA
F18,GND,NA,NA,NA,NA
F28,GND,NA,NA,NA,NA
F3,GND,NA,NA,NA,NA
F35,GND,NA,NA,NA,NA
F36,GND,NA,NA,NA,NA
F37,GND,NA,NA,NA,NA
F4,GND,NA,NA,NA,NA
F40,GND,NA,NA,NA,NA
F41,GND,NA,NA,NA,NA
F42,GND,NA,NA,NA,NA
F5,GND,NA,NA,NA,NA
F8,GND,NA,NA,NA,NA
G1,GND,NA,NA,NA,NA
G12,GND,NA,NA,NA,NA
G15,GND,NA,NA,NA,NA
G2,GND,NA,NA,NA,NA
G25,GND,NA,NA,NA,NA
G3,GND,NA,NA,NA,NA
G35,GND,NA,NA,NA,NA
G36,GND,NA,NA,NA,NA
G37,GND,NA,NA,NA,NA
G38,GND,NA,NA,NA,NA
G39,GND,NA,NA,NA,NA
G42,GND,NA,NA,NA,NA
G43,GND,NA,NA,NA,NA
G44,GND,NA,NA,NA,NA
G6,GND,NA,NA,NA,NA
G7,GND,NA,NA,NA,NA
G8,GND,NA,NA,NA,NA
H12,GND,NA,NA,NA,NA
H22,GND,NA,NA,NA,NA
H3,GND,NA,NA,NA,NA
H32,GND,NA,NA,NA,NA
H35,GND,NA,NA,NA,NA
H36,GND,NA,NA,NA,NA
H37,GND,NA,NA,NA,NA
H4,GND,NA,NA,NA,NA
H40,GND,NA,NA,NA,NA
H41,GND,NA,NA,NA,NA
H42,GND,NA,NA,NA,NA
H5,GND,NA,NA,NA,NA
H8,GND,NA,NA,NA,NA
J1,GND,NA,NA,NA,NA
J12,GND,NA,NA,NA,NA
J19,GND,NA,NA,NA,NA
J2,GND,NA,NA,NA,NA
J29,GND,NA,NA,NA,NA
J3,GND,NA,NA,NA,NA
J34,GND,NA,NA,NA,NA
J35,GND,NA,NA,NA,NA
J36,GND,NA,NA,NA,NA
J37,GND,NA,NA,NA,NA
J38,GND,NA,NA,NA,NA
J39,GND,NA,NA,NA,NA
J42,GND,NA,NA,NA,NA
J43,GND,NA,NA,NA,NA
J44,GND,NA,NA,NA,NA
J6,GND,NA,NA,NA,NA
J7,GND,NA,NA,NA,NA
J8,GND,NA,NA,NA,NA
J9,GND,NA,NA,NA,NA
K12,GND,NA,NA,NA,NA
K16,GND,NA,NA,NA,NA
K26,GND,NA,NA,NA,NA
K3,GND,NA,NA,NA,NA
K35,GND,NA,NA,NA,NA
K36,GND,NA,NA,NA,NA
K37,GND,NA,NA,NA,NA
K4,GND,NA,NA,NA,NA
K40,GND,NA,NA,NA,NA
K41,GND,NA,NA,NA,NA
K42,GND,NA,NA,NA,NA
K5,GND,NA,NA,NA,NA
K8,GND,NA,NA,NA,NA
L1,GND,NA,NA,NA,NA
L13,GND,NA,NA,NA,NA
L18,GND,NA,NA,NA,NA
L2,GND,NA,NA,NA,NA
L23,GND,NA,NA,NA,NA
L28,GND,NA,NA,NA,NA
L3,GND,NA,NA,NA,NA
L33,GND,NA,NA,NA,NA
L35,GND,NA,NA,NA,NA
L36,GND,NA,NA,NA,NA
L37,GND,NA,NA,NA,NA
L39,GND,NA,NA,NA,NA
L42,GND,NA,NA,NA,NA
L43,GND,NA,NA,NA,NA
L44,GND,NA,NA,NA,NA
L6,GND,NA,NA,NA,NA
L8,GND,NA,NA,NA,NA
M10,GND,NA,NA,NA,NA
M15,GND,NA,NA,NA,NA
M20,GND,NA,NA,NA,NA
M25,GND,NA,NA,NA,NA
M3,GND,NA,NA,NA,NA
M30,GND,NA,NA,NA,NA
M35,GND,NA,NA,NA,NA
M36,GND,NA,NA,NA,NA
M37,GND,NA,NA,NA,NA
M38,GND,NA,NA,NA,NA
M39,GND,NA,NA,NA,NA
M4,GND,NA,NA,NA,NA
M40,GND,NA,NA,NA,NA
M41,GND,NA,NA,NA,NA
M42,GND,NA,NA,NA,NA
M5,GND,NA,NA,NA,NA
M6,GND,NA,NA,NA,NA
M7,GND,NA,NA,NA,NA
M8,GND,NA,NA,NA,NA
N1,GND,NA,NA,NA,NA
N10,GND,NA,NA,NA,NA
N12,GND,NA,NA,NA,NA
N14,GND,NA,NA,NA,NA
N16,GND,NA,NA,NA,NA
N18,GND,NA,NA,NA,NA
N2,GND,NA,NA,NA,NA
N20,GND,NA,NA,NA,NA
N22,GND,NA,NA,NA,NA
N24,GND,NA,NA,NA,NA
N26,GND,NA,NA,NA,NA
N28,GND,NA,NA,NA,NA
N3,GND,NA,NA,NA,NA
N30,GND,NA,NA,NA,NA
N32,GND,NA,NA,NA,NA
N34,GND,NA,NA,NA,NA
N36,GND,NA,NA,NA,NA
N37,GND,NA,NA,NA,NA
N39,GND,NA,NA,NA,NA
N42,GND,NA,NA,NA,NA
N43,GND,NA,NA,NA,NA
N44,GND,NA,NA,NA,NA
N6,GND,NA,NA,NA,NA
N8,GND,NA,NA,NA,NA
N9,GND,NA,NA,NA,NA
P11,GND,NA,NA,NA,NA
P13,GND,NA,NA,NA,NA
P15,GND,NA,NA,NA,NA
P17,GND,NA,NA,NA,NA
P19,GND,NA,NA,NA,NA
P21,GND,NA,NA,NA,NA
P23,GND,NA,NA,NA,NA
P25,GND,NA,NA,NA,NA
P27,GND,NA,NA,NA,NA
P29,GND,NA,NA,NA,NA
P3,GND,NA,NA,NA,NA
P31,GND,NA,NA,NA,NA
P33,GND,NA,NA,NA,NA
P35,GND,NA,NA,NA,NA
P37,GND,NA,NA,NA,NA
P38,GND,NA,NA,NA,NA
P39,GND,NA,NA,NA,NA
P4,GND,NA,NA,NA,NA
P40,GND,NA,NA,NA,NA
P41,GND,NA,NA,NA,NA
P42,GND,NA,NA,NA,NA
P5,GND,NA,NA,NA,NA
P6,GND,NA,NA,NA,NA
P7,GND,NA,NA,NA,NA
P8,GND,NA,NA,NA,NA
P9,GND,NA,NA,NA,NA
R1,GND,NA,NA,NA,NA
R10,GND,NA,NA,NA,NA
R12,GND,NA,NA,NA,NA
R14,GND,NA,NA,NA,NA
R16,GND,NA,NA,NA,NA
R18,GND,NA,NA,NA,NA
R2,GND,NA,NA,NA,NA
R20,GND,NA,NA,NA,NA
R22,GND,NA,NA,NA,NA
R24,GND,NA,NA,NA,NA
R26,GND,NA,NA,NA,NA
R28,GND,NA,NA,NA,NA
R3,GND,NA,NA,NA,NA
R30,GND,NA,NA,NA,NA
R32,GND,NA,NA,NA,NA
R34,GND,NA,NA,NA,NA
R36,GND,NA,NA,NA,NA
R37,GND,NA,NA,NA,NA
R39,GND,NA,NA,NA,NA
R42,GND,NA,NA,NA,NA
R43,GND,NA,NA,NA,NA
R44,GND,NA,NA,NA,NA
R6,GND,NA,NA,NA,NA
R8,GND,NA,NA,NA,NA
T11,GND,NA,NA,NA,NA
T13,GND,NA,NA,NA,NA
T15,GND,NA,NA,NA,NA
T17,GND,NA,NA,NA,NA
T19,GND,NA,NA,NA,NA
T21,GND,NA,NA,NA,NA
T25,GND,NA,NA,NA,NA
T27,GND,NA,NA,NA,NA
T29,GND,NA,NA,NA,NA
T3,GND,NA,NA,NA,NA
T31,GND,NA,NA,NA,NA
T33,GND,NA,NA,NA,NA
T35,GND,NA,NA,NA,NA
T37,GND,NA,NA,NA,NA
T38,GND,NA,NA,NA,NA
T39,GND,NA,NA,NA,NA
T4,GND,NA,NA,NA,NA
T40,GND,NA,NA,NA,NA
T41,GND,NA,NA,NA,NA
T42,GND,NA,NA,NA,NA
T5,GND,NA,NA,NA,NA
T6,GND,NA,NA,NA,NA
T7,GND,NA,NA,NA,NA
T8,GND,NA,NA,NA,NA
T9,GND,NA,NA,NA,NA
U1,GND,NA,NA,NA,NA
U10,GND,NA,NA,NA,NA
U12,GND,NA,NA,NA,NA
U14,GND,NA,NA,NA,NA
U16,GND,NA,NA,NA,NA
U18,GND,NA,NA,NA,NA
U2,GND,NA,NA,NA,NA
U20,GND,NA,NA,NA,NA
U24,GND,NA,NA,NA,NA
U26,GND,NA,NA,NA,NA
U28,GND,NA,NA,NA,NA
U3,GND,NA,NA,NA,NA
U30,GND,NA,NA,NA,NA
U32,GND,NA,NA,NA,NA
U34,GND,NA,NA,NA,NA
U36,GND,NA,NA,NA,NA
U37,GND,NA,NA,NA,NA
U39,GND,NA,NA,NA,NA
U42,GND,NA,NA,NA,NA
U43,GND,NA,NA,NA,NA
U44,GND,NA,NA,NA,NA
U6,GND,NA,NA,NA,NA
U8,GND,NA,NA,NA,NA
V11,GND,NA,NA,NA,NA
V13,GND,NA,NA,NA,NA
V15,GND,NA,NA,NA,NA
V17,GND,NA,NA,NA,NA
V19,GND,NA,NA,NA,NA
V21,GND,NA,NA,NA,NA
V25,GND,NA,NA,NA,NA
V27,GND,NA,NA,NA,NA
V29,GND,NA,NA,NA,NA
V3,GND,NA,NA,NA,NA
V31,GND,NA,NA,NA,NA
V33,GND,NA,NA,NA,NA
V35,GND,NA,NA,NA,NA
V37,GND,NA,NA,NA,NA
V38,GND,NA,NA,NA,NA
V39,GND,NA,NA,NA,NA
V40,GND,NA,NA,NA,NA
V42,GND,NA,NA,NA,NA
V5,GND,NA,NA,NA,NA
V6,GND,NA,NA,NA,NA
V7,GND,NA,NA,NA,NA
V8,GND,NA,NA,NA,NA
V9,GND,NA,NA,NA,NA
W1,GND,NA,NA,NA,NA
W10,GND,NA,NA,NA,NA
W12,GND,NA,NA,NA,NA
W14,GND,NA,NA,NA,NA
W16,GND,NA,NA,NA,NA
W18,GND,NA,NA,NA,NA
W2,GND,NA,NA,NA,NA
W20,GND,NA,NA,NA,NA
W24,GND,NA,NA,NA,NA
W26,GND,NA,NA,NA,NA
W28,GND,NA,NA,NA,NA
W3,GND,NA,NA,NA,NA
W30,GND,NA,NA,NA,NA
W32,GND,NA,NA,NA,NA
W34,GND,NA,NA,NA,NA
W36,GND,NA,NA,NA,NA
W37,GND,NA,NA,NA,NA
W39,GND,NA,NA,NA,NA
W4,GND,NA,NA,NA,NA
W41,GND,NA,NA,NA,NA
W42,GND,NA,NA,NA,NA
W43,GND,NA,NA,NA,NA
W44,GND,NA,NA,NA,NA
W6,GND,NA,NA,NA,NA
W8,GND,NA,NA,NA,NA
Y11,GND,NA,NA,NA,NA
Y13,GND,NA,NA,NA,NA
Y15,GND,NA,NA,NA,NA
Y17,GND,NA,NA,NA,NA
Y19,GND,NA,NA,NA,NA
Y21,GND,NA,NA,NA,NA
Y23,GND,NA,NA,NA,NA
Y25,GND,NA,NA,NA,NA
Y27,GND,NA,NA,NA,NA
Y29,GND,NA,NA,NA,NA
Y3,GND,NA,NA,NA,NA
Y31,GND,NA,NA,NA,NA
Y33,GND,NA,NA,NA,NA
Y35,GND,NA,NA,NA,NA
Y37,GND,NA,NA,NA,NA
Y38,GND,NA,NA,NA,NA
Y39,GND,NA,NA,NA,NA
Y42,GND,NA,NA,NA,NA
Y6,GND,NA,NA,NA,NA
Y7,GND,NA,NA,NA,NA
Y8,GND,NA,NA,NA,NA
Y9,GND,NA,NA,NA,NA
L38,MGTAVCC_L,NA,NA,NA,NA
N38,MGTAVCC_L,NA,NA,NA,NA
R38,MGTAVCC_L,NA,NA,NA,NA
U38,MGTAVCC_L,NA,NA,NA,NA
W38,MGTAVCC_L,NA,NA,NA,NA
L7,MGTAVCC_R,NA,NA,NA,NA
N7,MGTAVCC_R,NA,NA,NA,NA
R7,MGTAVCC_R,NA,NA,NA,NA
U7,MGTAVCC_R,NA,NA,NA,NA
W7,MGTAVCC_R,NA,NA,NA,NA
AA40,MGTAVTT_L,NA,NA,NA,NA
AA41,MGTAVTT_L,NA,NA,NA,NA
AB40,MGTAVTT_L,NA,NA,NA,NA
AC41,MGTAVTT_L,NA,NA,NA,NA
V41,MGTAVTT_L,NA,NA,NA,NA
W40,MGTAVTT_L,NA,NA,NA,NA
Y40,MGTAVTT_L,NA,NA,NA,NA
Y41,MGTAVTT_L,NA,NA,NA,NA
AA4,MGTAVTT_R,NA,NA,NA,NA
AA5,MGTAVTT_R,NA,NA,NA,NA
AB5,MGTAVTT_R,NA,NA,NA,NA
AC4,MGTAVTT_R,NA,NA,NA,NA
V4,MGTAVTT_R,NA,NA,NA,NA
W5,MGTAVTT_R,NA,NA,NA,NA
Y4,MGTAVTT_R,NA,NA,NA,NA
Y5,MGTAVTT_R,NA,NA,NA,NA
AA38,MGTVCCAUX_L,NA,NA,NA,NA
AC38,MGTVCCAUX_L,NA,NA,NA,NA
AA7,MGTVCCAUX_R,NA,NA,NA,NA
AC7,MGTVCCAUX_R,NA,NA,NA,NA
AB36,VCCAUX,NA,NA,NA,NA
P36,VCCAUX,NA,NA,NA,NA
T36,VCCAUX,NA,NA,NA,NA
V36,VCCAUX,NA,NA,NA,NA
Y36,VCCAUX,NA,NA,NA,NA
AA35,VCCAUX_IO,NA,NA,NA,NA
R35,VCCAUX_IO,NA,NA,NA,NA
U35,VCCAUX_IO,NA,NA,NA,NA
W35,VCCAUX_IO,NA,NA,NA,NA
P10,VCCBRAM,NA,NA,NA,NA
T10,VCCBRAM,NA,NA,NA,NA
V10,VCCBRAM,NA,NA,NA,NA
Y10,VCCBRAM,NA,NA,NA,NA
AA11,VCCINT,NA,NA,NA,NA
AA13,VCCINT,NA,NA,NA,NA
AA15,VCCINT,NA,NA,NA,NA
AA17,VCCINT,NA,NA,NA,NA
AA19,VCCINT,NA,NA,NA,NA
AA21,VCCINT,NA,NA,NA,NA
AA23,VCCINT,NA,NA,NA,NA
AA25,VCCINT,NA,NA,NA,NA
AA27,VCCINT,NA,NA,NA,NA
AA29,VCCINT,NA,NA,NA,NA
AA31,VCCINT,NA,NA,NA,NA
AA33,VCCINT,NA,NA,NA,NA
N11,VCCINT,NA,NA,NA,NA
N13,VCCINT,NA,NA,NA,NA
N15,VCCINT,NA,NA,NA,NA
N17,VCCINT,NA,NA,NA,NA
N19,VCCINT,NA,NA,NA,NA
N21,VCCINT,NA,NA,NA,NA
N23,VCCINT,NA,NA,NA,NA
N25,VCCINT,NA,NA,NA,NA
N27,VCCINT,NA,NA,NA,NA
N29,VCCINT,NA,NA,NA,NA
N31,VCCINT,NA,NA,NA,NA
N33,VCCINT,NA,NA,NA,NA
N35,VCCINT,NA,NA,NA,NA
P12,VCCINT,NA,NA,NA,NA
P14,VCCINT,NA,NA,NA,NA
P16,VCCINT,NA,NA,NA,NA
P18,VCCINT,NA,NA,NA,NA
P20,VCCINT,NA,NA,NA,NA
P22,VCCINT,NA,NA,NA,NA
P24,VCCINT,NA,NA,NA,NA
P26,VCCINT,NA,NA,NA,NA
P28,VCCINT,NA,NA,NA,NA
P30,VCCINT,NA,NA,NA,NA
P32,VCCINT,NA,NA,NA,NA
P34,VCCINT,NA,NA,NA,NA
R11,VCCINT,NA,NA,NA,NA
R13,VCCINT,NA,NA,NA,NA
R15,VCCINT,NA,NA,NA,NA
R17,VCCINT,NA,NA,NA,NA
R19,VCCINT,NA,NA,NA,NA
R21,VCCINT,NA,NA,NA,NA
R23,VCCINT,NA,NA,NA,NA
R25,VCCINT,NA,NA,NA,NA
R27,VCCINT,NA,NA,NA,NA
R29,VCCINT,NA,NA,NA,NA
R31,VCCINT,NA,NA,NA,NA
R33,VCCINT,NA,NA,NA,NA
T12,VCCINT,NA,NA,NA,NA
T14,VCCINT,NA,NA,NA,NA
T16,VCCINT,NA,NA,NA,NA
T18,VCCINT,NA,NA,NA,NA
T20,VCCINT,NA,NA,NA,NA
T24,VCCINT,NA,NA,NA,NA
T26,VCCINT,NA,NA,NA,NA
T28,VCCINT,NA,NA,NA,NA
T30,VCCINT,NA,NA,NA,NA
T32,VCCINT,NA,NA,NA,NA
T34,VCCINT,NA,NA,NA,NA
U11,VCCINT,NA,NA,NA,NA
U13,VCCINT,NA,NA,NA,NA
U15,VCCINT,NA,NA,NA,NA
U17,VCCINT,NA,NA,NA,NA
U19,VCCINT,NA,NA,NA,NA
U21,VCCINT,NA,NA,NA,NA
U25,VCCINT,NA,NA,NA,NA
U27,VCCINT,NA,NA,NA,NA
U29,VCCINT,NA,NA,NA,NA
U31,VCCINT,NA,NA,NA,NA
U33,VCCINT,NA,NA,NA,NA
V12,VCCINT,NA,NA,NA,NA
V14,VCCINT,NA,NA,NA,NA
V16,VCCINT,NA,NA,NA,NA
V18,VCCINT,NA,NA,NA,NA
V20,VCCINT,NA,NA,NA,NA
V24,VCCINT,NA,NA,NA,NA
V26,VCCINT,NA,NA,NA,NA
V28,VCCINT,NA,NA,NA,NA
V30,VCCINT,NA,NA,NA,NA
V32,VCCINT,NA,NA,NA,NA
V34,VCCINT,NA,NA,NA,NA
W11,VCCINT,NA,NA,NA,NA
W13,VCCINT,NA,NA,NA,NA
W15,VCCINT,NA,NA,NA,NA
W17,VCCINT,NA,NA,NA,NA
W19,VCCINT,NA,NA,NA,NA
W21,VCCINT,NA,NA,NA,NA
W25,VCCINT,NA,NA,NA,NA
W27,VCCINT,NA,NA,NA,NA
W29,VCCINT,NA,NA,NA,NA
W31,VCCINT,NA,NA,NA,NA
W33,VCCINT,NA,NA,NA,NA
Y12,VCCINT,NA,NA,NA,NA
Y14,VCCINT,NA,NA,NA,NA
Y16,VCCINT,NA,NA,NA,NA
Y18,VCCINT,NA,NA,NA,NA
Y20,VCCINT,NA,NA,NA,NA
Y22,VCCINT,NA,NA,NA,NA
Y24,VCCINT,NA,NA,NA,NA
Y26,VCCINT,NA,NA,NA,NA
Y28,VCCINT,NA,NA,NA,NA
Y30,VCCINT,NA,NA,NA,NA
Y32,VCCINT,NA,NA,NA,NA
Y34,VCCINT,NA,NA,NA,NA
AA9,VCCINT_IO,NA,NA,NA,NA
AB10,VCCINT_IO,NA,NA,NA,NA
AB12,VCCINT_IO,NA,NA,NA,NA
AB14,VCCINT_IO,NA,NA,NA,NA
AB16,VCCINT_IO,NA,NA,NA,NA
AB18,VCCINT_IO,NA,NA,NA,NA
AB20,VCCINT_IO,NA,NA,NA,NA
AB22,VCCINT_IO,NA,NA,NA,NA
AB24,VCCINT_IO,NA,NA,NA,NA
AB26,VCCINT_IO,NA,NA,NA,NA
AB28,VCCINT_IO,NA,NA,NA,NA
AB30,VCCINT_IO,NA,NA,NA,NA
AB32,VCCINT_IO,NA,NA,NA,NA
AB34,VCCINT_IO,NA,NA,NA,NA
AC11,VCCINT_IO,NA,NA,NA,NA
AC13,VCCINT_IO,NA,NA,NA,NA
AC15,VCCINT_IO,NA,NA,NA,NA
AC17,VCCINT_IO,NA,NA,NA,NA
AC19,VCCINT_IO,NA,NA,NA,NA
AC21,VCCINT_IO,NA,NA,NA,NA
AC23,VCCINT_IO,NA,NA,NA,NA
AC25,VCCINT_IO,NA,NA,NA,NA
AC27,VCCINT_IO,NA,NA,NA,NA
AC29,VCCINT_IO,NA,NA,NA,NA
AC31,VCCINT_IO,NA,NA,NA,NA
AC33,VCCINT_IO,NA,NA,NA,NA
AC35,VCCINT_IO,NA,NA,NA,NA
AC9,VCCINT_IO,NA,NA,NA,NA
R9,VCCINT_IO,NA,NA,NA,NA
U9,VCCINT_IO,NA,NA,NA,NA
W9,VCCINT_IO,NA,NA,NA,NA
AD24,NC,NA,NA,NA,NA
AD26,NC,NA,NA,NA,NA
AD28,NC,NA,NA,NA,NA
AD30,NC,NA,NA,NA,NA
AD32,NC,NA,NA,NA,NA
AD34,NC,NA,NA,NA,NA
AD36,NC,NA,NA,NA,NA
AE25,NC,NA,NA,NA,NA
AE27,NC,NA,NA,NA,NA
AE29,NC,NA,NA,NA,NA
AE31,NC,NA,NA,NA,NA
AE33,NC,NA,NA,NA,NA
AE35,NC,NA,NA,NA,NA
AF24,NC,NA,NA,NA,NA
AF26,NC,NA,NA,NA,NA
AF28,NC,NA,NA,NA,NA
AF30,NC,NA,NA,NA,NA
AF32,NC,NA,NA,NA,NA
AF34,NC,NA,NA,NA,NA
AF36,NC,NA,NA,NA,NA
AG25,NC,NA,NA,NA,NA
AG27,NC,NA,NA,NA,NA
AG29,NC,NA,NA,NA,NA
AG31,NC,NA,NA,NA,NA
AG33,NC,NA,NA,NA,NA
AG35,NC,NA,NA,NA,NA
AH24,NC,NA,NA,NA,NA
AH26,NC,NA,NA,NA,NA
AH28,NC,NA,NA,NA,NA
AH30,NC,NA,NA,NA,NA
AH32,NC,NA,NA,NA,NA
AH34,NC,NA,NA,NA,NA
AH36,NC,NA,NA,NA,NA
AJ25,NC,NA,NA,NA,NA
AJ27,NC,NA,NA,NA,NA
AJ29,NC,NA,NA,NA,NA
AJ31,NC,NA,NA,NA,NA
AJ33,NC,NA,NA,NA,NA
AJ35,NC,NA,NA,NA,NA
AK24,NC,NA,NA,NA,NA
AK26,NC,NA,NA,NA,NA
AK28,NC,NA,NA,NA,NA
AK30,NC,NA,NA,NA,NA
AK32,NC,NA,NA,NA,NA
AK34,NC,NA,NA,NA,NA
AK36,NC,NA,NA,NA,NA
AL10,NC,NA,NA,NA,NA
AL25,NC,NA,NA,NA,NA
AL27,NC,NA,NA,NA,NA
AL29,NC,NA,NA,NA,NA
AL31,NC,NA,NA,NA,NA
AL33,NC,NA,NA,NA,NA
AL35,NC,NA,NA,NA,NA
AL36,NC,NA,NA,NA,NA
AL9,NC,NA,NA,NA,NA
AM10,NC,NA,NA,NA,NA
AM11,NC,NA,NA,NA,NA
AM12,NC,NA,NA,NA,NA
AM13,NC,NA,NA,NA,NA
AM14,NC,NA,NA,NA,NA
AM22,NC,NA,NA,NA,NA
AM23,NC,NA,NA,NA,NA
AM24,NC,NA,NA,NA,NA
AM25,NC,NA,NA,NA,NA
AM26,NC,NA,NA,NA,NA
AM27,NC,NA,NA,NA,NA
AM28,NC,NA,NA,NA,NA
AM29,NC,NA,NA,NA,NA
AM30,NC,NA,NA,NA,NA
AM31,NC,NA,NA,NA,NA
AM32,NC,NA,NA,NA,NA
AM33,NC,NA,NA,NA,NA
AM34,NC,NA,NA,NA,NA
AM35,NC,NA,NA,NA,NA
AM36,NC,NA,NA,NA,NA
AM9,NC,NA,NA,NA,NA
AN10,NC,NA,NA,NA,NA
AN11,NC,NA,NA,NA,NA
AN12,NC,NA,NA,NA,NA
AN13,NC,NA,NA,NA,NA
AN14,NC,NA,NA,NA,NA
AN22,NC,NA,NA,NA,NA
AN23,NC,NA,NA,NA,NA
AN24,NC,NA,NA,NA,NA
AN25,NC,NA,NA,NA,NA
AN26,NC,NA,NA,NA,NA
AN27,NC,NA,NA,NA,NA
AN28,NC,NA,NA,NA,NA
AN29,NC,NA,NA,NA,NA
AN30,NC,NA,NA,NA,NA
AN31,NC,NA,NA,NA,NA
AN32,NC,NA,NA,NA,NA
AN33,NC,NA,NA,NA,NA
AN34,NC,NA,NA,NA,NA
AN35,NC,NA,NA,NA,NA
AN36,NC,NA,NA,NA,NA
AN9,NC,NA,NA,NA,NA
AP10,NC,NA,NA,NA,NA
AP11,NC,NA,NA,NA,NA
AP12,NC,NA,NA,NA,NA
AP13,NC,NA,NA,NA,NA
AP14,NC,NA,NA,NA,NA
AP21,NC,NA,NA,NA,NA
AP22,NC,NA,NA,NA,NA
AP23,NC,NA,NA,NA,NA
AP24,NC,NA,NA,NA,NA
AP25,NC,NA,NA,NA,NA
AP26,NC,NA,NA,NA,NA
AP27,NC,NA,NA,NA,NA
AP28,NC,NA,NA,NA,NA
AP29,NC,NA,NA,NA,NA
AP30,NC,NA,NA,NA,NA
AP31,NC,NA,NA,NA,NA
AP32,NC,NA,NA,NA,NA
AP33,NC,NA,NA,NA,NA
AP34,NC,NA,NA,NA,NA
AP35,NC,NA,NA,NA,NA
AP36,NC,NA,NA,NA,NA
AP9,NC,NA,NA,NA,NA
AR10,NC,NA,NA,NA,NA
AR11,NC,NA,NA,NA,NA
AR12,NC,NA,NA,NA,NA
AR13,NC,NA,NA,NA,NA
AR14,NC,NA,NA,NA,NA
AR21,NC,NA,NA,NA,NA
AR22,NC,NA,NA,NA,NA
AR23,NC,NA,NA,NA,NA
AR24,NC,NA,NA,NA,NA
AR25,NC,NA,NA,NA,NA
AR26,NC,NA,NA,NA,NA
AR27,NC,NA,NA,NA,NA
AR28,NC,NA,NA,NA,NA
AR29,NC,NA,NA,NA,NA
AR30,NC,NA,NA,NA,NA
AR31,NC,NA,NA,NA,NA
AR32,NC,NA,NA,NA,NA
AR33,NC,NA,NA,NA,NA
AR34,NC,NA,NA,NA,NA
AR35,NC,NA,NA,NA,NA
AR36,NC,NA,NA,NA,NA
AR9,NC,NA,NA,NA,NA
AT10,NC,NA,NA,NA,NA
AT11,NC,NA,NA,NA,NA
AT12,NC,NA,NA,NA,NA
AT13,NC,NA,NA,NA,NA
AT14,NC,NA,NA,NA,NA
AT21,NC,NA,NA,NA,NA
AT22,NC,NA,NA,NA,NA
AT23,NC,NA,NA,NA,NA
AT24,NC,NA,NA,NA,NA
AT25,NC,NA,NA,NA,NA
AT26,NC,NA,NA,NA,NA
AT27,NC,NA,NA,NA,NA
AT28,NC,NA,NA,NA,NA
AT29,NC,NA,NA,NA,NA
AT30,NC,NA,NA,NA,NA
AT31,NC,NA,NA,NA,NA
AT32,NC,NA,NA,NA,NA
AT33,NC,NA,NA,NA,NA
AT34,NC,NA,NA,NA,NA
AT35,NC,NA,NA,NA,NA
AT36,NC,NA,NA,NA,NA
AT9,NC,NA,NA,NA,NA
AU10,NC,NA,NA,NA,NA
AU11,NC,NA,NA,NA,NA
AU12,NC,NA,NA,NA,NA
AU13,NC,NA,NA,NA,NA
AU14,NC,NA,NA,NA,NA
AU21,NC,NA,NA,NA,NA
AU22,NC,NA,NA,NA,NA
AU23,NC,NA,NA,NA,NA
AU24,NC,NA,NA,NA,NA
AU25,NC,NA,NA,NA,NA
AU26,NC,NA,NA,NA,NA
AU27,NC,NA,NA,NA,NA
AU28,NC,NA,NA,NA,NA
AU29,NC,NA,NA,NA,NA
AU30,NC,NA,NA,NA,NA
AU31,NC,NA,NA,NA,NA
AU32,NC,NA,NA,NA,NA
AU33,NC,NA,NA,NA,NA
AU34,NC,NA,NA,NA,NA
AU35,NC,NA,NA,NA,NA
AU36,NC,NA,NA,NA,NA
AU9,NC,NA,NA,NA,NA
AV10,NC,NA,NA,NA,NA
AV11,NC,NA,NA,NA,NA
AV12,NC,NA,NA,NA,NA
AV13,NC,NA,NA,NA,NA
AV14,NC,NA,NA,NA,NA
AV21,NC,NA,NA,NA,NA
AV22,NC,NA,NA,NA,NA
AV23,NC,NA,NA,NA,NA
AV24,NC,NA,NA,NA,NA
AV25,NC,NA,NA,NA,NA
AV26,NC,NA,NA,NA,NA
AV27,NC,NA,NA,NA,NA
AV28,NC,NA,NA,NA,NA
AV29,NC,NA,NA,NA,NA
AV30,NC,NA,NA,NA,NA
AV31,NC,NA,NA,NA,NA
AV32,NC,NA,NA,NA,NA
AV33,NC,NA,NA,NA,NA
AV34,NC,NA,NA,NA,NA
AV35,NC,NA,NA,NA,NA
AV36,NC,NA,NA,NA,NA
AV9,NC,NA,NA,NA,NA
AW10,NC,NA,NA,NA,NA
AW11,NC,NA,NA,NA,NA
AW12,NC,NA,NA,NA,NA
AW13,NC,NA,NA,NA,NA
AW14,NC,NA,NA,NA,NA
AW19,NC,NA,NA,NA,NA
AW20,NC,NA,NA,NA,NA
AW21,NC,NA,NA,NA,NA
AW22,NC,NA,NA,NA,NA
AW23,NC,NA,NA,NA,NA
AW24,NC,NA,NA,NA,NA
AW25,NC,NA,NA,NA,NA
AW26,NC,NA,NA,NA,NA
AW27,NC,NA,NA,NA,NA
AW28,NC,NA,NA,NA,NA
AW29,NC,NA,NA,NA,NA
AW30,NC,NA,NA,NA,NA
AW31,NC,NA,NA,NA,NA
AW32,NC,NA,NA,NA,NA
AW33,NC,NA,NA,NA,NA
AW34,NC,NA,NA,NA,NA
AW35,NC,NA,NA,NA,NA
AW36,NC,NA,NA,NA,NA
AW9,NC,NA,NA,NA,NA
AY10,NC,NA,NA,NA,NA
AY11,NC,NA,NA,NA,NA
AY12,NC,NA,NA,NA,NA
AY13,NC,NA,NA,NA,NA
AY14,NC,NA,NA,NA,NA
AY15,NC,NA,NA,NA,NA
AY16,NC,NA,NA,NA,NA
AY17,NC,NA,NA,NA,NA
AY18,NC,NA,NA,NA,NA
AY19,NC,NA,NA,NA,NA
AY20,NC,NA,NA,NA,NA
AY21,NC,NA,NA,NA,NA
AY22,NC,NA,NA,NA,NA
AY23,NC,NA,NA,NA,NA
AY24,NC,NA,NA,NA,NA
AY25,NC,NA,NA,NA,NA
AY26,NC,NA,NA,NA,NA
AY27,NC,NA,NA,NA,NA
AY28,NC,NA,NA,NA,NA
AY29,NC,NA,NA,NA,NA
AY30,NC,NA,NA,NA,NA
AY31,NC,NA,NA,NA,NA
AY32,NC,NA,NA,NA,NA
AY33,NC,NA,NA,NA,NA
AY34,NC,NA,NA,NA,NA
AY35,NC,NA,NA,NA,NA
AY36,NC,NA,NA,NA,NA
AY37,NC,NA,NA,NA,NA
AY38,NC,NA,NA,NA,NA
AY39,NC,NA,NA,NA,NA
AY4,NC,NA,NA,NA,NA
AY40,NC,NA,NA,NA,NA
AY41,NC,NA,NA,NA,NA
AY5,NC,NA,NA,NA,NA
AY6,NC,NA,NA,NA,NA
AY7,NC,NA,NA,NA,NA
AY8,NC,NA,NA,NA,NA
AY9,NC,NA,NA,NA,NA
BA10,NC,NA,NA,NA,NA
BA11,NC,NA,NA,NA,NA
BA12,NC,NA,NA,NA,NA
BA13,NC,NA,NA,NA,NA
BA14,NC,NA,NA,NA,NA
BA15,NC,NA,NA,NA,NA
BA16,NC,NA,NA,NA,NA
BA17,NC,NA,NA,NA,NA
BA18,NC,NA,NA,NA,NA
BA19,NC,NA,NA,NA,NA
BA20,NC,NA,NA,NA,NA
BA21,NC,NA,NA,NA,NA
BA22,NC,NA,NA,NA,NA
BA23,NC,NA,NA,NA,NA
BA24,NC,NA,NA,NA,NA
BA25,NC,NA,NA,NA,NA
BA26,NC,NA,NA,NA,NA
BA27,NC,NA,NA,NA,NA
BA28,NC,NA,NA,NA,NA
BA29,NC,NA,NA,NA,NA
BA30,NC,NA,NA,NA,NA
BA31,NC,NA,NA,NA,NA
BA32,NC,NA,NA,NA,NA
BA33,NC,NA,NA,NA,NA
BA34,NC,NA,NA,NA,NA
BA35,NC,NA,NA,NA,NA
BA36,NC,NA,NA,NA,NA
BA37,NC,NA,NA,NA,NA
BA38,NC,NA,NA,NA,NA
BA39,NC,NA,NA,NA,NA
BA4,NC,NA,NA,NA,NA
BA40,NC,NA,NA,NA,NA
BA41,NC,NA,NA,NA,NA
BA5,NC,NA,NA,NA,NA
BA6,NC,NA,NA,NA,NA
BA7,NC,NA,NA,NA,NA
BA8,NC,NA,NA,NA,NA
BA9,NC,NA,NA,NA,NA
BB10,NC,NA,NA,NA,NA
BB11,NC,NA,NA,NA,NA
BB12,NC,NA,NA,NA,NA
BB13,NC,NA,NA,NA,NA
BB14,NC,NA,NA,NA,NA
BB15,NC,NA,NA,NA,NA
BB16,NC,NA,NA,NA,NA
BB17,NC,NA,NA,NA,NA
BB18,NC,NA,NA,NA,NA
BB19,NC,NA,NA,NA,NA
BB20,NC,NA,NA,NA,NA
BB21,NC,NA,NA,NA,NA
BB22,NC,NA,NA,NA,NA
BB23,NC,NA,NA,NA,NA
BB24,NC,NA,NA,NA,NA
BB25,NC,NA,NA,NA,NA
BB26,NC,NA,NA,NA,NA
BB27,NC,NA,NA,NA,NA
BB28,NC,NA,NA,NA,NA
BB29,NC,NA,NA,NA,NA
BB30,NC,NA,NA,NA,NA
BB31,NC,NA,NA,NA,NA
BB32,NC,NA,NA,NA,NA
BB33,NC,NA,NA,NA,NA
BB34,NC,NA,NA,NA,NA
BB35,NC,NA,NA,NA,NA
BB36,NC,NA,NA,NA,NA
BB37,NC,NA,NA,NA,NA
BB38,NC,NA,NA,NA,NA
BB39,NC,NA,NA,NA,NA
BB4,NC,NA,NA,NA,NA
BB40,NC,NA,NA,NA,NA
BB41,NC,NA,NA,NA,NA
BB5,NC,NA,NA,NA,NA
BB6,NC,NA,NA,NA,NA
BB7,NC,NA,NA,NA,NA
BB8,NC,NA,NA,NA,NA
BB9,NC,NA,NA,NA,NA
BC10,NC,NA,NA,NA,NA
BC11,NC,NA,NA,NA,NA
BC12,NC,NA,NA,NA,NA
BC13,NC,NA,NA,NA,NA
BC14,NC,NA,NA,NA,NA
BC15,NC,NA,NA,NA,NA
BC16,NC,NA,NA,NA,NA
BC17,NC,NA,NA,NA,NA
BC18,NC,NA,NA,NA,NA
BC19,NC,NA,NA,NA,NA
BC20,NC,NA,NA,NA,NA
BC21,NC,NA,NA,NA,NA
BC22,NC,NA,NA,NA,NA
BC23,NC,NA,NA,NA,NA
BC24,NC,NA,NA,NA,NA
BC25,NC,NA,NA,NA,NA
BC26,NC,NA,NA,NA,NA
BC27,NC,NA,NA,NA,NA
BC28,NC,NA,NA,NA,NA
BC29,NC,NA,NA,NA,NA
BC30,NC,NA,NA,NA,NA
BC31,NC,NA,NA,NA,NA
BC32,NC,NA,NA,NA,NA
BC33,NC,NA,NA,NA,NA
BC34,NC,NA,NA,NA,NA
BC35,NC,NA,NA,NA,NA
BC36,NC,NA,NA,NA,NA
BC37,NC,NA,NA,NA,NA
BC38,NC,NA,NA,NA,NA
BC39,NC,NA,NA,NA,NA
BC4,NC,NA,NA,NA,NA
BC40,NC,NA,NA,NA,NA
BC41,NC,NA,NA,NA,NA
BC5,NC,NA,NA,NA,NA
BC6,NC,NA,NA,NA,NA
BC7,NC,NA,NA,NA,NA
BC8,NC,NA,NA,NA,NA
BC9,NC,NA,NA,NA,NA
BD10,NC,NA,NA,NA,NA
BD11,NC,NA,NA,NA,NA
BD12,NC,NA,NA,NA,NA
BD13,NC,NA,NA,NA,NA
BD14,NC,NA,NA,NA,NA
BD15,NC,NA,NA,NA,NA
BD16,NC,NA,NA,NA,NA
BD17,NC,NA,NA,NA,NA
BD18,NC,NA,NA,NA,NA
BD19,NC,NA,NA,NA,NA
BD20,NC,NA,NA,NA,NA
BD21,NC,NA,NA,NA,NA
BD22,NC,NA,NA,NA,NA
BD23,NC,NA,NA,NA,NA
BD24,NC,NA,NA,NA,NA
BD25,NC,NA,NA,NA,NA
BD26,NC,NA,NA,NA,NA
BD27,NC,NA,NA,NA,NA
BD28,NC,NA,NA,NA,NA
BD29,NC,NA,NA,NA,NA
BD30,NC,NA,NA,NA,NA
BD31,NC,NA,NA,NA,NA
BD32,NC,NA,NA,NA,NA
BD33,NC,NA,NA,NA,NA
BD34,NC,NA,NA,NA,NA
BD35,NC,NA,NA,NA,NA
BD36,NC,NA,NA,NA,NA
BD37,NC,NA,NA,NA,NA
BD38,NC,NA,NA,NA,NA
BD39,NC,NA,NA,NA,NA
BD4,NC,NA,NA,NA,NA
BD40,NC,NA,NA,NA,NA
BD41,NC,NA,NA,NA,NA
BD5,NC,NA,NA,NA,NA
BD6,NC,NA,NA,NA,NA
BD7,NC,NA,NA,NA,NA
BD8,NC,NA,NA,NA,NA
BD9,NC,NA,NA,NA,NA
,,,,,
Total Number of Pins,1924,,,,
