"#  (c) Copyright 2013-2025 AMD, Inc. All rights reserved."
"# "
"#  This file contains proprietary information"
"#  of AMD, Inc. and is protected under U.S. and"
"#  international copyright and other intellectual property"
"#  laws."
"# "
"#  DISCLAIMER"
"#  This disclaimer is not a license and does not grant any"
"#  rights to the materials distributed herewith. Except as"
"#  otherwise provided in a valid license issued to you by"
"#  AMD, and to the maximum extent permitted by applicable"
"#  law: (1) THESE MATERIALS ARE MADE AVAILABLE ""AS IS"" AND"
"#  WITH ALL FAULTS, AND AMD HEREBY DISCLAIMS ALL WARRANTIES"
"#  AND CONDITIONS, EXPRESS, IMPLIED, OR STATUTORY, INCLUDING"
"#  BUT NOT LIMITED TO WARRANTIES OF MERCHANTABILITY, NON-"
"#  INFRINGEMENT, OR FITNESS FOR ANY PARTICULAR PURPOSE; and"
"#  (2) AMD shall not be liable (whether in contract or tort,"
"#  including negligence, or under any other theory of"
"#  liability) for any loss or damage of any kind or nature"
"#  related to, arising under or in connection with these"
"#  materials, including for any direct, or any indirect,"
"#  special, incidental, or consequential loss or damage"
"#  (including loss of data, profits, goodwill, or any type of"
"#  loss or damage suffered as a result of any action brought"
"#  by a third party) even if such damage or loss was"
"#  reasonably foreseeable or AMD had been advised of the"
"#  possibility of the same."
"# "
"#  CRITICAL APPLICATIONS"
"#  AMD products are not designed or intended to be fail-"
"#  safe, or for use in any application requiring fail-safe"
"#  performance, such as life-support or safety devices or"
"#  systems, Class III medical devices, nuclear facilities,"
"#  applications related to the deployment of airbags, or any"
"#  other applications that could lead to death, personal"
"#  injury, or severe property or environmental damage"
"#  (individually and collectively, ""Critical"
"#  Applications""). Customer assumes the sole risk and"
"#  liability of any use of AMD products in Critical"
"#  Applications, subject only to applicable laws and"
"#  regulations governing limitations on product liability."
"# "
"#  THIS COPYRIGHT NOTICE AND DISCLAIMER MUST BE RETAINED AS"
"#  PART OF THIS FILE AT ALL TIMES."
"# "
"#----------------------------------------------------------------------"
"#  ASCII Pinout File"
"# "
"#  Device   : xcvu23pvsva1365"
"#  Date     : 5/20/2020 15:40:48"
"#  Revision : 1.0"
"#  Status   : Engineering Sample"
"# "
"#  Engineering Sample pkg specifications are based on a released"
"#  package design and validated with ES engineering sample"
"#  (ES) devices. Package specifications with this designation"
"#  are considered stable, however some pinout and mechanical"
"#  specifications might change prior to the production release"
"#  of the particular device. Package pinouts with this"
"#  designation are to be used for PCB and Vivado designs"
"#  using ES devices."
"# "
"#----------------------------------------------------------------------"
"#  Modification History"
"#  | Date    : 3/2/2020"
"#  | Revision: 0.1"
"#  | Status  : Evaluation Only"
"#  | Details : Initial pkg file"
"#----------------------------------------------------------------------"
"#  | Date    : 3/4/2020"
"#  | Revision: 0.2"
"#  | Status  : Evaluation Only"
"#  | Details : pinmap updated, bga balls swapped between bank 66 & 65"
"#----------------------------------------------------------------------"
"#  | Date    : 3/16/2020"
"#  | Revision: 0.3"
"#  | Status  : Evaluation Only"
"#  | Details : Separate VCCO for bank 65 & bgaball change for bank 68 IO pins"
"#----------------------------------------------------------------------"
"#  | Date    : 3/21/2020"
"#  | Revision: 0.4"
"#  | Status  : Evaluation Only"
"#  | Details : With new pinmap"
"#----------------------------------------------------------------------"
"#  | Date    : 4/13/2020"
"#  | Revision: 0.5"
"#  | Status  : Evaluation Only"
"#  | Details : With freeze pinmap"
"#----------------------------------------------------------------------"
"#  | Date    : 4/20/2020"
"#  | Revision: 0.6"
"#  | Status  : Evaluation Only"
"#  | Details : Ball pitch changed from 1mm to 0.92mm"
"#----------------------------------------------------------------------"
"#  | Date    : 5/20/2020"
"#  | Revision: 1.0"
"#  | Status  : Engineering Sample"
"#  | Details : Moved to Engineering Sample"
"#----------------------------------------------------------------------"
,,,,,
Pin,Pin Name,Memory Byte Group,Bank,I/O Type,Super Logic Region
AM15,CCLK_0,NA,0,CONFIG,NA
AL13,RSVDGND,NA,NA,NA,NA
AN15,D00_MOSI_0,NA,0,CONFIG,NA
AH14,D01_DIN_0,NA,0,CONFIG,NA
AL14,D02_0,NA,0,CONFIG,NA
AL15,D03_0,NA,0,CONFIG,NA
AN12,DONE_0,NA,0,CONFIG,NA
AF18,DXN,NA,NA,NA,NA
AF19,DXP,NA,NA,NA,NA
AC18,GNDADC,NA,NA,NA,NA
AK12,INIT_B_0,NA,0,CONFIG,NA
AH12,M0_0,NA,0,CONFIG,NA
AJ12,M1_0,NA,0,CONFIG,NA
AH13,M2_0,NA,0,CONFIG,NA
AM13,POR_OVERRIDE,NA,NA,NA,NA
AN13,PROGRAM_B_0,NA,0,CONFIG,NA
AM12,PUDC_B_0,NA,0,CONFIG,NA
AK14,RDWR_FCS_B_0,NA,0,CONFIG,NA
AJ15,TCK_0,NA,0,CONFIG,NA
AK13,TDI_0,NA,0,CONFIG,NA
AN14,TDO_0,NA,0,CONFIG,NA
AJ14,TMS_0,NA,0,CONFIG,NA
AH15,VBATT,NA,NA,NA,NA
AC19,VCCADC,NA,NA,NA,NA
AE18,VN,NA,NA,NA,NA
AD19,VP,NA,NA,NA,NA
AD18,VREFN,NA,NA,NA,NA
AE19,VREFP,NA,NA,NA,NA
A25,IO_L24N_T3U_N11_74,3U,74,HP,NA
B25,IO_L24P_T3U_N10_74,3U,74,HP,NA
A24,IO_L23N_T3U_N9_74,3U,74,HP,NA
A23,IO_L23P_T3U_N8_74,3U,74,HP,NA
B23,IO_L22N_T3U_N7_DBC_AD0N_74,3U,74,HP,NA
B22,IO_L22P_T3U_N6_DBC_AD0P_74,3U,74,HP,NA
C24,IO_L21N_T3L_N5_AD8N_74,3L,74,HP,NA
D24,IO_L21P_T3L_N4_AD8P_74,3L,74,HP,NA
C22,IO_L20N_T3L_N3_AD1N_74,3L,74,HP,NA
D22,IO_L20P_T3L_N2_AD1P_74,3L,74,HP,NA
E24,IO_L19N_T3L_N1_DBC_AD9N_74,3L,74,HP,NA
E23,IO_L19P_T3L_N0_DBC_AD9P_74,3L,74,HP,NA
C23,IO_T3U_N12_74,3U,74,HP,NA
D21,IO_T2U_N12_74,2U,74,HP,NA
A21,IO_L18N_T2U_N11_AD2N_74,2U,74,HP,NA
B21,IO_L18P_T2U_N10_AD2P_74,2U,74,HP,NA
A20,IO_L17N_T2U_N9_AD10N_74,2U,74,HP,NA
B20,IO_L17P_T2U_N8_AD10P_74,2U,74,HP,NA
A19,IO_L16N_T2U_N7_QBC_AD3N_74,2U,74,HP,NA
A18,IO_L16P_T2U_N6_QBC_AD3P_74,2U,74,HP,NA
E22,IO_L15N_T2L_N5_AD11N_74,2L,74,HP,NA
E21,IO_L15P_T2L_N4_AD11P_74,2L,74,HP,NA
C20,IO_L14N_T2L_N3_GC_74,2L,74,HP,NA
D20,IO_L14P_T2L_N2_GC_74,2L,74,HP,NA
E19,IO_L13N_T2L_N1_GC_QBC_74,2L,74,HP,NA
E18,IO_L13P_T2L_N0_GC_QBC_74,2L,74,HP,NA
F20,IO_L12N_T1U_N11_GC_74,1U,74,HP,NA
F19,IO_L12P_T1U_N10_GC_74,1U,74,HP,NA
F21,IO_L11N_T1U_N9_GC_74,1U,74,HP,NA
G21,IO_L11P_T1U_N8_GC_74,1U,74,HP,NA
H20,IO_L10N_T1U_N7_QBC_AD4N_74,1U,74,HP,NA
H19,IO_L10P_T1U_N6_QBC_AD4P_74,1U,74,HP,NA
F24,IO_L9N_T1L_N5_AD12N_74,1L,74,HP,NA
F23,IO_L9P_T1L_N4_AD12P_74,1L,74,HP,NA
H24,IO_L8N_T1L_N3_AD5N_74,1L,74,HP,NA
H23,IO_L8P_T1L_N2_AD5P_74,1L,74,HP,NA
G23,IO_L7N_T1L_N1_QBC_AD13N_74,1L,74,HP,NA
H22,IO_L7P_T1L_N0_QBC_AD13P_74,1L,74,HP,NA
G22,IO_T1U_N12_74,1U,74,HP,NA
E17,IO_T0U_N12_VRP_74,0U,74,HP,NA
F18,IO_L6N_T0U_N11_AD6N_74,0U,74,HP,NA
G18,IO_L6P_T0U_N10_AD6P_74,0U,74,HP,NA
E16,IO_L5N_T0U_N9_AD14N_74,0U,74,HP,NA
F16,IO_L5P_T0U_N8_AD14P_74,0U,74,HP,NA
H18,IO_L4N_T0U_N7_DBC_AD7N_74,0U,74,HP,NA
H17,IO_L4P_T0U_N6_DBC_AD7P_74,0U,74,HP,NA
G17,IO_L3N_T0L_N5_AD15N_74,0L,74,HP,NA
G16,IO_L3P_T0L_N4_AD15P_74,0L,74,HP,NA
G15,IO_L2N_T0L_N3_74,0L,74,HP,NA
H15,IO_L2P_T0L_N2_74,0L,74,HP,NA
G14,IO_L1N_T0L_N1_DBC_74,0L,74,HP,NA
H14,IO_L1P_T0L_N0_DBC_74,0L,74,HP,NA
G20,VREF_74,NA,74,HP,NA
A26,IO_L24N_T3U_N11_73,3U,73,HP,NA
B26,IO_L24P_T3U_N10_73,3U,73,HP,NA
A29,IO_L23N_T3U_N9_73,3U,73,HP,NA
A28,IO_L23P_T3U_N8_73,3U,73,HP,NA
B28,IO_L22N_T3U_N7_DBC_AD0N_73,3U,73,HP,NA
B27,IO_L22P_T3U_N6_DBC_AD0P_73,3U,73,HP,NA
C25,IO_L21N_T3L_N5_AD8N_73,3L,73,HP,NA
D25,IO_L21P_T3L_N4_AD8P_73,3L,73,HP,NA
D27,IO_L20N_T3L_N3_AD1N_73,3L,73,HP,NA
D26,IO_L20P_T3L_N2_AD1P_73,3L,73,HP,NA
C29,IO_L19N_T3L_N1_DBC_AD9N_73,3L,73,HP,NA
C28,IO_L19P_T3L_N0_DBC_AD9P_73,3L,73,HP,NA
C27,IO_T3U_N12_73,3U,73,HP,NA
B31,IO_T2U_N12_73,2U,73,HP,NA
A31,IO_L18N_T2U_N11_AD2N_73,2U,73,HP,NA
A30,IO_L18P_T2U_N10_AD2P_73,2U,73,HP,NA
B30,IO_L17N_T2U_N9_AD10N_73,2U,73,HP,NA
C30,IO_L17P_T2U_N8_AD10P_73,2U,73,HP,NA
B32,IO_L16N_T2U_N7_QBC_AD3N_73,2U,73,HP,NA
C32,IO_L16P_T2U_N6_QBC_AD3P_73,2U,73,HP,NA
D29,IO_L15N_T2L_N5_AD11N_73,2L,73,HP,NA
E29,IO_L15P_T2L_N4_AD11P_73,2L,73,HP,NA
D31,IO_L14N_T2L_N3_GC_73,2L,73,HP,NA
D30,IO_L14P_T2L_N2_GC_73,2L,73,HP,NA
D32,IO_L13N_T2L_N1_GC_QBC_73,2L,73,HP,NA
E32,IO_L13P_T2L_N0_GC_QBC_73,2L,73,HP,NA
E31,IO_L12N_T1U_N11_GC_73,1U,73,HP,NA
F31,IO_L12P_T1U_N10_GC_73,1U,73,HP,NA
F30,IO_L11N_T1U_N9_GC_73,1U,73,HP,NA
F29,IO_L11P_T1U_N8_GC_73,1U,73,HP,NA
G31,IO_L10N_T1U_N7_QBC_AD4N_73,1U,73,HP,NA
G30,IO_L10P_T1U_N6_QBC_AD4P_73,1U,73,HP,NA
E33,IO_L9N_T1L_N5_AD12N_73,1L,73,HP,NA
F33,IO_L9P_T1L_N4_AD12P_73,1L,73,HP,NA
G33,IO_L8N_T1L_N3_AD5N_73,1L,73,HP,NA
H33,IO_L8P_T1L_N2_AD5P_73,1L,73,HP,NA
G32,IO_L7N_T1L_N1_QBC_AD13N_73,1L,73,HP,NA
H32,IO_L7P_T1L_N0_QBC_AD13P_73,1L,73,HP,NA
H29,IO_T1U_N12_73,1U,73,HP,NA
F25,IO_T0U_N12_VRP_73,0U,73,HP,NA
E28,IO_L6N_T0U_N11_AD6N_73,0U,73,HP,NA
F28,IO_L6P_T0U_N10_AD6P_73,0U,73,HP,NA
E27,IO_L5N_T0U_N9_AD14N_73,0U,73,HP,NA
E26,IO_L5P_T0U_N8_AD14P_73,0U,73,HP,NA
G28,IO_L4N_T0U_N7_DBC_AD7N_73,0U,73,HP,NA
H28,IO_L4P_T0U_N6_DBC_AD7P_73,0U,73,HP,NA
G27,IO_L3N_T0L_N5_AD15N_73,0L,73,HP,NA
H27,IO_L3P_T0L_N4_AD15P_73,0L,73,HP,NA
F26,IO_L2N_T0L_N3_73,0L,73,HP,NA
G26,IO_L2P_T0L_N2_73,0L,73,HP,NA
G25,IO_L1N_T0L_N1_DBC_73,0L,73,HP,NA
H25,IO_L1P_T0L_N0_DBC_73,0L,73,HP,NA
H30,VREF_73,NA,73,HP,NA
A33,IO_L24N_T3U_N11_72,3U,72,HP,NA
B33,IO_L24P_T3U_N10_72,3U,72,HP,NA
A35,IO_L23N_T3U_N9_72,3U,72,HP,NA
A34,IO_L23P_T3U_N8_72,3U,72,HP,NA
B36,IO_L22N_T3U_N7_DBC_AD0N_72,3U,72,HP,NA
B35,IO_L22P_T3U_N6_DBC_AD0P_72,3U,72,HP,NA
C35,IO_L21N_T3L_N5_AD8N_72,3L,72,HP,NA
C34,IO_L21P_T3L_N4_AD8P_72,3L,72,HP,NA
C37,IO_L20N_T3L_N3_AD1N_72,3L,72,HP,NA
D37,IO_L20P_T3L_N2_AD1P_72,3L,72,HP,NA
D36,IO_L19N_T3L_N1_DBC_AD9N_72,3L,72,HP,NA
D35,IO_L19P_T3L_N0_DBC_AD9P_72,3L,72,HP,NA
C33,IO_T3U_N12_72,3U,72,HP,NA
F36,IO_T2U_N12_72,2U,72,HP,NA
D34,IO_L18N_T2U_N11_AD2N_72,2U,72,HP,NA
E34,IO_L18P_T2U_N10_AD2P_72,2U,72,HP,NA
E37,IO_L17N_T2U_N9_AD10N_72,2U,72,HP,NA
E36,IO_L17P_T2U_N8_AD10P_72,2U,72,HP,NA
F35,IO_L16N_T2U_N7_QBC_AD3N_72,2U,72,HP,NA
F34,IO_L16P_T2U_N6_QBC_AD3P_72,2U,72,HP,NA
G37,IO_L15N_T2L_N5_AD11N_72,2L,72,HP,NA
H37,IO_L15P_T2L_N4_AD11P_72,2L,72,HP,NA
G36,IO_L14N_T2L_N3_GC_72,2L,72,HP,NA
G35,IO_L14P_T2L_N2_GC_72,2L,72,HP,NA
H35,IO_L13N_T2L_N1_GC_QBC_72,2L,72,HP,NA
H34,IO_L13P_T2L_N0_GC_QBC_72,2L,72,HP,NA
J34,IO_L12N_T1U_N11_GC_72,1U,72,HP,NA
K34,IO_L12P_T1U_N10_GC_72,1U,72,HP,NA
J36,IO_L11N_T1U_N9_GC_72,1U,72,HP,NA
J35,IO_L11P_T1U_N8_GC_72,1U,72,HP,NA
L35,IO_L10N_T1U_N7_QBC_AD4N_72,1U,72,HP,NA
L34,IO_L10P_T1U_N6_QBC_AD4P_72,1U,72,HP,NA
J37,IO_L9N_T1L_N5_AD12N_72,1L,72,HP,NA
K37,IO_L9P_T1L_N4_AD12P_72,1L,72,HP,NA
M37,IO_L8N_T1L_N3_AD5N_72,1L,72,HP,NA
M36,IO_L8P_T1L_N2_AD5P_72,1L,72,HP,NA
L36,IO_L7N_T1L_N1_QBC_AD13N_72,1L,72,HP,NA
M35,IO_L7P_T1L_N0_QBC_AD13P_72,1L,72,HP,NA
K36,IO_T1U_N12_72,1U,72,HP,NA
L31,IO_T0U_N12_VRP_72,0U,72,HP,NA
J32,IO_L6N_T0U_N11_AD6N_72,0U,72,HP,NA
K32,IO_L6P_T0U_N10_AD6P_72,0U,72,HP,NA
J31,IO_L5N_T0U_N9_AD14N_72,0U,72,HP,NA
J30,IO_L5P_T0U_N8_AD14P_72,0U,72,HP,NA
J29,IO_L4N_T0U_N7_DBC_AD7N_72,0U,72,HP,NA
K29,IO_L4P_T0U_N6_DBC_AD7P_72,0U,72,HP,NA
K33,IO_L3N_T0L_N5_AD15N_72,0L,72,HP,NA
L33,IO_L3P_T0L_N4_AD15P_72,0L,72,HP,NA
M33,IO_L2N_T0L_N3_72,0L,72,HP,NA
M32,IO_L2P_T0L_N2_72,0L,72,HP,NA
L30,IO_L1N_T0L_N1_DBC_72,0L,72,HP,NA
L29,IO_L1P_T0L_N0_DBC_72,0L,72,HP,NA
K31,VREF_72,NA,72,HP,NA
AA29,IO_L24N_T3U_N11_68,3U,68,HP,NA
Y29,IO_L24P_T3U_N10_68,3U,68,HP,NA
W31,IO_L23N_T3U_N9_68,3U,68,HP,NA
W30,IO_L23P_T3U_N8_68,3U,68,HP,NA
AA31,IO_L22N_T3U_N7_DBC_AD0N_68,3U,68,HP,NA
Y31,IO_L22P_T3U_N6_DBC_AD0P_68,3U,68,HP,NA
AB32,IO_L21N_T3L_N5_AD8N_68,3L,68,HP,NA
AB31,IO_L21P_T3L_N4_AD8P_68,3L,68,HP,NA
Y32,IO_L20N_T3L_N3_AD1N_68,3L,68,HP,NA
W32,IO_L20P_T3L_N2_AD1P_68,3L,68,HP,NA
AA33,IO_L19N_T3L_N1_DBC_AD9N_68,3L,68,HP,NA
Y33,IO_L19P_T3L_N0_DBC_AD9P_68,3L,68,HP,NA
AA30,IO_T3U_N12_68,3U,68,HP,NA
AE29,IO_T2U_N12_68,2U,68,HP,NA
AC33,IO_L18N_T2U_N11_AD2N_68,2U,68,HP,NA
AB33,IO_L18P_T2U_N10_AD2P_68,2U,68,HP,NA
AD32,IO_L17N_T2U_N9_AD10N_68,2U,68,HP,NA
AC32,IO_L17P_T2U_N8_AD10P_68,2U,68,HP,NA
AD31,IO_L16N_T2U_N7_QBC_AD3N_68,2U,68,HP,NA
AC30,IO_L16P_T2U_N6_QBC_AD3P_68,2U,68,HP,NA
AD29,IO_L15N_T2L_N5_AD11N_68,2L,68,HP,NA
AC29,IO_L15P_T2L_N4_AD11P_68,2L,68,HP,NA
AE31,IO_L14N_T2L_N3_GC_68,2L,68,HP,NA
AD30,IO_L14P_T2L_N2_GC_68,2L,68,HP,NA
AE33,IO_L13N_T2L_N1_GC_QBC_68,2L,68,HP,NA
AE32,IO_L13P_T2L_N0_GC_QBC_68,2L,68,HP,NA
AF34,IO_L12N_T1U_N11_GC_68,1U,68,HP,NA
AE34,IO_L12P_T1U_N10_GC_68,1U,68,HP,NA
AD34,IO_L11N_T1U_N9_GC_68,1U,68,HP,NA
AC34,IO_L11P_T1U_N8_GC_68,1U,68,HP,NA
AD35,IO_L10N_T1U_N7_QBC_AD4N_68,1U,68,HP,NA
AC35,IO_L10P_T1U_N6_QBC_AD4P_68,1U,68,HP,NA
AF36,IO_L9N_T1L_N5_AD12N_68,1L,68,HP,NA
AE36,IO_L9P_T1L_N4_AD12P_68,1L,68,HP,NA
AE37,IO_L8N_T1L_N3_AD5N_68,1L,68,HP,NA
AD36,IO_L8P_T1L_N2_AD5P_68,1L,68,HP,NA
AD37,IO_L7N_T1L_N1_QBC_AD13N_68,1L,68,HP,NA
AC37,IO_L7P_T1L_N0_QBC_AD13P_68,1L,68,HP,NA
AF35,IO_T1U_N12_68,1U,68,HP,NA
Y37,IO_T0U_N12_VRP_68,0U,68,HP,NA
AB35,IO_L6N_T0U_N11_AD6N_68,0U,68,HP,NA
AA34,IO_L6P_T0U_N10_AD6P_68,0U,68,HP,NA
AA35,IO_L5N_T0U_N9_AD14N_68,0U,68,HP,NA
Y34,IO_L5P_T0U_N8_AD14P_68,0U,68,HP,NA
W35,IO_L4N_T0U_N7_DBC_AD7N_68,0U,68,HP,NA
W34,IO_L4P_T0U_N6_DBC_AD7P_68,0U,68,HP,NA
W37,IO_L3N_T0L_N5_AD15N_68,0L,68,HP,NA
W36,IO_L3P_T0L_N4_AD15P_68,0L,68,HP,NA
AA36,IO_L2N_T0L_N3_68,0L,68,HP,NA
Y36,IO_L2P_T0L_N2_68,0L,68,HP,NA
AB37,IO_L1N_T0L_N1_DBC_68,0L,68,HP,NA
AB36,IO_L1P_T0L_N0_DBC_68,0L,68,HP,NA
AB30,VREF_68,NA,68,HP,NA
AG37,IO_L24N_T3U_N11_67,3U,67,HP,NA
AG36,IO_L24P_T3U_N10_67,3U,67,HP,NA
AH35,IO_L23N_T3U_N9_67,3U,67,HP,NA
AG35,IO_L23P_T3U_N8_67,3U,67,HP,NA
AG33,IO_L22N_T3U_N7_DBC_AD0N_67,3U,67,HP,NA
AF33,IO_L22P_T3U_N6_DBC_AD0P_67,3U,67,HP,NA
AJ32,IO_L21N_T3L_N5_AD8N_67,3L,67,HP,NA
AH32,IO_L21P_T3L_N4_AD8P_67,3L,67,HP,NA
AJ34,IO_L20N_T3L_N3_AD1N_67,3L,67,HP,NA
AH34,IO_L20P_T3L_N2_AD1P_67,3L,67,HP,NA
AJ37,IO_L19N_T3L_N1_DBC_AD9N_67,3L,67,HP,NA
AH37,IO_L19P_T3L_N0_DBC_AD9P_67,3L,67,HP,NA
AH33,IO_T3U_N12_67,3U,67,HP,NA
AK32,IO_T2U_N12_67,2U,67,HP,NA
AJ36,IO_L18N_T2U_N11_AD2N_67,2U,67,HP,NA
AJ35,IO_L18P_T2U_N10_AD2P_67,2U,67,HP,NA
AK37,IO_L17N_T2U_N9_AD10N_67,2U,67,HP,NA
AK36,IO_L17P_T2U_N8_AD10P_67,2U,67,HP,NA
AK34,IO_L16N_T2U_N7_QBC_AD3N_67,2U,67,HP,NA
AK33,IO_L16P_T2U_N6_QBC_AD3P_67,2U,67,HP,NA
AL34,IO_L15N_T2L_N5_AD11N_67,2L,67,HP,NA
AL33,IO_L15P_T2L_N4_AD11P_67,2L,67,HP,NA
AL36,IO_L14N_T2L_N3_GC_67,2L,67,HP,NA
AL35,IO_L14P_T2L_N2_GC_67,2L,67,HP,NA
AM37,IO_L13N_T2L_N1_GC_QBC_67,2L,67,HP,NA
AM36,IO_L13P_T2L_N0_GC_QBC_67,2L,67,HP,NA
AN35,IO_L12N_T1U_N11_GC_67,1U,67,HP,NA
AM35,IO_L12P_T1U_N10_GC_67,1U,67,HP,NA
AN34,IO_L11N_T1U_N9_GC_67,1U,67,HP,NA
AM33,IO_L11P_T1U_N8_GC_67,1U,67,HP,NA
AN32,IO_L10N_T1U_N7_QBC_AD4N_67,1U,67,HP,NA
AM32,IO_L10P_T1U_N6_QBC_AD4P_67,1U,67,HP,NA
AP34,IO_L9N_T1L_N5_AD12N_67,1L,67,HP,NA
AN33,IO_L9P_T1L_N4_AD12P_67,1L,67,HP,NA
AR37,IO_L8N_T1L_N3_AD5N_67,1L,67,HP,NA
AP36,IO_L8P_T1L_N2_AD5P_67,1L,67,HP,NA
AP37,IO_L7N_T1L_N1_QBC_AD13N_67,1L,67,HP,NA
AN37,IO_L7P_T1L_N0_QBC_AD13P_67,1L,67,HP,NA
AP32,IO_T1U_N12_67,1U,67,HP,NA
AR34,IO_T0U_N12_VRP_67,0U,67,HP,NA
AR36,IO_L6N_T0U_N11_AD6N_67,0U,67,HP,NA
AP35,IO_L6P_T0U_N10_AD6P_67,0U,67,HP,NA
AT36,IO_L5N_T0U_N9_AD14N_67,0U,67,HP,NA
AT35,IO_L5P_T0U_N8_AD14P_67,0U,67,HP,NA
AU35,IO_L4N_T0U_N7_DBC_AD7N_67,0U,67,HP,NA
AT34,IO_L4P_T0U_N6_DBC_AD7P_67,0U,67,HP,NA
AR33,IO_L3N_T0L_N5_AD15N_67,0L,67,HP,NA
AR32,IO_L3P_T0L_N4_AD15P_67,0L,67,HP,NA
AU33,IO_L2N_T0L_N3_67,0L,67,HP,NA
AT33,IO_L2P_T0L_N2_67,0L,67,HP,NA
AU32,IO_L1N_T0L_N1_DBC_67,0L,67,HP,NA
AU31,IO_L1P_T0L_N0_DBC_67,0L,67,HP,NA
AG32,VREF_67,NA,67,HP,NA
AG31,IO_L24N_T3U_N11_66,3U,66,HP,NA
AF31,IO_L24P_T3U_N10_66,3U,66,HP,NA
AF30,IO_L23N_T3U_N9_66,3U,66,HP,NA
AF29,IO_L23P_T3U_N8_66,3U,66,HP,NA
AH30,IO_L22N_T3U_N7_DBC_AD0N_66,3U,66,HP,NA
AG30,IO_L22P_T3U_N6_DBC_AD0P_66,3U,66,HP,NA
AJ29,IO_L21N_T3L_N5_AD8N_66,3L,66,HP,NA
AH29,IO_L21P_T3L_N4_AD8P_66,3L,66,HP,NA
AJ31,IO_L20N_T3L_N3_AD1N_66,3L,66,HP,NA
AJ30,IO_L20P_T3L_N2_AD1P_66,3L,66,HP,NA
AL29,IO_L19N_T3L_N1_DBC_AD9N_66,3L,66,HP,NA
AK29,IO_L19P_T3L_N0_DBC_AD9P_66,3L,66,HP,NA
AK31,IO_T3U_N12_66,3U,66,HP,NA
AK28,IO_T2U_N12_66,2U,66,HP,NA
AH28,IO_L18N_T2U_N11_AD2N_66,2U,66,HP,NA
AH27,IO_L18P_T2U_N10_AD2P_66,2U,66,HP,NA
AK27,IO_L17N_T2U_N9_AD10N_66,2U,66,HP,NA
AJ27,IO_L17P_T2U_N8_AD10P_66,2U,66,HP,NA
AL26,IO_L16N_T2U_N7_QBC_AD3N_66,2U,66,HP,NA
AK26,IO_L16P_T2U_N6_QBC_AD3P_66,2U,66,HP,NA
AM27,IO_L15N_T2L_N5_AD11N_66,2L,66,HP,NA
AM26,IO_L15P_T2L_N4_AD11P_66,2L,66,HP,NA
AM28,IO_L14N_T2L_N3_GC_66,2L,66,HP,NA
AL28,IO_L14P_T2L_N2_GC_66,2L,66,HP,NA
AN28,IO_L13N_T2L_N1_GC_QBC_66,2L,66,HP,NA
AN27,IO_L13P_T2L_N0_GC_QBC_66,2L,66,HP,NA
AP27,IO_L12N_T1U_N11_GC_66,1U,66,HP,NA
AP26,IO_L12P_T1U_N10_GC_66,1U,66,HP,NA
AR27,IO_L11N_T1U_N9_GC_66,1U,66,HP,NA
AR26,IO_L11P_T1U_N8_GC_66,1U,66,HP,NA
AU26,IO_L10N_T1U_N7_QBC_AD4N_66,1U,66,HP,NA
AT26,IO_L10P_T1U_N6_QBC_AD4P_66,1U,66,HP,NA
AU28,IO_L9N_T1L_N5_AD12N_66,1L,66,HP,NA
AU27,IO_L9P_T1L_N4_AD12P_66,1L,66,HP,NA
AT28,IO_L8N_T1L_N3_AD5N_66,1L,66,HP,NA
AR28,IO_L8P_T1L_N2_AD5P_66,1L,66,HP,NA
AU30,IO_L7N_T1L_N1_QBC_AD13N_66,1L,66,HP,NA
AT29,IO_L7P_T1L_N0_QBC_AD13P_66,1L,66,HP,NA
AU25,IO_T1U_N12_66,1U,66,HP,NA
AP31,IO_T0U_N12_VRP_66,0U,66,HP,NA
AT30,IO_L6N_T0U_N11_AD6N_66,0U,66,HP,NA
AR29,IO_L6P_T0U_N10_AD6P_66,0U,66,HP,NA
AT31,IO_L5N_T0U_N9_AD14N_66,0U,66,HP,NA
AR31,IO_L5P_T0U_N8_AD14P_66,0U,66,HP,NA
AP30,IO_L4N_T0U_N7_DBC_AD7N_66,0U,66,HP,NA
AP29,IO_L4P_T0U_N6_DBC_AD7P_66,0U,66,HP,NA
AN30,IO_L3N_T0L_N5_AD15N_66,0L,66,HP,NA
AN29,IO_L3P_T0L_N4_AD15P_66,0L,66,HP,NA
AM31,IO_L2N_T0L_N3_66,0L,66,HP,NA
AM30,IO_L2P_T0L_N2_66,0L,66,HP,NA
AL31,IO_L1N_T0L_N1_DBC_66,0L,66,HP,NA
AL30,IO_L1P_T0L_N0_DBC_66,0L,66,HP,NA
AJ26,VREF_66,NA,66,HP,NA
AH18,IO_L24N_T3U_N11_DOUT_CSO_B_65,3U,65,HP,NA
AH17,IO_L24P_T3U_N10_EMCCLK_65,3U,65,HP,NA
AJ17,IO_L23N_T3U_N9_PERSTN1_I2C_SDA_65,3U,65,HP,NA
AJ16,IO_L23P_T3U_N8_I2C_SCLK_65,3U,65,HP,NA
AK17,IO_L22N_T3U_N7_DBC_AD0N_D05_65,3U,65,HP,NA
AK16,IO_L22P_T3U_N6_DBC_AD0P_D04_65,3U,65,HP,NA
AM16,IO_L21N_T3L_N5_AD8N_D07_65,3L,65,HP,NA
AL16,IO_L21P_T3L_N4_AD8P_D06_65,3L,65,HP,NA
AN17,IO_L20N_T3L_N3_AD1N_D09_65,3L,65,HP,NA
AM17,IO_L20P_T3L_N2_AD1P_D08_65,3L,65,HP,NA
AN18,IO_L19N_T3L_N1_DBC_AD9N_D11_65,3L,65,HP,NA
AM18,IO_L19P_T3L_N0_DBC_AD9P_D10_65,3L,65,HP,NA
AK18,IO_T3U_N12_PERSTN0_65,3U,65,HP,NA
AK19,IO_T2U_N12_CSI_ADV_B_65,2U,65,HP,NA
AN20,IO_L18N_T2U_N11_AD2N_D13_65,2U,65,HP,NA
AN19,IO_L18P_T2U_N10_AD2P_D12_65,2U,65,HP,NA
AM20,IO_L17N_T2U_N9_AD10N_D15_65,2U,65,HP,NA
AL20,IO_L17P_T2U_N8_AD10P_D14_65,2U,65,HP,NA
AL19,IO_L16N_T2U_N7_QBC_AD3N_A01_D17_65,2U,65,HP,NA
AL18,IO_L16P_T2U_N6_QBC_AD3P_A00_D16_65,2U,65,HP,NA
AJ19,IO_L15N_T2L_N5_AD11N_A03_D19_65,2L,65,HP,NA
AH19,IO_L15P_T2L_N4_AD11P_A02_D18_65,2L,65,HP,NA
AJ20,IO_L14N_T2L_N3_GC_A05_D21_65,2L,65,HP,NA
AH20,IO_L14P_T2L_N2_GC_A04_D20_65,2L,65,HP,NA
AK21,IO_L13N_T2L_N1_GC_QBC_A07_D23_65,2L,65,HP,NA
AJ21,IO_L13P_T2L_N0_GC_QBC_A06_D22_65,2L,65,HP,NA
AM21,IO_L12N_T1U_N11_GC_A09_D25_65,1U,65,HP,NA
AL21,IO_L12P_T1U_N10_GC_A08_D24_65,1U,65,HP,NA
AL23,IO_L11N_T1U_N9_GC_A11_D27_65,1U,65,HP,NA
AK23,IO_L11P_T1U_N8_GC_A10_D26_65,1U,65,HP,NA
AK22,IO_L10N_T1U_N7_QBC_AD4N_A13_D29_65,1U,65,HP,NA
AJ22,IO_L10P_T1U_N6_QBC_AD4P_A12_D28_65,1U,65,HP,NA
AJ24,IO_L9N_T1L_N5_AD12N_A15_D31_65,1L,65,HP,NA
AH24,IO_L9P_T1L_N4_AD12P_A14_D30_65,1L,65,HP,NA
AL24,IO_L8N_T1L_N3_AD5N_A17_65,1L,65,HP,NA
AK24,IO_L8P_T1L_N2_AD5P_A16_65,1L,65,HP,NA
AJ25,IO_L7N_T1L_N1_QBC_AD13N_A19_65,1L,65,HP,NA
AH25,IO_L7P_T1L_N0_QBC_AD13P_A18_65,1L,65,HP,NA
AH23,IO_T1U_N12_SMBALERT_65,1U,65,HP,NA
AN24,IO_T0U_N12_VRP_A28_65,0U,65,HP,NA
AM25,IO_L6N_T0U_N11_AD6N_A21_65,0U,65,HP,NA
AL25,IO_L6P_T0U_N10_AD6P_A20_65,0U,65,HP,NA
AM23,IO_L5N_T0U_N9_AD14N_A23_65,0U,65,HP,NA
AM22,IO_L5P_T0U_N8_AD14P_A22_65,0U,65,HP,NA
AN23,IO_L4N_T0U_N7_DBC_AD7N_A25_65,0U,65,HP,NA
AN22,IO_L4P_T0U_N6_DBC_AD7P_A24_65,0U,65,HP,NA
AP25,IO_L3N_T0L_N5_AD15N_A27_65,0L,65,HP,NA
AN25,IO_L3P_T0L_N4_AD15P_A26_65,0L,65,HP,NA
AR24,IO_L2N_T0L_N3_FWE_FCS2_B_65,0L,65,HP,NA
AP24,IO_L2P_T0L_N2_FOE_B_65,0L,65,HP,NA
AT25,IO_L1N_T0L_N1_DBC_RS1_65,0L,65,HP,NA
AT24,IO_L1P_T0L_N0_DBC_RS0_65,0L,65,HP,NA
AH22,VREF_65,NA,65,HP,NA
AN9,MGTREFCLK0N_224,NA,224,GTY,NA
AN10,MGTREFCLK0P_224,NA,224,GTY,NA
AM7,MGTREFCLK1N_224,NA,224,GTY,NA
AM8,MGTREFCLK1P_224,NA,224,GTY,NA
AU21,MGTYRXN0_224,NA,224,GTY,NA
AU17,MGTYRXN1_224,NA,224,GTY,NA
AT15,MGTYRXN2_224,NA,224,GTY,NA
AU13,MGTYRXN3_224,NA,224,GTY,NA
AU22,MGTYRXP0_224,NA,224,GTY,NA
AU18,MGTYRXP1_224,NA,224,GTY,NA
AT16,MGTYRXP2_224,NA,224,GTY,NA
AU14,MGTYRXP3_224,NA,224,GTY,NA
AR21,MGTYTXN0_224,NA,224,GTY,NA
AT19,MGTYTXN1_224,NA,224,GTY,NA
AR17,MGTYTXN2_224,NA,224,GTY,NA
AR13,MGTYTXN3_224,NA,224,GTY,NA
AR22,MGTYTXP0_224,NA,224,GTY,NA
AT20,MGTYTXP1_224,NA,224,GTY,NA
AR18,MGTYTXP2_224,NA,224,GTY,NA
AR14,MGTYTXP3_224,NA,224,GTY,NA
AH7,MGTAVTTRCAL_RS,NA,NA,NA,NA
AL9,MGTREFCLK0N_225,NA,225,GTY,NA
AL10,MGTREFCLK0P_225,NA,225,GTY,NA
AK7,MGTREFCLK1N_225,NA,225,GTY,NA
AK8,MGTREFCLK1P_225,NA,225,GTY,NA
AH8,MGTRREF_RS,NA,NA,NA,NA
AU9,MGTYRXN0_225,NA,225,GTY,NA
AT7,MGTYRXN1_225,NA,225,GTY,NA
AU5,MGTYRXN2_225,NA,225,GTY,NA
AT3,MGTYRXN3_225,NA,225,GTY,NA
AU10,MGTYRXP0_225,NA,225,GTY,NA
AT8,MGTYRXP1_225,NA,225,GTY,NA
AU6,MGTYRXP2_225,NA,225,GTY,NA
AT4,MGTYRXP3_225,NA,225,GTY,NA
AT11,MGTYTXN0_225,NA,225,GTY,NA
AR9,MGTYTXN1_225,NA,225,GTY,NA
AR5,MGTYTXN2_225,NA,225,GTY,NA
AP7,MGTYTXN3_225,NA,225,GTY,NA
AT12,MGTYTXP0_225,NA,225,GTY,NA
AR10,MGTYTXP1_225,NA,225,GTY,NA
AR6,MGTYTXP2_225,NA,225,GTY,NA
AP8,MGTYTXP3_225,NA,225,GTY,NA
AJ9,MGTREFCLK0N_226,NA,226,GTY,NA
AJ10,MGTREFCLK0P_226,NA,226,GTY,NA
AG9,MGTREFCLK1N_226,NA,226,GTY,NA
AG10,MGTREFCLK1P_226,NA,226,GTY,NA
AR1,MGTYRXN0_226,NA,226,GTY,NA
AN1,MGTYRXN1_226,NA,226,GTY,NA
AM3,MGTYRXN2_226,NA,226,GTY,NA
AL1,MGTYRXN3_226,NA,226,GTY,NA
AR2,MGTYRXP0_226,NA,226,GTY,NA
AN2,MGTYRXP1_226,NA,226,GTY,NA
AM4,MGTYRXP2_226,NA,226,GTY,NA
AL2,MGTYRXP3_226,NA,226,GTY,NA
AP3,MGTYTXN0_226,NA,226,GTY,NA
AN5,MGTYTXN1_226,NA,226,GTY,NA
AL5,MGTYTXN2_226,NA,226,GTY,NA
AJ5,MGTYTXN3_226,NA,226,GTY,NA
AP4,MGTYTXP0_226,NA,226,GTY,NA
AN6,MGTYTXP1_226,NA,226,GTY,NA
AL6,MGTYTXP2_226,NA,226,GTY,NA
AJ6,MGTYTXP3_226,NA,226,GTY,NA
AF7,MGTREFCLK0N_227,NA,227,GTY,NA
AF8,MGTREFCLK0P_227,NA,227,GTY,NA
AE9,MGTREFCLK1N_227,NA,227,GTY,NA
AE10,MGTREFCLK1P_227,NA,227,GTY,NA
AK3,MGTYRXN0_227,NA,227,GTY,NA
AJ1,MGTYRXN1_227,NA,227,GTY,NA
AG1,MGTYRXN2_227,NA,227,GTY,NA
AF3,MGTYRXN3_227,NA,227,GTY,NA
AK4,MGTYRXP0_227,NA,227,GTY,NA
AJ2,MGTYRXP1_227,NA,227,GTY,NA
AG2,MGTYRXP2_227,NA,227,GTY,NA
AF4,MGTYRXP3_227,NA,227,GTY,NA
AH3,MGTYTXN0_227,NA,227,GTY,NA
AG5,MGTYTXN1_227,NA,227,GTY,NA
AE5,MGTYTXN2_227,NA,227,GTY,NA
AD7,MGTYTXN3_227,NA,227,GTY,NA
AH4,MGTYTXP0_227,NA,227,GTY,NA
AG6,MGTYTXP1_227,NA,227,GTY,NA
AE6,MGTYTXP2_227,NA,227,GTY,NA
AD8,MGTYTXP3_227,NA,227,GTY,NA
AC9,MGTREFCLK0N_228,NA,228,GTY,NA
AC10,MGTREFCLK0P_228,NA,228,GTY,NA
AA9,MGTREFCLK1N_228,NA,228,GTY,NA
AA10,MGTREFCLK1P_228,NA,228,GTY,NA
AE1,MGTYRXN0_228,NA,228,GTY,NA
AC1,MGTYRXN1_228,NA,228,GTY,NA
AB3,MGTYRXN2_228,NA,228,GTY,NA
AA1,MGTYRXN3_228,NA,228,GTY,NA
AE2,MGTYRXP0_228,NA,228,GTY,NA
AC2,MGTYRXP1_228,NA,228,GTY,NA
AB4,MGTYRXP2_228,NA,228,GTY,NA
AA2,MGTYRXP3_228,NA,228,GTY,NA
AD3,MGTYTXN0_228,NA,228,GTY,NA
AC5,MGTYTXN1_228,NA,228,GTY,NA
AB7,MGTYTXN2_228,NA,228,GTY,NA
AA5,MGTYTXN3_228,NA,228,GTY,NA
AD4,MGTYTXP0_228,NA,228,GTY,NA
AC6,MGTYTXP1_228,NA,228,GTY,NA
AB8,MGTYTXP2_228,NA,228,GTY,NA
AA6,MGTYTXP3_228,NA,228,GTY,NA
W9,MGTREFCLK0N_229,NA,229,GTY,NA
W10,MGTREFCLK0P_229,NA,229,GTY,NA
U10,MGTREFCLK1N_229,NA,229,GTY,NA
U11,MGTREFCLK1P_229,NA,229,GTY,NA
Y3,MGTYRXN0_229,NA,229,GTY,NA
W1,MGTYRXN1_229,NA,229,GTY,NA
V3,MGTYRXN2_229,NA,229,GTY,NA
U1,MGTYRXN3_229,NA,229,GTY,NA
Y4,MGTYRXP0_229,NA,229,GTY,NA
W2,MGTYRXP1_229,NA,229,GTY,NA
V4,MGTYRXP2_229,NA,229,GTY,NA
U2,MGTYRXP3_229,NA,229,GTY,NA
Y7,MGTYTXN0_229,NA,229,GTY,NA
W5,MGTYTXN1_229,NA,229,GTY,NA
U6,MGTYTXN2_229,NA,229,GTY,NA
R6,MGTYTXN3_229,NA,229,GTY,NA
Y8,MGTYTXP0_229,NA,229,GTY,NA
W6,MGTYTXP1_229,NA,229,GTY,NA
U7,MGTYTXP2_229,NA,229,GTY,NA
R7,MGTYTXP3_229,NA,229,GTY,NA
T8,MGTREFCLK0N_230,NA,230,GTY,NA
T9,MGTREFCLK0P_230,NA,230,GTY,NA
R10,MGTREFCLK1N_230,NA,230,GTY,NA
R11,MGTREFCLK1P_230,NA,230,GTY,NA
T3,MGTYRXN0_230,NA,230,GTY,NA
R1,MGTYRXN1_230,NA,230,GTY,NA
N1,MGTYRXN2_230,NA,230,GTY,NA
L1,MGTYRXN3_230,NA,230,GTY,NA
T4,MGTYRXP0_230,NA,230,GTY,NA
R2,MGTYRXP1_230,NA,230,GTY,NA
N2,MGTYRXP2_230,NA,230,GTY,NA
L2,MGTYRXP3_230,NA,230,GTY,NA
P4,MGTYTXN0_230,NA,230,GTY,NA
N6,MGTYTXN1_230,NA,230,GTY,NA
M4,MGTYTXN2_230,NA,230,GTY,NA
L6,MGTYTXN3_230,NA,230,GTY,NA
P5,MGTYTXP0_230,NA,230,GTY,NA
N7,MGTYTXP1_230,NA,230,GTY,NA
M5,MGTYTXP2_230,NA,230,GTY,NA
L7,MGTYTXP3_230,NA,230,GTY,NA
P8,MGTREFCLK0N_231,NA,231,GTY,NA
P9,MGTREFCLK0P_231,NA,231,GTY,NA
N10,MGTREFCLK1N_231,NA,231,GTY,NA
N11,MGTREFCLK1P_231,NA,231,GTY,NA
K3,MGTYRXN0_231,NA,231,GTY,NA
J1,MGTYRXN1_231,NA,231,GTY,NA
G1,MGTYRXN2_231,NA,231,GTY,NA
E1,MGTYRXN3_231,NA,231,GTY,NA
K4,MGTYRXP0_231,NA,231,GTY,NA
J2,MGTYRXP1_231,NA,231,GTY,NA
G2,MGTYRXP2_231,NA,231,GTY,NA
E2,MGTYRXP3_231,NA,231,GTY,NA
J6,MGTYTXN0_231,NA,231,GTY,NA
H4,MGTYTXN1_231,NA,231,GTY,NA
G6,MGTYTXN2_231,NA,231,GTY,NA
F4,MGTYTXN3_231,NA,231,GTY,NA
J7,MGTYTXP0_231,NA,231,GTY,NA
H5,MGTYTXP1_231,NA,231,GTY,NA
G7,MGTYTXP2_231,NA,231,GTY,NA
F5,MGTYTXP3_231,NA,231,GTY,NA
M8,MGTREFCLK0N_232,NA,232,GTY,NA
M9,MGTREFCLK0P_232,NA,232,GTY,NA
D3,MGTYRXN0_232,NA,232,GTY,NA
C1,MGTYRXN1_232,NA,232,GTY,NA
D4,MGTYRXP0_232,NA,232,GTY,NA
C2,MGTYRXP1_232,NA,232,GTY,NA
C5,MGTYTXN0_232,NA,232,GTY,NA
B3,MGTYTXN1_232,NA,232,GTY,NA
C6,MGTYTXP0_232,NA,232,GTY,NA
B4,MGTYTXP1_232,NA,232,GTY,NA
E13,MGTAVTTRCAL_RN,NA,NA,NA,NA
A6,MGTMRXN0_233,NA,233,GTM,NA
A9,MGTMRXN1_233,NA,233,GTM,NA
A7,MGTMRXP0_233,NA,233,GTM,NA
A10,MGTMRXP1_233,NA,233,GTM,NA
C8,MGTMTXN0_233,NA,233,GTM,NA
C11,MGTMTXN1_233,NA,233,GTM,NA
C9,MGTMTXP0_233,NA,233,GTM,NA
C12,MGTMTXP1_233,NA,233,GTM,NA
J9,MGTREFCLKN_233,NA,233,GTM,NA
J10,MGTREFCLKP_233,NA,233,GTM,NA
E14,MGTRREF_RN,NA,NA,NA,NA
A12,MGTMRXN0_234,NA,234,GTM,NA
A15,MGTMRXN1_234,NA,234,GTM,NA
A13,MGTMRXP0_234,NA,234,GTM,NA
A16,MGTMRXP1_234,NA,234,GTM,NA
C14,MGTMTXN0_234,NA,234,GTM,NA
C17,MGTMTXN1_234,NA,234,GTM,NA
C15,MGTMTXP0_234,NA,234,GTM,NA
C18,MGTMTXP1_234,NA,234,GTM,NA
G9,MGTREFCLKN_234,NA,234,GTM,NA
G10,MGTREFCLKP_234,NA,234,GTM,NA
AM14,VCCO_0,NA,0,NA,NA
AN16,VCCO_0,NA,0,NA,NA
AN21,VCCO_65,NA,65,NA,NA
AN26,VCCO_65,NA,65,NA,NA
AR25,VCCO_65,NA,65,NA,NA
A11,GND,NA,NA,NA,NA
A14,GND,NA,NA,NA,NA
A17,GND,NA,NA,NA,NA
A2,GND,NA,NA,NA,NA
A22,GND,NA,NA,NA,NA
A27,GND,NA,NA,NA,NA
A3,GND,NA,NA,NA,NA
A32,GND,NA,NA,NA,NA
A36,GND,NA,NA,NA,NA
A4,GND,NA,NA,NA,NA
A5,GND,NA,NA,NA,NA
A8,GND,NA,NA,NA,NA
AA11,GND,NA,NA,NA,NA
AA12,GND,NA,NA,NA,NA
AA14,GND,NA,NA,NA,NA
AA16,GND,NA,NA,NA,NA
AA22,GND,NA,NA,NA,NA
AA24,GND,NA,NA,NA,NA
AA26,GND,NA,NA,NA,NA
AA28,GND,NA,NA,NA,NA
AA3,GND,NA,NA,NA,NA
AA32,GND,NA,NA,NA,NA
AA37,GND,NA,NA,NA,NA
AA4,GND,NA,NA,NA,NA
AA7,GND,NA,NA,NA,NA
AB1,GND,NA,NA,NA,NA
AB11,GND,NA,NA,NA,NA
AB13,GND,NA,NA,NA,NA
AB15,GND,NA,NA,NA,NA
AB17,GND,NA,NA,NA,NA
AB19,GND,NA,NA,NA,NA
AB2,GND,NA,NA,NA,NA
AB21,GND,NA,NA,NA,NA
AB23,GND,NA,NA,NA,NA
AB25,GND,NA,NA,NA,NA
AB27,GND,NA,NA,NA,NA
AB29,GND,NA,NA,NA,NA
AB34,GND,NA,NA,NA,NA
AB5,GND,NA,NA,NA,NA
AB9,GND,NA,NA,NA,NA
AC11,GND,NA,NA,NA,NA
AC12,GND,NA,NA,NA,NA
AC14,GND,NA,NA,NA,NA
AC16,GND,NA,NA,NA,NA
AC20,GND,NA,NA,NA,NA
AC22,GND,NA,NA,NA,NA
AC24,GND,NA,NA,NA,NA
AC26,GND,NA,NA,NA,NA
AC28,GND,NA,NA,NA,NA
AC3,GND,NA,NA,NA,NA
AC36,GND,NA,NA,NA,NA
AC4,GND,NA,NA,NA,NA
AC7,GND,NA,NA,NA,NA
AD1,GND,NA,NA,NA,NA
AD10,GND,NA,NA,NA,NA
AD11,GND,NA,NA,NA,NA
AD13,GND,NA,NA,NA,NA
AD15,GND,NA,NA,NA,NA
AD17,GND,NA,NA,NA,NA
AD2,GND,NA,NA,NA,NA
AD21,GND,NA,NA,NA,NA
AD23,GND,NA,NA,NA,NA
AD25,GND,NA,NA,NA,NA
AD27,GND,NA,NA,NA,NA
AD33,GND,NA,NA,NA,NA
AD5,GND,NA,NA,NA,NA
AD9,GND,NA,NA,NA,NA
AE11,GND,NA,NA,NA,NA
AE12,GND,NA,NA,NA,NA
AE14,GND,NA,NA,NA,NA
AE16,GND,NA,NA,NA,NA
AE20,GND,NA,NA,NA,NA
AE22,GND,NA,NA,NA,NA
AE24,GND,NA,NA,NA,NA
AE26,GND,NA,NA,NA,NA
AE28,GND,NA,NA,NA,NA
AE3,GND,NA,NA,NA,NA
AE35,GND,NA,NA,NA,NA
AE4,GND,NA,NA,NA,NA
AE7,GND,NA,NA,NA,NA
AF1,GND,NA,NA,NA,NA
AF10,GND,NA,NA,NA,NA
AF11,GND,NA,NA,NA,NA
AF13,GND,NA,NA,NA,NA
AF15,GND,NA,NA,NA,NA
AF17,GND,NA,NA,NA,NA
AF2,GND,NA,NA,NA,NA
AF21,GND,NA,NA,NA,NA
AF23,GND,NA,NA,NA,NA
AF25,GND,NA,NA,NA,NA
AF27,GND,NA,NA,NA,NA
AF32,GND,NA,NA,NA,NA
AF37,GND,NA,NA,NA,NA
AF5,GND,NA,NA,NA,NA
AF9,GND,NA,NA,NA,NA
AG11,GND,NA,NA,NA,NA
AG12,GND,NA,NA,NA,NA
AG14,GND,NA,NA,NA,NA
AG16,GND,NA,NA,NA,NA
AG18,GND,NA,NA,NA,NA
AG20,GND,NA,NA,NA,NA
AG22,GND,NA,NA,NA,NA
AG24,GND,NA,NA,NA,NA
AG26,GND,NA,NA,NA,NA
AG28,GND,NA,NA,NA,NA
AG29,GND,NA,NA,NA,NA
AG3,GND,NA,NA,NA,NA
AG4,GND,NA,NA,NA,NA
AG7,GND,NA,NA,NA,NA
AH1,GND,NA,NA,NA,NA
AH11,GND,NA,NA,NA,NA
AH16,GND,NA,NA,NA,NA
AH2,GND,NA,NA,NA,NA
AH21,GND,NA,NA,NA,NA
AH26,GND,NA,NA,NA,NA
AH31,GND,NA,NA,NA,NA
AH36,GND,NA,NA,NA,NA
AH5,GND,NA,NA,NA,NA
AH9,GND,NA,NA,NA,NA
AJ11,GND,NA,NA,NA,NA
AJ13,GND,NA,NA,NA,NA
AJ18,GND,NA,NA,NA,NA
AJ23,GND,NA,NA,NA,NA
AJ28,GND,NA,NA,NA,NA
AJ3,GND,NA,NA,NA,NA
AJ4,GND,NA,NA,NA,NA
AJ7,GND,NA,NA,NA,NA
AK1,GND,NA,NA,NA,NA
AK11,GND,NA,NA,NA,NA
AK15,GND,NA,NA,NA,NA
AK2,GND,NA,NA,NA,NA
AK20,GND,NA,NA,NA,NA
AK25,GND,NA,NA,NA,NA
AK35,GND,NA,NA,NA,NA
AK5,GND,NA,NA,NA,NA
AK9,GND,NA,NA,NA,NA
AL11,GND,NA,NA,NA,NA
AL12,GND,NA,NA,NA,NA
AL17,GND,NA,NA,NA,NA
AL22,GND,NA,NA,NA,NA
AL27,GND,NA,NA,NA,NA
AL3,GND,NA,NA,NA,NA
AL37,GND,NA,NA,NA,NA
AL4,GND,NA,NA,NA,NA
AL7,GND,NA,NA,NA,NA
AM1,GND,NA,NA,NA,NA
AM10,GND,NA,NA,NA,NA
AM11,GND,NA,NA,NA,NA
AM19,GND,NA,NA,NA,NA
AM2,GND,NA,NA,NA,NA
AM24,GND,NA,NA,NA,NA
AM29,GND,NA,NA,NA,NA
AM34,GND,NA,NA,NA,NA
AM5,GND,NA,NA,NA,NA
AM9,GND,NA,NA,NA,NA
AN11,GND,NA,NA,NA,NA
AN3,GND,NA,NA,NA,NA
AN36,GND,NA,NA,NA,NA
AN4,GND,NA,NA,NA,NA
AN7,GND,NA,NA,NA,NA
AP1,GND,NA,NA,NA,NA
AP11,GND,NA,NA,NA,NA
AP12,GND,NA,NA,NA,NA
AP13,GND,NA,NA,NA,NA
AP14,GND,NA,NA,NA,NA
AP15,GND,NA,NA,NA,NA
AP16,GND,NA,NA,NA,NA
AP17,GND,NA,NA,NA,NA
AP18,GND,NA,NA,NA,NA
AP19,GND,NA,NA,NA,NA
AP2,GND,NA,NA,NA,NA
AP20,GND,NA,NA,NA,NA
AP21,GND,NA,NA,NA,NA
AP22,GND,NA,NA,NA,NA
AP23,GND,NA,NA,NA,NA
AP33,GND,NA,NA,NA,NA
AP5,GND,NA,NA,NA,NA
AP9,GND,NA,NA,NA,NA
AR11,GND,NA,NA,NA,NA
AR12,GND,NA,NA,NA,NA
AR15,GND,NA,NA,NA,NA
AR16,GND,NA,NA,NA,NA
AR19,GND,NA,NA,NA,NA
AR20,GND,NA,NA,NA,NA
AR23,GND,NA,NA,NA,NA
AR3,GND,NA,NA,NA,NA
AR30,GND,NA,NA,NA,NA
AR35,GND,NA,NA,NA,NA
AR4,GND,NA,NA,NA,NA
AR7,GND,NA,NA,NA,NA
AR8,GND,NA,NA,NA,NA
AT1,GND,NA,NA,NA,NA
AT10,GND,NA,NA,NA,NA
AT13,GND,NA,NA,NA,NA
AT14,GND,NA,NA,NA,NA
AT17,GND,NA,NA,NA,NA
AT18,GND,NA,NA,NA,NA
AT2,GND,NA,NA,NA,NA
AT21,GND,NA,NA,NA,NA
AT22,GND,NA,NA,NA,NA
AT23,GND,NA,NA,NA,NA
AT27,GND,NA,NA,NA,NA
AT32,GND,NA,NA,NA,NA
AT37,GND,NA,NA,NA,NA
AT5,GND,NA,NA,NA,NA
AT6,GND,NA,NA,NA,NA
AT9,GND,NA,NA,NA,NA
AU11,GND,NA,NA,NA,NA
AU12,GND,NA,NA,NA,NA
AU15,GND,NA,NA,NA,NA
AU16,GND,NA,NA,NA,NA
AU19,GND,NA,NA,NA,NA
AU2,GND,NA,NA,NA,NA
AU20,GND,NA,NA,NA,NA
AU23,GND,NA,NA,NA,NA
AU24,GND,NA,NA,NA,NA
AU29,GND,NA,NA,NA,NA
AU3,GND,NA,NA,NA,NA
AU34,GND,NA,NA,NA,NA
AU36,GND,NA,NA,NA,NA
AU4,GND,NA,NA,NA,NA
AU7,GND,NA,NA,NA,NA
AU8,GND,NA,NA,NA,NA
B1,GND,NA,NA,NA,NA
B10,GND,NA,NA,NA,NA
B11,GND,NA,NA,NA,NA
B12,GND,NA,NA,NA,NA
B13,GND,NA,NA,NA,NA
B14,GND,NA,NA,NA,NA
B15,GND,NA,NA,NA,NA
B16,GND,NA,NA,NA,NA
B17,GND,NA,NA,NA,NA
B18,GND,NA,NA,NA,NA
B19,GND,NA,NA,NA,NA
B2,GND,NA,NA,NA,NA
B24,GND,NA,NA,NA,NA
B29,GND,NA,NA,NA,NA
B34,GND,NA,NA,NA,NA
B37,GND,NA,NA,NA,NA
B5,GND,NA,NA,NA,NA
B6,GND,NA,NA,NA,NA
B7,GND,NA,NA,NA,NA
B8,GND,NA,NA,NA,NA
B9,GND,NA,NA,NA,NA
C10,GND,NA,NA,NA,NA
C13,GND,NA,NA,NA,NA
C16,GND,NA,NA,NA,NA
C19,GND,NA,NA,NA,NA
C26,GND,NA,NA,NA,NA
C3,GND,NA,NA,NA,NA
C36,GND,NA,NA,NA,NA
C4,GND,NA,NA,NA,NA
C7,GND,NA,NA,NA,NA
D1,GND,NA,NA,NA,NA
D10,GND,NA,NA,NA,NA
D11,GND,NA,NA,NA,NA
D12,GND,NA,NA,NA,NA
D13,GND,NA,NA,NA,NA
D14,GND,NA,NA,NA,NA
D15,GND,NA,NA,NA,NA
D16,GND,NA,NA,NA,NA
D17,GND,NA,NA,NA,NA
D18,GND,NA,NA,NA,NA
D19,GND,NA,NA,NA,NA
D2,GND,NA,NA,NA,NA
D33,GND,NA,NA,NA,NA
D5,GND,NA,NA,NA,NA
D6,GND,NA,NA,NA,NA
D7,GND,NA,NA,NA,NA
D8,GND,NA,NA,NA,NA
D9,GND,NA,NA,NA,NA
E10,GND,NA,NA,NA,NA
E15,GND,NA,NA,NA,NA
E3,GND,NA,NA,NA,NA
E30,GND,NA,NA,NA,NA
E35,GND,NA,NA,NA,NA
E4,GND,NA,NA,NA,NA
E5,GND,NA,NA,NA,NA
E6,GND,NA,NA,NA,NA
F1,GND,NA,NA,NA,NA
F10,GND,NA,NA,NA,NA
F11,GND,NA,NA,NA,NA
F12,GND,NA,NA,NA,NA
F13,GND,NA,NA,NA,NA
F14,GND,NA,NA,NA,NA
F15,GND,NA,NA,NA,NA
F17,GND,NA,NA,NA,NA
F2,GND,NA,NA,NA,NA
F22,GND,NA,NA,NA,NA
F27,GND,NA,NA,NA,NA
F3,GND,NA,NA,NA,NA
F32,GND,NA,NA,NA,NA
F37,GND,NA,NA,NA,NA
F6,GND,NA,NA,NA,NA
F7,GND,NA,NA,NA,NA
F8,GND,NA,NA,NA,NA
F9,GND,NA,NA,NA,NA
G11,GND,NA,NA,NA,NA
G12,GND,NA,NA,NA,NA
G19,GND,NA,NA,NA,NA
G24,GND,NA,NA,NA,NA
G29,GND,NA,NA,NA,NA
G3,GND,NA,NA,NA,NA
G4,GND,NA,NA,NA,NA
G5,GND,NA,NA,NA,NA
G8,GND,NA,NA,NA,NA
H1,GND,NA,NA,NA,NA
H11,GND,NA,NA,NA,NA
H13,GND,NA,NA,NA,NA
H16,GND,NA,NA,NA,NA
H2,GND,NA,NA,NA,NA
H21,GND,NA,NA,NA,NA
H26,GND,NA,NA,NA,NA
H3,GND,NA,NA,NA,NA
H31,GND,NA,NA,NA,NA
H36,GND,NA,NA,NA,NA
H6,GND,NA,NA,NA,NA
H7,GND,NA,NA,NA,NA
H8,GND,NA,NA,NA,NA
H9,GND,NA,NA,NA,NA
J11,GND,NA,NA,NA,NA
J12,GND,NA,NA,NA,NA
J14,GND,NA,NA,NA,NA
J16,GND,NA,NA,NA,NA
J18,GND,NA,NA,NA,NA
J20,GND,NA,NA,NA,NA
J22,GND,NA,NA,NA,NA
J24,GND,NA,NA,NA,NA
J26,GND,NA,NA,NA,NA
J28,GND,NA,NA,NA,NA
J3,GND,NA,NA,NA,NA
J4,GND,NA,NA,NA,NA
J5,GND,NA,NA,NA,NA
J8,GND,NA,NA,NA,NA
K1,GND,NA,NA,NA,NA
K11,GND,NA,NA,NA,NA
K13,GND,NA,NA,NA,NA
K15,GND,NA,NA,NA,NA
K17,GND,NA,NA,NA,NA
K19,GND,NA,NA,NA,NA
K2,GND,NA,NA,NA,NA
K21,GND,NA,NA,NA,NA
K23,GND,NA,NA,NA,NA
K25,GND,NA,NA,NA,NA
K27,GND,NA,NA,NA,NA
K30,GND,NA,NA,NA,NA
K35,GND,NA,NA,NA,NA
K5,GND,NA,NA,NA,NA
K6,GND,NA,NA,NA,NA
K7,GND,NA,NA,NA,NA
K8,GND,NA,NA,NA,NA
K9,GND,NA,NA,NA,NA
L10,GND,NA,NA,NA,NA
L11,GND,NA,NA,NA,NA
L12,GND,NA,NA,NA,NA
L14,GND,NA,NA,NA,NA
L16,GND,NA,NA,NA,NA
L18,GND,NA,NA,NA,NA
L20,GND,NA,NA,NA,NA
L22,GND,NA,NA,NA,NA
L24,GND,NA,NA,NA,NA
L26,GND,NA,NA,NA,NA
L28,GND,NA,NA,NA,NA
L3,GND,NA,NA,NA,NA
L37,GND,NA,NA,NA,NA
L4,GND,NA,NA,NA,NA
L5,GND,NA,NA,NA,NA
L8,GND,NA,NA,NA,NA
L9,GND,NA,NA,NA,NA
M1,GND,NA,NA,NA,NA
M10,GND,NA,NA,NA,NA
M11,GND,NA,NA,NA,NA
M12,GND,NA,NA,NA,NA
M13,GND,NA,NA,NA,NA
M15,GND,NA,NA,NA,NA
M17,GND,NA,NA,NA,NA
M19,GND,NA,NA,NA,NA
M2,GND,NA,NA,NA,NA
M21,GND,NA,NA,NA,NA
M23,GND,NA,NA,NA,NA
M25,GND,NA,NA,NA,NA
M27,GND,NA,NA,NA,NA
M29,GND,NA,NA,NA,NA
M3,GND,NA,NA,NA,NA
M34,GND,NA,NA,NA,NA
M6,GND,NA,NA,NA,NA
N12,GND,NA,NA,NA,NA
N14,GND,NA,NA,NA,NA
N16,GND,NA,NA,NA,NA
N18,GND,NA,NA,NA,NA
N20,GND,NA,NA,NA,NA
N22,GND,NA,NA,NA,NA
N24,GND,NA,NA,NA,NA
N26,GND,NA,NA,NA,NA
N28,GND,NA,NA,NA,NA
N3,GND,NA,NA,NA,NA
N4,GND,NA,NA,NA,NA
N5,GND,NA,NA,NA,NA
N8,GND,NA,NA,NA,NA
P1,GND,NA,NA,NA,NA
P10,GND,NA,NA,NA,NA
P11,GND,NA,NA,NA,NA
P12,GND,NA,NA,NA,NA
P13,GND,NA,NA,NA,NA
P15,GND,NA,NA,NA,NA
P17,GND,NA,NA,NA,NA
P19,GND,NA,NA,NA,NA
P2,GND,NA,NA,NA,NA
P21,GND,NA,NA,NA,NA
P23,GND,NA,NA,NA,NA
P25,GND,NA,NA,NA,NA
P27,GND,NA,NA,NA,NA
P29,GND,NA,NA,NA,NA
P3,GND,NA,NA,NA,NA
P6,GND,NA,NA,NA,NA
R12,GND,NA,NA,NA,NA
R14,GND,NA,NA,NA,NA
R16,GND,NA,NA,NA,NA
R18,GND,NA,NA,NA,NA
R20,GND,NA,NA,NA,NA
R22,GND,NA,NA,NA,NA
R24,GND,NA,NA,NA,NA
R26,GND,NA,NA,NA,NA
R28,GND,NA,NA,NA,NA
R3,GND,NA,NA,NA,NA
R4,GND,NA,NA,NA,NA
R5,GND,NA,NA,NA,NA
R8,GND,NA,NA,NA,NA
T1,GND,NA,NA,NA,NA
T10,GND,NA,NA,NA,NA
T11,GND,NA,NA,NA,NA
T12,GND,NA,NA,NA,NA
T13,GND,NA,NA,NA,NA
T15,GND,NA,NA,NA,NA
T17,GND,NA,NA,NA,NA
T19,GND,NA,NA,NA,NA
T2,GND,NA,NA,NA,NA
T21,GND,NA,NA,NA,NA
T23,GND,NA,NA,NA,NA
T25,GND,NA,NA,NA,NA
T27,GND,NA,NA,NA,NA
T29,GND,NA,NA,NA,NA
T5,GND,NA,NA,NA,NA
T6,GND,NA,NA,NA,NA
U12,GND,NA,NA,NA,NA
U14,GND,NA,NA,NA,NA
U16,GND,NA,NA,NA,NA
U22,GND,NA,NA,NA,NA
U24,GND,NA,NA,NA,NA
U26,GND,NA,NA,NA,NA
U28,GND,NA,NA,NA,NA
U3,GND,NA,NA,NA,NA
U4,GND,NA,NA,NA,NA
U5,GND,NA,NA,NA,NA
U8,GND,NA,NA,NA,NA
V1,GND,NA,NA,NA,NA
V10,GND,NA,NA,NA,NA
V11,GND,NA,NA,NA,NA
V12,GND,NA,NA,NA,NA
V13,GND,NA,NA,NA,NA
V15,GND,NA,NA,NA,NA
V2,GND,NA,NA,NA,NA
V23,GND,NA,NA,NA,NA
V25,GND,NA,NA,NA,NA
V27,GND,NA,NA,NA,NA
V29,GND,NA,NA,NA,NA
V5,GND,NA,NA,NA,NA
V7,GND,NA,NA,NA,NA
V8,GND,NA,NA,NA,NA
V9,GND,NA,NA,NA,NA
W11,GND,NA,NA,NA,NA
W12,GND,NA,NA,NA,NA
W14,GND,NA,NA,NA,NA
W16,GND,NA,NA,NA,NA
W22,GND,NA,NA,NA,NA
W24,GND,NA,NA,NA,NA
W26,GND,NA,NA,NA,NA
W28,GND,NA,NA,NA,NA
W29,GND,NA,NA,NA,NA
W3,GND,NA,NA,NA,NA
W33,GND,NA,NA,NA,NA
W4,GND,NA,NA,NA,NA
W7,GND,NA,NA,NA,NA
Y1,GND,NA,NA,NA,NA
Y11,GND,NA,NA,NA,NA
Y13,GND,NA,NA,NA,NA
Y15,GND,NA,NA,NA,NA
Y2,GND,NA,NA,NA,NA
Y23,GND,NA,NA,NA,NA
Y25,GND,NA,NA,NA,NA
Y27,GND,NA,NA,NA,NA
Y35,GND,NA,NA,NA,NA
Y5,GND,NA,NA,NA,NA
Y9,GND,NA,NA,NA,NA
AA8,MGTAVCC_RC,NA,NA,NA,NA
AC8,MGTAVCC_RC,NA,NA,NA,NA
N9,MGTAVCC_RC,NA,NA,NA,NA
R9,MGTAVCC_RC,NA,NA,NA,NA
U9,MGTAVCC_RC,NA,NA,NA,NA
W8,MGTAVCC_RC,NA,NA,NA,NA
E11,MGTAVCC_RN,NA,NA,NA,NA
E12,MGTAVCC_RN,NA,NA,NA,NA
AE8,MGTAVCC_RS,NA,NA,NA,NA
AG8,MGTAVCC_RS,NA,NA,NA,NA
AJ8,MGTAVCC_RS,NA,NA,NA,NA
AL8,MGTAVCC_RS,NA,NA,NA,NA
AN8,MGTAVCC_RS,NA,NA,NA,NA
AP10,MGTAVCC_RS,NA,NA,NA,NA
AB6,MGTAVTT_RC,NA,NA,NA,NA
M7,MGTAVTT_RC,NA,NA,NA,NA
P7,MGTAVTT_RC,NA,NA,NA,NA
T7,MGTAVTT_RC,NA,NA,NA,NA
V6,MGTAVTT_RC,NA,NA,NA,NA
Y6,MGTAVTT_RC,NA,NA,NA,NA
E7,MGTAVTT_RN,NA,NA,NA,NA
E8,MGTAVTT_RN,NA,NA,NA,NA
E9,MGTAVTT_RN,NA,NA,NA,NA
AD6,MGTAVTT_RS,NA,NA,NA,NA
AF6,MGTAVTT_RS,NA,NA,NA,NA
AH6,MGTAVTT_RS,NA,NA,NA,NA
AK6,MGTAVTT_RS,NA,NA,NA,NA
AM6,MGTAVTT_RS,NA,NA,NA,NA
AP6,MGTAVTT_RS,NA,NA,NA,NA
AB10,MGTVCCAUX_RC,NA,NA,NA,NA
Y10,MGTVCCAUX_RC,NA,NA,NA,NA
H10,MGTVCCAUX_RN,NA,NA,NA,NA
K10,MGTVCCAUX_RN,NA,NA,NA,NA
AH10,MGTVCCAUX_RS,NA,NA,NA,NA
AK10,MGTVCCAUX_RS,NA,NA,NA,NA
AB28,VCCAUX,NA,NA,NA,NA
T28,VCCAUX,NA,NA,NA,NA
V28,VCCAUX,NA,NA,NA,NA
Y28,VCCAUX,NA,NA,NA,NA
AA27,VCCAUX_IO,NA,NA,NA,NA
AC27,VCCAUX_IO,NA,NA,NA,NA
U27,VCCAUX_IO,NA,NA,NA,NA
W27,VCCAUX_IO,NA,NA,NA,NA
AA25,VCCBRAM,NA,NA,NA,NA
AC25,VCCBRAM,NA,NA,NA,NA
U25,VCCBRAM,NA,NA,NA,NA
W25,VCCBRAM,NA,NA,NA,NA
AA13,VCCINT,NA,NA,NA,NA
AA15,VCCINT,NA,NA,NA,NA
AA23,VCCINT,NA,NA,NA,NA
AB12,VCCINT,NA,NA,NA,NA
AB14,VCCINT,NA,NA,NA,NA
AB16,VCCINT,NA,NA,NA,NA
AB18,VCCINT,NA,NA,NA,NA
AB20,VCCINT,NA,NA,NA,NA
AB22,VCCINT,NA,NA,NA,NA
AB24,VCCINT,NA,NA,NA,NA
AC13,VCCINT,NA,NA,NA,NA
AC15,VCCINT,NA,NA,NA,NA
AC17,VCCINT,NA,NA,NA,NA
AC21,VCCINT,NA,NA,NA,NA
AC23,VCCINT,NA,NA,NA,NA
AD12,VCCINT,NA,NA,NA,NA
AD14,VCCINT,NA,NA,NA,NA
AD16,VCCINT,NA,NA,NA,NA
AD20,VCCINT,NA,NA,NA,NA
AD22,VCCINT,NA,NA,NA,NA
AD24,VCCINT,NA,NA,NA,NA
AD26,VCCINT,NA,NA,NA,NA
AD28,VCCINT,NA,NA,NA,NA
AE13,VCCINT,NA,NA,NA,NA
AE15,VCCINT,NA,NA,NA,NA
AE17,VCCINT,NA,NA,NA,NA
AE21,VCCINT,NA,NA,NA,NA
AE23,VCCINT,NA,NA,NA,NA
AE25,VCCINT,NA,NA,NA,NA
AE27,VCCINT,NA,NA,NA,NA
AF12,VCCINT,NA,NA,NA,NA
AF14,VCCINT,NA,NA,NA,NA
AF16,VCCINT,NA,NA,NA,NA
AF20,VCCINT,NA,NA,NA,NA
AF22,VCCINT,NA,NA,NA,NA
AF24,VCCINT,NA,NA,NA,NA
AF26,VCCINT,NA,NA,NA,NA
AF28,VCCINT,NA,NA,NA,NA
AG13,VCCINT,NA,NA,NA,NA
AG15,VCCINT,NA,NA,NA,NA
AG17,VCCINT,NA,NA,NA,NA
AG19,VCCINT,NA,NA,NA,NA
AG21,VCCINT,NA,NA,NA,NA
AG23,VCCINT,NA,NA,NA,NA
AG25,VCCINT,NA,NA,NA,NA
AG27,VCCINT,NA,NA,NA,NA
J13,VCCINT,NA,NA,NA,NA
J15,VCCINT,NA,NA,NA,NA
J17,VCCINT,NA,NA,NA,NA
J19,VCCINT,NA,NA,NA,NA
J21,VCCINT,NA,NA,NA,NA
J23,VCCINT,NA,NA,NA,NA
J25,VCCINT,NA,NA,NA,NA
J27,VCCINT,NA,NA,NA,NA
K12,VCCINT,NA,NA,NA,NA
K14,VCCINT,NA,NA,NA,NA
K16,VCCINT,NA,NA,NA,NA
K18,VCCINT,NA,NA,NA,NA
K20,VCCINT,NA,NA,NA,NA
K22,VCCINT,NA,NA,NA,NA
K24,VCCINT,NA,NA,NA,NA
K26,VCCINT,NA,NA,NA,NA
K28,VCCINT,NA,NA,NA,NA
L13,VCCINT,NA,NA,NA,NA
L15,VCCINT,NA,NA,NA,NA
L17,VCCINT,NA,NA,NA,NA
L19,VCCINT,NA,NA,NA,NA
L21,VCCINT,NA,NA,NA,NA
L23,VCCINT,NA,NA,NA,NA
L25,VCCINT,NA,NA,NA,NA
L27,VCCINT,NA,NA,NA,NA
M14,VCCINT,NA,NA,NA,NA
M16,VCCINT,NA,NA,NA,NA
M18,VCCINT,NA,NA,NA,NA
M20,VCCINT,NA,NA,NA,NA
M22,VCCINT,NA,NA,NA,NA
M24,VCCINT,NA,NA,NA,NA
M26,VCCINT,NA,NA,NA,NA
M28,VCCINT,NA,NA,NA,NA
M30,VCCINT,NA,NA,NA,NA
M31,VCCINT,NA,NA,NA,NA
N13,VCCINT,NA,NA,NA,NA
N15,VCCINT,NA,NA,NA,NA
N17,VCCINT,NA,NA,NA,NA
N19,VCCINT,NA,NA,NA,NA
N21,VCCINT,NA,NA,NA,NA
N23,VCCINT,NA,NA,NA,NA
N25,VCCINT,NA,NA,NA,NA
N27,VCCINT,NA,NA,NA,NA
N29,VCCINT,NA,NA,NA,NA
N30,VCCINT,NA,NA,NA,NA
N31,VCCINT,NA,NA,NA,NA
N32,VCCINT,NA,NA,NA,NA
N33,VCCINT,NA,NA,NA,NA
N34,VCCINT,NA,NA,NA,NA
N35,VCCINT,NA,NA,NA,NA
N36,VCCINT,NA,NA,NA,NA
N37,VCCINT,NA,NA,NA,NA
P14,VCCINT,NA,NA,NA,NA
P16,VCCINT,NA,NA,NA,NA
P18,VCCINT,NA,NA,NA,NA
P20,VCCINT,NA,NA,NA,NA
P22,VCCINT,NA,NA,NA,NA
P24,VCCINT,NA,NA,NA,NA
P26,VCCINT,NA,NA,NA,NA
P28,VCCINT,NA,NA,NA,NA
P30,VCCINT,NA,NA,NA,NA
P31,VCCINT,NA,NA,NA,NA
P32,VCCINT,NA,NA,NA,NA
P33,VCCINT,NA,NA,NA,NA
P34,VCCINT,NA,NA,NA,NA
P35,VCCINT,NA,NA,NA,NA
P36,VCCINT,NA,NA,NA,NA
P37,VCCINT,NA,NA,NA,NA
R13,VCCINT,NA,NA,NA,NA
R15,VCCINT,NA,NA,NA,NA
R17,VCCINT,NA,NA,NA,NA
R19,VCCINT,NA,NA,NA,NA
R21,VCCINT,NA,NA,NA,NA
R23,VCCINT,NA,NA,NA,NA
R25,VCCINT,NA,NA,NA,NA
R27,VCCINT,NA,NA,NA,NA
R29,VCCINT,NA,NA,NA,NA
R30,VCCINT,NA,NA,NA,NA
R31,VCCINT,NA,NA,NA,NA
R32,VCCINT,NA,NA,NA,NA
R33,VCCINT,NA,NA,NA,NA
R34,VCCINT,NA,NA,NA,NA
R35,VCCINT,NA,NA,NA,NA
R36,VCCINT,NA,NA,NA,NA
R37,VCCINT,NA,NA,NA,NA
T14,VCCINT,NA,NA,NA,NA
T16,VCCINT,NA,NA,NA,NA
T18,VCCINT,NA,NA,NA,NA
T20,VCCINT,NA,NA,NA,NA
T22,VCCINT,NA,NA,NA,NA
T24,VCCINT,NA,NA,NA,NA
T30,VCCINT,NA,NA,NA,NA
T31,VCCINT,NA,NA,NA,NA
T32,VCCINT,NA,NA,NA,NA
T33,VCCINT,NA,NA,NA,NA
T34,VCCINT,NA,NA,NA,NA
T35,VCCINT,NA,NA,NA,NA
T36,VCCINT,NA,NA,NA,NA
T37,VCCINT,NA,NA,NA,NA
U13,VCCINT,NA,NA,NA,NA
U15,VCCINT,NA,NA,NA,NA
U23,VCCINT,NA,NA,NA,NA
U29,VCCINT,NA,NA,NA,NA
U30,VCCINT,NA,NA,NA,NA
U31,VCCINT,NA,NA,NA,NA
U32,VCCINT,NA,NA,NA,NA
U33,VCCINT,NA,NA,NA,NA
U34,VCCINT,NA,NA,NA,NA
U35,VCCINT,NA,NA,NA,NA
U36,VCCINT,NA,NA,NA,NA
U37,VCCINT,NA,NA,NA,NA
V14,VCCINT,NA,NA,NA,NA
V16,VCCINT,NA,NA,NA,NA
V22,VCCINT,NA,NA,NA,NA
V24,VCCINT,NA,NA,NA,NA
V30,VCCINT,NA,NA,NA,NA
V31,VCCINT,NA,NA,NA,NA
V32,VCCINT,NA,NA,NA,NA
V33,VCCINT,NA,NA,NA,NA
V34,VCCINT,NA,NA,NA,NA
V35,VCCINT,NA,NA,NA,NA
V36,VCCINT,NA,NA,NA,NA
V37,VCCINT,NA,NA,NA,NA
W13,VCCINT,NA,NA,NA,NA
W15,VCCINT,NA,NA,NA,NA
W23,VCCINT,NA,NA,NA,NA
Y12,VCCINT,NA,NA,NA,NA
Y14,VCCINT,NA,NA,NA,NA
Y16,VCCINT,NA,NA,NA,NA
Y22,VCCINT,NA,NA,NA,NA
Y24,VCCINT,NA,NA,NA,NA
G13,VCCINT_GT_R,NA,NA,NA,NA
H12,VCCINT_GT_R,NA,NA,NA,NA
AB26,VCCINT_IO,NA,NA,NA,NA
T26,VCCINT_IO,NA,NA,NA,NA
V26,VCCINT_IO,NA,NA,NA,NA
Y26,VCCINT_IO,NA,NA,NA,NA
C21,VCCO_N,NA,NA,NA,NA
C31,VCCO_N,NA,NA,NA,NA
D23,VCCO_N,NA,NA,NA,NA
D28,VCCO_N,NA,NA,NA,NA
E20,VCCO_N,NA,NA,NA,NA
E25,VCCO_N,NA,NA,NA,NA
G34,VCCO_N,NA,NA,NA,NA
J33,VCCO_N,NA,NA,NA,NA
L32,VCCO_N,NA,NA,NA,NA
AC31,VCCO_S,NA,NA,NA,NA
AE30,VCCO_S,NA,NA,NA,NA
AG34,VCCO_S,NA,NA,NA,NA
AJ33,VCCO_S,NA,NA,NA,NA
AK30,VCCO_S,NA,NA,NA,NA
AL32,VCCO_S,NA,NA,NA,NA
AN31,VCCO_S,NA,NA,NA,NA
AP28,VCCO_S,NA,NA,NA,NA
Y30,VCCO_S,NA,NA,NA,NA
,,,,,
Total Number of Pins,1340,,,,
