"#  (c) Copyright 2013-2025 AMD, Inc. All rights reserved."
"# "
"#  This file contains proprietary information"
"#  of AMD, Inc. and is protected under U.S. and"
"#  international copyright and other intellectual property"
"#  laws."
"# "
"#  DISCLAIMER"
"#  This disclaimer is not a license and does not grant any"
"#  rights to the materials distributed herewith. Except as"
"#  otherwise provided in a valid license issued to you by"
"#  AMD, and to the maximum extent permitted by applicable"
"#  law: (1) THESE MATERIALS ARE MADE AVAILABLE ""AS IS"" AND"
"#  WITH ALL FAULTS, AND AMD HEREBY DISCLAIMS ALL WARRANTIES"
"#  AND CONDITIONS, EXPRESS, IMPLIED, OR STATUTORY, INCLUDING"
"#  BUT NOT LIMITED TO WARRANTIES OF MERCHANTABILITY, NON-"
"#  INFRINGEMENT, OR FITNESS FOR ANY PARTICULAR PURPOSE; and"
"#  (2) AMD shall not be liable (whether in contract or tort,"
"#  including negligence, or under any other theory of"
"#  liability) for any loss or damage of any kind or nature"
"#  related to, arising under or in connection with these"
"#  materials, including for any direct, or any indirect,"
"#  special, incidental, or consequential loss or damage"
"#  (including loss of data, profits, goodwill, or any type of"
"#  loss or damage suffered as a result of any action brought"
"#  by a third party) even if such damage or loss was"
"#  reasonably foreseeable or AMD had been advised of the"
"#  possibility of the same."
"# "
"#  CRITICAL APPLICATIONS"
"#  AMD products are not designed or intended to be fail-"
"#  safe, or for use in any application requiring fail-safe"
"#  performance, such as life-support or safety devices or"
"#  systems, Class III medical devices, nuclear facilities,"
"#  applications related to the deployment of airbags, or any"
"#  other applications that could lead to death, personal"
"#  injury, or severe property or environmental damage"
"#  (individually and collectively, ""Critical"
"#  Applications""). Customer assumes the sole risk and"
"#  liability of any use of AMD products in Critical"
"#  Applications, subject only to applicable laws and"
"#  regulations governing limitations on product liability."
"# "
"#  THIS COPYRIGHT NOTICE AND DISCLAIMER MUST BE RETAINED AS"
"#  PART OF THIS FILE AT ALL TIMES."
"# "
"#----------------------------------------------------------------------"
"#  ASCII Pinout File"
"# "
"#  Device   : xcvu29pfsga2577"
"#  Date     : 8/30/2019 18:54:10"
"#  Revision : 1.1"
"#  Status   : Production"
"# "
"#  Production package specifications are released coincident"
"#  with production release of a particular device."
"# "
"#----------------------------------------------------------------------"
"#  Modification History"
"#  | Date    : 2/7/2018"
"#  | Revision: 0.1"
"#  | Status  : Evaluation Only"
"#  | Details : Initial pkg files"
"#----------------------------------------------------------------------"
"#  | Date    : 2/23/2018"
"#  | Revision: 0.2"
"#  | Status  : Evaluation Only"
"#  | Details : Changed MGTVCCINT to VCCINT_GT_L/R at package level"
"#----------------------------------------------------------------------"
"#  | Date    : 5/30/2018"
"#  | Revision: 0.3"
"#  | Status  : Evaluation Only"
"#  | Details : Tapeout pkg file"
"#----------------------------------------------------------------------"
"#  | Date    : 7/6/2018"
"#  | Revision: 1.0"
"#  | Status  : Engineering Sample"
"#  | Details : Moved to Engineering Sample"
"#----------------------------------------------------------------------"
"#  | Date    : 8/30/2019"
"#  | Revision: 1.1"
"#  | Status  : Production"
"#  | Details : Moved to Production"
"#----------------------------------------------------------------------"
,,,,,
Pin,Pin Name,Memory Byte Group,Bank,I/O Type,Super Logic Region
AD13,CCLK_0,NA,0,CONFIG,0
P14,RSVDGND,NA,NA,NA,0
AY14,D00_MOSI_0,NA,0,CONFIG,0
AV14,D01_DIN_0,NA,0,CONFIG,0
AT14,D02_0,NA,0,CONFIG,0
AP14,D03_0,NA,0,CONFIG,0
AJ13,DONE_0,NA,0,CONFIG,0
AK18,DXN,NA,NA,NA,0
AK19,DXP,NA,NA,NA,0
T14,INIT_B_0,NA,0,CONFIG,0
AB14,M0_0,NA,0,CONFIG,0
Y14,M1_0,NA,0,CONFIG,0
V14,M2_0,NA,0,CONFIG,0
AC13,POR_OVERRIDE,NA,NA,NA,0
AK14,PROGRAM_B_0,NA,0,CONFIG,0
M14,PUDC_B_0,NA,0,CONFIG,0
AM14,RDWR_FCS_B_0,NA,0,CONFIG,0
AF13,TCK_0,NA,0,CONFIG,0
AH13,TDI_0,NA,0,CONFIG,0
AG14,TDO_0,NA,0,CONFIG,0
AE14,TMS_0,NA,0,CONFIG,0
BB14,VBATT,NA,NA,NA,0
AJ18,VN,NA,NA,NA,0
AH19,VP,NA,NA,NA,0
AH18,VREFN,NA,NA,NA,0
AJ19,VREFP,NA,NA,NA,0
AU15,IO_T3U_N12_66,3U,66,HP,1
AU16,IO_L12N_T1U_N11_GC_66,1U,66,HP,1
AT17,IO_L12P_T1U_N10_GC_66,1U,66,HP,1
AR16,IO_L11N_T1U_N9_GC_66,1U,66,HP,1
AR17,IO_L11P_T1U_N8_GC_66,1U,66,HP,1
AT15,IO_T0U_N12_VRP_66,0U,66,HP,1
AR15,VREF_66,NA,66,HP,1
BD15,IO_L24N_T3U_N11_DOUT_CSO_B_65,3U,65,HP,1
BD16,IO_L24P_T3U_N10_EMCCLK_65,3U,65,HP,1
BC16,IO_L23N_T3U_N9_PERSTN1_I2C_SDA_65,3U,65,HP,1
BB16,IO_L23P_T3U_N8_I2C_SCLK_65,3U,65,HP,1
BD17,IO_L22N_T3U_N7_DBC_AD0N_D05_65,3U,65,HP,1
BD18,IO_L22P_T3U_N6_DBC_AD0P_D04_65,3U,65,HP,1
BC17,IO_L21N_T3L_N5_AD8N_D07_65,3L,65,HP,1
BB17,IO_L21P_T3L_N4_AD8P_D06_65,3L,65,HP,1
BA18,IO_L20N_T3L_N3_AD1N_D09_65,3L,65,HP,1
BA19,IO_L20P_T3L_N2_AD1P_D08_65,3L,65,HP,1
BC18,IO_L19N_T3L_N1_DBC_AD9N_D11_65,3L,65,HP,1
BC19,IO_L19P_T3L_N0_DBC_AD9P_D10_65,3L,65,HP,1
BB15,IO_T3U_N12_PERSTN0_65,3U,65,HP,1
AV18,IO_T2U_N12_CSI_ADV_B_65,2U,65,HP,1
AW15,IO_L18N_T2U_N11_AD2N_D13_65,2U,65,HP,1
AV16,IO_L18P_T2U_N10_AD2P_D12_65,2U,65,HP,1
BA15,IO_L17N_T2U_N9_AD10N_D15_65,2U,65,HP,1
AY15,IO_L17P_T2U_N8_AD10P_D14_65,2U,65,HP,1
AV17,IO_L16N_T2U_N7_QBC_AD3N_A01_D17_65,2U,65,HP,1
AU17,IO_L16P_T2U_N6_QBC_AD3P_A00_D16_65,2U,65,HP,1
AY16,IO_L15N_T2L_N5_AD11N_A03_D19_65,2L,65,HP,1
AW16,IO_L15P_T2L_N4_AD11P_A02_D18_65,2L,65,HP,1
BA17,IO_L14N_T2L_N3_GC_A05_D21_65,2L,65,HP,1
AY17,IO_L14P_T2L_N2_GC_A04_D20_65,2L,65,HP,1
AY18,IO_L13N_T2L_N1_GC_QBC_A07_D23_65,2L,65,HP,1
AW18,IO_L13P_T2L_N0_GC_QBC_A06_D22_65,2L,65,HP,1
AV19,IO_L12N_T1U_N11_GC_A09_D25_65,1U,65,HP,1
AU19,IO_L12P_T1U_N10_GC_A08_D24_65,1U,65,HP,1
AW19,IO_L11N_T1U_N9_GC_A11_D27_65,1U,65,HP,1
AW20,IO_L11P_T1U_N8_GC_A10_D26_65,1U,65,HP,1
AT18,IO_L10N_T1U_N7_QBC_AD4N_A13_D29_65,1U,65,HP,1
AR18,IO_L10P_T1U_N6_QBC_AD4P_A12_D28_65,1U,65,HP,1
AU20,IO_L9N_T1L_N5_AD12N_A15_D31_65,1L,65,HP,1
AU21,IO_L9P_T1L_N4_AD12P_A14_D30_65,1L,65,HP,1
AT19,IO_L8N_T1L_N3_AD5N_A17_65,1L,65,HP,1
AT20,IO_L8P_T1L_N2_AD5P_A16_65,1L,65,HP,1
AV21,IO_L7N_T1L_N1_QBC_AD13N_A19_65,1L,65,HP,1
AV22,IO_L7P_T1L_N0_QBC_AD13P_A18_65,1L,65,HP,1
AU22,IO_T1U_N12_SMBALERT_65,1U,65,HP,1
BD21,IO_T0U_N12_VRP_A28_65,0U,65,HP,1
BA20,IO_L6N_T0U_N11_AD6N_A21_65,0U,65,HP,1
AY20,IO_L6P_T0U_N10_AD6P_A20_65,0U,65,HP,1
BB19,IO_L5N_T0U_N9_AD14N_A23_65,0U,65,HP,1
BB20,IO_L5P_T0U_N8_AD14P_A22_65,0U,65,HP,1
AY21,IO_L4N_T0U_N7_DBC_AD7N_A25_65,0U,65,HP,1
AW21,IO_L4P_T0U_N6_DBC_AD7P_A24_65,0U,65,HP,1
BD19,IO_L3N_T0L_N5_AD15N_A27_65,0L,65,HP,1
BD20,IO_L3P_T0L_N4_AD15P_A26_65,0L,65,HP,1
BA22,IO_L2N_T0L_N3_FWE_FCS2_B_65,0L,65,HP,1
AY22,IO_L2P_T0L_N2_FOE_B_65,0L,65,HP,1
BC21,IO_L1N_T0L_N1_DBC_RS1_65,0L,65,HP,1
BB21,IO_L1P_T0L_N0_DBC_RS0_65,0L,65,HP,1
AR20,VREF_65,NA,65,HP,1
AR34,IO_L24N_T3U_N11_63,3U,63,HP,0
AR33,IO_L24P_T3U_N10_63,3U,63,HP,0
AT35,IO_L23N_T3U_N9_63,3U,63,HP,0
AR35,IO_L23P_T3U_N8_63,3U,63,HP,0
AT34,IO_L22N_T3U_N7_DBC_AD0N_63,3U,63,HP,0
AT33,IO_L22P_T3U_N6_DBC_AD0P_63,3U,63,HP,0
AR37,IO_L21N_T3L_N5_AD8N_63,3L,63,HP,0
AR36,IO_L21P_T3L_N4_AD8P_63,3L,63,HP,0
AU32,IO_L20N_T3L_N3_AD1N_63,3L,63,HP,0
AT32,IO_L20P_T3L_N2_AD1P_63,3L,63,HP,0
AU37,IO_L19N_T3L_N1_DBC_AD9N_63,3L,63,HP,0
AU36,IO_L19P_T3L_N0_DBC_AD9P_63,3L,63,HP,0
AT37,IO_T3U_N12_63,3U,63,HP,0
AU35,IO_T2U_N12_63,2U,63,HP,0
AV34,IO_L18N_T2U_N11_AD2N_63,2U,63,HP,0
AU34,IO_L18P_T2U_N10_AD2P_63,2U,63,HP,0
AW34,IO_L17N_T2U_N9_AD10N_63,2U,63,HP,0
AW33,IO_L17P_T2U_N8_AD10P_63,2U,63,HP,0
AV33,IO_L16N_T2U_N7_QBC_AD3N_63,2U,63,HP,0
AV32,IO_L16P_T2U_N6_QBC_AD3P_63,2U,63,HP,0
AV37,IO_L15N_T2L_N5_AD11N_63,2L,63,HP,0
AV36,IO_L15P_T2L_N4_AD11P_63,2L,63,HP,0
AY36,IO_L14N_T2L_N3_GC_63,2L,63,HP,0
AY35,IO_L14P_T2L_N2_GC_63,2L,63,HP,0
AW36,IO_L13N_T2L_N1_GC_QBC_63,2L,63,HP,0
AW35,IO_L13P_T2L_N0_GC_QBC_63,2L,63,HP,0
BB34,IO_L12N_T1U_N11_GC_63,1U,63,HP,0
BA34,IO_L12P_T1U_N10_GC_63,1U,63,HP,0
BB35,IO_L11N_T1U_N9_GC_63,1U,63,HP,0
BA35,IO_L11P_T1U_N8_GC_63,1U,63,HP,0
BC36,IO_L10N_T1U_N7_QBC_AD4N_63,1U,63,HP,0
BB36,IO_L10P_T1U_N6_QBC_AD4P_63,1U,63,HP,0
BB37,IO_L9N_T1L_N5_AD12N_63,1L,63,HP,0
BA37,IO_L9P_T1L_N4_AD12P_63,1L,63,HP,0
BD37,IO_L8N_T1L_N3_AD5N_63,1L,63,HP,0
BC37,IO_L8P_T1L_N2_AD5P_63,1L,63,HP,0
BD36,IO_L7N_T1L_N1_QBC_AD13N_63,1L,63,HP,0
BD35,IO_L7P_T1L_N0_QBC_AD13P_63,1L,63,HP,0
AY37,IO_T1U_N12_63,1U,63,HP,0
BD31,IO_T0U_N12_VRP_63,0U,63,HP,0
BD34,IO_L6N_T0U_N11_AD6N_63,0U,63,HP,0
BC34,IO_L6P_T0U_N10_AD6P_63,0U,63,HP,0
BD33,IO_L5N_T0U_N9_AD14N_63,0U,63,HP,0
BC33,IO_L5P_T0U_N8_AD14P_63,0U,63,HP,0
BA33,IO_L4N_T0U_N7_DBC_AD7N_63,0U,63,HP,0
AY33,IO_L4P_T0U_N6_DBC_AD7P_63,0U,63,HP,0
BA32,IO_L3N_T0L_N5_AD15N_63,0L,63,HP,0
AY32,IO_L3P_T0L_N4_AD15P_63,0L,63,HP,0
BC32,IO_L2N_T0L_N3_63,0L,63,HP,0
BB32,IO_L2P_T0L_N2_63,0L,63,HP,0
BE32,IO_L1N_T0L_N1_DBC_63,0L,63,HP,0
BE31,IO_L1P_T0L_N0_DBC_63,0L,63,HP,0
AR32,VREF_63,NA,63,HP,0
AY31,IO_L24N_T3U_N11_62,3U,62,HP,0
AW31,IO_L24P_T3U_N10_62,3U,62,HP,0
AW29,IO_L23N_T3U_N9_62,3U,62,HP,0
AV29,IO_L23P_T3U_N8_62,3U,62,HP,0
AV31,IO_L22N_T3U_N7_DBC_AD0N_62,3U,62,HP,0
AU31,IO_L22P_T3U_N6_DBC_AD0P_62,3U,62,HP,0
BA30,IO_L21N_T3L_N5_AD8N_62,3L,62,HP,0
AY30,IO_L21P_T3L_N4_AD8P_62,3L,62,HP,0
AY28,IO_L20N_T3L_N3_AD1N_62,3L,62,HP,0
AW28,IO_L20P_T3L_N2_AD1P_62,3L,62,HP,0
BA29,IO_L19N_T3L_N1_DBC_AD9N_62,3L,62,HP,0
BA28,IO_L19P_T3L_N0_DBC_AD9P_62,3L,62,HP,0
AW30,IO_T3U_N12_62,3U,62,HP,0
BB30,IO_T2U_N12_62,2U,62,HP,0
BC29,IO_L18N_T2U_N11_AD2N_62,2U,62,HP,0
BB29,IO_L18P_T2U_N10_AD2P_62,2U,62,HP,0
BC31,IO_L17N_T2U_N9_AD10N_62,2U,62,HP,0
BB31,IO_L17P_T2U_N8_AD10P_62,2U,62,HP,0
BC27,IO_L16N_T2U_N7_QBC_AD3N_62,2U,62,HP,0
BB27,IO_L16P_T2U_N6_QBC_AD3P_62,2U,62,HP,0
BE30,IO_L15N_T2L_N5_AD11N_62,2L,62,HP,0
BD30,IO_L15P_T2L_N4_AD11P_62,2L,62,HP,0
BE28,IO_L14N_T2L_N3_GC_62,2L,62,HP,0
BD28,IO_L14P_T2L_N2_GC_62,2L,62,HP,0
BD29,IO_L13N_T2L_N1_GC_QBC_62,2L,62,HP,0
BC28,IO_L13P_T2L_N0_GC_QBC_62,2L,62,HP,0
BE27,IO_L12N_T1U_N11_GC_62,1U,62,HP,0
BE26,IO_L12P_T1U_N10_GC_62,1U,62,HP,0
BF28,IO_L11N_T1U_N9_GC_62,1U,62,HP,0
BF27,IO_L11P_T1U_N8_GC_62,1U,62,HP,0
BH27,IO_L10N_T1U_N7_QBC_AD4N_62,1U,62,HP,0
BH26,IO_L10P_T1U_N6_QBC_AD4P_62,1U,62,HP,0
BH29,IO_L9N_T1L_N5_AD12N_62,1L,62,HP,0
BG29,IO_L9P_T1L_N4_AD12P_62,1L,62,HP,0
BG30,IO_L8N_T1L_N3_AD5N_62,1L,62,HP,0
BF29,IO_L8P_T1L_N2_AD5P_62,1L,62,HP,0
BG27,IO_L7N_T1L_N1_QBC_AD13N_62,1L,62,HP,0
BG26,IO_L7P_T1L_N0_QBC_AD13P_62,1L,62,HP,0
BF30,IO_T1U_N12_62,1U,62,HP,0
BL29,IO_T0U_N12_VRP_62,0U,62,HP,0
BK26,IO_L6N_T0U_N11_AD6N_62,0U,62,HP,0
BJ26,IO_L6P_T0U_N10_AD6P_62,0U,62,HP,0
BL30,IO_L5N_T0U_N9_AD14N_62,0U,62,HP,0
BK30,IO_L5P_T0U_N8_AD14P_62,0U,62,HP,0
BK28,IO_L4N_T0U_N7_DBC_AD7N_62,0U,62,HP,0
BK27,IO_L4P_T0U_N6_DBC_AD7P_62,0U,62,HP,0
BJ30,IO_L3N_T0L_N5_AD15N_62,0L,62,HP,0
BJ29,IO_L3P_T0L_N4_AD15P_62,0L,62,HP,0
BL28,IO_L2N_T0L_N3_62,0L,62,HP,0
BL27,IO_L2P_T0L_N2_62,0L,62,HP,0
BJ28,IO_L1N_T0L_N1_DBC_62,0L,62,HP,0
BH28,IO_L1P_T0L_N0_DBC_62,0L,62,HP,0
AV28,VREF_62,NA,62,HP,0
AV26,IO_L24N_T3U_N11_61,3U,61,HP,0
AV27,IO_L24P_T3U_N10_61,3U,61,HP,0
AY26,IO_L23N_T3U_N9_61,3U,61,HP,0
AW26,IO_L23P_T3U_N8_61,3U,61,HP,0
BA27,IO_L22N_T3U_N7_DBC_AD0N_61,3U,61,HP,0
AY27,IO_L22P_T3U_N6_DBC_AD0P_61,3U,61,HP,0
BA23,IO_L21N_T3L_N5_AD8N_61,3L,61,HP,0
AY23,IO_L21P_T3L_N4_AD8P_61,3L,61,HP,0
AW23,IO_L20N_T3L_N3_AD1N_61,3L,61,HP,0
AV24,IO_L20P_T3L_N2_AD1P_61,3L,61,HP,0
AW24,IO_L19N_T3L_N1_DBC_AD9N_61,3L,61,HP,0
AW25,IO_L19P_T3L_N0_DBC_AD9P_61,3L,61,HP,0
AY25,IO_T3U_N12_61,3U,61,HP,0
BB24,IO_T2U_N12_61,2U,61,HP,0
BC22,IO_L18N_T2U_N11_AD2N_61,2U,61,HP,0
BB22,IO_L18P_T2U_N10_AD2P_61,2U,61,HP,0
BA24,IO_L17N_T2U_N9_AD10N_61,2U,61,HP,0
BA25,IO_L17P_T2U_N8_AD10P_61,2U,61,HP,0
BD26,IO_L16N_T2U_N7_QBC_AD3N_61,2U,61,HP,0
BC26,IO_L16P_T2U_N6_QBC_AD3P_61,2U,61,HP,0
BB25,IO_L15N_T2L_N5_AD11N_61,2L,61,HP,0
BB26,IO_L15P_T2L_N4_AD11P_61,2L,61,HP,0
BC23,IO_L14N_T2L_N3_GC_61,2L,61,HP,0
BC24,IO_L14P_T2L_N2_GC_61,2L,61,HP,0
BD24,IO_L13N_T2L_N1_GC_QBC_61,2L,61,HP,0
BD25,IO_L13P_T2L_N0_GC_QBC_61,2L,61,HP,0
BE23,IO_L12N_T1U_N11_GC_61,1U,61,HP,0
BD23,IO_L12P_T1U_N10_GC_61,1U,61,HP,0
BF22,IO_L11N_T1U_N9_GC_61,1U,61,HP,0
BE22,IO_L11P_T1U_N8_GC_61,1U,61,HP,0
BE20,IO_L10N_T1U_N7_QBC_AD4N_61,1U,61,HP,0
BE21,IO_L10P_T1U_N6_QBC_AD4P_61,1U,61,HP,0
BF24,IO_L9N_T1L_N5_AD12N_61,1L,61,HP,0
BF25,IO_L9P_T1L_N4_AD12P_61,1L,61,HP,0
BG22,IO_L8N_T1L_N3_AD5N_61,1L,61,HP,0
BF23,IO_L8P_T1L_N2_AD5P_61,1L,61,HP,0
BG24,IO_L7N_T1L_N1_QBC_AD13N_61,1L,61,HP,0
BG25,IO_L7P_T1L_N0_QBC_AD13P_61,1L,61,HP,0
BE25,IO_T1U_N12_61,1U,61,HP,0
BH22,IO_T0U_N12_VRP_61,0U,61,HP,0
BH23,IO_L6N_T0U_N11_AD6N_61,0U,61,HP,0
BH24,IO_L6P_T0U_N10_AD6P_61,0U,61,HP,0
BL25,IO_L5N_T0U_N9_AD14N_61,0U,61,HP,0
BK25,IO_L5P_T0U_N8_AD14P_61,0U,61,HP,0
BK23,IO_L4N_T0U_N7_DBC_AD7N_61,0U,61,HP,0
BJ23,IO_L4P_T0U_N6_DBC_AD7P_61,0U,61,HP,0
BJ24,IO_L3N_T0L_N5_AD15N_61,0L,61,HP,0
BJ25,IO_L3P_T0L_N4_AD15P_61,0L,61,HP,0
BL22,IO_L2N_T0L_N3_61,0L,61,HP,0
BK22,IO_L2P_T0L_N2_61,0L,61,HP,0
BL23,IO_L1N_T0L_N1_DBC_61,0L,61,HP,0
BL24,IO_L1P_T0L_N0_DBC_61,0L,61,HP,0
AV23,VREF_61,NA,61,HP,0
C30,IO_L12N_T1U_N11_GC_71,1U,71,HP,2
C29,IO_L12P_T1U_N10_GC_71,1U,71,HP,2
A29,IO_L11N_T1U_N9_GC_71,1U,71,HP,2
A28,IO_L11P_T1U_N8_GC_71,1U,71,HP,2
A30,IO_L10N_T1U_N7_QBC_AD4N_71,1U,71,HP,2
B30,IO_L10P_T1U_N6_QBC_AD4P_71,1U,71,HP,2
B29,IO_L9N_T1L_N5_AD12N_71,1L,71,HP,2
C28,IO_L9P_T1L_N4_AD12P_71,1L,71,HP,2
D30,IO_L8N_T1L_N3_AD5N_71,1L,71,HP,2
E30,IO_L8P_T1L_N2_AD5P_71,1L,71,HP,2
D29,IO_L7N_T1L_N1_QBC_AD13N_71,1L,71,HP,2
D28,IO_L7P_T1L_N0_QBC_AD13P_71,1L,71,HP,2
E28,IO_T1U_N12_71,1U,71,HP,2
H28,IO_T0U_N12_VRP_71,0U,71,HP,2
F29,IO_L6N_T0U_N11_AD6N_71,0U,71,HP,2
F28,IO_L6P_T0U_N10_AD6P_71,0U,71,HP,2
F30,IO_L5N_T0U_N9_AD14N_71,0U,71,HP,2
G30,IO_L5P_T0U_N8_AD14P_71,0U,71,HP,2
G29,IO_L4N_T0U_N7_DBC_AD7N_71,0U,71,HP,2
H29,IO_L4P_T0U_N6_DBC_AD7P_71,0U,71,HP,2
J30,IO_L3N_T0L_N5_AD15N_71,0L,71,HP,2
K30,IO_L3P_T0L_N4_AD15P_71,0L,71,HP,2
H30,IO_L2N_T0L_N3_71,0L,71,HP,2
J29,IO_L2P_T0L_N2_71,0L,71,HP,2
J31,IO_L1N_T0L_N1_DBC_71,0L,71,HP,2
K31,IO_L1P_T0L_N0_DBC_71,0L,71,HP,2
L30,VREF_71,NA,71,HP,2
J35,IO_L24N_T3U_N11_70,3U,70,HP,2
J34,IO_L24P_T3U_N10_70,3U,70,HP,2
J36,IO_L23N_T3U_N9_70,3U,70,HP,2
K36,IO_L23P_T3U_N8_70,3U,70,HP,2
K33,IO_L22N_T3U_N7_DBC_AD0N_70,3U,70,HP,2
K32,IO_L22P_T3U_N6_DBC_AD0P_70,3U,70,HP,2
K37,IO_L21N_T3L_N5_AD8N_70,3L,70,HP,2
L37,IO_L21P_T3L_N4_AD8P_70,3L,70,HP,2
J33,IO_L20N_T3L_N3_AD1N_70,3L,70,HP,2
J32,IO_L20P_T3L_N2_AD1P_70,3L,70,HP,2
K35,IO_L19N_T3L_N1_DBC_AD9N_70,3L,70,HP,2
L35,IO_L19P_T3L_N0_DBC_AD9P_70,3L,70,HP,2
L32,IO_T3U_N12_70,3U,70,HP,2
P36,IO_T2U_N12_70,2U,70,HP,2
L34,IO_L18N_T2U_N11_AD2N_70,2U,70,HP,2
L33,IO_L18P_T2U_N10_AD2P_70,2U,70,HP,2
M37,IO_L17N_T2U_N9_AD10N_70,2U,70,HP,2
M36,IO_L17P_T2U_N8_AD10P_70,2U,70,HP,2
M35,IO_L16N_T2U_N7_QBC_AD3N_70,2U,70,HP,2
M34,IO_L16P_T2U_N6_QBC_AD3P_70,2U,70,HP,2
N37,IO_L15N_T2L_N5_AD11N_70,2L,70,HP,2
N36,IO_L15P_T2L_N4_AD11P_70,2L,70,HP,2
N34,IO_L14N_T2L_N3_GC_70,2L,70,HP,2
N33,IO_L14P_T2L_N2_GC_70,2L,70,HP,2
M32,IO_L13N_T2L_N1_GC_QBC_70,2L,70,HP,2
N32,IO_L13P_T2L_N0_GC_QBC_70,2L,70,HP,2
R33,IO_L12N_T1U_N11_GC_70,1U,70,HP,2
R32,IO_L12P_T1U_N10_GC_70,1U,70,HP,2
P34,IO_L11N_T1U_N9_GC_70,1U,70,HP,2
P33,IO_L11P_T1U_N8_GC_70,1U,70,HP,2
T33,IO_L10N_T1U_N7_QBC_AD4N_70,1U,70,HP,2
T32,IO_L10P_T1U_N6_QBC_AD4P_70,1U,70,HP,2
R37,IO_L9N_T1L_N5_AD12N_70,1L,70,HP,2
R36,IO_L9P_T1L_N4_AD12P_70,1L,70,HP,2
P31,IO_L8N_T1L_N3_AD5N_70,1L,70,HP,2
R31,IO_L8P_T1L_N2_AD5P_70,1L,70,HP,2
P35,IO_L7N_T1L_N1_QBC_AD13N_70,1L,70,HP,2
R35,IO_L7P_T1L_N0_QBC_AD13P_70,1L,70,HP,2
T34,IO_T1U_N12_70,1U,70,HP,2
T35,IO_T0U_N12_VRP_70,0U,70,HP,2
U32,IO_L6N_T0U_N11_AD6N_70,0U,70,HP,2
V32,IO_L6P_T0U_N10_AD6P_70,0U,70,HP,2
V34,IO_L5N_T0U_N9_AD14N_70,0U,70,HP,2
V33,IO_L5P_T0U_N8_AD14P_70,0U,70,HP,2
U35,IO_L4N_T0U_N7_DBC_AD7N_70,0U,70,HP,2
U34,IO_L4P_T0U_N6_DBC_AD7P_70,0U,70,HP,2
U36,IO_L3N_T0L_N5_AD15N_70,0L,70,HP,2
V35,IO_L3P_T0L_N4_AD15P_70,0L,70,HP,2
T37,IO_L2N_T0L_N3_70,0L,70,HP,2
U37,IO_L2P_T0L_N2_70,0L,70,HP,2
V37,IO_L1N_T0L_N1_DBC_70,0L,70,HP,2
V36,IO_L1P_T0L_N0_DBC_70,0L,70,HP,2
W32,VREF_70,NA,70,HP,2
K20,IO_L24N_T3U_N11_75,3U,75,HP,3
L20,IO_L24P_T3U_N10_75,3U,75,HP,3
J18,IO_L23N_T3U_N9_75,3U,75,HP,3
J19,IO_L23P_T3U_N8_75,3U,75,HP,3
K17,IO_L22N_T3U_N7_DBC_AD0N_75,3U,75,HP,3
K18,IO_L22P_T3U_N6_DBC_AD0P_75,3U,75,HP,3
J15,IO_L21N_T3L_N5_AD8N_75,3L,75,HP,3
J16,IO_L21P_T3L_N4_AD8P_75,3L,75,HP,3
L15,IO_L20N_T3L_N3_AD1N_75,3L,75,HP,3
M15,IO_L20P_T3L_N2_AD1P_75,3L,75,HP,3
K15,IO_L19N_T3L_N1_DBC_AD9N_75,3L,75,HP,3
K16,IO_L19P_T3L_N0_DBC_AD9P_75,3L,75,HP,3
J20,IO_T3U_N12_75,3U,75,HP,3
M20,IO_T2U_N12_75,2U,75,HP,3
L17,IO_L18N_T2U_N11_AD2N_75,2U,75,HP,3
L18,IO_L18P_T2U_N10_AD2P_75,2U,75,HP,3
M16,IO_L17N_T2U_N9_AD10N_75,2U,75,HP,3
N16,IO_L17P_T2U_N8_AD10P_75,2U,75,HP,3
L19,IO_L16N_T2U_N7_QBC_AD3N_75,2U,75,HP,3
M19,IO_L16P_T2U_N6_QBC_AD3P_75,2U,75,HP,3
P15,IO_L15N_T2L_N5_AD11N_75,2L,75,HP,3
P16,IO_L15P_T2L_N4_AD11P_75,2L,75,HP,3
N18,IO_L14N_T2L_N3_GC_75,2L,75,HP,3
N19,IO_L14P_T2L_N2_GC_75,2L,75,HP,3
M17,IO_L13N_T2L_N1_GC_QBC_75,2L,75,HP,3
N17,IO_L13P_T2L_N0_GC_QBC_75,2L,75,HP,3
R17,IO_L12N_T1U_N11_GC_75,1U,75,HP,3
R18,IO_L12P_T1U_N10_GC_75,1U,75,HP,3
P18,IO_L11N_T1U_N9_GC_75,1U,75,HP,3
P19,IO_L11P_T1U_N8_GC_75,1U,75,HP,3
T19,IO_L10N_T1U_N7_QBC_AD4N_75,1U,75,HP,3
T20,IO_L10P_T1U_N6_QBC_AD4P_75,1U,75,HP,3
P20,IO_L9N_T1L_N5_AD12N_75,1L,75,HP,3
R20,IO_L9P_T1L_N4_AD12P_75,1L,75,HP,3
T17,IO_L8N_T1L_N3_AD5N_75,1L,75,HP,3
T18,IO_L8P_T1L_N2_AD5P_75,1L,75,HP,3
R15,IO_L7N_T1L_N1_QBC_AD13N_75,1L,75,HP,3
R16,IO_L7P_T1L_N0_QBC_AD13P_75,1L,75,HP,3
R21,IO_T1U_N12_75,1U,75,HP,3
V21,IO_T0U_N12_VRP_75,0U,75,HP,3
V15,IO_L6N_T0U_N11_AD6N_75,0U,75,HP,3
W16,IO_L6P_T0U_N10_AD6P_75,0U,75,HP,3
U19,IO_L5N_T0U_N9_AD14N_75,0U,75,HP,3
U20,IO_L5P_T0U_N8_AD14P_75,0U,75,HP,3
V16,IO_L4N_T0U_N7_DBC_AD7N_75,0U,75,HP,3
V17,IO_L4P_T0U_N6_DBC_AD7P_75,0U,75,HP,3
U16,IO_L3N_T0L_N5_AD15N_75,0L,75,HP,3
U17,IO_L3P_T0L_N4_AD15P_75,0L,75,HP,3
V18,IO_L2N_T0L_N3_75,0L,75,HP,3
V19,IO_L2P_T0L_N2_75,0L,75,HP,3
T15,IO_L1N_T0L_N1_DBC_75,0L,75,HP,3
U15,IO_L1P_T0L_N0_DBC_75,0L,75,HP,3
U21,VREF_75,NA,75,HP,3
P23,IO_L24N_T3U_N11_74,3U,74,HP,3
R23,IO_L24P_T3U_N10_74,3U,74,HP,3
R22,IO_L23N_T3U_N9_74,3U,74,HP,3
T22,IO_L23P_T3U_N8_74,3U,74,HP,3
P24,IO_L22N_T3U_N7_DBC_AD0N_74,3U,74,HP,3
P25,IO_L22P_T3U_N6_DBC_AD0P_74,3U,74,HP,3
U22,IO_L21N_T3L_N5_AD8N_74,3L,74,HP,3
U23,IO_L21P_T3L_N4_AD8P_74,3L,74,HP,3
R25,IO_L20N_T3L_N3_AD1N_74,3L,74,HP,3
T25,IO_L20P_T3L_N2_AD1P_74,3L,74,HP,3
T23,IO_L19N_T3L_N1_DBC_AD9N_74,3L,74,HP,3
T24,IO_L19P_T3L_N0_DBC_AD9P_74,3L,74,HP,3
P21,IO_T3U_N12_74,3U,74,HP,3
N23,IO_T2U_N12_74,2U,74,HP,3
K25,IO_L18N_T2U_N11_AD2N_74,2U,74,HP,3
L25,IO_L18P_T2U_N10_AD2P_74,2U,74,HP,3
N21,IO_L17N_T2U_N9_AD10N_74,2U,74,HP,3
N22,IO_L17P_T2U_N8_AD10P_74,2U,74,HP,3
M24,IO_L16N_T2U_N7_QBC_AD3N_74,2U,74,HP,3
N24,IO_L16P_T2U_N6_QBC_AD3P_74,2U,74,HP,3
L24,IO_L15N_T2L_N5_AD11N_74,2L,74,HP,3
M25,IO_L15P_T2L_N4_AD11P_74,2L,74,HP,3
M21,IO_L14N_T2L_N3_GC_74,2L,74,HP,3
M22,IO_L14P_T2L_N2_GC_74,2L,74,HP,3
L22,IO_L13N_T2L_N1_GC_QBC_74,2L,74,HP,3
L23,IO_L13P_T2L_N0_GC_QBC_74,2L,74,HP,3
K22,IO_L12N_T1U_N11_GC_74,1U,74,HP,3
K23,IO_L12P_T1U_N10_GC_74,1U,74,HP,3
J21,IO_L11N_T1U_N9_GC_74,1U,74,HP,3
K21,IO_L11P_T1U_N8_GC_74,1U,74,HP,3
H23,IO_L10N_T1U_N7_QBC_AD4N_74,1U,74,HP,3
J23,IO_L10P_T1U_N6_QBC_AD4P_74,1U,74,HP,3
G22,IO_L9N_T1L_N5_AD12N_74,1L,74,HP,3
H22,IO_L9P_T1L_N4_AD12P_74,1L,74,HP,3
F23,IO_L8N_T1L_N3_AD5N_74,1L,74,HP,3
F24,IO_L8P_T1L_N2_AD5P_74,1L,74,HP,3
G24,IO_L7N_T1L_N1_QBC_AD13N_74,1L,74,HP,3
H24,IO_L7P_T1L_N0_QBC_AD13P_74,1L,74,HP,3
J24,IO_T1U_N12_74,1U,74,HP,3
D24,IO_T0U_N12_VRP_74,0U,74,HP,3
A22,IO_L6N_T0U_N11_AD6N_74,0U,74,HP,3
B22,IO_L6P_T0U_N10_AD6P_74,0U,74,HP,3
C22,IO_L5N_T0U_N9_AD14N_74,0U,74,HP,3
C23,IO_L5P_T0U_N8_AD14P_74,0U,74,HP,3
E22,IO_L4N_T0U_N7_DBC_AD7N_74,0U,74,HP,3
F22,IO_L4P_T0U_N6_DBC_AD7P_74,0U,74,HP,3
A23,IO_L3N_T0L_N5_AD15N_74,0L,74,HP,3
A24,IO_L3P_T0L_N4_AD15P_74,0L,74,HP,3
B24,IO_L2N_T0L_N3_74,0L,74,HP,3
C24,IO_L2P_T0L_N2_74,0L,74,HP,3
D23,IO_L1N_T0L_N1_DBC_74,0L,74,HP,3
E23,IO_L1P_T0L_N0_DBC_74,0L,74,HP,3
U24,VREF_74,NA,74,HP,3
C27,IO_L24N_T3U_N11_73,3U,73,HP,3
D26,IO_L24P_T3U_N10_73,3U,73,HP,3
A25,IO_L23N_T3U_N9_73,3U,73,HP,3
B25,IO_L23P_T3U_N8_73,3U,73,HP,3
A27,IO_L22N_T3U_N7_DBC_AD0N_73,3U,73,HP,3
B27,IO_L22P_T3U_N6_DBC_AD0P_73,3U,73,HP,3
B26,IO_L21N_T3L_N5_AD8N_73,3L,73,HP,3
C26,IO_L21P_T3L_N4_AD8P_73,3L,73,HP,3
E27,IO_L20N_T3L_N3_AD1N_73,3L,73,HP,3
E26,IO_L20P_T3L_N2_AD1P_73,3L,73,HP,3
E25,IO_L19N_T3L_N1_DBC_AD9N_73,3L,73,HP,3
F25,IO_L19P_T3L_N0_DBC_AD9P_73,3L,73,HP,3
D25,IO_T3U_N12_73,3U,73,HP,3
H27,IO_T2U_N12_73,2U,73,HP,3
H26,IO_L18N_T2U_N11_AD2N_73,2U,73,HP,3
J25,IO_L18P_T2U_N10_AD2P_73,2U,73,HP,3
J26,IO_L17N_T2U_N9_AD10N_73,2U,73,HP,3
K26,IO_L17P_T2U_N8_AD10P_73,2U,73,HP,3
F27,IO_L16N_T2U_N7_QBC_AD3N_73,2U,73,HP,3
G27,IO_L16P_T2U_N6_QBC_AD3P_73,2U,73,HP,3
G26,IO_L15N_T2L_N5_AD11N_73,2L,73,HP,3
G25,IO_L15P_T2L_N4_AD11P_73,2L,73,HP,3
L27,IO_L14N_T2L_N3_GC_73,2L,73,HP,3
M26,IO_L14P_T2L_N2_GC_73,2L,73,HP,3
K28,IO_L13N_T2L_N1_GC_QBC_73,2L,73,HP,3
K27,IO_L13P_T2L_N0_GC_QBC_73,2L,73,HP,3
L29,IO_L12N_T1U_N11_GC_73,1U,73,HP,3
L28,IO_L12P_T1U_N10_GC_73,1U,73,HP,3
M27,IO_L11N_T1U_N9_GC_73,1U,73,HP,3
N27,IO_L11P_T1U_N8_GC_73,1U,73,HP,3
M31,IO_L10N_T1U_N7_QBC_AD4N_73,1U,73,HP,3
N31,IO_L10P_T1U_N6_QBC_AD4P_73,1U,73,HP,3
N29,IO_L9N_T1L_N5_AD12N_73,1L,73,HP,3
N28,IO_L9P_T1L_N4_AD12P_73,1L,73,HP,3
M30,IO_L8N_T1L_N3_AD5N_73,1L,73,HP,3
M29,IO_L8P_T1L_N2_AD5P_73,1L,73,HP,3
N26,IO_L7N_T1L_N1_QBC_AD13N_73,1L,73,HP,3
P26,IO_L7P_T1L_N0_QBC_AD13P_73,1L,73,HP,3
J28,IO_T1U_N12_73,1U,73,HP,3
T31,IO_T0U_N12_VRP_73,0U,73,HP,3
P30,IO_L6N_T0U_N11_AD6N_73,0U,73,HP,3
P29,IO_L6P_T0U_N10_AD6P_73,0U,73,HP,3
R27,IO_L5N_T0U_N9_AD14N_73,0U,73,HP,3
R26,IO_L5P_T0U_N8_AD14P_73,0U,73,HP,3
P28,IO_L4N_T0U_N7_DBC_AD7N_73,0U,73,HP,3
R28,IO_L4P_T0U_N6_DBC_AD7P_73,0U,73,HP,3
T27,IO_L3N_T0L_N5_AD15N_73,0L,73,HP,3
U26,IO_L3P_T0L_N4_AD15P_73,0L,73,HP,3
T29,IO_L2N_T0L_N3_73,0L,73,HP,3
T28,IO_L2P_T0L_N2_73,0L,73,HP,3
R30,IO_L1N_T0L_N1_DBC_73,0L,73,HP,3
T30,IO_L1P_T0L_N0_DBC_73,0L,73,HP,3
U25,VREF_73,NA,73,HP,3
BG33,MGTMRXN0_120,NA,120,GTM,0
BJ33,MGTMRXN1_120,NA,120,GTM,0
BG32,MGTMRXP0_120,NA,120,GTM,0
BJ32,MGTMRXP1_120,NA,120,GTM,0
BH40,MGTMTXN0_120,NA,120,GTM,0
BJ38,MGTMTXN1_120,NA,120,GTM,0
BH39,MGTMTXP0_120,NA,120,GTM,0
BJ37,MGTMTXP1_120,NA,120,GTM,0
BD40,MGTREFCLKN_120,NA,120,GTM,0
BD39,MGTREFCLKP_120,NA,120,GTM,0
BE41,MGTAVTTRCAL_LS,NA,NA,NA,0
BK35,MGTMRXN0_121,NA,121,GTM,0
BL47,MGTMRXN1_121,NA,121,GTM,0
BK34,MGTMRXP0_121,NA,121,GTM,0
BL46,MGTMRXP1_121,NA,121,GTM,0
BL38,MGTMTXN0_121,NA,121,GTM,0
BL42,MGTMTXN1_121,NA,121,GTM,0
BL37,MGTMTXP0_121,NA,121,GTM,0
BL41,MGTMTXP1_121,NA,121,GTM,0
BB40,MGTREFCLKN_121,NA,121,GTM,0
BB39,MGTREFCLKP_121,NA,121,GTM,0
BE42,MGTRREF_LS,NA,NA,NA,0
BH49,MGTMRXN0_122,NA,122,GTM,0
BG47,MGTMRXN1_122,NA,122,GTM,0
BH48,MGTMRXP0_122,NA,122,GTM,0
BG46,MGTMRXP1_122,NA,122,GTM,0
BG42,MGTMTXN0_122,NA,122,GTM,0
BH44,MGTMTXN1_122,NA,122,GTM,0
BG41,MGTMTXP0_122,NA,122,GTM,0
BH43,MGTMTXP1_122,NA,122,GTM,0
AY40,MGTREFCLKN_122,NA,122,GTM,0
AY39,MGTREFCLKP_122,NA,122,GTM,0
BE51,MGTMRXN0_123,NA,123,GTM,0
BC51,MGTMRXN1_123,NA,123,GTM,0
BE50,MGTMRXP0_123,NA,123,GTM,0
BC50,MGTMRXP1_123,NA,123,GTM,0
BE46,MGTMTXN0_123,NA,123,GTM,0
BC46,MGTMTXN1_123,NA,123,GTM,0
BE45,MGTMTXP0_123,NA,123,GTM,0
BC45,MGTMTXP1_123,NA,123,GTM,0
AV40,MGTREFCLKN_123,NA,123,GTM,0
AV39,MGTREFCLKP_123,NA,123,GTM,0
AT40,MGTREFCLK0N_124,NA,124,GTY,1
AT39,MGTREFCLK0P_124,NA,124,GTY,1
AR42,MGTREFCLK1N_124,NA,124,GTY,1
AR41,MGTREFCLK1P_124,NA,124,GTY,1
BA51,MGTYRXN0_124,NA,124,GTY,1
AY49,MGTYRXN1_124,NA,124,GTY,1
AW51,MGTYRXN2_124,NA,124,GTY,1
AV49,MGTYRXN3_124,NA,124,GTY,1
BA50,MGTYRXP0_124,NA,124,GTY,1
AY48,MGTYRXP1_124,NA,124,GTY,1
AW50,MGTYRXP2_124,NA,124,GTY,1
AV48,MGTYRXP3_124,NA,124,GTY,1
BA46,MGTYTXN0_124,NA,124,GTY,1
AY44,MGTYTXN1_124,NA,124,GTY,1
AW46,MGTYTXN2_124,NA,124,GTY,1
AV44,MGTYTXN3_124,NA,124,GTY,1
BA45,MGTYTXP0_124,NA,124,GTY,1
AY43,MGTYTXP1_124,NA,124,GTY,1
AW45,MGTYTXP2_124,NA,124,GTY,1
AV43,MGTYTXP3_124,NA,124,GTY,1
AK39,MGTAVTTRCAL_LLC,NA,NA,NA,1
AP40,MGTREFCLK0N_125,NA,125,GTY,1
AP39,MGTREFCLK0P_125,NA,125,GTY,1
AN42,MGTREFCLK1N_125,NA,125,GTY,1
AN41,MGTREFCLK1P_125,NA,125,GTY,1
AK40,MGTRREF_LLC,NA,NA,NA,1
AU51,MGTYRXN0_125,NA,125,GTY,1
AT49,MGTYRXN1_125,NA,125,GTY,1
AR51,MGTYRXN2_125,NA,125,GTY,1
AP49,MGTYRXN3_125,NA,125,GTY,1
AU50,MGTYRXP0_125,NA,125,GTY,1
AT48,MGTYRXP1_125,NA,125,GTY,1
AR50,MGTYRXP2_125,NA,125,GTY,1
AP48,MGTYRXP3_125,NA,125,GTY,1
AU46,MGTYTXN0_125,NA,125,GTY,1
AT44,MGTYTXN1_125,NA,125,GTY,1
AR46,MGTYTXN2_125,NA,125,GTY,1
AP44,MGTYTXN3_125,NA,125,GTY,1
AU45,MGTYTXP0_125,NA,125,GTY,1
AT43,MGTYTXP1_125,NA,125,GTY,1
AR45,MGTYTXP2_125,NA,125,GTY,1
AP43,MGTYTXP3_125,NA,125,GTY,1
AM40,MGTREFCLK0N_126,NA,126,GTY,1
AM39,MGTREFCLK0P_126,NA,126,GTY,1
AL42,MGTREFCLK1N_126,NA,126,GTY,1
AL41,MGTREFCLK1P_126,NA,126,GTY,1
AN51,MGTYRXN0_126,NA,126,GTY,1
AM49,MGTYRXN1_126,NA,126,GTY,1
AL51,MGTYRXN2_126,NA,126,GTY,1
AK49,MGTYRXN3_126,NA,126,GTY,1
AN50,MGTYRXP0_126,NA,126,GTY,1
AM48,MGTYRXP1_126,NA,126,GTY,1
AL50,MGTYRXP2_126,NA,126,GTY,1
AK48,MGTYRXP3_126,NA,126,GTY,1
AN46,MGTYTXN0_126,NA,126,GTY,1
AM44,MGTYTXN1_126,NA,126,GTY,1
AL46,MGTYTXN2_126,NA,126,GTY,1
AK44,MGTYTXN3_126,NA,126,GTY,1
AN45,MGTYTXP0_126,NA,126,GTY,1
AM43,MGTYTXP1_126,NA,126,GTY,1
AL45,MGTYTXP2_126,NA,126,GTY,1
AK43,MGTYTXP3_126,NA,126,GTY,1
AJ42,MGTREFCLK0N_127,NA,127,GTY,1
AJ41,MGTREFCLK0P_127,NA,127,GTY,1
AG42,MGTREFCLK1N_127,NA,127,GTY,1
AG41,MGTREFCLK1P_127,NA,127,GTY,1
AJ51,MGTYRXN0_127,NA,127,GTY,1
AH49,MGTYRXN1_127,NA,127,GTY,1
AG51,MGTYRXN2_127,NA,127,GTY,1
AF49,MGTYRXN3_127,NA,127,GTY,1
AJ50,MGTYRXP0_127,NA,127,GTY,1
AH48,MGTYRXP1_127,NA,127,GTY,1
AG50,MGTYRXP2_127,NA,127,GTY,1
AF48,MGTYRXP3_127,NA,127,GTY,1
AJ46,MGTYTXN0_127,NA,127,GTY,1
AH44,MGTYTXN1_127,NA,127,GTY,1
AG46,MGTYTXN2_127,NA,127,GTY,1
AF44,MGTYTXN3_127,NA,127,GTY,1
AJ45,MGTYTXP0_127,NA,127,GTY,1
AH43,MGTYTXP1_127,NA,127,GTY,1
AG45,MGTYTXP2_127,NA,127,GTY,1
AF43,MGTYTXP3_127,NA,127,GTY,1
AE51,MGTMRXN0_128,NA,128,GTM,2
AC51,MGTMRXN1_128,NA,128,GTM,2
AE50,MGTMRXP0_128,NA,128,GTM,2
AC50,MGTMRXP1_128,NA,128,GTM,2
AE46,MGTMTXN0_128,NA,128,GTM,2
AC46,MGTMTXN1_128,NA,128,GTM,2
AE45,MGTMTXP0_128,NA,128,GTM,2
AC45,MGTMTXP1_128,NA,128,GTM,2
AE42,MGTREFCLKN_128,NA,128,GTM,2
AE41,MGTREFCLKP_128,NA,128,GTM,2
AB39,MGTAVTTRCAL_LUC,NA,NA,NA,2
AA51,MGTMRXN0_129,NA,129,GTM,2
W51,MGTMRXN1_129,NA,129,GTM,2
AA50,MGTMRXP0_129,NA,129,GTM,2
W50,MGTMRXP1_129,NA,129,GTM,2
AA46,MGTMTXN0_129,NA,129,GTM,2
W46,MGTMTXN1_129,NA,129,GTM,2
AA45,MGTMTXP0_129,NA,129,GTM,2
W45,MGTMTXP1_129,NA,129,GTM,2
AA42,MGTREFCLKN_129,NA,129,GTM,2
AA41,MGTREFCLKP_129,NA,129,GTM,2
AB40,MGTRREF_LUC,NA,NA,NA,2
U51,MGTMRXN0_130,NA,130,GTM,2
R51,MGTMRXN1_130,NA,130,GTM,2
U50,MGTMRXP0_130,NA,130,GTM,2
R50,MGTMRXP1_130,NA,130,GTM,2
U46,MGTMTXN0_130,NA,130,GTM,2
R46,MGTMTXN1_130,NA,130,GTM,2
U45,MGTMTXP0_130,NA,130,GTM,2
R45,MGTMTXP1_130,NA,130,GTM,2
W42,MGTREFCLKN_130,NA,130,GTM,2
W41,MGTREFCLKP_130,NA,130,GTM,2
N51,MGTMRXN0_131,NA,131,GTM,2
L51,MGTMRXN1_131,NA,131,GTM,2
N50,MGTMRXP0_131,NA,131,GTM,2
L50,MGTMRXP1_131,NA,131,GTM,2
N46,MGTMTXN0_131,NA,131,GTM,2
L46,MGTMTXN1_131,NA,131,GTM,2
N45,MGTMTXP0_131,NA,131,GTM,2
L45,MGTMTXP1_131,NA,131,GTM,2
U42,MGTREFCLKN_131,NA,131,GTM,2
U41,MGTREFCLKP_131,NA,131,GTM,2
J51,MGTMRXN0_132,NA,132,GTM,3
G51,MGTMRXN1_132,NA,132,GTM,3
J50,MGTMRXP0_132,NA,132,GTM,3
G50,MGTMRXP1_132,NA,132,GTM,3
J46,MGTMTXN0_132,NA,132,GTM,3
G46,MGTMTXN1_132,NA,132,GTM,3
J45,MGTMTXP0_132,NA,132,GTM,3
G45,MGTMTXP1_132,NA,132,GTM,3
R42,MGTREFCLKN_132,NA,132,GTM,3
R41,MGTREFCLKP_132,NA,132,GTM,3
G41,MGTAVTTRCAL_LN,NA,NA,NA,3
E51,MGTMRXN0_133,NA,133,GTM,3
E47,MGTMRXN1_133,NA,133,GTM,3
E50,MGTMRXP0_133,NA,133,GTM,3
E46,MGTMRXP1_133,NA,133,GTM,3
D44,MGTMTXN0_133,NA,133,GTM,3
C42,MGTMTXN1_133,NA,133,GTM,3
D43,MGTMTXP0_133,NA,133,GTM,3
C41,MGTMTXP1_133,NA,133,GTM,3
N42,MGTREFCLKN_133,NA,133,GTM,3
N41,MGTREFCLKP_133,NA,133,GTM,3
G42,MGTRREF_LN,NA,NA,NA,3
A47,MGTMRXN0_134,NA,134,GTM,3
B35,MGTMRXN1_134,NA,134,GTM,3
A46,MGTMRXP0_134,NA,134,GTM,3
B34,MGTMRXP1_134,NA,134,GTM,3
A42,MGTMTXN0_134,NA,134,GTM,3
A38,MGTMTXN1_134,NA,134,GTM,3
A41,MGTMTXP0_134,NA,134,GTM,3
A37,MGTMTXP1_134,NA,134,GTM,3
L42,MGTREFCLKN_134,NA,134,GTM,3
L41,MGTREFCLKP_134,NA,134,GTM,3
D35,MGTMRXN0_135,NA,135,GTM,3
F35,MGTMRXN1_135,NA,135,GTM,3
D34,MGTMRXP0_135,NA,135,GTM,3
F34,MGTMRXP1_135,NA,135,GTM,3
D40,MGTMTXN0_135,NA,135,GTM,3
F40,MGTMTXN1_135,NA,135,GTM,3
D39,MGTMTXP0_135,NA,135,GTM,3
F39,MGTMTXP1_135,NA,135,GTM,3
J42,MGTREFCLKN_135,NA,135,GTM,3
J41,MGTREFCLKP_135,NA,135,GTM,3
BG19,MGTMRXN0_220,NA,220,GTM,0
BJ19,MGTMRXN1_220,NA,220,GTM,0
BG20,MGTMRXP0_220,NA,220,GTM,0
BJ20,MGTMRXP1_220,NA,220,GTM,0
BH12,MGTMTXN0_220,NA,220,GTM,0
BJ14,MGTMTXN1_220,NA,220,GTM,0
BH13,MGTMTXP0_220,NA,220,GTM,0
BJ15,MGTMTXP1_220,NA,220,GTM,0
BD12,MGTREFCLKN_220,NA,220,GTM,0
BD13,MGTREFCLKP_220,NA,220,GTM,0
BE11,MGTAVTTRCAL_RS,NA,NA,NA,0
BK17,MGTMRXN0_221,NA,221,GTM,0
BL5,MGTMRXN1_221,NA,221,GTM,0
BK18,MGTMRXP0_221,NA,221,GTM,0
BL6,MGTMRXP1_221,NA,221,GTM,0
BL14,MGTMTXN0_221,NA,221,GTM,0
BL10,MGTMTXN1_221,NA,221,GTM,0
BL15,MGTMTXP0_221,NA,221,GTM,0
BL11,MGTMTXP1_221,NA,221,GTM,0
BB12,MGTREFCLKN_221,NA,221,GTM,0
BB13,MGTREFCLKP_221,NA,221,GTM,0
BE10,MGTRREF_RS,NA,NA,NA,0
BH3,MGTMRXN0_222,NA,222,GTM,0
BG5,MGTMRXN1_222,NA,222,GTM,0
BH4,MGTMRXP0_222,NA,222,GTM,0
BG6,MGTMRXP1_222,NA,222,GTM,0
BG10,MGTMTXN0_222,NA,222,GTM,0
BH8,MGTMTXN1_222,NA,222,GTM,0
BG11,MGTMTXP0_222,NA,222,GTM,0
BH9,MGTMTXP1_222,NA,222,GTM,0
AY12,MGTREFCLKN_222,NA,222,GTM,0
AY13,MGTREFCLKP_222,NA,222,GTM,0
BE1,MGTMRXN0_223,NA,223,GTM,0
BC1,MGTMRXN1_223,NA,223,GTM,0
BE2,MGTMRXP0_223,NA,223,GTM,0
BC2,MGTMRXP1_223,NA,223,GTM,0
BE6,MGTMTXN0_223,NA,223,GTM,0
BC6,MGTMTXN1_223,NA,223,GTM,0
BE7,MGTMTXP0_223,NA,223,GTM,0
BC7,MGTMTXP1_223,NA,223,GTM,0
AV12,MGTREFCLKN_223,NA,223,GTM,0
AV13,MGTREFCLKP_223,NA,223,GTM,0
AT12,MGTREFCLK0N_224,NA,224,GTY,1
AT13,MGTREFCLK0P_224,NA,224,GTY,1
AR10,MGTREFCLK1N_224,NA,224,GTY,1
AR11,MGTREFCLK1P_224,NA,224,GTY,1
BA1,MGTYRXN0_224,NA,224,GTY,1
AY3,MGTYRXN1_224,NA,224,GTY,1
AW1,MGTYRXN2_224,NA,224,GTY,1
AV3,MGTYRXN3_224,NA,224,GTY,1
BA2,MGTYRXP0_224,NA,224,GTY,1
AY4,MGTYRXP1_224,NA,224,GTY,1
AW2,MGTYRXP2_224,NA,224,GTY,1
AV4,MGTYRXP3_224,NA,224,GTY,1
BA6,MGTYTXN0_224,NA,224,GTY,1
AY8,MGTYTXN1_224,NA,224,GTY,1
AW6,MGTYTXN2_224,NA,224,GTY,1
AV8,MGTYTXN3_224,NA,224,GTY,1
BA7,MGTYTXP0_224,NA,224,GTY,1
AY9,MGTYTXP1_224,NA,224,GTY,1
AW7,MGTYTXP2_224,NA,224,GTY,1
AV9,MGTYTXP3_224,NA,224,GTY,1
AK13,MGTAVTTRCAL_RLC,NA,NA,NA,1
AP12,MGTREFCLK0N_225,NA,225,GTY,1
AP13,MGTREFCLK0P_225,NA,225,GTY,1
AN10,MGTREFCLK1N_225,NA,225,GTY,1
AN11,MGTREFCLK1P_225,NA,225,GTY,1
AK12,MGTRREF_RLC,NA,NA,NA,1
AU1,MGTYRXN0_225,NA,225,GTY,1
AT3,MGTYRXN1_225,NA,225,GTY,1
AR1,MGTYRXN2_225,NA,225,GTY,1
AP3,MGTYRXN3_225,NA,225,GTY,1
AU2,MGTYRXP0_225,NA,225,GTY,1
AT4,MGTYRXP1_225,NA,225,GTY,1
AR2,MGTYRXP2_225,NA,225,GTY,1
AP4,MGTYRXP3_225,NA,225,GTY,1
AU6,MGTYTXN0_225,NA,225,GTY,1
AT8,MGTYTXN1_225,NA,225,GTY,1
AR6,MGTYTXN2_225,NA,225,GTY,1
AP8,MGTYTXN3_225,NA,225,GTY,1
AU7,MGTYTXP0_225,NA,225,GTY,1
AT9,MGTYTXP1_225,NA,225,GTY,1
AR7,MGTYTXP2_225,NA,225,GTY,1
AP9,MGTYTXP3_225,NA,225,GTY,1
AM12,MGTREFCLK0N_226,NA,226,GTY,1
AM13,MGTREFCLK0P_226,NA,226,GTY,1
AL10,MGTREFCLK1N_226,NA,226,GTY,1
AL11,MGTREFCLK1P_226,NA,226,GTY,1
AN1,MGTYRXN0_226,NA,226,GTY,1
AM3,MGTYRXN1_226,NA,226,GTY,1
AL1,MGTYRXN2_226,NA,226,GTY,1
AK3,MGTYRXN3_226,NA,226,GTY,1
AN2,MGTYRXP0_226,NA,226,GTY,1
AM4,MGTYRXP1_226,NA,226,GTY,1
AL2,MGTYRXP2_226,NA,226,GTY,1
AK4,MGTYRXP3_226,NA,226,GTY,1
AN6,MGTYTXN0_226,NA,226,GTY,1
AM8,MGTYTXN1_226,NA,226,GTY,1
AL6,MGTYTXN2_226,NA,226,GTY,1
AK8,MGTYTXN3_226,NA,226,GTY,1
AN7,MGTYTXP0_226,NA,226,GTY,1
AM9,MGTYTXP1_226,NA,226,GTY,1
AL7,MGTYTXP2_226,NA,226,GTY,1
AK9,MGTYTXP3_226,NA,226,GTY,1
AJ10,MGTREFCLK0N_227,NA,227,GTY,1
AJ11,MGTREFCLK0P_227,NA,227,GTY,1
AG10,MGTREFCLK1N_227,NA,227,GTY,1
AG11,MGTREFCLK1P_227,NA,227,GTY,1
AJ1,MGTYRXN0_227,NA,227,GTY,1
AH3,MGTYRXN1_227,NA,227,GTY,1
AG1,MGTYRXN2_227,NA,227,GTY,1
AF3,MGTYRXN3_227,NA,227,GTY,1
AJ2,MGTYRXP0_227,NA,227,GTY,1
AH4,MGTYRXP1_227,NA,227,GTY,1
AG2,MGTYRXP2_227,NA,227,GTY,1
AF4,MGTYRXP3_227,NA,227,GTY,1
AJ6,MGTYTXN0_227,NA,227,GTY,1
AH8,MGTYTXN1_227,NA,227,GTY,1
AG6,MGTYTXN2_227,NA,227,GTY,1
AF8,MGTYTXN3_227,NA,227,GTY,1
AJ7,MGTYTXP0_227,NA,227,GTY,1
AH9,MGTYTXP1_227,NA,227,GTY,1
AG7,MGTYTXP2_227,NA,227,GTY,1
AF9,MGTYTXP3_227,NA,227,GTY,1
AE1,MGTMRXN0_228,NA,228,GTM,2
AC1,MGTMRXN1_228,NA,228,GTM,2
AE2,MGTMRXP0_228,NA,228,GTM,2
AC2,MGTMRXP1_228,NA,228,GTM,2
AE6,MGTMTXN0_228,NA,228,GTM,2
AC6,MGTMTXN1_228,NA,228,GTM,2
AE7,MGTMTXP0_228,NA,228,GTM,2
AC7,MGTMTXP1_228,NA,228,GTM,2
AE10,MGTREFCLKN_228,NA,228,GTM,2
AE11,MGTREFCLKP_228,NA,228,GTM,2
AB13,MGTAVTTRCAL_RUC,NA,NA,NA,2
AA1,MGTMRXN0_229,NA,229,GTM,2
W1,MGTMRXN1_229,NA,229,GTM,2
AA2,MGTMRXP0_229,NA,229,GTM,2
W2,MGTMRXP1_229,NA,229,GTM,2
AA6,MGTMTXN0_229,NA,229,GTM,2
W6,MGTMTXN1_229,NA,229,GTM,2
AA7,MGTMTXP0_229,NA,229,GTM,2
W7,MGTMTXP1_229,NA,229,GTM,2
AA10,MGTREFCLKN_229,NA,229,GTM,2
AA11,MGTREFCLKP_229,NA,229,GTM,2
AB12,MGTRREF_RUC,NA,NA,NA,2
U1,MGTMRXN0_230,NA,230,GTM,2
R1,MGTMRXN1_230,NA,230,GTM,2
U2,MGTMRXP0_230,NA,230,GTM,2
R2,MGTMRXP1_230,NA,230,GTM,2
U6,MGTMTXN0_230,NA,230,GTM,2
R6,MGTMTXN1_230,NA,230,GTM,2
U7,MGTMTXP0_230,NA,230,GTM,2
R7,MGTMTXP1_230,NA,230,GTM,2
W10,MGTREFCLKN_230,NA,230,GTM,2
W11,MGTREFCLKP_230,NA,230,GTM,2
N1,MGTMRXN0_231,NA,231,GTM,2
L1,MGTMRXN1_231,NA,231,GTM,2
N2,MGTMRXP0_231,NA,231,GTM,2
L2,MGTMRXP1_231,NA,231,GTM,2
N6,MGTMTXN0_231,NA,231,GTM,2
L6,MGTMTXN1_231,NA,231,GTM,2
N7,MGTMTXP0_231,NA,231,GTM,2
L7,MGTMTXP1_231,NA,231,GTM,2
U10,MGTREFCLKN_231,NA,231,GTM,2
U11,MGTREFCLKP_231,NA,231,GTM,2
J1,MGTMRXN0_232,NA,232,GTM,3
G1,MGTMRXN1_232,NA,232,GTM,3
J2,MGTMRXP0_232,NA,232,GTM,3
G2,MGTMRXP1_232,NA,232,GTM,3
J6,MGTMTXN0_232,NA,232,GTM,3
G6,MGTMTXN1_232,NA,232,GTM,3
J7,MGTMTXP0_232,NA,232,GTM,3
G7,MGTMTXP1_232,NA,232,GTM,3
R10,MGTREFCLKN_232,NA,232,GTM,3
R11,MGTREFCLKP_232,NA,232,GTM,3
G11,MGTAVTTRCAL_RN,NA,NA,NA,3
E1,MGTMRXN0_233,NA,233,GTM,3
E5,MGTMRXN1_233,NA,233,GTM,3
E2,MGTMRXP0_233,NA,233,GTM,3
E6,MGTMRXP1_233,NA,233,GTM,3
D8,MGTMTXN0_233,NA,233,GTM,3
C10,MGTMTXN1_233,NA,233,GTM,3
D9,MGTMTXP0_233,NA,233,GTM,3
C11,MGTMTXP1_233,NA,233,GTM,3
N10,MGTREFCLKN_233,NA,233,GTM,3
N11,MGTREFCLKP_233,NA,233,GTM,3
G10,MGTRREF_RN,NA,NA,NA,3
A5,MGTMRXN0_234,NA,234,GTM,3
B17,MGTMRXN1_234,NA,234,GTM,3
A6,MGTMRXP0_234,NA,234,GTM,3
B18,MGTMRXP1_234,NA,234,GTM,3
A10,MGTMTXN0_234,NA,234,GTM,3
A14,MGTMTXN1_234,NA,234,GTM,3
A11,MGTMTXP0_234,NA,234,GTM,3
A15,MGTMTXP1_234,NA,234,GTM,3
L10,MGTREFCLKN_234,NA,234,GTM,3
L11,MGTREFCLKP_234,NA,234,GTM,3
D17,MGTMRXN0_235,NA,235,GTM,3
F17,MGTMRXN1_235,NA,235,GTM,3
D18,MGTMRXP0_235,NA,235,GTM,3
F18,MGTMRXP1_235,NA,235,GTM,3
D12,MGTMTXN0_235,NA,235,GTM,3
F12,MGTMTXN1_235,NA,235,GTM,3
D13,MGTMTXP0_235,NA,235,GTM,3
F13,MGTMTXP1_235,NA,235,GTM,3
J10,MGTREFCLKN_235,NA,235,GTM,3
J11,MGTREFCLKP_235,NA,235,GTM,3
AE13,VCCO_0,NA,0,NA,0
AG13,VCCO_0,NA,0,NA,0
AW27,VCCO_61,NA,61,NA,0
AY24,VCCO_61,NA,61,NA,0
BC25,VCCO_61,NA,61,NA,0
BD22,VCCO_61,NA,61,NA,0
BG23,VCCO_61,NA,61,NA,0
BK24,VCCO_61,NA,61,NA,0
AV30,VCCO_62,NA,62,NA,0
BA31,VCCO_62,NA,62,NA,0
BB28,VCCO_62,NA,62,NA,0
BE29,VCCO_62,NA,62,NA,0
BF26,VCCO_62,NA,62,NA,0
BH30,VCCO_62,NA,62,NA,0
BJ27,VCCO_62,NA,62,NA,0
AT36,VCCO_63,NA,63,NA,0
AU33,VCCO_63,NA,63,NA,0
AW37,VCCO_63,NA,63,NA,0
AY34,VCCO_63,NA,63,NA,0
BC35,VCCO_63,NA,63,NA,0
BD32,VCCO_63,NA,63,NA,0
AR19,VCCO_65,NA,65,NA,1
AV20,VCCO_65,NA,65,NA,1
AW17,VCCO_65,NA,65,NA,1
BA21,VCCO_65,NA,65,NA,1
BB18,VCCO_65,NA,65,NA,1
BC15,VCCO_65,NA,65,NA,1
AT16,VCCO_66,NA,66,NA,1
J37,VCCO_70,NA,70,NA,2
K34,VCCO_70,NA,70,NA,2
N35,VCCO_70,NA,70,NA,2
P32,VCCO_70,NA,70,NA,2
T36,VCCO_70,NA,70,NA,2
U33,VCCO_70,NA,70,NA,2
B28,VCCO_71,NA,71,NA,2
E29,VCCO_71,NA,71,NA,2
L31,VCCO_71,NA,71,NA,2
C25,VCCO_73,NA,73,NA,3
F26,VCCO_73,NA,73,NA,3
J27,VCCO_73,NA,73,NA,3
M28,VCCO_73,NA,73,NA,3
R29,VCCO_73,NA,73,NA,3
T26,VCCO_73,NA,73,NA,3
D22,VCCO_74,NA,74,NA,3
G23,VCCO_74,NA,74,NA,3
K24,VCCO_74,NA,74,NA,3
L21,VCCO_74,NA,74,NA,3
N25,VCCO_74,NA,74,NA,3
P22,VCCO_74,NA,74,NA,3
J17,VCCO_75,NA,75,NA,3
M18,VCCO_75,NA,75,NA,3
N15,VCCO_75,NA,75,NA,3
R19,VCCO_75,NA,75,NA,3
T16,VCCO_75,NA,75,NA,3
V20,VCCO_75,NA,75,NA,3
A13,GND,NA,NA,NA,NA
A16,GND,NA,NA,NA,NA
A17,GND,NA,NA,NA,NA
A18,GND,NA,NA,NA,NA
A21,GND,NA,NA,NA,NA
A26,GND,NA,NA,NA,NA
A31,GND,NA,NA,NA,NA
A34,GND,NA,NA,NA,NA
A35,GND,NA,NA,NA,NA
A36,GND,NA,NA,NA,NA
A39,GND,NA,NA,NA,NA
A4,GND,NA,NA,NA,NA
A43,GND,NA,NA,NA,NA
A45,GND,NA,NA,NA,NA
A48,GND,NA,NA,NA,NA
A7,GND,NA,NA,NA,NA
A9,GND,NA,NA,NA,NA
AA12,GND,NA,NA,NA,NA
AA14,GND,NA,NA,NA,NA
AA16,GND,NA,NA,NA,NA
AA18,GND,NA,NA,NA,NA
AA20,GND,NA,NA,NA,NA
AA22,GND,NA,NA,NA,NA
AA24,GND,NA,NA,NA,NA
AA26,GND,NA,NA,NA,NA
AA28,GND,NA,NA,NA,NA
AA3,GND,NA,NA,NA,NA
AA30,GND,NA,NA,NA,NA
AA32,GND,NA,NA,NA,NA
AA34,GND,NA,NA,NA,NA
AA36,GND,NA,NA,NA,NA
AA38,GND,NA,NA,NA,NA
AA4,GND,NA,NA,NA,NA
AA40,GND,NA,NA,NA,NA
AA43,GND,NA,NA,NA,NA
AA47,GND,NA,NA,NA,NA
AA48,GND,NA,NA,NA,NA
AA49,GND,NA,NA,NA,NA
AA5,GND,NA,NA,NA,NA
AA9,GND,NA,NA,NA,NA
AB1,GND,NA,NA,NA,NA
AB10,GND,NA,NA,NA,NA
AB15,GND,NA,NA,NA,NA
AB17,GND,NA,NA,NA,NA
AB19,GND,NA,NA,NA,NA
AB2,GND,NA,NA,NA,NA
AB21,GND,NA,NA,NA,NA
AB23,GND,NA,NA,NA,NA
AB25,GND,NA,NA,NA,NA
AB27,GND,NA,NA,NA,NA
AB29,GND,NA,NA,NA,NA
AB31,GND,NA,NA,NA,NA
AB33,GND,NA,NA,NA,NA
AB35,GND,NA,NA,NA,NA
AB37,GND,NA,NA,NA,NA
AB38,GND,NA,NA,NA,NA
AB42,GND,NA,NA,NA,NA
AB45,GND,NA,NA,NA,NA
AB47,GND,NA,NA,NA,NA
AB5,GND,NA,NA,NA,NA
AB50,GND,NA,NA,NA,NA
AB51,GND,NA,NA,NA,NA
AB7,GND,NA,NA,NA,NA
AC14,GND,NA,NA,NA,NA
AC16,GND,NA,NA,NA,NA
AC18,GND,NA,NA,NA,NA
AC20,GND,NA,NA,NA,NA
AC22,GND,NA,NA,NA,NA
AC24,GND,NA,NA,NA,NA
AC26,GND,NA,NA,NA,NA
AC28,GND,NA,NA,NA,NA
AC3,GND,NA,NA,NA,NA
AC30,GND,NA,NA,NA,NA
AC32,GND,NA,NA,NA,NA
AC34,GND,NA,NA,NA,NA
AC36,GND,NA,NA,NA,NA
AC38,GND,NA,NA,NA,NA
AC39,GND,NA,NA,NA,NA
AC4,GND,NA,NA,NA,NA
AC44,GND,NA,NA,NA,NA
AC47,GND,NA,NA,NA,NA
AC48,GND,NA,NA,NA,NA
AC49,GND,NA,NA,NA,NA
AC5,GND,NA,NA,NA,NA
AC8,GND,NA,NA,NA,NA
AD1,GND,NA,NA,NA,NA
AD11,GND,NA,NA,NA,NA
AD12,GND,NA,NA,NA,NA
AD15,GND,NA,NA,NA,NA
AD17,GND,NA,NA,NA,NA
AD19,GND,NA,NA,NA,NA
AD2,GND,NA,NA,NA,NA
AD21,GND,NA,NA,NA,NA
AD23,GND,NA,NA,NA,NA
AD25,GND,NA,NA,NA,NA
AD27,GND,NA,NA,NA,NA
AD29,GND,NA,NA,NA,NA
AD31,GND,NA,NA,NA,NA
AD33,GND,NA,NA,NA,NA
AD35,GND,NA,NA,NA,NA
AD37,GND,NA,NA,NA,NA
AD39,GND,NA,NA,NA,NA
AD40,GND,NA,NA,NA,NA
AD41,GND,NA,NA,NA,NA
AD46,GND,NA,NA,NA,NA
AD47,GND,NA,NA,NA,NA
AD5,GND,NA,NA,NA,NA
AD50,GND,NA,NA,NA,NA
AD51,GND,NA,NA,NA,NA
AD6,GND,NA,NA,NA,NA
AE12,GND,NA,NA,NA,NA
AE16,GND,NA,NA,NA,NA
AE18,GND,NA,NA,NA,NA
AE20,GND,NA,NA,NA,NA
AE22,GND,NA,NA,NA,NA
AE24,GND,NA,NA,NA,NA
AE26,GND,NA,NA,NA,NA
AE28,GND,NA,NA,NA,NA
AE3,GND,NA,NA,NA,NA
AE30,GND,NA,NA,NA,NA
AE32,GND,NA,NA,NA,NA
AE34,GND,NA,NA,NA,NA
AE36,GND,NA,NA,NA,NA
AE38,GND,NA,NA,NA,NA
AE4,GND,NA,NA,NA,NA
AE40,GND,NA,NA,NA,NA
AE43,GND,NA,NA,NA,NA
AE47,GND,NA,NA,NA,NA
AE48,GND,NA,NA,NA,NA
AE49,GND,NA,NA,NA,NA
AE5,GND,NA,NA,NA,NA
AE9,GND,NA,NA,NA,NA
AF1,GND,NA,NA,NA,NA
AF10,GND,NA,NA,NA,NA
AF12,GND,NA,NA,NA,NA
AF15,GND,NA,NA,NA,NA
AF17,GND,NA,NA,NA,NA
AF19,GND,NA,NA,NA,NA
AF2,GND,NA,NA,NA,NA
AF21,GND,NA,NA,NA,NA
AF23,GND,NA,NA,NA,NA
AF25,GND,NA,NA,NA,NA
AF27,GND,NA,NA,NA,NA
AF29,GND,NA,NA,NA,NA
AF31,GND,NA,NA,NA,NA
AF33,GND,NA,NA,NA,NA
AF35,GND,NA,NA,NA,NA
AF37,GND,NA,NA,NA,NA
AF39,GND,NA,NA,NA,NA
AF40,GND,NA,NA,NA,NA
AF42,GND,NA,NA,NA,NA
AF45,GND,NA,NA,NA,NA
AF47,GND,NA,NA,NA,NA
AF5,GND,NA,NA,NA,NA
AF50,GND,NA,NA,NA,NA
AF51,GND,NA,NA,NA,NA
AF7,GND,NA,NA,NA,NA
AG12,GND,NA,NA,NA,NA
AG16,GND,NA,NA,NA,NA
AG20,GND,NA,NA,NA,NA
AG22,GND,NA,NA,NA,NA
AG24,GND,NA,NA,NA,NA
AG26,GND,NA,NA,NA,NA
AG28,GND,NA,NA,NA,NA
AG3,GND,NA,NA,NA,NA
AG30,GND,NA,NA,NA,NA
AG32,GND,NA,NA,NA,NA
AG34,GND,NA,NA,NA,NA
AG36,GND,NA,NA,NA,NA
AG38,GND,NA,NA,NA,NA
AG4,GND,NA,NA,NA,NA
AG40,GND,NA,NA,NA,NA
AG44,GND,NA,NA,NA,NA
AG47,GND,NA,NA,NA,NA
AG48,GND,NA,NA,NA,NA
AG49,GND,NA,NA,NA,NA
AG5,GND,NA,NA,NA,NA
AG8,GND,NA,NA,NA,NA
AH1,GND,NA,NA,NA,NA
AH11,GND,NA,NA,NA,NA
AH12,GND,NA,NA,NA,NA
AH15,GND,NA,NA,NA,NA
AH17,GND,NA,NA,NA,NA
AH2,GND,NA,NA,NA,NA
AH21,GND,NA,NA,NA,NA
AH23,GND,NA,NA,NA,NA
AH25,GND,NA,NA,NA,NA
AH27,GND,NA,NA,NA,NA
AH29,GND,NA,NA,NA,NA
AH31,GND,NA,NA,NA,NA
AH33,GND,NA,NA,NA,NA
AH35,GND,NA,NA,NA,NA
AH37,GND,NA,NA,NA,NA
AH39,GND,NA,NA,NA,NA
AH40,GND,NA,NA,NA,NA
AH41,GND,NA,NA,NA,NA
AH46,GND,NA,NA,NA,NA
AH47,GND,NA,NA,NA,NA
AH5,GND,NA,NA,NA,NA
AH50,GND,NA,NA,NA,NA
AH51,GND,NA,NA,NA,NA
AH6,GND,NA,NA,NA,NA
AJ14,GND,NA,NA,NA,NA
AJ16,GND,NA,NA,NA,NA
AJ20,GND,NA,NA,NA,NA
AJ22,GND,NA,NA,NA,NA
AJ24,GND,NA,NA,NA,NA
AJ26,GND,NA,NA,NA,NA
AJ28,GND,NA,NA,NA,NA
AJ3,GND,NA,NA,NA,NA
AJ30,GND,NA,NA,NA,NA
AJ32,GND,NA,NA,NA,NA
AJ34,GND,NA,NA,NA,NA
AJ36,GND,NA,NA,NA,NA
AJ38,GND,NA,NA,NA,NA
AJ39,GND,NA,NA,NA,NA
AJ4,GND,NA,NA,NA,NA
AJ43,GND,NA,NA,NA,NA
AJ47,GND,NA,NA,NA,NA
AJ48,GND,NA,NA,NA,NA
AJ49,GND,NA,NA,NA,NA
AJ5,GND,NA,NA,NA,NA
AJ9,GND,NA,NA,NA,NA
AK1,GND,NA,NA,NA,NA
AK10,GND,NA,NA,NA,NA
AK15,GND,NA,NA,NA,NA
AK17,GND,NA,NA,NA,NA
AK2,GND,NA,NA,NA,NA
AK21,GND,NA,NA,NA,NA
AK23,GND,NA,NA,NA,NA
AK25,GND,NA,NA,NA,NA
AK27,GND,NA,NA,NA,NA
AK29,GND,NA,NA,NA,NA
AK31,GND,NA,NA,NA,NA
AK33,GND,NA,NA,NA,NA
AK35,GND,NA,NA,NA,NA
AK37,GND,NA,NA,NA,NA
AK38,GND,NA,NA,NA,NA
AK42,GND,NA,NA,NA,NA
AK45,GND,NA,NA,NA,NA
AK47,GND,NA,NA,NA,NA
AK5,GND,NA,NA,NA,NA
AK50,GND,NA,NA,NA,NA
AK51,GND,NA,NA,NA,NA
AK7,GND,NA,NA,NA,NA
AL12,GND,NA,NA,NA,NA
AL14,GND,NA,NA,NA,NA
AL16,GND,NA,NA,NA,NA
AL18,GND,NA,NA,NA,NA
AL20,GND,NA,NA,NA,NA
AL22,GND,NA,NA,NA,NA
AL24,GND,NA,NA,NA,NA
AL26,GND,NA,NA,NA,NA
AL28,GND,NA,NA,NA,NA
AL3,GND,NA,NA,NA,NA
AL30,GND,NA,NA,NA,NA
AL32,GND,NA,NA,NA,NA
AL34,GND,NA,NA,NA,NA
AL36,GND,NA,NA,NA,NA
AL38,GND,NA,NA,NA,NA
AL4,GND,NA,NA,NA,NA
AL40,GND,NA,NA,NA,NA
AL44,GND,NA,NA,NA,NA
AL47,GND,NA,NA,NA,NA
AL48,GND,NA,NA,NA,NA
AL49,GND,NA,NA,NA,NA
AL5,GND,NA,NA,NA,NA
AL8,GND,NA,NA,NA,NA
AM1,GND,NA,NA,NA,NA
AM11,GND,NA,NA,NA,NA
AM15,GND,NA,NA,NA,NA
AM17,GND,NA,NA,NA,NA
AM19,GND,NA,NA,NA,NA
AM2,GND,NA,NA,NA,NA
AM21,GND,NA,NA,NA,NA
AM23,GND,NA,NA,NA,NA
AM25,GND,NA,NA,NA,NA
AM27,GND,NA,NA,NA,NA
AM29,GND,NA,NA,NA,NA
AM31,GND,NA,NA,NA,NA
AM33,GND,NA,NA,NA,NA
AM35,GND,NA,NA,NA,NA
AM37,GND,NA,NA,NA,NA
AM38,GND,NA,NA,NA,NA
AM41,GND,NA,NA,NA,NA
AM46,GND,NA,NA,NA,NA
AM47,GND,NA,NA,NA,NA
AM5,GND,NA,NA,NA,NA
AM50,GND,NA,NA,NA,NA
AM51,GND,NA,NA,NA,NA
AM6,GND,NA,NA,NA,NA
AN12,GND,NA,NA,NA,NA
AN14,GND,NA,NA,NA,NA
AN16,GND,NA,NA,NA,NA
AN18,GND,NA,NA,NA,NA
AN20,GND,NA,NA,NA,NA
AN22,GND,NA,NA,NA,NA
AN24,GND,NA,NA,NA,NA
AN26,GND,NA,NA,NA,NA
AN28,GND,NA,NA,NA,NA
AN3,GND,NA,NA,NA,NA
AN30,GND,NA,NA,NA,NA
AN32,GND,NA,NA,NA,NA
AN34,GND,NA,NA,NA,NA
AN36,GND,NA,NA,NA,NA
AN38,GND,NA,NA,NA,NA
AN4,GND,NA,NA,NA,NA
AN40,GND,NA,NA,NA,NA
AN43,GND,NA,NA,NA,NA
AN47,GND,NA,NA,NA,NA
AN48,GND,NA,NA,NA,NA
AN49,GND,NA,NA,NA,NA
AN5,GND,NA,NA,NA,NA
AN9,GND,NA,NA,NA,NA
AP1,GND,NA,NA,NA,NA
AP10,GND,NA,NA,NA,NA
AP15,GND,NA,NA,NA,NA
AP17,GND,NA,NA,NA,NA
AP19,GND,NA,NA,NA,NA
AP2,GND,NA,NA,NA,NA
AP21,GND,NA,NA,NA,NA
AP23,GND,NA,NA,NA,NA
AP25,GND,NA,NA,NA,NA
AP27,GND,NA,NA,NA,NA
AP29,GND,NA,NA,NA,NA
AP31,GND,NA,NA,NA,NA
AP33,GND,NA,NA,NA,NA
AP35,GND,NA,NA,NA,NA
AP37,GND,NA,NA,NA,NA
AP38,GND,NA,NA,NA,NA
AP42,GND,NA,NA,NA,NA
AP45,GND,NA,NA,NA,NA
AP47,GND,NA,NA,NA,NA
AP5,GND,NA,NA,NA,NA
AP50,GND,NA,NA,NA,NA
AP51,GND,NA,NA,NA,NA
AP7,GND,NA,NA,NA,NA
AR12,GND,NA,NA,NA,NA
AR14,GND,NA,NA,NA,NA
AR22,GND,NA,NA,NA,NA
AR24,GND,NA,NA,NA,NA
AR26,GND,NA,NA,NA,NA
AR28,GND,NA,NA,NA,NA
AR3,GND,NA,NA,NA,NA
AR30,GND,NA,NA,NA,NA
AR38,GND,NA,NA,NA,NA
AR4,GND,NA,NA,NA,NA
AR40,GND,NA,NA,NA,NA
AR44,GND,NA,NA,NA,NA
AR47,GND,NA,NA,NA,NA
AR48,GND,NA,NA,NA,NA
AR49,GND,NA,NA,NA,NA
AR5,GND,NA,NA,NA,NA
AR8,GND,NA,NA,NA,NA
AT1,GND,NA,NA,NA,NA
AT11,GND,NA,NA,NA,NA
AT2,GND,NA,NA,NA,NA
AT21,GND,NA,NA,NA,NA
AT23,GND,NA,NA,NA,NA
AT25,GND,NA,NA,NA,NA
AT27,GND,NA,NA,NA,NA
AT29,GND,NA,NA,NA,NA
AT31,GND,NA,NA,NA,NA
AT38,GND,NA,NA,NA,NA
AT41,GND,NA,NA,NA,NA
AT46,GND,NA,NA,NA,NA
AT47,GND,NA,NA,NA,NA
AT5,GND,NA,NA,NA,NA
AT50,GND,NA,NA,NA,NA
AT51,GND,NA,NA,NA,NA
AT6,GND,NA,NA,NA,NA
AU13,GND,NA,NA,NA,NA
AU14,GND,NA,NA,NA,NA
AU18,GND,NA,NA,NA,NA
AU24,GND,NA,NA,NA,NA
AU26,GND,NA,NA,NA,NA
AU28,GND,NA,NA,NA,NA
AU3,GND,NA,NA,NA,NA
AU30,GND,NA,NA,NA,NA
AU38,GND,NA,NA,NA,NA
AU39,GND,NA,NA,NA,NA
AU4,GND,NA,NA,NA,NA
AU43,GND,NA,NA,NA,NA
AU47,GND,NA,NA,NA,NA
AU48,GND,NA,NA,NA,NA
AU49,GND,NA,NA,NA,NA
AU5,GND,NA,NA,NA,NA
AU9,GND,NA,NA,NA,NA
AV1,GND,NA,NA,NA,NA
AV10,GND,NA,NA,NA,NA
AV15,GND,NA,NA,NA,NA
AV2,GND,NA,NA,NA,NA
AV25,GND,NA,NA,NA,NA
AV35,GND,NA,NA,NA,NA
AV38,GND,NA,NA,NA,NA
AV42,GND,NA,NA,NA,NA
AV45,GND,NA,NA,NA,NA
AV47,GND,NA,NA,NA,NA
AV5,GND,NA,NA,NA,NA
AV50,GND,NA,NA,NA,NA
AV51,GND,NA,NA,NA,NA
AV7,GND,NA,NA,NA,NA
AW12,GND,NA,NA,NA,NA
AW14,GND,NA,NA,NA,NA
AW22,GND,NA,NA,NA,NA
AW3,GND,NA,NA,NA,NA
AW32,GND,NA,NA,NA,NA
AW38,GND,NA,NA,NA,NA
AW4,GND,NA,NA,NA,NA
AW40,GND,NA,NA,NA,NA
AW44,GND,NA,NA,NA,NA
AW47,GND,NA,NA,NA,NA
AW48,GND,NA,NA,NA,NA
AW49,GND,NA,NA,NA,NA
AW5,GND,NA,NA,NA,NA
AW8,GND,NA,NA,NA,NA
AY1,GND,NA,NA,NA,NA
AY11,GND,NA,NA,NA,NA
AY19,GND,NA,NA,NA,NA
AY2,GND,NA,NA,NA,NA
AY29,GND,NA,NA,NA,NA
AY38,GND,NA,NA,NA,NA
AY41,GND,NA,NA,NA,NA
AY46,GND,NA,NA,NA,NA
AY47,GND,NA,NA,NA,NA
AY5,GND,NA,NA,NA,NA
AY50,GND,NA,NA,NA,NA
AY51,GND,NA,NA,NA,NA
AY6,GND,NA,NA,NA,NA
B10,GND,NA,NA,NA,NA
B14,GND,NA,NA,NA,NA
B16,GND,NA,NA,NA,NA
B19,GND,NA,NA,NA,NA
B20,GND,NA,NA,NA,NA
B21,GND,NA,NA,NA,NA
B23,GND,NA,NA,NA,NA
B3,GND,NA,NA,NA,NA
B31,GND,NA,NA,NA,NA
B32,GND,NA,NA,NA,NA
B33,GND,NA,NA,NA,NA
B36,GND,NA,NA,NA,NA
B38,GND,NA,NA,NA,NA
B4,GND,NA,NA,NA,NA
B42,GND,NA,NA,NA,NA
B45,GND,NA,NA,NA,NA
B46,GND,NA,NA,NA,NA
B47,GND,NA,NA,NA,NA
B48,GND,NA,NA,NA,NA
B49,GND,NA,NA,NA,NA
B5,GND,NA,NA,NA,NA
B6,GND,NA,NA,NA,NA
B7,GND,NA,NA,NA,NA
BA12,GND,NA,NA,NA,NA
BA14,GND,NA,NA,NA,NA
BA16,GND,NA,NA,NA,NA
BA26,GND,NA,NA,NA,NA
BA3,GND,NA,NA,NA,NA
BA36,GND,NA,NA,NA,NA
BA38,GND,NA,NA,NA,NA
BA4,GND,NA,NA,NA,NA
BA40,GND,NA,NA,NA,NA
BA43,GND,NA,NA,NA,NA
BA47,GND,NA,NA,NA,NA
BA48,GND,NA,NA,NA,NA
BA49,GND,NA,NA,NA,NA
BA5,GND,NA,NA,NA,NA
BA9,GND,NA,NA,NA,NA
BB1,GND,NA,NA,NA,NA
BB10,GND,NA,NA,NA,NA
BB2,GND,NA,NA,NA,NA
BB23,GND,NA,NA,NA,NA
BB33,GND,NA,NA,NA,NA
BB38,GND,NA,NA,NA,NA
BB42,GND,NA,NA,NA,NA
BB45,GND,NA,NA,NA,NA
BB47,GND,NA,NA,NA,NA
BB5,GND,NA,NA,NA,NA
BB50,GND,NA,NA,NA,NA
BB51,GND,NA,NA,NA,NA
BB7,GND,NA,NA,NA,NA
BC12,GND,NA,NA,NA,NA
BC14,GND,NA,NA,NA,NA
BC20,GND,NA,NA,NA,NA
BC3,GND,NA,NA,NA,NA
BC30,GND,NA,NA,NA,NA
BC38,GND,NA,NA,NA,NA
BC4,GND,NA,NA,NA,NA
BC40,GND,NA,NA,NA,NA
BC44,GND,NA,NA,NA,NA
BC47,GND,NA,NA,NA,NA
BC48,GND,NA,NA,NA,NA
BC49,GND,NA,NA,NA,NA
BC5,GND,NA,NA,NA,NA
BC8,GND,NA,NA,NA,NA
BD1,GND,NA,NA,NA,NA
BD11,GND,NA,NA,NA,NA
BD14,GND,NA,NA,NA,NA
BD2,GND,NA,NA,NA,NA
BD27,GND,NA,NA,NA,NA
BD38,GND,NA,NA,NA,NA
BD41,GND,NA,NA,NA,NA
BD46,GND,NA,NA,NA,NA
BD47,GND,NA,NA,NA,NA
BD5,GND,NA,NA,NA,NA
BD50,GND,NA,NA,NA,NA
BD51,GND,NA,NA,NA,NA
BD6,GND,NA,NA,NA,NA
BE12,GND,NA,NA,NA,NA
BE14,GND,NA,NA,NA,NA
BE15,GND,NA,NA,NA,NA
BE16,GND,NA,NA,NA,NA
BE17,GND,NA,NA,NA,NA
BE18,GND,NA,NA,NA,NA
BE19,GND,NA,NA,NA,NA
BE24,GND,NA,NA,NA,NA
BE3,GND,NA,NA,NA,NA
BE33,GND,NA,NA,NA,NA
BE34,GND,NA,NA,NA,NA
BE35,GND,NA,NA,NA,NA
BE36,GND,NA,NA,NA,NA
BE37,GND,NA,NA,NA,NA
BE38,GND,NA,NA,NA,NA
BE4,GND,NA,NA,NA,NA
BE40,GND,NA,NA,NA,NA
BE43,GND,NA,NA,NA,NA
BE47,GND,NA,NA,NA,NA
BE48,GND,NA,NA,NA,NA
BE49,GND,NA,NA,NA,NA
BE5,GND,NA,NA,NA,NA
BE9,GND,NA,NA,NA,NA
BF1,GND,NA,NA,NA,NA
BF10,GND,NA,NA,NA,NA
BF16,GND,NA,NA,NA,NA
BF19,GND,NA,NA,NA,NA
BF2,GND,NA,NA,NA,NA
BF20,GND,NA,NA,NA,NA
BF21,GND,NA,NA,NA,NA
BF31,GND,NA,NA,NA,NA
BF32,GND,NA,NA,NA,NA
BF33,GND,NA,NA,NA,NA
BF36,GND,NA,NA,NA,NA
BF42,GND,NA,NA,NA,NA
BF45,GND,NA,NA,NA,NA
BF46,GND,NA,NA,NA,NA
BF47,GND,NA,NA,NA,NA
BF5,GND,NA,NA,NA,NA
BF50,GND,NA,NA,NA,NA
BF51,GND,NA,NA,NA,NA
BF6,GND,NA,NA,NA,NA
BF7,GND,NA,NA,NA,NA
BG12,GND,NA,NA,NA,NA
BG16,GND,NA,NA,NA,NA
BG17,GND,NA,NA,NA,NA
BG18,GND,NA,NA,NA,NA
BG21,GND,NA,NA,NA,NA
BG28,GND,NA,NA,NA,NA
BG3,GND,NA,NA,NA,NA
BG31,GND,NA,NA,NA,NA
BG34,GND,NA,NA,NA,NA
BG35,GND,NA,NA,NA,NA
BG36,GND,NA,NA,NA,NA
BG4,GND,NA,NA,NA,NA
BG40,GND,NA,NA,NA,NA
BG44,GND,NA,NA,NA,NA
BG45,GND,NA,NA,NA,NA
BG48,GND,NA,NA,NA,NA
BG49,GND,NA,NA,NA,NA
BG7,GND,NA,NA,NA,NA
BG8,GND,NA,NA,NA,NA
BH1,GND,NA,NA,NA,NA
BH11,GND,NA,NA,NA,NA
BH15,GND,NA,NA,NA,NA
BH16,GND,NA,NA,NA,NA
BH19,GND,NA,NA,NA,NA
BH2,GND,NA,NA,NA,NA
BH20,GND,NA,NA,NA,NA
BH21,GND,NA,NA,NA,NA
BH25,GND,NA,NA,NA,NA
BH31,GND,NA,NA,NA,NA
BH32,GND,NA,NA,NA,NA
BH33,GND,NA,NA,NA,NA
BH36,GND,NA,NA,NA,NA
BH37,GND,NA,NA,NA,NA
BH41,GND,NA,NA,NA,NA
BH45,GND,NA,NA,NA,NA
BH46,GND,NA,NA,NA,NA
BH47,GND,NA,NA,NA,NA
BH5,GND,NA,NA,NA,NA
BH50,GND,NA,NA,NA,NA
BH51,GND,NA,NA,NA,NA
BH6,GND,NA,NA,NA,NA
BH7,GND,NA,NA,NA,NA
BJ13,GND,NA,NA,NA,NA
BJ16,GND,NA,NA,NA,NA
BJ17,GND,NA,NA,NA,NA
BJ18,GND,NA,NA,NA,NA
BJ2,GND,NA,NA,NA,NA
BJ21,GND,NA,NA,NA,NA
BJ22,GND,NA,NA,NA,NA
BJ3,GND,NA,NA,NA,NA
BJ31,GND,NA,NA,NA,NA
BJ34,GND,NA,NA,NA,NA
BJ35,GND,NA,NA,NA,NA
BJ36,GND,NA,NA,NA,NA
BJ39,GND,NA,NA,NA,NA
BJ4,GND,NA,NA,NA,NA
BJ43,GND,NA,NA,NA,NA
BJ45,GND,NA,NA,NA,NA
BJ48,GND,NA,NA,NA,NA
BJ49,GND,NA,NA,NA,NA
BJ50,GND,NA,NA,NA,NA
BJ7,GND,NA,NA,NA,NA
BJ9,GND,NA,NA,NA,NA
BK10,GND,NA,NA,NA,NA
BK14,GND,NA,NA,NA,NA
BK16,GND,NA,NA,NA,NA
BK19,GND,NA,NA,NA,NA
BK20,GND,NA,NA,NA,NA
BK21,GND,NA,NA,NA,NA
BK29,GND,NA,NA,NA,NA
BK3,GND,NA,NA,NA,NA
BK31,GND,NA,NA,NA,NA
BK32,GND,NA,NA,NA,NA
BK33,GND,NA,NA,NA,NA
BK36,GND,NA,NA,NA,NA
BK38,GND,NA,NA,NA,NA
BK4,GND,NA,NA,NA,NA
BK42,GND,NA,NA,NA,NA
BK45,GND,NA,NA,NA,NA
BK46,GND,NA,NA,NA,NA
BK47,GND,NA,NA,NA,NA
BK48,GND,NA,NA,NA,NA
BK49,GND,NA,NA,NA,NA
BK5,GND,NA,NA,NA,NA
BK6,GND,NA,NA,NA,NA
BK7,GND,NA,NA,NA,NA
BL12,GND,NA,NA,NA,NA
BL16,GND,NA,NA,NA,NA
BL17,GND,NA,NA,NA,NA
BL18,GND,NA,NA,NA,NA
BL21,GND,NA,NA,NA,NA
BL26,GND,NA,NA,NA,NA
BL31,GND,NA,NA,NA,NA
BL34,GND,NA,NA,NA,NA
BL35,GND,NA,NA,NA,NA
BL36,GND,NA,NA,NA,NA
BL4,GND,NA,NA,NA,NA
BL40,GND,NA,NA,NA,NA
BL44,GND,NA,NA,NA,NA
BL45,GND,NA,NA,NA,NA
BL48,GND,NA,NA,NA,NA
BL7,GND,NA,NA,NA,NA
BL8,GND,NA,NA,NA,NA
C12,GND,NA,NA,NA,NA
C16,GND,NA,NA,NA,NA
C17,GND,NA,NA,NA,NA
C18,GND,NA,NA,NA,NA
C2,GND,NA,NA,NA,NA
C21,GND,NA,NA,NA,NA
C3,GND,NA,NA,NA,NA
C31,GND,NA,NA,NA,NA
C34,GND,NA,NA,NA,NA
C35,GND,NA,NA,NA,NA
C36,GND,NA,NA,NA,NA
C4,GND,NA,NA,NA,NA
C40,GND,NA,NA,NA,NA
C44,GND,NA,NA,NA,NA
C45,GND,NA,NA,NA,NA
C48,GND,NA,NA,NA,NA
C49,GND,NA,NA,NA,NA
C50,GND,NA,NA,NA,NA
C7,GND,NA,NA,NA,NA
C8,GND,NA,NA,NA,NA
D1,GND,NA,NA,NA,NA
D11,GND,NA,NA,NA,NA
D15,GND,NA,NA,NA,NA
D16,GND,NA,NA,NA,NA
D19,GND,NA,NA,NA,NA
D2,GND,NA,NA,NA,NA
D20,GND,NA,NA,NA,NA
D21,GND,NA,NA,NA,NA
D27,GND,NA,NA,NA,NA
D31,GND,NA,NA,NA,NA
D32,GND,NA,NA,NA,NA
D33,GND,NA,NA,NA,NA
D36,GND,NA,NA,NA,NA
D37,GND,NA,NA,NA,NA
D41,GND,NA,NA,NA,NA
D45,GND,NA,NA,NA,NA
D46,GND,NA,NA,NA,NA
D47,GND,NA,NA,NA,NA
D5,GND,NA,NA,NA,NA
D50,GND,NA,NA,NA,NA
D51,GND,NA,NA,NA,NA
D6,GND,NA,NA,NA,NA
D7,GND,NA,NA,NA,NA
E12,GND,NA,NA,NA,NA
E16,GND,NA,NA,NA,NA
E17,GND,NA,NA,NA,NA
E18,GND,NA,NA,NA,NA
E21,GND,NA,NA,NA,NA
E24,GND,NA,NA,NA,NA
E3,GND,NA,NA,NA,NA
E31,GND,NA,NA,NA,NA
E34,GND,NA,NA,NA,NA
E35,GND,NA,NA,NA,NA
E36,GND,NA,NA,NA,NA
E39,GND,NA,NA,NA,NA
E4,GND,NA,NA,NA,NA
E43,GND,NA,NA,NA,NA
E45,GND,NA,NA,NA,NA
E48,GND,NA,NA,NA,NA
E49,GND,NA,NA,NA,NA
E7,GND,NA,NA,NA,NA
E9,GND,NA,NA,NA,NA
F1,GND,NA,NA,NA,NA
F10,GND,NA,NA,NA,NA
F14,GND,NA,NA,NA,NA
F16,GND,NA,NA,NA,NA
F19,GND,NA,NA,NA,NA
F2,GND,NA,NA,NA,NA
F20,GND,NA,NA,NA,NA
F21,GND,NA,NA,NA,NA
F31,GND,NA,NA,NA,NA
F32,GND,NA,NA,NA,NA
F33,GND,NA,NA,NA,NA
F36,GND,NA,NA,NA,NA
F38,GND,NA,NA,NA,NA
F42,GND,NA,NA,NA,NA
F45,GND,NA,NA,NA,NA
F46,GND,NA,NA,NA,NA
F47,GND,NA,NA,NA,NA
F5,GND,NA,NA,NA,NA
F50,GND,NA,NA,NA,NA
F51,GND,NA,NA,NA,NA
F6,GND,NA,NA,NA,NA
F7,GND,NA,NA,NA,NA
G12,GND,NA,NA,NA,NA
G16,GND,NA,NA,NA,NA
G18,GND,NA,NA,NA,NA
G21,GND,NA,NA,NA,NA
G28,GND,NA,NA,NA,NA
G3,GND,NA,NA,NA,NA
G31,GND,NA,NA,NA,NA
G34,GND,NA,NA,NA,NA
G36,GND,NA,NA,NA,NA
G4,GND,NA,NA,NA,NA
G40,GND,NA,NA,NA,NA
G44,GND,NA,NA,NA,NA
G47,GND,NA,NA,NA,NA
G48,GND,NA,NA,NA,NA
G49,GND,NA,NA,NA,NA
G5,GND,NA,NA,NA,NA
G8,GND,NA,NA,NA,NA
H1,GND,NA,NA,NA,NA
H11,GND,NA,NA,NA,NA
H14,GND,NA,NA,NA,NA
H15,GND,NA,NA,NA,NA
H16,GND,NA,NA,NA,NA
H17,GND,NA,NA,NA,NA
H18,GND,NA,NA,NA,NA
H19,GND,NA,NA,NA,NA
H2,GND,NA,NA,NA,NA
H20,GND,NA,NA,NA,NA
H21,GND,NA,NA,NA,NA
H25,GND,NA,NA,NA,NA
H31,GND,NA,NA,NA,NA
H32,GND,NA,NA,NA,NA
H33,GND,NA,NA,NA,NA
H34,GND,NA,NA,NA,NA
H35,GND,NA,NA,NA,NA
H36,GND,NA,NA,NA,NA
H37,GND,NA,NA,NA,NA
H38,GND,NA,NA,NA,NA
H41,GND,NA,NA,NA,NA
H46,GND,NA,NA,NA,NA
H47,GND,NA,NA,NA,NA
H5,GND,NA,NA,NA,NA
H50,GND,NA,NA,NA,NA
H51,GND,NA,NA,NA,NA
H6,GND,NA,NA,NA,NA
J12,GND,NA,NA,NA,NA
J14,GND,NA,NA,NA,NA
J22,GND,NA,NA,NA,NA
J3,GND,NA,NA,NA,NA
J38,GND,NA,NA,NA,NA
J4,GND,NA,NA,NA,NA
J40,GND,NA,NA,NA,NA
J43,GND,NA,NA,NA,NA
J47,GND,NA,NA,NA,NA
J48,GND,NA,NA,NA,NA
J49,GND,NA,NA,NA,NA
J5,GND,NA,NA,NA,NA
J9,GND,NA,NA,NA,NA
K1,GND,NA,NA,NA,NA
K10,GND,NA,NA,NA,NA
K14,GND,NA,NA,NA,NA
K19,GND,NA,NA,NA,NA
K2,GND,NA,NA,NA,NA
K29,GND,NA,NA,NA,NA
K38,GND,NA,NA,NA,NA
K42,GND,NA,NA,NA,NA
K45,GND,NA,NA,NA,NA
K47,GND,NA,NA,NA,NA
K5,GND,NA,NA,NA,NA
K50,GND,NA,NA,NA,NA
K51,GND,NA,NA,NA,NA
K7,GND,NA,NA,NA,NA
L12,GND,NA,NA,NA,NA
L14,GND,NA,NA,NA,NA
L16,GND,NA,NA,NA,NA
L26,GND,NA,NA,NA,NA
L3,GND,NA,NA,NA,NA
L36,GND,NA,NA,NA,NA
L38,GND,NA,NA,NA,NA
L4,GND,NA,NA,NA,NA
L40,GND,NA,NA,NA,NA
L44,GND,NA,NA,NA,NA
L47,GND,NA,NA,NA,NA
L48,GND,NA,NA,NA,NA
L49,GND,NA,NA,NA,NA
L5,GND,NA,NA,NA,NA
L8,GND,NA,NA,NA,NA
M1,GND,NA,NA,NA,NA
M11,GND,NA,NA,NA,NA
M2,GND,NA,NA,NA,NA
M23,GND,NA,NA,NA,NA
M33,GND,NA,NA,NA,NA
M38,GND,NA,NA,NA,NA
M41,GND,NA,NA,NA,NA
M46,GND,NA,NA,NA,NA
M47,GND,NA,NA,NA,NA
M5,GND,NA,NA,NA,NA
M50,GND,NA,NA,NA,NA
M51,GND,NA,NA,NA,NA
M6,GND,NA,NA,NA,NA
N13,GND,NA,NA,NA,NA
N14,GND,NA,NA,NA,NA
N20,GND,NA,NA,NA,NA
N3,GND,NA,NA,NA,NA
N30,GND,NA,NA,NA,NA
N38,GND,NA,NA,NA,NA
N39,GND,NA,NA,NA,NA
N4,GND,NA,NA,NA,NA
N43,GND,NA,NA,NA,NA
N47,GND,NA,NA,NA,NA
N48,GND,NA,NA,NA,NA
N49,GND,NA,NA,NA,NA
N5,GND,NA,NA,NA,NA
N9,GND,NA,NA,NA,NA
P1,GND,NA,NA,NA,NA
P10,GND,NA,NA,NA,NA
P17,GND,NA,NA,NA,NA
P2,GND,NA,NA,NA,NA
P27,GND,NA,NA,NA,NA
P37,GND,NA,NA,NA,NA
P38,GND,NA,NA,NA,NA
P42,GND,NA,NA,NA,NA
P45,GND,NA,NA,NA,NA
P47,GND,NA,NA,NA,NA
P5,GND,NA,NA,NA,NA
P50,GND,NA,NA,NA,NA
P51,GND,NA,NA,NA,NA
P7,GND,NA,NA,NA,NA
R12,GND,NA,NA,NA,NA
R14,GND,NA,NA,NA,NA
R24,GND,NA,NA,NA,NA
R3,GND,NA,NA,NA,NA
R34,GND,NA,NA,NA,NA
R38,GND,NA,NA,NA,NA
R4,GND,NA,NA,NA,NA
R40,GND,NA,NA,NA,NA
R44,GND,NA,NA,NA,NA
R47,GND,NA,NA,NA,NA
R48,GND,NA,NA,NA,NA
R49,GND,NA,NA,NA,NA
R5,GND,NA,NA,NA,NA
R8,GND,NA,NA,NA,NA
T1,GND,NA,NA,NA,NA
T11,GND,NA,NA,NA,NA
T2,GND,NA,NA,NA,NA
T21,GND,NA,NA,NA,NA
T38,GND,NA,NA,NA,NA
T41,GND,NA,NA,NA,NA
T46,GND,NA,NA,NA,NA
T47,GND,NA,NA,NA,NA
T5,GND,NA,NA,NA,NA
T50,GND,NA,NA,NA,NA
T51,GND,NA,NA,NA,NA
T6,GND,NA,NA,NA,NA
U13,GND,NA,NA,NA,NA
U14,GND,NA,NA,NA,NA
U18,GND,NA,NA,NA,NA
U28,GND,NA,NA,NA,NA
U3,GND,NA,NA,NA,NA
U30,GND,NA,NA,NA,NA
U38,GND,NA,NA,NA,NA
U39,GND,NA,NA,NA,NA
U4,GND,NA,NA,NA,NA
U43,GND,NA,NA,NA,NA
U47,GND,NA,NA,NA,NA
U48,GND,NA,NA,NA,NA
U49,GND,NA,NA,NA,NA
U5,GND,NA,NA,NA,NA
U9,GND,NA,NA,NA,NA
V1,GND,NA,NA,NA,NA
V10,GND,NA,NA,NA,NA
V2,GND,NA,NA,NA,NA
V23,GND,NA,NA,NA,NA
V25,GND,NA,NA,NA,NA
V27,GND,NA,NA,NA,NA
V29,GND,NA,NA,NA,NA
V31,GND,NA,NA,NA,NA
V38,GND,NA,NA,NA,NA
V42,GND,NA,NA,NA,NA
V45,GND,NA,NA,NA,NA
V47,GND,NA,NA,NA,NA
V5,GND,NA,NA,NA,NA
V50,GND,NA,NA,NA,NA
V51,GND,NA,NA,NA,NA
V7,GND,NA,NA,NA,NA
W12,GND,NA,NA,NA,NA
W14,GND,NA,NA,NA,NA
W18,GND,NA,NA,NA,NA
W20,GND,NA,NA,NA,NA
W22,GND,NA,NA,NA,NA
W24,GND,NA,NA,NA,NA
W26,GND,NA,NA,NA,NA
W28,GND,NA,NA,NA,NA
W3,GND,NA,NA,NA,NA
W30,GND,NA,NA,NA,NA
W34,GND,NA,NA,NA,NA
W36,GND,NA,NA,NA,NA
W38,GND,NA,NA,NA,NA
W4,GND,NA,NA,NA,NA
W40,GND,NA,NA,NA,NA
W44,GND,NA,NA,NA,NA
W47,GND,NA,NA,NA,NA
W48,GND,NA,NA,NA,NA
W49,GND,NA,NA,NA,NA
W5,GND,NA,NA,NA,NA
W8,GND,NA,NA,NA,NA
Y1,GND,NA,NA,NA,NA
Y11,GND,NA,NA,NA,NA
Y15,GND,NA,NA,NA,NA
Y17,GND,NA,NA,NA,NA
Y19,GND,NA,NA,NA,NA
Y2,GND,NA,NA,NA,NA
Y21,GND,NA,NA,NA,NA
Y23,GND,NA,NA,NA,NA
Y25,GND,NA,NA,NA,NA
Y27,GND,NA,NA,NA,NA
Y29,GND,NA,NA,NA,NA
Y31,GND,NA,NA,NA,NA
Y33,GND,NA,NA,NA,NA
Y35,GND,NA,NA,NA,NA
Y37,GND,NA,NA,NA,NA
Y38,GND,NA,NA,NA,NA
Y41,GND,NA,NA,NA,NA
Y46,GND,NA,NA,NA,NA
Y47,GND,NA,NA,NA,NA
Y5,GND,NA,NA,NA,NA
Y50,GND,NA,NA,NA,NA
Y51,GND,NA,NA,NA,NA
Y6,GND,NA,NA,NA,NA
AG18,GNDADC,NA,NA,NA,NA
AH42,MGTAVCC_LLC,NA,NA,NA,NA
AJ40,MGTAVCC_LLC,NA,NA,NA,NA
AK41,MGTAVCC_LLC,NA,NA,NA,NA
AM42,MGTAVCC_LLC,NA,NA,NA,NA
AP41,MGTAVCC_LLC,NA,NA,NA,NA
AR39,MGTAVCC_LLC,NA,NA,NA,NA
AT42,MGTAVCC_LLC,NA,NA,NA,NA
AU40,MGTAVCC_LLC,NA,NA,NA,NA
G35,MGTAVCC_LN,NA,NA,NA,NA
G39,MGTAVCC_LN,NA,NA,NA,NA
H42,MGTAVCC_LN,NA,NA,NA,NA
K41,MGTAVCC_LN,NA,NA,NA,NA
M42,MGTAVCC_LN,NA,NA,NA,NA
N40,MGTAVCC_LN,NA,NA,NA,NA
P41,MGTAVCC_LN,NA,NA,NA,NA
R39,MGTAVCC_LN,NA,NA,NA,NA
AV41,MGTAVCC_LS,NA,NA,NA,NA
AW39,MGTAVCC_LS,NA,NA,NA,NA
AY42,MGTAVCC_LS,NA,NA,NA,NA
BB41,MGTAVCC_LS,NA,NA,NA,NA
BD42,MGTAVCC_LS,NA,NA,NA,NA
BE39,MGTAVCC_LS,NA,NA,NA,NA
BF37,MGTAVCC_LS,NA,NA,NA,NA
BF38,MGTAVCC_LS,NA,NA,NA,NA
AB41,MGTAVCC_LUC,NA,NA,NA,NA
AC40,MGTAVCC_LUC,NA,NA,NA,NA
AD42,MGTAVCC_LUC,NA,NA,NA,NA
AF41,MGTAVCC_LUC,NA,NA,NA,NA
T42,MGTAVCC_LUC,NA,NA,NA,NA
U40,MGTAVCC_LUC,NA,NA,NA,NA
V41,MGTAVCC_LUC,NA,NA,NA,NA
Y42,MGTAVCC_LUC,NA,NA,NA,NA
AH10,MGTAVCC_RLC,NA,NA,NA,NA
AJ12,MGTAVCC_RLC,NA,NA,NA,NA
AK11,MGTAVCC_RLC,NA,NA,NA,NA
AM10,MGTAVCC_RLC,NA,NA,NA,NA
AP11,MGTAVCC_RLC,NA,NA,NA,NA
AR13,MGTAVCC_RLC,NA,NA,NA,NA
AT10,MGTAVCC_RLC,NA,NA,NA,NA
AU12,MGTAVCC_RLC,NA,NA,NA,NA
G13,MGTAVCC_RN,NA,NA,NA,NA
G17,MGTAVCC_RN,NA,NA,NA,NA
H10,MGTAVCC_RN,NA,NA,NA,NA
K11,MGTAVCC_RN,NA,NA,NA,NA
M10,MGTAVCC_RN,NA,NA,NA,NA
N12,MGTAVCC_RN,NA,NA,NA,NA
P11,MGTAVCC_RN,NA,NA,NA,NA
R13,MGTAVCC_RN,NA,NA,NA,NA
AV11,MGTAVCC_RS,NA,NA,NA,NA
AW13,MGTAVCC_RS,NA,NA,NA,NA
AY10,MGTAVCC_RS,NA,NA,NA,NA
BB11,MGTAVCC_RS,NA,NA,NA,NA
BD10,MGTAVCC_RS,NA,NA,NA,NA
BE13,MGTAVCC_RS,NA,NA,NA,NA
BF14,MGTAVCC_RS,NA,NA,NA,NA
BF15,MGTAVCC_RS,NA,NA,NA,NA
AB11,MGTAVCC_RUC,NA,NA,NA,NA
AC12,MGTAVCC_RUC,NA,NA,NA,NA
AD10,MGTAVCC_RUC,NA,NA,NA,NA
AF11,MGTAVCC_RUC,NA,NA,NA,NA
T10,MGTAVCC_RUC,NA,NA,NA,NA
U12,MGTAVCC_RUC,NA,NA,NA,NA
V11,MGTAVCC_RUC,NA,NA,NA,NA
Y10,MGTAVCC_RUC,NA,NA,NA,NA
AF46,MGTAVTT_LLC,NA,NA,NA,NA
AG43,MGTAVTT_LLC,NA,NA,NA,NA
AH45,MGTAVTT_LLC,NA,NA,NA,NA
AJ44,MGTAVTT_LLC,NA,NA,NA,NA
AK46,MGTAVTT_LLC,NA,NA,NA,NA
AL43,MGTAVTT_LLC,NA,NA,NA,NA
AM45,MGTAVTT_LLC,NA,NA,NA,NA
AN44,MGTAVTT_LLC,NA,NA,NA,NA
AP46,MGTAVTT_LLC,NA,NA,NA,NA
AR43,MGTAVTT_LLC,NA,NA,NA,NA
AT45,MGTAVTT_LLC,NA,NA,NA,NA
AU44,MGTAVTT_LLC,NA,NA,NA,NA
AV46,MGTAVTT_LLC,NA,NA,NA,NA
AW43,MGTAVTT_LLC,NA,NA,NA,NA
AY45,MGTAVTT_LLC,NA,NA,NA,NA
BA44,MGTAVTT_LLC,NA,NA,NA,NA
A40,MGTAVTT_LN,NA,NA,NA,NA
A44,MGTAVTT_LN,NA,NA,NA,NA
B37,MGTAVTT_LN,NA,NA,NA,NA
B41,MGTAVTT_LN,NA,NA,NA,NA
C39,MGTAVTT_LN,NA,NA,NA,NA
C43,MGTAVTT_LN,NA,NA,NA,NA
D38,MGTAVTT_LN,NA,NA,NA,NA
D42,MGTAVTT_LN,NA,NA,NA,NA
E40,MGTAVTT_LN,NA,NA,NA,NA
E44,MGTAVTT_LN,NA,NA,NA,NA
F37,MGTAVTT_LN,NA,NA,NA,NA
F41,MGTAVTT_LN,NA,NA,NA,NA
G43,MGTAVTT_LN,NA,NA,NA,NA
H45,MGTAVTT_LN,NA,NA,NA,NA
J44,MGTAVTT_LN,NA,NA,NA,NA
BB46,MGTAVTT_LS,NA,NA,NA,NA
BC43,MGTAVTT_LS,NA,NA,NA,NA
BD45,MGTAVTT_LS,NA,NA,NA,NA
BE44,MGTAVTT_LS,NA,NA,NA,NA
BF41,MGTAVTT_LS,NA,NA,NA,NA
BG39,MGTAVTT_LS,NA,NA,NA,NA
BG43,MGTAVTT_LS,NA,NA,NA,NA
BH38,MGTAVTT_LS,NA,NA,NA,NA
BH42,MGTAVTT_LS,NA,NA,NA,NA
BJ40,MGTAVTT_LS,NA,NA,NA,NA
BJ44,MGTAVTT_LS,NA,NA,NA,NA
BK37,MGTAVTT_LS,NA,NA,NA,NA
BK41,MGTAVTT_LS,NA,NA,NA,NA
BL39,MGTAVTT_LS,NA,NA,NA,NA
BL43,MGTAVTT_LS,NA,NA,NA,NA
AA44,MGTAVTT_LUC,NA,NA,NA,NA
AB46,MGTAVTT_LUC,NA,NA,NA,NA
AC43,MGTAVTT_LUC,NA,NA,NA,NA
AD45,MGTAVTT_LUC,NA,NA,NA,NA
AE44,MGTAVTT_LUC,NA,NA,NA,NA
K46,MGTAVTT_LUC,NA,NA,NA,NA
L43,MGTAVTT_LUC,NA,NA,NA,NA
M45,MGTAVTT_LUC,NA,NA,NA,NA
N44,MGTAVTT_LUC,NA,NA,NA,NA
P46,MGTAVTT_LUC,NA,NA,NA,NA
R43,MGTAVTT_LUC,NA,NA,NA,NA
T45,MGTAVTT_LUC,NA,NA,NA,NA
U44,MGTAVTT_LUC,NA,NA,NA,NA
V46,MGTAVTT_LUC,NA,NA,NA,NA
W43,MGTAVTT_LUC,NA,NA,NA,NA
Y45,MGTAVTT_LUC,NA,NA,NA,NA
AF6,MGTAVTT_RLC,NA,NA,NA,NA
AG9,MGTAVTT_RLC,NA,NA,NA,NA
AH7,MGTAVTT_RLC,NA,NA,NA,NA
AJ8,MGTAVTT_RLC,NA,NA,NA,NA
AK6,MGTAVTT_RLC,NA,NA,NA,NA
AL9,MGTAVTT_RLC,NA,NA,NA,NA
AM7,MGTAVTT_RLC,NA,NA,NA,NA
AN8,MGTAVTT_RLC,NA,NA,NA,NA
AP6,MGTAVTT_RLC,NA,NA,NA,NA
AR9,MGTAVTT_RLC,NA,NA,NA,NA
AT7,MGTAVTT_RLC,NA,NA,NA,NA
AU8,MGTAVTT_RLC,NA,NA,NA,NA
AV6,MGTAVTT_RLC,NA,NA,NA,NA
AW9,MGTAVTT_RLC,NA,NA,NA,NA
AY7,MGTAVTT_RLC,NA,NA,NA,NA
BA8,MGTAVTT_RLC,NA,NA,NA,NA
A12,MGTAVTT_RN,NA,NA,NA,NA
A8,MGTAVTT_RN,NA,NA,NA,NA
B11,MGTAVTT_RN,NA,NA,NA,NA
B15,MGTAVTT_RN,NA,NA,NA,NA
C13,MGTAVTT_RN,NA,NA,NA,NA
C9,MGTAVTT_RN,NA,NA,NA,NA
D10,MGTAVTT_RN,NA,NA,NA,NA
D14,MGTAVTT_RN,NA,NA,NA,NA
E13,MGTAVTT_RN,NA,NA,NA,NA
E8,MGTAVTT_RN,NA,NA,NA,NA
F11,MGTAVTT_RN,NA,NA,NA,NA
F15,MGTAVTT_RN,NA,NA,NA,NA
G9,MGTAVTT_RN,NA,NA,NA,NA
H7,MGTAVTT_RN,NA,NA,NA,NA
J8,MGTAVTT_RN,NA,NA,NA,NA
BB6,MGTAVTT_RS,NA,NA,NA,NA
BC9,MGTAVTT_RS,NA,NA,NA,NA
BD7,MGTAVTT_RS,NA,NA,NA,NA
BE8,MGTAVTT_RS,NA,NA,NA,NA
BF11,MGTAVTT_RS,NA,NA,NA,NA
BG13,MGTAVTT_RS,NA,NA,NA,NA
BG9,MGTAVTT_RS,NA,NA,NA,NA
BH10,MGTAVTT_RS,NA,NA,NA,NA
BH14,MGTAVTT_RS,NA,NA,NA,NA
BJ12,MGTAVTT_RS,NA,NA,NA,NA
BJ8,MGTAVTT_RS,NA,NA,NA,NA
BK11,MGTAVTT_RS,NA,NA,NA,NA
BK15,MGTAVTT_RS,NA,NA,NA,NA
BL13,MGTAVTT_RS,NA,NA,NA,NA
BL9,MGTAVTT_RS,NA,NA,NA,NA
AA8,MGTAVTT_RUC,NA,NA,NA,NA
AB6,MGTAVTT_RUC,NA,NA,NA,NA
AC9,MGTAVTT_RUC,NA,NA,NA,NA
AD7,MGTAVTT_RUC,NA,NA,NA,NA
AE8,MGTAVTT_RUC,NA,NA,NA,NA
K6,MGTAVTT_RUC,NA,NA,NA,NA
L9,MGTAVTT_RUC,NA,NA,NA,NA
M7,MGTAVTT_RUC,NA,NA,NA,NA
N8,MGTAVTT_RUC,NA,NA,NA,NA
P6,MGTAVTT_RUC,NA,NA,NA,NA
R9,MGTAVTT_RUC,NA,NA,NA,NA
T7,MGTAVTT_RUC,NA,NA,NA,NA
U8,MGTAVTT_RUC,NA,NA,NA,NA
V6,MGTAVTT_RUC,NA,NA,NA,NA
W9,MGTAVTT_RUC,NA,NA,NA,NA
Y7,MGTAVTT_RUC,NA,NA,NA,NA
AL39,MGTVCCAUX_LLC,NA,NA,NA,NA
AN39,MGTVCCAUX_LLC,NA,NA,NA,NA
J39,MGTVCCAUX_LN,NA,NA,NA,NA
L39,MGTVCCAUX_LN,NA,NA,NA,NA
BA39,MGTVCCAUX_LS,NA,NA,NA,NA
BC39,MGTVCCAUX_LS,NA,NA,NA,NA
AA39,MGTVCCAUX_LUC,NA,NA,NA,NA
W39,MGTVCCAUX_LUC,NA,NA,NA,NA
AL13,MGTVCCAUX_RLC,NA,NA,NA,NA
AN13,MGTVCCAUX_RLC,NA,NA,NA,NA
J13,MGTVCCAUX_RN,NA,NA,NA,NA
L13,MGTVCCAUX_RN,NA,NA,NA,NA
BA13,MGTVCCAUX_RS,NA,NA,NA,NA
BC13,MGTVCCAUX_RS,NA,NA,NA,NA
AA13,MGTVCCAUX_RUC,NA,NA,NA,NA
W13,MGTVCCAUX_RUC,NA,NA,NA,NA
AG19,VCCADC,NA,NA,NA,NA
AA37,VCCAUX,NA,NA,NA,NA
AC37,VCCAUX,NA,NA,NA,NA
AD36,VCCAUX,NA,NA,NA,NA
AD38,VCCAUX,NA,NA,NA,NA
AE37,VCCAUX,NA,NA,NA,NA
AE39,VCCAUX,NA,NA,NA,NA
AF36,VCCAUX,NA,NA,NA,NA
AF38,VCCAUX,NA,NA,NA,NA
AG37,VCCAUX,NA,NA,NA,NA
AG39,VCCAUX,NA,NA,NA,NA
AH38,VCCAUX,NA,NA,NA,NA
AJ37,VCCAUX,NA,NA,NA,NA
AL37,VCCAUX,NA,NA,NA,NA
AN37,VCCAUX,NA,NA,NA,NA
W37,VCCAUX,NA,NA,NA,NA
AA35,VCCAUX_IO,NA,NA,NA,NA
AB34,VCCAUX_IO,NA,NA,NA,NA
AB36,VCCAUX_IO,NA,NA,NA,NA
AC35,VCCAUX_IO,NA,NA,NA,NA
AD34,VCCAUX_IO,NA,NA,NA,NA
AE35,VCCAUX_IO,NA,NA,NA,NA
AF34,VCCAUX_IO,NA,NA,NA,NA
AG35,VCCAUX_IO,NA,NA,NA,NA
AH34,VCCAUX_IO,NA,NA,NA,NA
AH36,VCCAUX_IO,NA,NA,NA,NA
AJ35,VCCAUX_IO,NA,NA,NA,NA
AK34,VCCAUX_IO,NA,NA,NA,NA
AK36,VCCAUX_IO,NA,NA,NA,NA
AL35,VCCAUX_IO,NA,NA,NA,NA
AM34,VCCAUX_IO,NA,NA,NA,NA
AM36,VCCAUX_IO,NA,NA,NA,NA
AN35,VCCAUX_IO,NA,NA,NA,NA
AP34,VCCAUX_IO,NA,NA,NA,NA
AP36,VCCAUX_IO,NA,NA,NA,NA
W35,VCCAUX_IO,NA,NA,NA,NA
Y34,VCCAUX_IO,NA,NA,NA,NA
Y36,VCCAUX_IO,NA,NA,NA,NA
AA15,VCCBRAM,NA,NA,NA,NA
AC15,VCCBRAM,NA,NA,NA,NA
AD14,VCCBRAM,NA,NA,NA,NA
AE15,VCCBRAM,NA,NA,NA,NA
AF14,VCCBRAM,NA,NA,NA,NA
AG15,VCCBRAM,NA,NA,NA,NA
AH14,VCCBRAM,NA,NA,NA,NA
AJ15,VCCBRAM,NA,NA,NA,NA
AL15,VCCBRAM,NA,NA,NA,NA
AM16,VCCBRAM,NA,NA,NA,NA
AN15,VCCBRAM,NA,NA,NA,NA
AP16,VCCBRAM,NA,NA,NA,NA
W15,VCCBRAM,NA,NA,NA,NA
Y16,VCCBRAM,NA,NA,NA,NA
AA17,VCCINT,NA,NA,NA,NA
AA19,VCCINT,NA,NA,NA,NA
AA21,VCCINT,NA,NA,NA,NA
AA23,VCCINT,NA,NA,NA,NA
AA25,VCCINT,NA,NA,NA,NA
AA27,VCCINT,NA,NA,NA,NA
AA29,VCCINT,NA,NA,NA,NA
AA31,VCCINT,NA,NA,NA,NA
AB16,VCCINT,NA,NA,NA,NA
AB18,VCCINT,NA,NA,NA,NA
AB20,VCCINT,NA,NA,NA,NA
AB22,VCCINT,NA,NA,NA,NA
AB24,VCCINT,NA,NA,NA,NA
AB26,VCCINT,NA,NA,NA,NA
AB28,VCCINT,NA,NA,NA,NA
AB30,VCCINT,NA,NA,NA,NA
AC19,VCCINT,NA,NA,NA,NA
AC21,VCCINT,NA,NA,NA,NA
AC23,VCCINT,NA,NA,NA,NA
AC25,VCCINT,NA,NA,NA,NA
AC27,VCCINT,NA,NA,NA,NA
AC29,VCCINT,NA,NA,NA,NA
AD18,VCCINT,NA,NA,NA,NA
AD20,VCCINT,NA,NA,NA,NA
AD22,VCCINT,NA,NA,NA,NA
AD24,VCCINT,NA,NA,NA,NA
AD26,VCCINT,NA,NA,NA,NA
AD28,VCCINT,NA,NA,NA,NA
AE19,VCCINT,NA,NA,NA,NA
AE21,VCCINT,NA,NA,NA,NA
AE23,VCCINT,NA,NA,NA,NA
AE25,VCCINT,NA,NA,NA,NA
AE27,VCCINT,NA,NA,NA,NA
AE29,VCCINT,NA,NA,NA,NA
AF18,VCCINT,NA,NA,NA,NA
AF20,VCCINT,NA,NA,NA,NA
AF22,VCCINT,NA,NA,NA,NA
AF24,VCCINT,NA,NA,NA,NA
AF26,VCCINT,NA,NA,NA,NA
AF28,VCCINT,NA,NA,NA,NA
AG17,VCCINT,NA,NA,NA,NA
AG21,VCCINT,NA,NA,NA,NA
AG23,VCCINT,NA,NA,NA,NA
AG25,VCCINT,NA,NA,NA,NA
AG27,VCCINT,NA,NA,NA,NA
AG29,VCCINT,NA,NA,NA,NA
AH20,VCCINT,NA,NA,NA,NA
AH22,VCCINT,NA,NA,NA,NA
AH24,VCCINT,NA,NA,NA,NA
AH26,VCCINT,NA,NA,NA,NA
AH28,VCCINT,NA,NA,NA,NA
AH30,VCCINT,NA,NA,NA,NA
AJ17,VCCINT,NA,NA,NA,NA
AJ21,VCCINT,NA,NA,NA,NA
AJ23,VCCINT,NA,NA,NA,NA
AJ25,VCCINT,NA,NA,NA,NA
AJ27,VCCINT,NA,NA,NA,NA
AJ29,VCCINT,NA,NA,NA,NA
AJ31,VCCINT,NA,NA,NA,NA
AK16,VCCINT,NA,NA,NA,NA
AK20,VCCINT,NA,NA,NA,NA
AK22,VCCINT,NA,NA,NA,NA
AK24,VCCINT,NA,NA,NA,NA
AK26,VCCINT,NA,NA,NA,NA
AK28,VCCINT,NA,NA,NA,NA
AK30,VCCINT,NA,NA,NA,NA
AL17,VCCINT,NA,NA,NA,NA
AL19,VCCINT,NA,NA,NA,NA
AL21,VCCINT,NA,NA,NA,NA
AL23,VCCINT,NA,NA,NA,NA
AL25,VCCINT,NA,NA,NA,NA
AL27,VCCINT,NA,NA,NA,NA
AL29,VCCINT,NA,NA,NA,NA
AL31,VCCINT,NA,NA,NA,NA
AM18,VCCINT,NA,NA,NA,NA
AM20,VCCINT,NA,NA,NA,NA
AM22,VCCINT,NA,NA,NA,NA
AM24,VCCINT,NA,NA,NA,NA
AM26,VCCINT,NA,NA,NA,NA
AM28,VCCINT,NA,NA,NA,NA
AM30,VCCINT,NA,NA,NA,NA
AN17,VCCINT,NA,NA,NA,NA
AN19,VCCINT,NA,NA,NA,NA
AN21,VCCINT,NA,NA,NA,NA
AN23,VCCINT,NA,NA,NA,NA
AN25,VCCINT,NA,NA,NA,NA
AN27,VCCINT,NA,NA,NA,NA
AN29,VCCINT,NA,NA,NA,NA
AN31,VCCINT,NA,NA,NA,NA
AP18,VCCINT,NA,NA,NA,NA
AP20,VCCINT,NA,NA,NA,NA
AP22,VCCINT,NA,NA,NA,NA
AP24,VCCINT,NA,NA,NA,NA
AP26,VCCINT,NA,NA,NA,NA
AP28,VCCINT,NA,NA,NA,NA
AP30,VCCINT,NA,NA,NA,NA
AR21,VCCINT,NA,NA,NA,NA
AR23,VCCINT,NA,NA,NA,NA
AR25,VCCINT,NA,NA,NA,NA
AR27,VCCINT,NA,NA,NA,NA
AR29,VCCINT,NA,NA,NA,NA
AR31,VCCINT,NA,NA,NA,NA
AT22,VCCINT,NA,NA,NA,NA
AT24,VCCINT,NA,NA,NA,NA
AT26,VCCINT,NA,NA,NA,NA
AT28,VCCINT,NA,NA,NA,NA
AT30,VCCINT,NA,NA,NA,NA
AU23,VCCINT,NA,NA,NA,NA
AU25,VCCINT,NA,NA,NA,NA
AU27,VCCINT,NA,NA,NA,NA
AU29,VCCINT,NA,NA,NA,NA
U27,VCCINT,NA,NA,NA,NA
U29,VCCINT,NA,NA,NA,NA
U31,VCCINT,NA,NA,NA,NA
V22,VCCINT,NA,NA,NA,NA
V24,VCCINT,NA,NA,NA,NA
V26,VCCINT,NA,NA,NA,NA
V28,VCCINT,NA,NA,NA,NA
V30,VCCINT,NA,NA,NA,NA
W17,VCCINT,NA,NA,NA,NA
W19,VCCINT,NA,NA,NA,NA
W21,VCCINT,NA,NA,NA,NA
W23,VCCINT,NA,NA,NA,NA
W25,VCCINT,NA,NA,NA,NA
W27,VCCINT,NA,NA,NA,NA
W29,VCCINT,NA,NA,NA,NA
W31,VCCINT,NA,NA,NA,NA
Y18,VCCINT,NA,NA,NA,NA
Y20,VCCINT,NA,NA,NA,NA
Y22,VCCINT,NA,NA,NA,NA
Y24,VCCINT,NA,NA,NA,NA
Y26,VCCINT,NA,NA,NA,NA
Y28,VCCINT,NA,NA,NA,NA
Y30,VCCINT,NA,NA,NA,NA
AC31,VCCINT_GT_L,NA,NA,NA,NA
AD30,VCCINT_GT_L,NA,NA,NA,NA
AE31,VCCINT_GT_L,NA,NA,NA,NA
AF30,VCCINT_GT_L,NA,NA,NA,NA
AG31,VCCINT_GT_L,NA,NA,NA,NA
AC17,VCCINT_GT_R,NA,NA,NA,NA
AD16,VCCINT_GT_R,NA,NA,NA,NA
AE17,VCCINT_GT_R,NA,NA,NA,NA
AF16,VCCINT_GT_R,NA,NA,NA,NA
AH16,VCCINT_GT_R,NA,NA,NA,NA
AA33,VCCINT_IO,NA,NA,NA,NA
AB32,VCCINT_IO,NA,NA,NA,NA
AC33,VCCINT_IO,NA,NA,NA,NA
AD32,VCCINT_IO,NA,NA,NA,NA
AE33,VCCINT_IO,NA,NA,NA,NA
AF32,VCCINT_IO,NA,NA,NA,NA
AG33,VCCINT_IO,NA,NA,NA,NA
AH32,VCCINT_IO,NA,NA,NA,NA
AJ33,VCCINT_IO,NA,NA,NA,NA
AK32,VCCINT_IO,NA,NA,NA,NA
AL33,VCCINT_IO,NA,NA,NA,NA
AM32,VCCINT_IO,NA,NA,NA,NA
AN33,VCCINT_IO,NA,NA,NA,NA
AP32,VCCINT_IO,NA,NA,NA,NA
W33,VCCINT_IO,NA,NA,NA,NA
Y32,VCCINT_IO,NA,NA,NA,NA
A19,NC,NA,NA,NA,NA
A20,NC,NA,NA,NA,NA
A32,NC,NA,NA,NA,NA
A33,NC,NA,NA,NA,NA
AB3,NC,NA,NA,NA,NA
AB4,NC,NA,NA,NA,NA
AB43,NC,NA,NA,NA,NA
AB44,NC,NA,NA,NA,NA
AB48,NC,NA,NA,NA,NA
AB49,NC,NA,NA,NA,NA
AB8,NC,NA,NA,NA,NA
AB9,NC,NA,NA,NA,NA
AC10,NC,NA,NA,NA,NA
AC11,NC,NA,NA,NA,NA
AC41,NC,NA,NA,NA,NA
AC42,NC,NA,NA,NA,NA
AD3,NC,NA,NA,NA,NA
AD4,NC,NA,NA,NA,NA
AD43,NC,NA,NA,NA,NA
AD44,NC,NA,NA,NA,NA
AD48,NC,NA,NA,NA,NA
AD49,NC,NA,NA,NA,NA
AD8,NC,NA,NA,NA,NA
AD9,NC,NA,NA,NA,NA
AU10,NC,NA,NA,NA,NA
AU11,NC,NA,NA,NA,NA
AU41,NC,NA,NA,NA,NA
AU42,NC,NA,NA,NA,NA
AW10,NC,NA,NA,NA,NA
AW11,NC,NA,NA,NA,NA
AW41,NC,NA,NA,NA,NA
AW42,NC,NA,NA,NA,NA
B12,NC,NA,NA,NA,NA
B13,NC,NA,NA,NA,NA
B39,NC,NA,NA,NA,NA
B40,NC,NA,NA,NA,NA
B43,NC,NA,NA,NA,NA
B44,NC,NA,NA,NA,NA
B8,NC,NA,NA,NA,NA
B9,NC,NA,NA,NA,NA
BA10,NC,NA,NA,NA,NA
BA11,NC,NA,NA,NA,NA
BA41,NC,NA,NA,NA,NA
BA42,NC,NA,NA,NA,NA
BB3,NC,NA,NA,NA,NA
BB4,NC,NA,NA,NA,NA
BB43,NC,NA,NA,NA,NA
BB44,NC,NA,NA,NA,NA
BB48,NC,NA,NA,NA,NA
BB49,NC,NA,NA,NA,NA
BB8,NC,NA,NA,NA,NA
BB9,NC,NA,NA,NA,NA
BC10,NC,NA,NA,NA,NA
BC11,NC,NA,NA,NA,NA
BC41,NC,NA,NA,NA,NA
BC42,NC,NA,NA,NA,NA
BD3,NC,NA,NA,NA,NA
BD4,NC,NA,NA,NA,NA
BD43,NC,NA,NA,NA,NA
BD44,NC,NA,NA,NA,NA
BD48,NC,NA,NA,NA,NA
BD49,NC,NA,NA,NA,NA
BD8,NC,NA,NA,NA,NA
BD9,NC,NA,NA,NA,NA
BF12,NC,NA,NA,NA,NA
BF13,NC,NA,NA,NA,NA
BF17,NC,NA,NA,NA,NA
BF18,NC,NA,NA,NA,NA
BF3,NC,NA,NA,NA,NA
BF34,NC,NA,NA,NA,NA
BF35,NC,NA,NA,NA,NA
BF39,NC,NA,NA,NA,NA
BF4,NC,NA,NA,NA,NA
BF40,NC,NA,NA,NA,NA
BF43,NC,NA,NA,NA,NA
BF44,NC,NA,NA,NA,NA
BF48,NC,NA,NA,NA,NA
BF49,NC,NA,NA,NA,NA
BF8,NC,NA,NA,NA,NA
BF9,NC,NA,NA,NA,NA
BG1,NC,NA,NA,NA,NA
BG14,NC,NA,NA,NA,NA
BG15,NC,NA,NA,NA,NA
BG2,NC,NA,NA,NA,NA
BG37,NC,NA,NA,NA,NA
BG38,NC,NA,NA,NA,NA
BG50,NC,NA,NA,NA,NA
BG51,NC,NA,NA,NA,NA
BH17,NC,NA,NA,NA,NA
BH18,NC,NA,NA,NA,NA
BH34,NC,NA,NA,NA,NA
BH35,NC,NA,NA,NA,NA
BJ10,NC,NA,NA,NA,NA
BJ11,NC,NA,NA,NA,NA
BJ41,NC,NA,NA,NA,NA
BJ42,NC,NA,NA,NA,NA
BJ46,NC,NA,NA,NA,NA
BJ47,NC,NA,NA,NA,NA
BJ5,NC,NA,NA,NA,NA
BJ6,NC,NA,NA,NA,NA
BK12,NC,NA,NA,NA,NA
BK13,NC,NA,NA,NA,NA
BK39,NC,NA,NA,NA,NA
BK40,NC,NA,NA,NA,NA
BK43,NC,NA,NA,NA,NA
BK44,NC,NA,NA,NA,NA
BK8,NC,NA,NA,NA,NA
BK9,NC,NA,NA,NA,NA
BL19,NC,NA,NA,NA,NA
BL20,NC,NA,NA,NA,NA
BL32,NC,NA,NA,NA,NA
BL33,NC,NA,NA,NA,NA
C14,NC,NA,NA,NA,NA
C15,NC,NA,NA,NA,NA
C19,NC,NA,NA,NA,NA
C20,NC,NA,NA,NA,NA
C32,NC,NA,NA,NA,NA
C33,NC,NA,NA,NA,NA
C37,NC,NA,NA,NA,NA
C38,NC,NA,NA,NA,NA
C46,NC,NA,NA,NA,NA
C47,NC,NA,NA,NA,NA
C5,NC,NA,NA,NA,NA
C6,NC,NA,NA,NA,NA
D3,NC,NA,NA,NA,NA
D4,NC,NA,NA,NA,NA
D48,NC,NA,NA,NA,NA
D49,NC,NA,NA,NA,NA
E10,NC,NA,NA,NA,NA
E11,NC,NA,NA,NA,NA
E14,NC,NA,NA,NA,NA
E15,NC,NA,NA,NA,NA
E19,NC,NA,NA,NA,NA
E20,NC,NA,NA,NA,NA
E32,NC,NA,NA,NA,NA
E33,NC,NA,NA,NA,NA
E37,NC,NA,NA,NA,NA
E38,NC,NA,NA,NA,NA
E41,NC,NA,NA,NA,NA
E42,NC,NA,NA,NA,NA
F3,NC,NA,NA,NA,NA
F4,NC,NA,NA,NA,NA
F43,NC,NA,NA,NA,NA
F44,NC,NA,NA,NA,NA
F48,NC,NA,NA,NA,NA
F49,NC,NA,NA,NA,NA
F8,NC,NA,NA,NA,NA
F9,NC,NA,NA,NA,NA
G14,NC,NA,NA,NA,NA
G15,NC,NA,NA,NA,NA
G19,NC,NA,NA,NA,NA
G20,NC,NA,NA,NA,NA
G32,NC,NA,NA,NA,NA
G33,NC,NA,NA,NA,NA
G37,NC,NA,NA,NA,NA
G38,NC,NA,NA,NA,NA
H12,NC,NA,NA,NA,NA
H13,NC,NA,NA,NA,NA
H3,NC,NA,NA,NA,NA
H39,NC,NA,NA,NA,NA
H4,NC,NA,NA,NA,NA
H40,NC,NA,NA,NA,NA
H43,NC,NA,NA,NA,NA
H44,NC,NA,NA,NA,NA
H48,NC,NA,NA,NA,NA
H49,NC,NA,NA,NA,NA
H8,NC,NA,NA,NA,NA
H9,NC,NA,NA,NA,NA
K12,NC,NA,NA,NA,NA
K13,NC,NA,NA,NA,NA
K3,NC,NA,NA,NA,NA
K39,NC,NA,NA,NA,NA
K4,NC,NA,NA,NA,NA
K40,NC,NA,NA,NA,NA
K43,NC,NA,NA,NA,NA
K44,NC,NA,NA,NA,NA
K48,NC,NA,NA,NA,NA
K49,NC,NA,NA,NA,NA
K8,NC,NA,NA,NA,NA
K9,NC,NA,NA,NA,NA
M12,NC,NA,NA,NA,NA
M13,NC,NA,NA,NA,NA
M3,NC,NA,NA,NA,NA
M39,NC,NA,NA,NA,NA
M4,NC,NA,NA,NA,NA
M40,NC,NA,NA,NA,NA
M43,NC,NA,NA,NA,NA
M44,NC,NA,NA,NA,NA
M48,NC,NA,NA,NA,NA
M49,NC,NA,NA,NA,NA
M8,NC,NA,NA,NA,NA
M9,NC,NA,NA,NA,NA
P12,NC,NA,NA,NA,NA
P13,NC,NA,NA,NA,NA
P3,NC,NA,NA,NA,NA
P39,NC,NA,NA,NA,NA
P4,NC,NA,NA,NA,NA
P40,NC,NA,NA,NA,NA
P43,NC,NA,NA,NA,NA
P44,NC,NA,NA,NA,NA
P48,NC,NA,NA,NA,NA
P49,NC,NA,NA,NA,NA
P8,NC,NA,NA,NA,NA
P9,NC,NA,NA,NA,NA
T12,NC,NA,NA,NA,NA
T13,NC,NA,NA,NA,NA
T3,NC,NA,NA,NA,NA
T39,NC,NA,NA,NA,NA
T4,NC,NA,NA,NA,NA
T40,NC,NA,NA,NA,NA
T43,NC,NA,NA,NA,NA
T44,NC,NA,NA,NA,NA
T48,NC,NA,NA,NA,NA
T49,NC,NA,NA,NA,NA
T8,NC,NA,NA,NA,NA
T9,NC,NA,NA,NA,NA
V12,NC,NA,NA,NA,NA
V13,NC,NA,NA,NA,NA
V3,NC,NA,NA,NA,NA
V39,NC,NA,NA,NA,NA
V4,NC,NA,NA,NA,NA
V40,NC,NA,NA,NA,NA
V43,NC,NA,NA,NA,NA
V44,NC,NA,NA,NA,NA
V48,NC,NA,NA,NA,NA
V49,NC,NA,NA,NA,NA
V8,NC,NA,NA,NA,NA
V9,NC,NA,NA,NA,NA
Y12,NC,NA,NA,NA,NA
Y13,NC,NA,NA,NA,NA
Y3,NC,NA,NA,NA,NA
Y39,NC,NA,NA,NA,NA
Y4,NC,NA,NA,NA,NA
Y40,NC,NA,NA,NA,NA
Y43,NC,NA,NA,NA,NA
Y44,NC,NA,NA,NA,NA
Y48,NC,NA,NA,NA,NA
Y49,NC,NA,NA,NA,NA
Y8,NC,NA,NA,NA,NA
Y9,NC,NA,NA,NA,NA
,,,,,
Total Number of Pins,2577,,,,
