"#  (c) Copyright 2013-2025 AMD, Inc. All rights reserved."
"# "
"#  This file contains proprietary information"
"#  of AMD, Inc. and is protected under U.S. and"
"#  international copyright and other intellectual property"
"#  laws."
"# "
"#  DISCLAIMER"
"#  This disclaimer is not a license and does not grant any"
"#  rights to the materials distributed herewith. Except as"
"#  otherwise provided in a valid license issued to you by"
"#  AMD, and to the maximum extent permitted by applicable"
"#  law: (1) THESE MATERIALS ARE MADE AVAILABLE ""AS IS"" AND"
"#  WITH ALL FAULTS, AND AMD HEREBY DISCLAIMS ALL WARRANTIES"
"#  AND CONDITIONS, EXPRESS, IMPLIED, OR STATUTORY, INCLUDING"
"#  BUT NOT LIMITED TO WARRANTIES OF MERCHANTABILITY, NON-"
"#  INFRINGEMENT, OR FITNESS FOR ANY PARTICULAR PURPOSE; and"
"#  (2) AMD shall not be liable (whether in contract or tort,"
"#  including negligence, or under any other theory of"
"#  liability) for any loss or damage of any kind or nature"
"#  related to, arising under or in connection with these"
"#  materials, including for any direct, or any indirect,"
"#  special, incidental, or consequential loss or damage"
"#  (including loss of data, profits, goodwill, or any type of"
"#  loss or damage suffered as a result of any action brought"
"#  by a third party) even if such damage or loss was"
"#  reasonably foreseeable or AMD had been advised of the"
"#  possibility of the same."
"# "
"#  CRITICAL APPLICATIONS"
"#  AMD products are not designed or intended to be fail-"
"#  safe, or for use in any application requiring fail-safe"
"#  performance, such as life-support or safety devices or"
"#  systems, Class III medical devices, nuclear facilities,"
"#  applications related to the deployment of airbags, or any"
"#  other applications that could lead to death, personal"
"#  injury, or severe property or environmental damage"
"#  (individually and collectively, ""Critical"
"#  Applications""). Customer assumes the sole risk and"
"#  liability of any use of AMD products in Critical"
"#  Applications, subject only to applicable laws and"
"#  regulations governing limitations on product liability."
"# "
"#  THIS COPYRIGHT NOTICE AND DISCLAIMER MUST BE RETAINED AS"
"#  PART OF THIS FILE AT ALL TIMES."
"# "
"#----------------------------------------------------------------------"
"#  ASCII Pinout File"
"# "
"#  Device   : xcvu13pfhga2104"
"#  Date     : 6/22/2017 18:15:45"
"#  Revision : 1.1"
"#  Status   : Production"
"# "
"#  Production package specifications are released coincident"
"#  with production release of a particular device."
"# "
"#----------------------------------------------------------------------"
"#  Modification History"
"#  | Date    : 10/7/2016"
"#  | Revision: 0.1"
"#  | Status  : Evaluation Only"
"#  | Details : Initial creation."
"#----------------------------------------------------------------------"
"#  | Date    : 4/3/2017"
"#  | Revision: 1.0"
"#  | Status  : Engineering Sample"
"#  | Details : Updated DM7 FHGA2104 to Engineering Sample"
"#----------------------------------------------------------------------"
"#  | Date    : 6/22/2017"
"#  | Revision: 1.1"
"#  | Status  : Production"
"#  | Details : Updated DM7 XCVU13P FHGA2104,FHGB2104,FHGC2104,FIGD2104,FLGA2577 To Production"
"#----------------------------------------------------------------------"
,,,,,
Pin,Pin Name,Memory Byte Group,Bank,I/O Type,Super Logic Region
AE17,DXN,NA,NA,NA,0
AE18,DXP,NA,NA,NA,0
AD18,VREFP,NA,NA,NA,0
AC17,VREFN,NA,NA,NA,0
AC18,VP,NA,NA,NA,0
AD17,VN,NA,NA,NA,0
U10,M0_0,NA,0,CONFIG,0
Y11,M1_0,NA,0,CONFIG,0
AC12,INIT_B_0,NA,0,CONFIG,0
W11,M2_0,NA,0,CONFIG,0
AB11,RSVDGND,NA,NA,NA,0
AD12,PUDC_B_0,NA,0,CONFIG,0
AG12,POR_OVERRIDE,NA,NA,NA,0
AE12,DONE_0,NA,0,CONFIG,0
AH11,PROGRAM_B_0,NA,0,CONFIG,0
AD13,TDO_0,NA,0,CONFIG,0
AD15,TDI_0,NA,0,CONFIG,0
AJ11,RDWR_FCS_B_0,NA,0,CONFIG,0
AM11,D02_0,NA,0,CONFIG,0
AP11,D00_MOSI_0,NA,0,CONFIG,0
AL11,D03_0,NA,0,CONFIG,0
AN11,D01_DIN_0,NA,0,CONFIG,0
AF15,TMS_0,NA,0,CONFIG,0
AF13,CCLK_0,NA,0,CONFIG,0
AE13,TCK_0,NA,0,CONFIG,0
AT11,VBATT,NA,NA,NA,0
AK13,IO_L24N_T3U_N11_67,3U,67,HP,1
AK14,IO_L24P_T3U_N10_67,3U,67,HP,1
AM12,IO_L23N_T3U_N9_67,3U,67,HP,1
AM13,IO_L23P_T3U_N8_67,3U,67,HP,1
AJ12,IO_L22N_T3U_N7_DBC_AD0N_67,3U,67,HP,1
AJ13,IO_L22P_T3U_N6_DBC_AD0P_67,3U,67,HP,1
AL12,IO_L21N_T3L_N5_AD8N_67,3L,67,HP,1
AK12,IO_L21P_T3L_N4_AD8P_67,3L,67,HP,1
AL15,IO_L20N_T3L_N3_AD1N_67,3L,67,HP,1
AK15,IO_L20P_T3L_N2_AD1P_67,3L,67,HP,1
AM14,IO_L19N_T3L_N1_DBC_AD9N_67,3L,67,HP,1
AL14,IO_L19P_T3L_N0_DBC_AD9P_67,3L,67,HP,1
AM16,IO_T3U_N12_67,3U,67,HP,1
AR15,IO_T2U_N12_67,2U,67,HP,1
AP15,IO_L18N_T2U_N11_AD2N_67,2U,67,HP,1
AN15,IO_L18P_T2U_N10_AD2P_67,2U,67,HP,1
AP16,IO_L17N_T2U_N9_AD10N_67,2U,67,HP,1
AN16,IO_L17P_T2U_N8_AD10P_67,2U,67,HP,1
AR12,IO_L16N_T2U_N7_QBC_AD3N_67,2U,67,HP,1
AP12,IO_L16P_T2U_N6_QBC_AD3P_67,2U,67,HP,1
AN13,IO_L15N_T2L_N5_AD11N_67,2L,67,HP,1
AN14,IO_L15P_T2L_N4_AD11P_67,2L,67,HP,1
AR13,IO_L14N_T2L_N3_GC_67,2L,67,HP,1
AP13,IO_L14P_T2L_N2_GC_67,2L,67,HP,1
AT14,IO_L13N_T2L_N1_GC_QBC_67,2L,67,HP,1
AR14,IO_L13P_T2L_N0_GC_QBC_67,2L,67,HP,1
AV13,IO_L12N_T1U_N11_GC_67,1U,67,HP,1
AV14,IO_L12P_T1U_N10_GC_67,1U,67,HP,1
AU13,IO_L11N_T1U_N9_GC_67,1U,67,HP,1
AU14,IO_L11P_T1U_N8_GC_67,1U,67,HP,1
AY14,IO_L10N_T1U_N7_QBC_AD4N_67,1U,67,HP,1
AY15,IO_L10P_T1U_N6_QBC_AD4P_67,1U,67,HP,1
AW15,IO_L9N_T1L_N5_AD12N_67,1L,67,HP,1
AV15,IO_L9P_T1L_N4_AD12P_67,1L,67,HP,1
AV16,IO_L8N_T1L_N3_AD5N_67,1L,67,HP,1
AU16,IO_L8P_T1L_N2_AD5P_67,1L,67,HP,1
AT15,IO_L7N_T1L_N1_QBC_AD13N_67,1L,67,HP,1
AT16,IO_L7P_T1L_N0_QBC_AD13P_67,1L,67,HP,1
AW16,IO_T1U_N12_67,1U,67,HP,1
BA12,IO_T0U_N12_VRP_67,0U,67,HP,1
AV11,IO_L6N_T0U_N11_AD6N_67,0U,67,HP,1
AU11,IO_L6P_T0U_N10_AD6P_67,0U,67,HP,1
AY13,IO_L5N_T0U_N9_AD14N_67,0U,67,HP,1
AW13,IO_L5P_T0U_N8_AD14P_67,0U,67,HP,1
AW10,IO_L4N_T0U_N7_DBC_AD7N_67,0U,67,HP,1
AV10,IO_L4P_T0U_N6_DBC_AD7P_67,0U,67,HP,1
AY10,IO_L3N_T0L_N5_AD15N_67,0L,67,HP,1
AW11,IO_L3P_T0L_N4_AD15P_67,0L,67,HP,1
AY12,IO_L2N_T0L_N3_67,0L,67,HP,1
AW12,IO_L2P_T0L_N2_67,0L,67,HP,1
AU12,IO_L1N_T0L_N1_DBC_67,0L,67,HP,1
AT12,IO_L1P_T0L_N0_DBC_67,0L,67,HP,1
AL16,VREF_67,NA,67,HP,1
BB12,IO_L24N_T3U_N11_66,3U,66,HP,1
BB13,IO_L24P_T3U_N10_66,3U,66,HP,1
BB14,IO_L23N_T3U_N9_66,3U,66,HP,1
BA14,IO_L23P_T3U_N8_66,3U,66,HP,1
BA15,IO_L22N_T3U_N7_DBC_AD0N_66,3U,66,HP,1
BA16,IO_L22P_T3U_N6_DBC_AD0P_66,3U,66,HP,1
BD15,IO_L21N_T3L_N5_AD8N_66,3L,66,HP,1
BC15,IO_L21P_T3L_N4_AD8P_66,3L,66,HP,1
BC16,IO_L20N_T3L_N3_AD1N_66,3L,66,HP,1
BB16,IO_L20P_T3L_N2_AD1P_66,3L,66,HP,1
BC13,IO_L19N_T3L_N1_DBC_AD9N_66,3L,66,HP,1
BC14,IO_L19P_T3L_N0_DBC_AD9P_66,3L,66,HP,1
BB11,IO_T3U_N12_66,3U,66,HP,1
BA10,IO_T2U_N12_66,2U,66,HP,1
AW7,IO_L18N_T2U_N11_AD2N_66,2U,66,HP,1
AW8,IO_L18P_T2U_N10_AD2P_66,2U,66,HP,1
AY7,IO_L17N_T2U_N9_AD10N_66,2U,66,HP,1
AY8,IO_L17P_T2U_N8_AD10P_66,2U,66,HP,1
AV8,IO_L16N_T2U_N7_QBC_AD3N_66,2U,66,HP,1
AV9,IO_L16P_T2U_N6_QBC_AD3P_66,2U,66,HP,1
BB7,IO_L15N_T2L_N5_AD11N_66,2L,66,HP,1
BA7,IO_L15P_T2L_N4_AD11P_66,2L,66,HP,1
BB8,IO_L14N_T2L_N3_GC_66,2L,66,HP,1
BB9,IO_L14P_T2L_N2_GC_66,2L,66,HP,1
BA9,IO_L13N_T2L_N1_GC_QBC_66,2L,66,HP,1
AY9,IO_L13P_T2L_N0_GC_QBC_66,2L,66,HP,1
BC8,IO_L12N_T1U_N11_GC_66,1U,66,HP,1
BC9,IO_L12P_T1U_N10_GC_66,1U,66,HP,1
BD10,IO_L11N_T1U_N9_GC_66,1U,66,HP,1
BC10,IO_L11P_T1U_N8_GC_66,1U,66,HP,1
BF9,IO_L10N_T1U_N7_QBC_AD4N_66,1U,66,HP,1
BF10,IO_L10P_T1U_N6_QBC_AD4P_66,1U,66,HP,1
BE9,IO_L9N_T1L_N5_AD12N_66,1L,66,HP,1
BE10,IO_L9P_T1L_N4_AD12P_66,1L,66,HP,1
BE7,IO_L8N_T1L_N3_AD5N_66,1L,66,HP,1
BE8,IO_L8P_T1L_N2_AD5P_66,1L,66,HP,1
BD7,IO_L7N_T1L_N1_QBC_AD13N_66,1L,66,HP,1
BD8,IO_L7P_T1L_N0_QBC_AD13P_66,1L,66,HP,1
BF7,IO_T1U_N12_66,1U,66,HP,1
BD16,IO_T0U_N12_VRP_66,0U,66,HP,1
BF15,IO_L6N_T0U_N11_AD6N_66,0U,66,HP,1
BE15,IO_L6P_T0U_N10_AD6P_66,0U,66,HP,1
BF14,IO_L5N_T0U_N9_AD14N_66,0U,66,HP,1
BE14,IO_L5P_T0U_N8_AD14P_66,0U,66,HP,1
BE13,IO_L4N_T0U_N7_DBC_AD7N_66,0U,66,HP,1
BD13,IO_L4P_T0U_N6_DBC_AD7P_66,0U,66,HP,1
BD11,IO_L3N_T0L_N5_AD15N_66,0L,66,HP,1
BC11,IO_L3P_T0L_N4_AD15P_66,0L,66,HP,1
BF11,IO_L2N_T0L_N3_66,0L,66,HP,1
BF12,IO_L2P_T0L_N2_66,0L,66,HP,1
BE12,IO_L1N_T0L_N1_DBC_66,0L,66,HP,1
BD12,IO_L1P_T0L_N0_DBC_66,0L,66,HP,1
BA11,VREF_66,NA,66,HP,1
AL19,IO_L24N_T3U_N11_DOUT_CSO_B_65,3U,65,HP,1
AL20,IO_L24P_T3U_N10_EMCCLK_65,3U,65,HP,1
AP17,IO_L23N_T3U_N9_PERSTN1_I2C_SDA_65,3U,65,HP,1
AP18,IO_L23P_T3U_N8_I2C_SCLK_65,3U,65,HP,1
AM18,IO_L22N_T3U_N7_DBC_AD0N_D05_65,3U,65,HP,1
AM19,IO_L22P_T3U_N6_DBC_AD0P_D04_65,3U,65,HP,1
AP20,IO_L21N_T3L_N5_AD8N_D07_65,3L,65,HP,1
AN20,IO_L21P_T3L_N4_AD8P_D06_65,3L,65,HP,1
AN18,IO_L20N_T3L_N3_AD1N_D09_65,3L,65,HP,1
AN19,IO_L20P_T3L_N2_AD1P_D08_65,3L,65,HP,1
AR17,IO_L19N_T3L_N1_DBC_AD9N_D11_65,3L,65,HP,1
AR18,IO_L19P_T3L_N0_DBC_AD9P_D10_65,3L,65,HP,1
AM17,IO_T3U_N12_PERSTN0_65,3U,65,HP,1
AW17,IO_T2U_N12_CSI_ADV_B_65,2U,65,HP,1
AT19,IO_L18N_T2U_N11_AD2N_D13_65,2U,65,HP,1
AT20,IO_L18P_T2U_N10_AD2P_D12_65,2U,65,HP,1
AU17,IO_L17N_T2U_N9_AD10N_D15_65,2U,65,HP,1
AT17,IO_L17P_T2U_N8_AD10P_D14_65,2U,65,HP,1
AR19,IO_L16N_T2U_N7_QBC_AD3N_A01_D17_65,2U,65,HP,1
AR20,IO_L16P_T2U_N6_QBC_AD3P_A00_D16_65,2U,65,HP,1
AW20,IO_L15N_T2L_N5_AD11N_A03_D19_65,2L,65,HP,1
AV20,IO_L15P_T2L_N4_AD11P_A02_D18_65,2L,65,HP,1
AU18,IO_L14N_T2L_N3_GC_A05_D21_65,2L,65,HP,1
AU19,IO_L14P_T2L_N2_GC_A04_D20_65,2L,65,HP,1
AV18,IO_L13N_T2L_N1_GC_QBC_A07_D23_65,2L,65,HP,1
AV19,IO_L13P_T2L_N0_GC_QBC_A06_D22_65,2L,65,HP,1
AY18,IO_L12N_T1U_N11_GC_A09_D25_65,1U,65,HP,1
AW18,IO_L12P_T1U_N10_GC_A08_D24_65,1U,65,HP,1
BA19,IO_L11N_T1U_N9_GC_A11_D27_65,1U,65,HP,1
AY19,IO_L11P_T1U_N8_GC_A10_D26_65,1U,65,HP,1
BB17,IO_L10N_T1U_N7_QBC_AD4N_A13_D29_65,1U,65,HP,1
BA17,IO_L10P_T1U_N6_QBC_AD4P_A12_D28_65,1U,65,HP,1
BC19,IO_L9N_T1L_N5_AD12N_A15_D31_65,1L,65,HP,1
BB19,IO_L9P_T1L_N4_AD12P_A14_D30_65,1L,65,HP,1
BC18,IO_L8N_T1L_N3_AD5N_A17_65,1L,65,HP,1
BB18,IO_L8P_T1L_N2_AD5P_A16_65,1L,65,HP,1
BA20,IO_L7N_T1L_N1_QBC_AD13N_A19_65,1L,65,HP,1
AY20,IO_L7P_T1L_N0_QBC_AD13P_A18_65,1L,65,HP,1
AY17,IO_T1U_N12_SMBALERT_65,1U,65,HP,1
BF21,IO_T0U_N12_VRP_A28_65,0U,65,HP,1
BD17,IO_L6N_T0U_N11_AD6N_A21_65,0U,65,HP,1
BD18,IO_L6P_T0U_N10_AD6P_A20_65,0U,65,HP,1
BD20,IO_L5N_T0U_N9_AD14N_A23_65,0U,65,HP,1
BC20,IO_L5P_T0U_N8_AD14P_A22_65,0U,65,HP,1
BE17,IO_L4N_T0U_N7_DBC_AD7N_A25_65,0U,65,HP,1
BE18,IO_L4P_T0U_N6_DBC_AD7P_A24_65,0U,65,HP,1
BF19,IO_L3N_T0L_N5_AD15N_A27_65,0L,65,HP,1
BE19,IO_L3P_T0L_N4_AD15P_A26_65,0L,65,HP,1
BF16,IO_L2N_T0L_N3_FWE_FCS2_B_65,0L,65,HP,1
BF17,IO_L2P_T0L_N2_FOE_B_65,0L,65,HP,1
BF20,IO_L1N_T0L_N1_DBC_RS1_65,0L,65,HP,1
BE20,IO_L1P_T0L_N0_DBC_RS0_65,0L,65,HP,1
AL17,VREF_65,NA,65,HP,1
AM24,IO_L24N_T3U_N11_64,3U,64,HP,1
AL24,IO_L24P_T3U_N10_64,3U,64,HP,1
AM21,IO_L23N_T3U_N9_64,3U,64,HP,1
AL21,IO_L23P_T3U_N8_64,3U,64,HP,1
AM22,IO_L22N_T3U_N7_DBC_AD0N_64,3U,64,HP,1
AM23,IO_L22P_T3U_N6_DBC_AD0P_64,3U,64,HP,1
AP21,IO_L21N_T3L_N5_AD8N_64,3L,64,HP,1
AN21,IO_L21P_T3L_N4_AD8P_64,3L,64,HP,1
AN23,IO_L20N_T3L_N3_AD1N_64,3L,64,HP,1
AN24,IO_L20P_T3L_N2_AD1P_64,3L,64,HP,1
AP22,IO_L19N_T3L_N1_DBC_AD9N_64,3L,64,HP,1
AP23,IO_L19P_T3L_N0_DBC_AD9P_64,3L,64,HP,1
AL25,IO_T3U_N12_64,3U,64,HP,1
AT21,IO_T2U_N12_64,2U,64,HP,1
AT24,IO_L18N_T2U_N11_AD2N_64,2U,64,HP,1
AR24,IO_L18P_T2U_N10_AD2P_64,2U,64,HP,1
AR22,IO_L17N_T2U_N9_AD10N_64,2U,64,HP,1
AR23,IO_L17P_T2U_N8_AD10P_64,2U,64,HP,1
AV24,IO_L16N_T2U_N7_QBC_AD3N_64,2U,64,HP,1
AU24,IO_L16P_T2U_N6_QBC_AD3P_64,2U,64,HP,1
AV21,IO_L15N_T2L_N5_AD11N_64,2L,64,HP,1
AU21,IO_L15P_T2L_N4_AD11P_64,2L,64,HP,1
AV23,IO_L14N_T2L_N3_GC_64,2L,64,HP,1
AU23,IO_L14P_T2L_N2_GC_64,2L,64,HP,1
AU22,IO_L13N_T2L_N1_GC_QBC_64,2L,64,HP,1
AT22,IO_L13P_T2L_N0_GC_QBC_64,2L,64,HP,1
AW22,IO_L12N_T1U_N11_GC_64,1U,64,HP,1
AW23,IO_L12P_T1U_N10_GC_64,1U,64,HP,1
AY23,IO_L11N_T1U_N9_GC_64,1U,64,HP,1
AY24,IO_L11P_T1U_N8_GC_64,1U,64,HP,1
BA22,IO_L10N_T1U_N7_QBC_AD4N_64,1U,64,HP,1
AY22,IO_L10P_T1U_N6_QBC_AD4P_64,1U,64,HP,1
AY25,IO_L9N_T1L_N5_AD12N_64,1L,64,HP,1
AW25,IO_L9P_T1L_N4_AD12P_64,1L,64,HP,1
BB21,IO_L8N_T1L_N3_AD5N_64,1L,64,HP,1
BB22,IO_L8P_T1L_N2_AD5P_64,1L,64,HP,1
BA24,IO_L7N_T1L_N1_QBC_AD13N_64,1L,64,HP,1
BA25,IO_L7P_T1L_N0_QBC_AD13P_64,1L,64,HP,1
BA21,IO_T1U_N12_64,1U,64,HP,1
BC24,IO_T0U_N12_VRP_64,0U,64,HP,1
BD21,IO_L6N_T0U_N11_AD6N_64,0U,64,HP,1
BC21,IO_L6P_T0U_N10_AD6P_64,0U,64,HP,1
BB23,IO_L5N_T0U_N9_AD14N_64,0U,64,HP,1
BB24,IO_L5P_T0U_N8_AD14P_64,0U,64,HP,1
BF22,IO_L4N_T0U_N7_DBC_AD7N_64,0U,64,HP,1
BE22,IO_L4P_T0U_N6_DBC_AD7P_64,0U,64,HP,1
BE23,IO_L3N_T0L_N5_AD15N_64,0L,64,HP,1
BD23,IO_L3P_T0L_N4_AD15P_64,0L,64,HP,1
BD22,IO_L2N_T0L_N3_64,0L,64,HP,1
BC23,IO_L2P_T0L_N2_64,0L,64,HP,1
BF24,IO_L1N_T0L_N1_DBC_64,0L,64,HP,1
BE24,IO_L1P_T0L_N0_DBC_64,0L,64,HP,1
AL22,VREF_64,NA,64,HP,1
AG33,IO_L24N_T3U_N11_63,3U,63,HP,0
AG32,IO_L24P_T3U_N10_63,3U,63,HP,0
AH31,IO_L23N_T3U_N9_63,3U,63,HP,0
AG31,IO_L23P_T3U_N8_63,3U,63,HP,0
AH35,IO_L22N_T3U_N7_DBC_AD0N_63,3U,63,HP,0
AG34,IO_L22P_T3U_N6_DBC_AD0P_63,3U,63,HP,0
AH34,IO_L21N_T3L_N5_AD8N_63,3L,63,HP,0
AH33,IO_L21P_T3L_N4_AD8P_63,3L,63,HP,0
AJ36,IO_L20N_T3L_N3_AD1N_63,3L,63,HP,0
AJ35,IO_L20P_T3L_N2_AD1P_63,3L,63,HP,0
AK33,IO_L19N_T3L_N1_DBC_AD9N_63,3L,63,HP,0
AJ33,IO_L19P_T3L_N0_DBC_AD9P_63,3L,63,HP,0
AH30,IO_T3U_N12_63,3U,63,HP,0
AM31,IO_T2U_N12_63,2U,63,HP,0
AK30,IO_L18N_T2U_N11_AD2N_63,2U,63,HP,0
AK29,IO_L18P_T2U_N10_AD2P_63,2U,63,HP,0
AJ31,IO_L17N_T2U_N9_AD10N_63,2U,63,HP,0
AJ30,IO_L17P_T2U_N8_AD10P_63,2U,63,HP,0
AL31,IO_L16N_T2U_N7_QBC_AD3N_63,2U,63,HP,0
AL30,IO_L16P_T2U_N6_QBC_AD3P_63,2U,63,HP,0
AM29,IO_L15N_T2L_N5_AD11N_63,2L,63,HP,0
AL29,IO_L15P_T2L_N4_AD11P_63,2L,63,HP,0
AK32,IO_L14N_T2L_N3_GC_63,2L,63,HP,0
AJ32,IO_L14P_T2L_N2_GC_63,2L,63,HP,0
AM32,IO_L13N_T2L_N1_GC_QBC_63,2L,63,HP,0
AL32,IO_L13P_T2L_N0_GC_QBC_63,2L,63,HP,0
AM34,IO_L12N_T1U_N11_GC_63,1U,63,HP,0
AM33,IO_L12P_T1U_N10_GC_63,1U,63,HP,0
AL34,IO_L11N_T1U_N9_GC_63,1U,63,HP,0
AK34,IO_L11P_T1U_N8_GC_63,1U,63,HP,0
AP33,IO_L10N_T1U_N7_QBC_AD4N_63,1U,63,HP,0
AN33,IO_L10P_T1U_N6_QBC_AD4P_63,1U,63,HP,0
AN36,IO_L9N_T1L_N5_AD12N_63,1L,63,HP,0
AM36,IO_L9P_T1L_N4_AD12P_63,1L,63,HP,0
AN35,IO_L8N_T1L_N3_AD5N_63,1L,63,HP,0
AN34,IO_L8P_T1L_N2_AD5P_63,1L,63,HP,0
AL36,IO_L7N_T1L_N1_QBC_AD13N_63,1L,63,HP,0
AL35,IO_L7P_T1L_N0_QBC_AD13P_63,1L,63,HP,0
AK35,IO_T1U_N12_63,1U,63,HP,0
AR34,IO_T0U_N12_VRP_63,0U,63,HP,0
AT37,IO_L6N_T0U_N11_AD6N_63,0U,63,HP,0
AR37,IO_L6P_T0U_N10_AD6P_63,0U,63,HP,0
AP37,IO_L5N_T0U_N9_AD14N_63,0U,63,HP,0
AP36,IO_L5P_T0U_N8_AD14P_63,0U,63,HP,0
AT40,IO_L4N_T0U_N7_DBC_AD7N_63,0U,63,HP,0
AT39,IO_L4P_T0U_N6_DBC_AD7P_63,0U,63,HP,0
AR35,IO_L3N_T0L_N5_AD15N_63,0L,63,HP,0
AP35,IO_L3P_T0L_N4_AD15P_63,0L,63,HP,0
AT36,IO_L2N_T0L_N3_63,0L,63,HP,0
AT35,IO_L2P_T0L_N2_63,0L,63,HP,0
AR38,IO_L1N_T0L_N1_DBC_63,0L,63,HP,0
AP38,IO_L1P_T0L_N0_DBC_63,0L,63,HP,0
AJ29,VREF_63,NA,63,HP,0
AV39,IO_L24N_T3U_N11_62,3U,62,HP,0
AV38,IO_L24P_T3U_N10_62,3U,62,HP,0
AU39,IO_L23N_T3U_N9_62,3U,62,HP,0
AU38,IO_L23P_T3U_N8_62,3U,62,HP,0
AW38,IO_L22N_T3U_N7_DBC_AD0N_62,3U,62,HP,0
AW37,IO_L22P_T3U_N6_DBC_AD0P_62,3U,62,HP,0
AV40,IO_L21N_T3L_N5_AD8N_62,3L,62,HP,0
AU40,IO_L21P_T3L_N4_AD8P_62,3L,62,HP,0
AW36,IO_L20N_T3L_N3_AD1N_62,3L,62,HP,0
AW35,IO_L20P_T3L_N2_AD1P_62,3L,62,HP,0
AV36,IO_L19N_T3L_N1_DBC_AD9N_62,3L,62,HP,0
AV35,IO_L19P_T3L_N0_DBC_AD9P_62,3L,62,HP,0
AU37,IO_T3U_N12_62,3U,62,HP,0
AY35,IO_T2U_N12_62,2U,62,HP,0
AY39,IO_L18N_T2U_N11_AD2N_62,2U,62,HP,0
AY38,IO_L18P_T2U_N10_AD2P_62,2U,62,HP,0
AY40,IO_L17N_T2U_N9_AD10N_62,2U,62,HP,0
AW40,IO_L17P_T2U_N8_AD10P_62,2U,62,HP,0
BA36,IO_L16N_T2U_N7_QBC_AD3N_62,2U,62,HP,0
BA35,IO_L16P_T2U_N6_QBC_AD3P_62,2U,62,HP,0
BA40,IO_L15N_T2L_N5_AD11N_62,2L,62,HP,0
BA39,IO_L15P_T2L_N4_AD11P_62,2L,62,HP,0
BB37,IO_L14N_T2L_N3_GC_62,2L,62,HP,0
BB36,IO_L14P_T2L_N2_GC_62,2L,62,HP,0
BA37,IO_L13N_T2L_N1_GC_QBC_62,2L,62,HP,0
AY37,IO_L13P_T2L_N0_GC_QBC_62,2L,62,HP,0
BD38,IO_L12N_T1U_N11_GC_62,1U,62,HP,0
BC38,IO_L12P_T1U_N10_GC_62,1U,62,HP,0
BB39,IO_L11N_T1U_N9_GC_62,1U,62,HP,0
BB38,IO_L11P_T1U_N8_GC_62,1U,62,HP,0
BF39,IO_L10N_T1U_N7_QBC_AD4N_62,1U,62,HP,0
BE39,IO_L10P_T1U_N6_QBC_AD4P_62,1U,62,HP,0
BD40,IO_L9N_T1L_N5_AD12N_62,1L,62,HP,0
BC39,IO_L9P_T1L_N4_AD12P_62,1L,62,HP,0
BE38,IO_L8N_T1L_N3_AD5N_62,1L,62,HP,0
BD37,IO_L8P_T1L_N2_AD5P_62,1L,62,HP,0
BF40,IO_L7N_T1L_N1_QBC_AD13N_62,1L,62,HP,0
BE40,IO_L7P_T1L_N0_QBC_AD13P_62,1L,62,HP,0
BC40,IO_T1U_N12_62,1U,62,HP,0
BB34,IO_T0U_N12_VRP_62,0U,62,HP,0
BF37,IO_L6N_T0U_N11_AD6N_62,0U,62,HP,0
BF36,IO_L6P_T0U_N10_AD6P_62,0U,62,HP,0
BE37,IO_L5N_T0U_N9_AD14N_62,0U,62,HP,0
BD36,IO_L5P_T0U_N8_AD14P_62,0U,62,HP,0
BF35,IO_L4N_T0U_N7_DBC_AD7N_62,0U,62,HP,0
BE35,IO_L4P_T0U_N6_DBC_AD7P_62,0U,62,HP,0
BC36,IO_L3N_T0L_N5_AD15N_62,0L,62,HP,0
BC35,IO_L3P_T0L_N4_AD15P_62,0L,62,HP,0
BF34,IO_L2N_T0L_N3_62,0L,62,HP,0
BE34,IO_L2P_T0L_N2_62,0L,62,HP,0
BD35,IO_L1N_T0L_N1_DBC_62,0L,62,HP,0
BC34,IO_L1P_T0L_N0_DBC_62,0L,62,HP,0
AU36,VREF_62,NA,62,HP,0
AM27,IO_L24N_T3U_N11_61,3U,61,HP,0
AL27,IO_L24P_T3U_N10_61,3U,61,HP,0
AP26,IO_L23N_T3U_N9_61,3U,61,HP,0
AP25,IO_L23P_T3U_N8_61,3U,61,HP,0
AN28,IO_L22N_T3U_N7_DBC_AD0N_61,3U,61,HP,0
AM28,IO_L22P_T3U_N6_DBC_AD0P_61,3U,61,HP,0
AP28,IO_L21N_T3L_N5_AD8N_61,3L,61,HP,0
AP27,IO_L21P_T3L_N4_AD8P_61,3L,61,HP,0
AN26,IO_L20N_T3L_N3_AD1N_61,3L,61,HP,0
AM26,IO_L20P_T3L_N2_AD1P_61,3L,61,HP,0
AR28,IO_L19N_T3L_N1_DBC_AD9N_61,3L,61,HP,0
AR27,IO_L19P_T3L_N0_DBC_AD9P_61,3L,61,HP,0
AN25,IO_T3U_N12_61,3U,61,HP,0
AV25,IO_T2U_N12_61,2U,61,HP,0
AT25,IO_L18N_T2U_N11_AD2N_61,2U,61,HP,0
AR25,IO_L18P_T2U_N10_AD2P_61,2U,61,HP,0
AU28,IO_L17N_T2U_N9_AD10N_61,2U,61,HP,0
AU27,IO_L17P_T2U_N8_AD10P_61,2U,61,HP,0
AT27,IO_L16N_T2U_N7_QBC_AD3N_61,2U,61,HP,0
AT26,IO_L16P_T2U_N6_QBC_AD3P_61,2U,61,HP,0
AW28,IO_L15N_T2L_N5_AD11N_61,2L,61,HP,0
AV28,IO_L15P_T2L_N4_AD11P_61,2L,61,HP,0
AV26,IO_L14N_T2L_N3_GC_61,2L,61,HP,0
AU26,IO_L14P_T2L_N2_GC_61,2L,61,HP,0
AW27,IO_L13N_T2L_N1_GC_QBC_61,2L,61,HP,0
AW26,IO_L13P_T2L_N0_GC_QBC_61,2L,61,HP,0
BB27,IO_L12N_T1U_N11_GC_61,1U,61,HP,0
BA27,IO_L12P_T1U_N10_GC_61,1U,61,HP,0
AY28,IO_L11N_T1U_N9_GC_61,1U,61,HP,0
AY27,IO_L11P_T1U_N8_GC_61,1U,61,HP,0
BB26,IO_L10N_T1U_N7_QBC_AD4N_61,1U,61,HP,0
BA26,IO_L10P_T1U_N6_QBC_AD4P_61,1U,61,HP,0
BC28,IO_L9N_T1L_N5_AD12N_61,1L,61,HP,0
BB28,IO_L9P_T1L_N4_AD12P_61,1L,61,HP,0
BC26,IO_L8N_T1L_N3_AD5N_61,1L,61,HP,0
BC25,IO_L8P_T1L_N2_AD5P_61,1L,61,HP,0
BB29,IO_L7N_T1L_N1_QBC_AD13N_61,1L,61,HP,0
BA29,IO_L7P_T1L_N0_QBC_AD13P_61,1L,61,HP,0
AY29,IO_T1U_N12_61,1U,61,HP,0
BC29,IO_T0U_N12_VRP_61,0U,61,HP,0
BD26,IO_L6N_T0U_N11_AD6N_61,0U,61,HP,0
BD25,IO_L6P_T0U_N10_AD6P_61,0U,61,HP,0
BE27,IO_L5N_T0U_N9_AD14N_61,0U,61,HP,0
BD27,IO_L5P_T0U_N8_AD14P_61,0U,61,HP,0
BF25,IO_L4N_T0U_N7_DBC_AD7N_61,0U,61,HP,0
BE25,IO_L4P_T0U_N6_DBC_AD7P_61,0U,61,HP,0
BE28,IO_L3N_T0L_N5_AD15N_61,0L,61,HP,0
BD28,IO_L3P_T0L_N4_AD15P_61,0L,61,HP,0
BF27,IO_L2N_T0L_N3_61,0L,61,HP,0
BF26,IO_L2P_T0L_N2_61,0L,61,HP,0
BF29,IO_L1N_T0L_N1_DBC_61,0L,61,HP,0
BE29,IO_L1P_T0L_N0_DBC_61,0L,61,HP,0
AL26,VREF_61,NA,61,HP,0
AN31,IO_L24N_T3U_N11_60,3U,60,HP,0
AN30,IO_L24P_T3U_N10_60,3U,60,HP,0
AR30,IO_L23N_T3U_N9_60,3U,60,HP,0
AP30,IO_L23P_T3U_N8_60,3U,60,HP,0
AP32,IO_L22N_T3U_N7_DBC_AD0N_60,3U,60,HP,0
AP31,IO_L22P_T3U_N6_DBC_AD0P_60,3U,60,HP,0
AT30,IO_L21N_T3L_N5_AD8N_60,3L,60,HP,0
AT29,IO_L21P_T3L_N4_AD8P_60,3L,60,HP,0
AT34,IO_L20N_T3L_N3_AD1N_60,3L,60,HP,0
AR33,IO_L20P_T3L_N2_AD1P_60,3L,60,HP,0
AT32,IO_L19N_T3L_N1_DBC_AD9N_60,3L,60,HP,0
AR32,IO_L19P_T3L_N0_DBC_AD9P_60,3L,60,HP,0
AR29,IO_T3U_N12_60,3U,60,HP,0
AV34,IO_T2U_N12_60,2U,60,HP,0
AV31,IO_L18N_T2U_N11_AD2N_60,2U,60,HP,0
AU31,IO_L18P_T2U_N10_AD2P_60,2U,60,HP,0
AU32,IO_L17N_T2U_N9_AD10N_60,2U,60,HP,0
AT31,IO_L17P_T2U_N8_AD10P_60,2U,60,HP,0
AV29,IO_L16N_T2U_N7_QBC_AD3N_60,2U,60,HP,0
AU29,IO_L16P_T2U_N6_QBC_AD3P_60,2U,60,HP,0
AU34,IO_L15N_T2L_N5_AD11N_60,2L,60,HP,0
AU33,IO_L15P_T2L_N4_AD11P_60,2L,60,HP,0
AW30,IO_L14N_T2L_N3_GC_60,2L,60,HP,0
AV30,IO_L14P_T2L_N2_GC_60,2L,60,HP,0
AW33,IO_L13N_T2L_N1_GC_QBC_60,2L,60,HP,0
AV33,IO_L13P_T2L_N0_GC_QBC_60,2L,60,HP,0
AY33,IO_L12N_T1U_N11_GC_60,1U,60,HP,0
AY32,IO_L12P_T1U_N10_GC_60,1U,60,HP,0
AW32,IO_L11N_T1U_N9_GC_60,1U,60,HP,0
AW31,IO_L11P_T1U_N8_GC_60,1U,60,HP,0
BA34,IO_L10N_T1U_N7_QBC_AD4N_60,1U,60,HP,0
AY34,IO_L10P_T1U_N6_QBC_AD4P_60,1U,60,HP,0
BA31,IO_L9N_T1L_N5_AD12N_60,1L,60,HP,0
BA30,IO_L9P_T1L_N4_AD12P_60,1L,60,HP,0
BB33,IO_L8N_T1L_N3_AD5N_60,1L,60,HP,0
BA32,IO_L8P_T1L_N2_AD5P_60,1L,60,HP,0
BB32,IO_L7N_T1L_N1_QBC_AD13N_60,1L,60,HP,0
BB31,IO_L7P_T1L_N0_QBC_AD13P_60,1L,60,HP,0
AY30,IO_T1U_N12_60,1U,60,HP,0
BC30,IO_T0U_N12_VRP_60,0U,60,HP,0
BD31,IO_L6N_T0U_N11_AD6N_60,0U,60,HP,0
BC31,IO_L6P_T0U_N10_AD6P_60,0U,60,HP,0
BD33,IO_L5N_T0U_N9_AD14N_60,0U,60,HP,0
BC33,IO_L5P_T0U_N8_AD14P_60,0U,60,HP,0
BF31,IO_L4N_T0U_N7_DBC_AD7N_60,0U,60,HP,0
BF30,IO_L4P_T0U_N6_DBC_AD7P_60,0U,60,HP,0
BE33,IO_L3N_T0L_N5_AD15N_60,0L,60,HP,0
BD32,IO_L3P_T0L_N4_AD15P_60,0L,60,HP,0
BE30,IO_L2N_T0L_N3_60,0L,60,HP,0
BD30,IO_L2P_T0L_N2_60,0L,60,HP,0
BF32,IO_L1N_T0L_N1_DBC_60,0L,60,HP,0
BE32,IO_L1P_T0L_N0_DBC_60,0L,60,HP,0
AN29,VREF_60,NA,60,HP,0
B25,IO_L24N_T3U_N11_71,3U,71,HP,2
C25,IO_L24P_T3U_N10_71,3U,71,HP,2
D26,IO_L23N_T3U_N9_71,3U,71,HP,2
D25,IO_L23P_T3U_N8_71,3U,71,HP,2
A26,IO_L22N_T3U_N7_DBC_AD0N_71,3U,71,HP,2
B26,IO_L22P_T3U_N6_DBC_AD0P_71,3U,71,HP,2
B27,IO_L21N_T3L_N5_AD8N_71,3L,71,HP,2
C27,IO_L21P_T3L_N4_AD8P_71,3L,71,HP,2
A28,IO_L20N_T3L_N3_AD1N_71,3L,71,HP,2
B28,IO_L20P_T3L_N2_AD1P_71,3L,71,HP,2
C28,IO_L19N_T3L_N1_DBC_AD9N_71,3L,71,HP,2
D27,IO_L19P_T3L_N0_DBC_AD9P_71,3L,71,HP,2
A25,IO_T3U_N12_71,3U,71,HP,2
H25,IO_T2U_N12_71,2U,71,HP,2
F25,IO_L18N_T2U_N11_AD2N_71,2U,71,HP,2
G25,IO_L18P_T2U_N10_AD2P_71,2U,71,HP,2
E27,IO_L17N_T2U_N9_AD10N_71,2U,71,HP,2
E26,IO_L17P_T2U_N8_AD10P_71,2U,71,HP,2
G28,IO_L16N_T2U_N7_QBC_AD3N_71,2U,71,HP,2
H28,IO_L16P_T2U_N6_QBC_AD3P_71,2U,71,HP,2
E28,IO_L15N_T2L_N5_AD11N_71,2L,71,HP,2
F28,IO_L15P_T2L_N4_AD11P_71,2L,71,HP,2
G27,IO_L14N_T2L_N3_GC_71,2L,71,HP,2
H27,IO_L14P_T2L_N2_GC_71,2L,71,HP,2
F26,IO_L13N_T2L_N1_GC_QBC_71,2L,71,HP,2
G26,IO_L13P_T2L_N0_GC_QBC_71,2L,71,HP,2
J27,IO_L12N_T1U_N11_GC_71,1U,71,HP,2
K27,IO_L12P_T1U_N10_GC_71,1U,71,HP,2
J26,IO_L11N_T1U_N9_GC_71,1U,71,HP,2
K26,IO_L11P_T1U_N8_GC_71,1U,71,HP,2
L25,IO_L10N_T1U_N7_QBC_AD4N_71,1U,71,HP,2
L24,IO_L10P_T1U_N6_QBC_AD4P_71,1U,71,HP,2
K28,IO_L9N_T1L_N5_AD12N_71,1L,71,HP,2
L28,IO_L9P_T1L_N4_AD12P_71,1L,71,HP,2
L26,IO_L8N_T1L_N3_AD5N_71,1L,71,HP,2
M25,IO_L8P_T1L_N2_AD5P_71,1L,71,HP,2
M28,IO_L7N_T1L_N1_QBC_AD13N_71,1L,71,HP,2
M27,IO_L7P_T1L_N0_QBC_AD13P_71,1L,71,HP,2
J25,IO_T1U_N12_71,1U,71,HP,2
M26,IO_T0U_N12_VRP_71,0U,71,HP,2
N24,IO_L6N_T0U_N11_AD6N_71,0U,71,HP,2
P24,IO_L6P_T0U_N10_AD6P_71,0U,71,HP,2
N27,IO_L5N_T0U_N9_AD14N_71,0U,71,HP,2
P26,IO_L5P_T0U_N8_AD14P_71,0U,71,HP,2
N25,IO_L4N_T0U_N7_DBC_AD7N_71,0U,71,HP,2
P25,IO_L4P_T0U_N6_DBC_AD7P_71,0U,71,HP,2
P27,IO_L3N_T0L_N5_AD15N_71,0L,71,HP,2
R27,IO_L3P_T0L_N4_AD15P_71,0L,71,HP,2
R24,IO_L2N_T0L_N3_71,0L,71,HP,2
T24,IO_L2P_T0L_N2_71,0L,71,HP,2
R26,IO_L1N_T0L_N1_DBC_71,0L,71,HP,2
T26,IO_L1P_T0L_N0_DBC_71,0L,71,HP,2
T25,VREF_71,NA,71,HP,2
C29,IO_L24N_T3U_N11_70,3U,70,HP,2
D29,IO_L24P_T3U_N10_70,3U,70,HP,2
B30,IO_L23N_T3U_N9_70,3U,70,HP,2
C30,IO_L23P_T3U_N8_70,3U,70,HP,2
A31,IO_L22N_T3U_N7_DBC_AD0N_70,3U,70,HP,2
A30,IO_L22P_T3U_N6_DBC_AD0P_70,3U,70,HP,2
A33,IO_L21N_T3L_N5_AD8N_70,3L,70,HP,2
B33,IO_L21P_T3L_N4_AD8P_70,3L,70,HP,2
B32,IO_L20N_T3L_N3_AD1N_70,3L,70,HP,2
B31,IO_L20P_T3L_N2_AD1P_70,3L,70,HP,2
C33,IO_L19N_T3L_N1_DBC_AD9N_70,3L,70,HP,2
C32,IO_L19P_T3L_N0_DBC_AD9P_70,3L,70,HP,2
A29,IO_T3U_N12_70,3U,70,HP,2
D30,IO_T2U_N12_70,2U,70,HP,2
E29,IO_L18N_T2U_N11_AD2N_70,2U,70,HP,2
F29,IO_L18P_T2U_N10_AD2P_70,2U,70,HP,2
D32,IO_L17N_T2U_N9_AD10N_70,2U,70,HP,2
E32,IO_L17P_T2U_N8_AD10P_70,2U,70,HP,2
D31,IO_L16N_T2U_N7_QBC_AD3N_70,2U,70,HP,2
E31,IO_L16P_T2U_N6_QBC_AD3P_70,2U,70,HP,2
E33,IO_L15N_T2L_N5_AD11N_70,2L,70,HP,2
F33,IO_L15P_T2L_N4_AD11P_70,2L,70,HP,2
F30,IO_L14N_T2L_N3_GC_70,2L,70,HP,2
G30,IO_L14P_T2L_N2_GC_70,2L,70,HP,2
F31,IO_L13N_T2L_N1_GC_QBC_70,2L,70,HP,2
G31,IO_L13P_T2L_N0_GC_QBC_70,2L,70,HP,2
G32,IO_L12N_T1U_N11_GC_70,1U,70,HP,2
H32,IO_L12P_T1U_N10_GC_70,1U,70,HP,2
H30,IO_L11N_T1U_N9_GC_70,1U,70,HP,2
H29,IO_L11P_T1U_N8_GC_70,1U,70,HP,2
G33,IO_L10N_T1U_N7_QBC_AD4N_70,1U,70,HP,2
H33,IO_L10P_T1U_N6_QBC_AD4P_70,1U,70,HP,2
J30,IO_L9N_T1L_N5_AD12N_70,1L,70,HP,2
J29,IO_L9P_T1L_N4_AD12P_70,1L,70,HP,2
J32,IO_L8N_T1L_N3_AD5N_70,1L,70,HP,2
K32,IO_L8P_T1L_N2_AD5P_70,1L,70,HP,2
J31,IO_L7N_T1L_N1_QBC_AD13N_70,1L,70,HP,2
K31,IO_L7P_T1L_N0_QBC_AD13P_70,1L,70,HP,2
K29,IO_T1U_N12_70,1U,70,HP,2
T29,IO_T0U_N12_VRP_70,0U,70,HP,2
L30,IO_L6N_T0U_N11_AD6N_70,0U,70,HP,2
L29,IO_L6P_T0U_N10_AD6P_70,0U,70,HP,2
N29,IO_L5N_T0U_N9_AD14N_70,0U,70,HP,2
N28,IO_L5P_T0U_N8_AD14P_70,0U,70,HP,2
M30,IO_L4N_T0U_N7_DBC_AD7N_70,0U,70,HP,2
N30,IO_L4P_T0U_N6_DBC_AD7P_70,0U,70,HP,2
P30,IO_L3N_T0L_N5_AD15N_70,0L,70,HP,2
P29,IO_L3P_T0L_N4_AD15P_70,0L,70,HP,2
L31,IO_L2N_T0L_N3_70,0L,70,HP,2
M31,IO_L2P_T0L_N2_70,0L,70,HP,2
R29,IO_L1N_T0L_N1_DBC_70,0L,70,HP,2
R28,IO_L1P_T0L_N0_DBC_70,0L,70,HP,2
T28,VREF_70,NA,70,HP,2
A35,IO_L24N_T3U_N11_69,3U,69,HP,2
A34,IO_L24P_T3U_N10_69,3U,69,HP,2
A36,IO_L23N_T3U_N9_69,3U,69,HP,2
B35,IO_L23P_T3U_N8_69,3U,69,HP,2
B37,IO_L22N_T3U_N7_DBC_AD0N_69,3U,69,HP,2
B36,IO_L22P_T3U_N6_DBC_AD0P_69,3U,69,HP,2
C34,IO_L21N_T3L_N5_AD8N_69,3L,69,HP,2
D34,IO_L21P_T3L_N4_AD8P_69,3L,69,HP,2
C35,IO_L20N_T3L_N3_AD1N_69,3L,69,HP,2
D35,IO_L20P_T3L_N2_AD1P_69,3L,69,HP,2
C37,IO_L19N_T3L_N1_DBC_AD9N_69,3L,69,HP,2
D37,IO_L19P_T3L_N0_DBC_AD9P_69,3L,69,HP,2
D36,IO_T3U_N12_69,3U,69,HP,2
C38,IO_T2U_N12_69,2U,69,HP,2
A38,IO_L18N_T2U_N11_AD2N_69,2U,69,HP,2
B38,IO_L18P_T2U_N10_AD2P_69,2U,69,HP,2
C40,IO_L17N_T2U_N9_AD10N_69,2U,69,HP,2
D40,IO_L17P_T2U_N8_AD10P_69,2U,69,HP,2
A40,IO_L16N_T2U_N7_QBC_AD3N_69,2U,69,HP,2
A39,IO_L16P_T2U_N6_QBC_AD3P_69,2U,69,HP,2
B40,IO_L15N_T2L_N5_AD11N_69,2L,69,HP,2
C39,IO_L15P_T2L_N4_AD11P_69,2L,69,HP,2
E38,IO_L14N_T2L_N3_GC_69,2L,69,HP,2
E37,IO_L14P_T2L_N2_GC_69,2L,69,HP,2
D39,IO_L13N_T2L_N1_GC_QBC_69,2L,69,HP,2
E39,IO_L13P_T2L_N0_GC_QBC_69,2L,69,HP,2
G37,IO_L12N_T1U_N11_GC_69,1U,69,HP,2
G36,IO_L12P_T1U_N10_GC_69,1U,69,HP,2
F36,IO_L11N_T1U_N9_GC_69,1U,69,HP,2
F35,IO_L11P_T1U_N8_GC_69,1U,69,HP,2
G35,IO_L10N_T1U_N7_QBC_AD4N_69,1U,69,HP,2
H34,IO_L10P_T1U_N6_QBC_AD4P_69,1U,69,HP,2
H37,IO_L9N_T1L_N5_AD12N_69,1L,69,HP,2
J36,IO_L9P_T1L_N4_AD12P_69,1L,69,HP,2
H35,IO_L8N_T1L_N3_AD5N_69,1L,69,HP,2
J35,IO_L8P_T1L_N2_AD5P_69,1L,69,HP,2
E34,IO_L7N_T1L_N1_QBC_AD13N_69,1L,69,HP,2
F34,IO_L7P_T1L_N0_QBC_AD13P_69,1L,69,HP,2
E36,IO_T1U_N12_69,1U,69,HP,2
K38,IO_T0U_N12_VRP_69,0U,69,HP,2
F39,IO_L6N_T0U_N11_AD6N_69,0U,69,HP,2
F38,IO_L6P_T0U_N10_AD6P_69,0U,69,HP,2
J37,IO_L5N_T0U_N9_AD14N_69,0U,69,HP,2
K37,IO_L5P_T0U_N8_AD14P_69,0U,69,HP,2
G38,IO_L4N_T0U_N7_DBC_AD7N_69,0U,69,HP,2
H38,IO_L4P_T0U_N6_DBC_AD7P_69,0U,69,HP,2
F40,IO_L3N_T0L_N5_AD15N_69,0L,69,HP,2
G40,IO_L3P_T0L_N4_AD15P_69,0L,69,HP,2
H40,IO_L2N_T0L_N3_69,0L,69,HP,2
H39,IO_L2P_T0L_N2_69,0L,69,HP,2
J40,IO_L1N_T0L_N1_DBC_69,0L,69,HP,2
J39,IO_L1P_T0L_N0_DBC_69,0L,69,HP,2
J34,VREF_69,NA,69,HP,2
L35,IO_L24N_T3U_N11_68,3U,68,HP,2
M35,IO_L24P_T3U_N10_68,3U,68,HP,2
M32,IO_L23N_T3U_N9_68,3U,68,HP,2
N32,IO_L23P_T3U_N8_68,3U,68,HP,2
M33,IO_L22N_T3U_N7_DBC_AD0N_68,3U,68,HP,2
N33,IO_L22P_T3U_N6_DBC_AD0P_68,3U,68,HP,2
K33,IO_L21N_T3L_N5_AD8N_68,3L,68,HP,2
L33,IO_L21P_T3L_N4_AD8P_68,3L,68,HP,2
N35,IO_L20N_T3L_N3_AD1N_68,3L,68,HP,2
N34,IO_L20P_T3L_N2_AD1P_68,3L,68,HP,2
K34,IO_L19N_T3L_N1_DBC_AD9N_68,3L,68,HP,2
L34,IO_L19P_T3L_N0_DBC_AD9P_68,3L,68,HP,2
K36,IO_T3U_N12_68,3U,68,HP,2
R36,IO_T2U_N12_68,2U,68,HP,2
M38,IO_L18N_T2U_N11_AD2N_68,2U,68,HP,2
N38,IO_L18P_T2U_N10_AD2P_68,2U,68,HP,2
L36,IO_L17N_T2U_N9_AD10N_68,2U,68,HP,2
M36,IO_L17P_T2U_N8_AD10P_68,2U,68,HP,2
N37,IO_L16N_T2U_N7_QBC_AD3N_68,2U,68,HP,2
P37,IO_L16P_T2U_N6_QBC_AD3P_68,2U,68,HP,2
L38,IO_L15N_T2L_N5_AD11N_68,2L,68,HP,2
M37,IO_L15P_T2L_N4_AD11P_68,2L,68,HP,2
P36,IO_L14N_T2L_N3_GC_68,2L,68,HP,2
P35,IO_L14P_T2L_N2_GC_68,2L,68,HP,2
P34,IO_L13N_T2L_N1_GC_QBC_68,2L,68,HP,2
R34,IO_L13P_T2L_N0_GC_QBC_68,2L,68,HP,2
R33,IO_L12N_T1U_N11_GC_68,1U,68,HP,2
T33,IO_L12P_T1U_N10_GC_68,1U,68,HP,2
P32,IO_L11N_T1U_N9_GC_68,1U,68,HP,2
R32,IO_L11P_T1U_N8_GC_68,1U,68,HP,2
P31,IO_L10N_T1U_N7_QBC_AD4N_68,1U,68,HP,2
R31,IO_L10P_T1U_N6_QBC_AD4P_68,1U,68,HP,2
W31,IO_L9N_T1L_N5_AD12N_68,1L,68,HP,2
Y31,IO_L9P_T1L_N4_AD12P_68,1L,68,HP,2
U32,IO_L8N_T1L_N3_AD5N_68,1L,68,HP,2
U31,IO_L8P_T1L_N2_AD5P_68,1L,68,HP,2
T31,IO_L7N_T1L_N1_QBC_AD13N_68,1L,68,HP,2
T30,IO_L7P_T1L_N0_QBC_AD13P_68,1L,68,HP,2
V30,IO_T1U_N12_68,1U,68,HP,2
Y33,IO_T0U_N12_VRP_68,0U,68,HP,2
T35,IO_L6N_T0U_N11_AD6N_68,0U,68,HP,2
T34,IO_L6P_T0U_N10_AD6P_68,0U,68,HP,2
V34,IO_L5N_T0U_N9_AD14N_68,0U,68,HP,2
V33,IO_L5P_T0U_N8_AD14P_68,0U,68,HP,2
T36,IO_L4N_T0U_N7_DBC_AD7N_68,0U,68,HP,2
U35,IO_L4P_T0U_N6_DBC_AD7P_68,0U,68,HP,2
W34,IO_L3N_T0L_N5_AD15N_68,0L,68,HP,2
Y34,IO_L3P_T0L_N4_AD15P_68,0L,68,HP,2
U33,IO_L2N_T0L_N3_68,0L,68,HP,2
V32,IO_L2P_T0L_N2_68,0L,68,HP,2
W32,IO_L1N_T0L_N1_DBC_68,0L,68,HP,2
Y32,IO_L1P_T0L_N0_DBC_68,0L,68,HP,2
U30,VREF_68,NA,68,HP,2
B20,IO_L24N_T3U_N11_75,3U,75,HP,3
C20,IO_L24P_T3U_N10_75,3U,75,HP,3
D19,IO_L23N_T3U_N9_75,3U,75,HP,3
D20,IO_L23P_T3U_N8_75,3U,75,HP,3
A18,IO_L22N_T3U_N7_DBC_AD0N_75,3U,75,HP,3
A19,IO_L22P_T3U_N6_DBC_AD0P_75,3U,75,HP,3
C18,IO_L21N_T3L_N5_AD8N_75,3L,75,HP,3
C19,IO_L21P_T3L_N4_AD8P_75,3L,75,HP,3
C17,IO_L20N_T3L_N3_AD1N_75,3L,75,HP,3
D17,IO_L20P_T3L_N2_AD1P_75,3L,75,HP,3
B17,IO_L19N_T3L_N1_DBC_AD9N_75,3L,75,HP,3
B18,IO_L19P_T3L_N0_DBC_AD9P_75,3L,75,HP,3
A20,IO_T3U_N12_75,3U,75,HP,3
G16,IO_T2U_N12_75,2U,75,HP,3
D16,IO_L18N_T2U_N11_AD2N_75,2U,75,HP,3
E17,IO_L18P_T2U_N10_AD2P_75,2U,75,HP,3
F20,IO_L17N_T2U_N9_AD10N_75,2U,75,HP,3
G20,IO_L17P_T2U_N8_AD10P_75,2U,75,HP,3
E16,IO_L16N_T2U_N7_QBC_AD3N_75,2U,75,HP,3
F16,IO_L16P_T2U_N6_QBC_AD3P_75,2U,75,HP,3
E18,IO_L15N_T2L_N5_AD11N_75,2L,75,HP,3
E19,IO_L15P_T2L_N4_AD11P_75,2L,75,HP,3
F18,IO_L14N_T2L_N3_GC_75,2L,75,HP,3
F19,IO_L14P_T2L_N2_GC_75,2L,75,HP,3
G17,IO_L13N_T2L_N1_GC_QBC_75,2L,75,HP,3
G18,IO_L13P_T2L_N0_GC_QBC_75,2L,75,HP,3
H18,IO_L12N_T1U_N11_GC_75,1U,75,HP,3
H19,IO_L12P_T1U_N10_GC_75,1U,75,HP,3
H17,IO_L11N_T1U_N9_GC_75,1U,75,HP,3
J17,IO_L11P_T1U_N8_GC_75,1U,75,HP,3
J19,IO_L10N_T1U_N7_QBC_AD4N_75,1U,75,HP,3
K19,IO_L10P_T1U_N6_QBC_AD4P_75,1U,75,HP,3
K18,IO_L9N_T1L_N5_AD12N_75,1L,75,HP,3
L18,IO_L9P_T1L_N4_AD12P_75,1L,75,HP,3
K16,IO_L8N_T1L_N3_AD5N_75,1L,75,HP,3
L16,IO_L8P_T1L_N2_AD5P_75,1L,75,HP,3
J16,IO_L7N_T1L_N1_QBC_AD13N_75,1L,75,HP,3
K17,IO_L7P_T1L_N0_QBC_AD13P_75,1L,75,HP,3
L19,IO_T1U_N12_75,1U,75,HP,3
T18,IO_T0U_N12_VRP_75,0U,75,HP,3
M16,IO_L6N_T0U_N11_AD6N_75,0U,75,HP,3
N17,IO_L6P_T0U_N10_AD6P_75,0U,75,HP,3
N18,IO_L5N_T0U_N9_AD14N_75,0U,75,HP,3
N19,IO_L5P_T0U_N8_AD14P_75,0U,75,HP,3
P16,IO_L4N_T0U_N7_DBC_AD7N_75,0U,75,HP,3
P17,IO_L4P_T0U_N6_DBC_AD7P_75,0U,75,HP,3
M17,IO_L3N_T0L_N5_AD15N_75,0L,75,HP,3
M18,IO_L3P_T0L_N4_AD15P_75,0L,75,HP,3
P19,IO_L2N_T0L_N3_75,0L,75,HP,3
R19,IO_L2P_T0L_N2_75,0L,75,HP,3
R17,IO_L1N_T0L_N1_DBC_75,0L,75,HP,3
R18,IO_L1P_T0L_N0_DBC_75,0L,75,HP,3
T19,VREF_75,NA,75,HP,3
A21,IO_L24N_T3U_N11_74,3U,74,HP,3
B21,IO_L24P_T3U_N10_74,3U,74,HP,3
B22,IO_L23N_T3U_N9_74,3U,74,HP,3
B23,IO_L23P_T3U_N8_74,3U,74,HP,3
C22,IO_L22N_T3U_N7_DBC_AD0N_74,3U,74,HP,3
D22,IO_L22P_T3U_N6_DBC_AD0P_74,3U,74,HP,3
C23,IO_L21N_T3L_N5_AD8N_74,3L,74,HP,3
C24,IO_L21P_T3L_N4_AD8P_74,3L,74,HP,3
A23,IO_L20N_T3L_N3_AD1N_74,3L,74,HP,3
A24,IO_L20P_T3L_N2_AD1P_74,3L,74,HP,3
D24,IO_L19N_T3L_N1_DBC_AD9N_74,3L,74,HP,3
E24,IO_L19P_T3L_N0_DBC_AD9P_74,3L,74,HP,3
D21,IO_T3U_N12_74,3U,74,HP,3
H20,IO_T2U_N12_74,2U,74,HP,3
F23,IO_L18N_T2U_N11_AD2N_74,2U,74,HP,3
F24,IO_L18P_T2U_N10_AD2P_74,2U,74,HP,3
E21,IO_L17N_T2U_N9_AD10N_74,2U,74,HP,3
F21,IO_L17P_T2U_N8_AD10P_74,2U,74,HP,3
G23,IO_L16N_T2U_N7_QBC_AD3N_74,2U,74,HP,3
H24,IO_L16P_T2U_N6_QBC_AD3P_74,2U,74,HP,3
E22,IO_L15N_T2L_N5_AD11N_74,2L,74,HP,3
E23,IO_L15P_T2L_N4_AD11P_74,2L,74,HP,3
H22,IO_L14N_T2L_N3_GC_74,2L,74,HP,3
H23,IO_L14P_T2L_N2_GC_74,2L,74,HP,3
G21,IO_L13N_T2L_N1_GC_QBC_74,2L,74,HP,3
G22,IO_L13P_T2L_N0_GC_QBC_74,2L,74,HP,3
J22,IO_L12N_T1U_N11_GC_74,1U,74,HP,3
K22,IO_L12P_T1U_N10_GC_74,1U,74,HP,3
J21,IO_L11N_T1U_N9_GC_74,1U,74,HP,3
K21,IO_L11P_T1U_N8_GC_74,1U,74,HP,3
L20,IO_L10N_T1U_N7_QBC_AD4N_74,1U,74,HP,3
M20,IO_L10P_T1U_N6_QBC_AD4P_74,1U,74,HP,3
L21,IO_L9N_T1L_N5_AD12N_74,1L,74,HP,3
M21,IO_L9P_T1L_N4_AD12P_74,1L,74,HP,3
J24,IO_L8N_T1L_N3_AD5N_74,1L,74,HP,3
K24,IO_L8P_T1L_N2_AD5P_74,1L,74,HP,3
K23,IO_L7N_T1L_N1_QBC_AD13N_74,1L,74,HP,3
L23,IO_L7P_T1L_N0_QBC_AD13P_74,1L,74,HP,3
J20,IO_T1U_N12_74,1U,74,HP,3
T21,IO_T0U_N12_VRP_74,0U,74,HP,3
R23,IO_L6N_T0U_N11_AD6N_74,0U,74,HP,3
T23,IO_L6P_T0U_N10_AD6P_74,0U,74,HP,3
P22,IO_L5N_T0U_N9_AD14N_74,0U,74,HP,3
R22,IO_L5P_T0U_N8_AD14P_74,0U,74,HP,3
M22,IO_L4N_T0U_N7_DBC_AD7N_74,0U,74,HP,3
N22,IO_L4P_T0U_N6_DBC_AD7P_74,0U,74,HP,3
P21,IO_L3N_T0L_N5_AD15N_74,0L,74,HP,3
R21,IO_L3P_T0L_N4_AD15P_74,0L,74,HP,3
M23,IO_L2N_T0L_N3_74,0L,74,HP,3
N23,IO_L2P_T0L_N2_74,0L,74,HP,3
N20,IO_L1N_T0L_N1_DBC_74,0L,74,HP,3
P20,IO_L1P_T0L_N0_DBC_74,0L,74,HP,3
T20,VREF_74,NA,74,HP,3
B15,IO_L24N_T3U_N11_73,3U,73,HP,3
B16,IO_L24P_T3U_N10_73,3U,73,HP,3
C14,IO_L23N_T3U_N9_73,3U,73,HP,3
C15,IO_L23P_T3U_N8_73,3U,73,HP,3
A13,IO_L22N_T3U_N7_DBC_AD0N_73,3U,73,HP,3
A14,IO_L22P_T3U_N6_DBC_AD0P_73,3U,73,HP,3
A15,IO_L21N_T3L_N5_AD8N_73,3L,73,HP,3
A16,IO_L21P_T3L_N4_AD8P_73,3L,73,HP,3
B12,IO_L20N_T3L_N3_AD1N_73,3L,73,HP,3
C12,IO_L20P_T3L_N2_AD1P_73,3L,73,HP,3
B13,IO_L19N_T3L_N1_DBC_AD9N_73,3L,73,HP,3
C13,IO_L19P_T3L_N0_DBC_AD9P_73,3L,73,HP,3
D14,IO_T3U_N12_73,3U,73,HP,3
D15,IO_T2U_N12_73,2U,73,HP,3
H14,IO_L18N_T2U_N11_AD2N_73,2U,73,HP,3
H15,IO_L18P_T2U_N10_AD2P_73,2U,73,HP,3
F15,IO_L17N_T2U_N9_AD10N_73,2U,73,HP,3
G15,IO_L17P_T2U_N8_AD10P_73,2U,73,HP,3
E14,IO_L16N_T2U_N7_QBC_AD3N_73,2U,73,HP,3
F14,IO_L16P_T2U_N6_QBC_AD3P_73,2U,73,HP,3
G13,IO_L15N_T2L_N5_AD11N_73,2L,73,HP,3
H13,IO_L15P_T2L_N4_AD11P_73,2L,73,HP,3
E13,IO_L14N_T2L_N3_GC_73,2L,73,HP,3
F13,IO_L14P_T2L_N2_GC_73,2L,73,HP,3
D12,IO_L13N_T2L_N1_GC_QBC_73,2L,73,HP,3
E12,IO_L13P_T2L_N0_GC_QBC_73,2L,73,HP,3
A11,IO_L12N_T1U_N11_GC_73,1U,73,HP,3
B11,IO_L12P_T1U_N10_GC_73,1U,73,HP,3
B10,IO_L11N_T1U_N9_GC_73,1U,73,HP,3
C10,IO_L11P_T1U_N8_GC_73,1U,73,HP,3
A8,IO_L10N_T1U_N7_QBC_AD4N_73,1U,73,HP,3
A9,IO_L10P_T1U_N6_QBC_AD4P_73,1U,73,HP,3
B7,IO_L9N_T1L_N5_AD12N_73,1L,73,HP,3
B8,IO_L9P_T1L_N4_AD12P_73,1L,73,HP,3
C7,IO_L8N_T1L_N3_AD5N_73,1L,73,HP,3
D7,IO_L8P_T1L_N2_AD5P_73,1L,73,HP,3
C8,IO_L7N_T1L_N1_QBC_AD13N_73,1L,73,HP,3
C9,IO_L7P_T1L_N0_QBC_AD13P_73,1L,73,HP,3
A10,IO_T1U_N12_73,1U,73,HP,3
D8,IO_T0U_N12_VRP_73,0U,73,HP,3
D9,IO_L6N_T0U_N11_AD6N_73,0U,73,HP,3
E9,IO_L6P_T0U_N10_AD6P_73,0U,73,HP,3
G12,IO_L5N_T0U_N9_AD14N_73,0U,73,HP,3
H12,IO_L5P_T0U_N8_AD14P_73,0U,73,HP,3
D10,IO_L4N_T0U_N7_DBC_AD7N_73,0U,73,HP,3
D11,IO_L4P_T0U_N6_DBC_AD7P_73,0U,73,HP,3
F9,IO_L3N_T0L_N5_AD15N_73,0L,73,HP,3
F10,IO_L3P_T0L_N4_AD15P_73,0L,73,HP,3
E11,IO_L2N_T0L_N3_73,0L,73,HP,3
F11,IO_L2P_T0L_N2_73,0L,73,HP,3
G10,IO_L1N_T0L_N1_DBC_73,0L,73,HP,3
G11,IO_L1P_T0L_N0_DBC_73,0L,73,HP,3
J15,VREF_73,NA,73,HP,3
J12,IO_L24N_T3U_N11_72,3U,72,HP,3
K12,IO_L24P_T3U_N10_72,3U,72,HP,3
K13,IO_L23N_T3U_N9_72,3U,72,HP,3
K14,IO_L23P_T3U_N8_72,3U,72,HP,3
L11,IO_L22N_T3U_N7_DBC_AD0N_72,3U,72,HP,3
M11,IO_L22P_T3U_N6_DBC_AD0P_72,3U,72,HP,3
J11,IO_L21N_T3L_N5_AD8N_72,3L,72,HP,3
K11,IO_L21P_T3L_N4_AD8P_72,3L,72,HP,3
L13,IO_L20N_T3L_N3_AD1N_72,3L,72,HP,3
L14,IO_L20P_T3L_N2_AD1P_72,3L,72,HP,3
M12,IO_L19N_T3L_N1_DBC_AD9N_72,3L,72,HP,3
M13,IO_L19P_T3L_N0_DBC_AD9P_72,3L,72,HP,3
J14,IO_T3U_N12_72,3U,72,HP,3
N12,IO_T2U_N12_72,2U,72,HP,3
P12,IO_L18N_T2U_N11_AD2N_72,2U,72,HP,3
R12,IO_L18P_T2U_N10_AD2P_72,2U,72,HP,3
L15,IO_L17N_T2U_N9_AD10N_72,2U,72,HP,3
M15,IO_L17P_T2U_N8_AD10P_72,2U,72,HP,3
P11,IO_L16N_T2U_N7_QBC_AD3N_72,2U,72,HP,3
R11,IO_L16P_T2U_N6_QBC_AD3P_72,2U,72,HP,3
N15,IO_L15N_T2L_N5_AD11N_72,2L,72,HP,3
P15,IO_L15P_T2L_N4_AD11P_72,2L,72,HP,3
P14,IO_L14N_T2L_N3_GC_72,2L,72,HP,3
R14,IO_L14P_T2L_N2_GC_72,2L,72,HP,3
N13,IO_L13N_T2L_N1_GC_QBC_72,2L,72,HP,3
N14,IO_L13P_T2L_N0_GC_QBC_72,2L,72,HP,3
T13,IO_L12N_T1U_N11_GC_72,1U,72,HP,3
U13,IO_L12P_T1U_N10_GC_72,1U,72,HP,3
R13,IO_L11N_T1U_N9_GC_72,1U,72,HP,3
T14,IO_L11P_T1U_N8_GC_72,1U,72,HP,3
T11,IO_L10N_T1U_N7_QBC_AD4N_72,1U,72,HP,3
U11,IO_L10P_T1U_N6_QBC_AD4P_72,1U,72,HP,3
T15,IO_L9N_T1L_N5_AD12N_72,1L,72,HP,3
T16,IO_L9P_T1L_N4_AD12P_72,1L,72,HP,3
U16,IO_L8N_T1L_N3_AD5N_72,1L,72,HP,3
V16,IO_L8P_T1L_N2_AD5P_72,1L,72,HP,3
U15,IO_L7N_T1L_N1_QBC_AD13N_72,1L,72,HP,3
V15,IO_L7P_T1L_N0_QBC_AD13P_72,1L,72,HP,3
R16,IO_T1U_N12_72,1U,72,HP,3
W15,IO_T0U_N12_VRP_72,0U,72,HP,3
V14,IO_L6N_T0U_N11_AD6N_72,0U,72,HP,3
W14,IO_L6P_T0U_N10_AD6P_72,0U,72,HP,3
Y12,IO_L5N_T0U_N9_AD14N_72,0U,72,HP,3
AA12,IO_L5P_T0U_N8_AD14P_72,0U,72,HP,3
U12,IO_L4N_T0U_N7_DBC_AD7N_72,0U,72,HP,3
V13,IO_L4P_T0U_N6_DBC_AD7P_72,0U,72,HP,3
V12,IO_L3N_T0L_N5_AD15N_72,0L,72,HP,3
W12,IO_L3P_T0L_N4_AD15P_72,0L,72,HP,3
Y14,IO_L2N_T0L_N3_72,0L,72,HP,3
AA14,IO_L2P_T0L_N2_72,0L,72,HP,3
Y13,IO_L1N_T0L_N1_DBC_72,0L,72,HP,3
AA13,IO_L1P_T0L_N0_DBC_72,0L,72,HP,3
AB13,VREF_72,NA,72,HP,3
AV43,MGTYTXN3_125,NA,125,GTY,1
AV42,MGTYTXP3_125,NA,125,GTY,1
AU45,MGTYRXP3_125,NA,125,GTY,1
AU46,MGTYRXN3_125,NA,125,GTY,1
AM39,MGTREFCLK1N_125,NA,125,GTY,1
AM38,MGTREFCLK1P_125,NA,125,GTY,1
AY43,MGTYTXN2_125,NA,125,GTY,1
AY42,MGTYTXP2_125,NA,125,GTY,1
AW45,MGTYRXP2_125,NA,125,GTY,1
AW46,MGTYRXN2_125,NA,125,GTY,1
BF42,MGTAVTTRCAL_LS,NA,NA,NA,1
BF43,MGTRREF_LS,NA,NA,NA,1
BB43,MGTYTXN1_125,NA,125,GTY,1
BB42,MGTYTXP1_125,NA,125,GTY,1
BA45,MGTYRXP1_125,NA,125,GTY,1
BA46,MGTYRXN1_125,NA,125,GTY,1
AN41,MGTREFCLK0N_125,NA,125,GTY,1
AN40,MGTREFCLK0P_125,NA,125,GTY,1
BD43,MGTYTXN0_125,NA,125,GTY,1
BD42,MGTYTXP0_125,NA,125,GTY,1
BC45,MGTYRXP0_125,NA,125,GTY,1
BC46,MGTYRXN0_125,NA,125,GTY,1
AL41,MGTYTXN3_126,NA,126,GTY,1
AL40,MGTYTXP3_126,NA,126,GTY,1
AJ45,MGTYRXP3_126,NA,126,GTY,1
AJ46,MGTYRXN3_126,NA,126,GTY,1
AH39,MGTREFCLK1N_126,NA,126,GTY,1
AH38,MGTREFCLK1P_126,NA,126,GTY,1
AM43,MGTYTXN2_126,NA,126,GTY,1
AM42,MGTYTXP2_126,NA,126,GTY,1
AL45,MGTYRXP2_126,NA,126,GTY,1
AL46,MGTYRXN2_126,NA,126,GTY,1
AP43,MGTYTXN1_126,NA,126,GTY,1
AP42,MGTYTXP1_126,NA,126,GTY,1
AN45,MGTYRXP1_126,NA,126,GTY,1
AN46,MGTYRXN1_126,NA,126,GTY,1
AK39,MGTREFCLK0N_126,NA,126,GTY,1
AK38,MGTREFCLK0P_126,NA,126,GTY,1
AT43,MGTYTXN0_126,NA,126,GTY,1
AT42,MGTYTXP0_126,NA,126,GTY,1
AR45,MGTYRXP0_126,NA,126,GTY,1
AR46,MGTYRXN0_126,NA,126,GTY,1
AE41,MGTYTXN3_127,NA,127,GTY,1
AE40,MGTYTXP3_127,NA,127,GTY,1
AD43,MGTYRXP3_127,NA,127,GTY,1
AD44,MGTYRXN3_127,NA,127,GTY,1
AD39,MGTREFCLK1N_127,NA,127,GTY,1
AD38,MGTREFCLK1P_127,NA,127,GTY,1
AG41,MGTYTXN2_127,NA,127,GTY,1
AG40,MGTYTXP2_127,NA,127,GTY,1
AE45,MGTYRXP2_127,NA,127,GTY,1
AE46,MGTYRXN2_127,NA,127,GTY,1
AJ41,MGTYTXN1_127,NA,127,GTY,1
AJ40,MGTYTXP1_127,NA,127,GTY,1
AF43,MGTYRXP1_127,NA,127,GTY,1
AF44,MGTYRXN1_127,NA,127,GTY,1
AF39,MGTREFCLK0N_127,NA,127,GTY,1
AF38,MGTREFCLK0P_127,NA,127,GTY,1
AK43,MGTYTXN0_127,NA,127,GTY,1
AK42,MGTYTXP0_127,NA,127,GTY,1
AG45,MGTYRXP0_127,NA,127,GTY,1
AG46,MGTYRXN0_127,NA,127,GTY,1
U41,MGTYTXN3_129,NA,129,GTY,2
U40,MGTYTXP3_129,NA,129,GTY,2
Y43,MGTYRXP3_129,NA,129,GTY,2
Y44,MGTYRXN3_129,NA,129,GTY,2
Y39,MGTREFCLK1N_129,NA,129,GTY,2
Y38,MGTREFCLK1P_129,NA,129,GTY,2
W41,MGTYTXN2_129,NA,129,GTY,2
W40,MGTYTXP2_129,NA,129,GTY,2
AA45,MGTYRXP2_129,NA,129,GTY,2
AA46,MGTYRXN2_129,NA,129,GTY,2
L40,MGTAVTTRCAL_LN,NA,NA,NA,2
L41,MGTRREF_LN,NA,NA,NA,2
AA41,MGTYTXN1_129,NA,129,GTY,2
AA40,MGTYTXP1_129,NA,129,GTY,2
AB43,MGTYRXP1_129,NA,129,GTY,2
AB44,MGTYRXN1_129,NA,129,GTY,2
AB39,MGTREFCLK0N_129,NA,129,GTY,2
AB38,MGTREFCLK0P_129,NA,129,GTY,2
AC41,MGTYTXN0_129,NA,129,GTY,2
AC40,MGTYTXP0_129,NA,129,GTY,2
AC45,MGTYRXP0_129,NA,129,GTY,2
AC46,MGTYRXN0_129,NA,129,GTY,2
K43,MGTYTXN3_130,NA,130,GTY,2
K42,MGTYTXP3_130,NA,130,GTY,2
N45,MGTYRXP3_130,NA,130,GTY,2
N46,MGTYRXN3_130,NA,130,GTY,2
T39,MGTREFCLK1N_130,NA,130,GTY,2
T38,MGTREFCLK1P_130,NA,130,GTY,2
M43,MGTYTXN2_130,NA,130,GTY,2
M42,MGTYTXP2_130,NA,130,GTY,2
R45,MGTYRXP2_130,NA,130,GTY,2
R46,MGTYRXN2_130,NA,130,GTY,2
P43,MGTYTXN1_130,NA,130,GTY,2
P42,MGTYTXP1_130,NA,130,GTY,2
U45,MGTYRXP1_130,NA,130,GTY,2
U46,MGTYRXN1_130,NA,130,GTY,2
V39,MGTREFCLK0N_130,NA,130,GTY,2
V38,MGTREFCLK0P_130,NA,130,GTY,2
T43,MGTYTXN0_130,NA,130,GTY,2
T42,MGTYTXP0_130,NA,130,GTY,2
W45,MGTYRXP0_130,NA,130,GTY,2
W46,MGTYRXN0_130,NA,130,GTY,2
B43,MGTYTXN3_131,NA,131,GTY,2
B42,MGTYTXP3_131,NA,131,GTY,2
E45,MGTYRXP3_131,NA,131,GTY,2
E46,MGTYRXN3_131,NA,131,GTY,2
N41,MGTREFCLK1N_131,NA,131,GTY,2
N40,MGTREFCLK1P_131,NA,131,GTY,2
D43,MGTYTXN2_131,NA,131,GTY,2
D42,MGTYTXP2_131,NA,131,GTY,2
G45,MGTYRXP2_131,NA,131,GTY,2
G46,MGTYRXN2_131,NA,131,GTY,2
F43,MGTYTXN1_131,NA,131,GTY,2
F42,MGTYTXP1_131,NA,131,GTY,2
J45,MGTYRXP1_131,NA,131,GTY,2
J46,MGTYRXN1_131,NA,131,GTY,2
R41,MGTREFCLK0N_131,NA,131,GTY,2
R40,MGTREFCLK0P_131,NA,131,GTY,2
H43,MGTYTXN0_131,NA,131,GTY,2
H42,MGTYTXP0_131,NA,131,GTY,2
L45,MGTYRXP0_131,NA,131,GTY,2
L46,MGTYRXN0_131,NA,131,GTY,2
AW5,MGTYTXP3_224,NA,224,GTY,1
AT2,MGTYRXP3_224,NA,224,GTY,1
AT1,MGTYRXN3_224,NA,224,GTY,1
AW4,MGTYTXN3_224,NA,224,GTY,1
AN9,MGTREFCLK1P_224,NA,224,GTY,1
AN8,MGTREFCLK1N_224,NA,224,GTY,1
BA5,MGTYTXP2_224,NA,224,GTY,1
AV2,MGTYRXP2_224,NA,224,GTY,1
AV1,MGTYRXN2_224,NA,224,GTY,1
BA4,MGTYTXN2_224,NA,224,GTY,1
BC5,MGTYTXP1_224,NA,224,GTY,1
AY2,MGTYRXP1_224,NA,224,GTY,1
AY1,MGTYRXN1_224,NA,224,GTY,1
BC4,MGTYTXN1_224,NA,224,GTY,1
AR9,MGTREFCLK0P_224,NA,224,GTY,1
AR8,MGTREFCLK0N_224,NA,224,GTY,1
BE5,MGTYTXP0_224,NA,224,GTY,1
BB2,MGTYRXP0_224,NA,224,GTY,1
BB1,MGTYRXN0_224,NA,224,GTY,1
BE4,MGTYTXN0_224,NA,224,GTY,1
AP7,MGTYTXP3_225,NA,225,GTY,1
AJ4,MGTYRXP3_225,NA,225,GTY,1
AJ3,MGTYRXN3_225,NA,225,GTY,1
AP6,MGTYTXN3_225,NA,225,GTY,1
AJ9,MGTREFCLK1P_225,NA,225,GTY,1
AJ8,MGTREFCLK1N_225,NA,225,GTY,1
AR5,MGTYTXP2_225,NA,225,GTY,1
AK2,MGTYRXP2_225,NA,225,GTY,1
AK1,MGTYRXN2_225,NA,225,GTY,1
AR4,MGTYTXN2_225,NA,225,GTY,1
BD2,MGTRREF_RS,NA,NA,NA,1
BD3,MGTAVTTRCAL_RS,NA,NA,NA,1
AT7,MGTYTXP1_225,NA,225,GTY,1
AM2,MGTYRXP1_225,NA,225,GTY,1
AM1,MGTYRXN1_225,NA,225,GTY,1
AT6,MGTYTXN1_225,NA,225,GTY,1
AL9,MGTREFCLK0P_225,NA,225,GTY,1
AL8,MGTREFCLK0N_225,NA,225,GTY,1
AU5,MGTYTXP0_225,NA,225,GTY,1
AP2,MGTYRXP0_225,NA,225,GTY,1
AP1,MGTYRXN0_225,NA,225,GTY,1
AU4,MGTYTXN0_225,NA,225,GTY,1
AH7,MGTYTXP3_226,NA,226,GTY,1
AE4,MGTYRXP3_226,NA,226,GTY,1
AE3,MGTYRXN3_226,NA,226,GTY,1
AH6,MGTYTXN3_226,NA,226,GTY,1
AE9,MGTREFCLK1P_226,NA,226,GTY,1
AE8,MGTREFCLK1N_226,NA,226,GTY,1
AK7,MGTYTXP2_226,NA,226,GTY,1
AF2,MGTYRXP2_226,NA,226,GTY,1
AF1,MGTYRXN2_226,NA,226,GTY,1
AK6,MGTYTXN2_226,NA,226,GTY,1
AM7,MGTYTXP1_226,NA,226,GTY,1
AG4,MGTYRXP1_226,NA,226,GTY,1
AG3,MGTYRXN1_226,NA,226,GTY,1
AM6,MGTYTXN1_226,NA,226,GTY,1
AG9,MGTREFCLK0P_226,NA,226,GTY,1
AG8,MGTREFCLK0N_226,NA,226,GTY,1
AN5,MGTYTXP0_226,NA,226,GTY,1
AH2,MGTYRXP0_226,NA,226,GTY,1
AH1,MGTYRXN0_226,NA,226,GTY,1
AN4,MGTYTXN0_226,NA,226,GTY,1
Y7,MGTYTXP3_227,NA,227,GTY,1
AA4,MGTYRXP3_227,NA,227,GTY,1
AA3,MGTYRXN3_227,NA,227,GTY,1
Y6,MGTYTXN3_227,NA,227,GTY,1
AA9,MGTREFCLK1P_227,NA,227,GTY,1
AA8,MGTREFCLK1N_227,NA,227,GTY,1
AB7,MGTYTXP2_227,NA,227,GTY,1
AB2,MGTYRXP2_227,NA,227,GTY,1
AB1,MGTYRXN2_227,NA,227,GTY,1
AB6,MGTYTXN2_227,NA,227,GTY,1
AD7,MGTYTXP1_227,NA,227,GTY,1
AC4,MGTYRXP1_227,NA,227,GTY,1
AC3,MGTYRXN1_227,NA,227,GTY,1
AD6,MGTYTXN1_227,NA,227,GTY,1
AC9,MGTREFCLK0P_227,NA,227,GTY,1
AC8,MGTREFCLK0N_227,NA,227,GTY,1
AF7,MGTYTXP0_227,NA,227,GTY,1
AD2,MGTYRXP0_227,NA,227,GTY,1
AD1,MGTYRXN0_227,NA,227,GTY,1
AF6,MGTYTXN0_227,NA,227,GTY,1
M7,MGTYTXP3_229,NA,229,GTY,2
U4,MGTYRXP3_229,NA,229,GTY,2
U3,MGTYRXN3_229,NA,229,GTY,2
M6,MGTYTXN3_229,NA,229,GTY,2
U9,MGTREFCLK1P_229,NA,229,GTY,2
U8,MGTREFCLK1N_229,NA,229,GTY,2
P7,MGTYTXP2_229,NA,229,GTY,2
V2,MGTYRXP2_229,NA,229,GTY,2
V1,MGTYRXN2_229,NA,229,GTY,2
P6,MGTYTXN2_229,NA,229,GTY,2
A4,MGTRREF_RN,NA,NA,NA,2
A5,MGTAVTTRCAL_RN,NA,NA,NA,2
T7,MGTYTXP1_229,NA,229,GTY,2
W4,MGTYRXP1_229,NA,229,GTY,2
W3,MGTYRXN1_229,NA,229,GTY,2
T6,MGTYTXN1_229,NA,229,GTY,2
W9,MGTREFCLK0P_229,NA,229,GTY,2
W8,MGTREFCLK0N_229,NA,229,GTY,2
V7,MGTYTXP0_229,NA,229,GTY,2
Y2,MGTYRXP0_229,NA,229,GTY,2
Y1,MGTYRXN0_229,NA,229,GTY,2
V6,MGTYTXN0_229,NA,229,GTY,2
H7,MGTYTXP3_230,NA,230,GTY,2
M2,MGTYRXP3_230,NA,230,GTY,2
M1,MGTYRXN3_230,NA,230,GTY,2
H6,MGTYTXN3_230,NA,230,GTY,2
N9,MGTREFCLK1P_230,NA,230,GTY,2
N8,MGTREFCLK1N_230,NA,230,GTY,2
J5,MGTYTXP2_230,NA,230,GTY,2
P2,MGTYRXP2_230,NA,230,GTY,2
P1,MGTYRXN2_230,NA,230,GTY,2
J4,MGTYTXN2_230,NA,230,GTY,2
K7,MGTYTXP1_230,NA,230,GTY,2
R4,MGTYRXP1_230,NA,230,GTY,2
R3,MGTYRXN1_230,NA,230,GTY,2
K6,MGTYTXN1_230,NA,230,GTY,2
R9,MGTREFCLK0P_230,NA,230,GTY,2
R8,MGTREFCLK0N_230,NA,230,GTY,2
L5,MGTYTXP0_230,NA,230,GTY,2
T2,MGTYRXP0_230,NA,230,GTY,2
T1,MGTYRXN0_230,NA,230,GTY,2
L4,MGTYTXN0_230,NA,230,GTY,2
C5,MGTYTXP3_231,NA,231,GTY,2
D2,MGTYRXP3_231,NA,231,GTY,2
D1,MGTYRXN3_231,NA,231,GTY,2
C4,MGTYTXN3_231,NA,231,GTY,2
J9,MGTREFCLK1P_231,NA,231,GTY,2
J8,MGTREFCLK1N_231,NA,231,GTY,2
E5,MGTYTXP2_231,NA,231,GTY,2
F2,MGTYRXP2_231,NA,231,GTY,2
F1,MGTYRXN2_231,NA,231,GTY,2
E4,MGTYTXN2_231,NA,231,GTY,2
F7,MGTYTXP1_231,NA,231,GTY,2
H2,MGTYRXP1_231,NA,231,GTY,2
H1,MGTYRXN1_231,NA,231,GTY,2
F6,MGTYTXN1_231,NA,231,GTY,2
L9,MGTREFCLK0P_231,NA,231,GTY,2
L8,MGTREFCLK0N_231,NA,231,GTY,2
G5,MGTYTXP0_231,NA,231,GTY,2
K2,MGTYRXP0_231,NA,231,GTY,2
K1,MGTYRXN0_231,NA,231,GTY,2
G4,MGTYTXN0_231,NA,231,GTY,2
AB12,VCCO_0,NA,0,NA,0
AH12,VCCO_0,NA,0,NA,0
AR31,VCCO_60,NA,60,NA,0
AV32,VCCO_60,NA,60,NA,0
AW29,VCCO_60,NA,60,NA,0
BA33,VCCO_60,NA,60,NA,0
BB30,VCCO_60,NA,60,NA,0
BE31,VCCO_60,NA,60,NA,0
AN27,VCCO_61,NA,61,NA,0
AT28,VCCO_61,NA,61,NA,0
AU25,VCCO_61,NA,61,NA,0
AY26,VCCO_61,NA,61,NA,0
BC27,VCCO_61,NA,61,NA,0
BF28,VCCO_61,NA,61,NA,0
AU35,VCCO_62,NA,62,NA,0
AW39,VCCO_62,NA,62,NA,0
AY36,VCCO_62,NA,62,NA,0
BB40,VCCO_62,NA,62,NA,0
BC37,VCCO_62,NA,62,NA,0
BD34,VCCO_62,NA,62,NA,0
BF38,VCCO_62,NA,62,NA,0
AH32,VCCO_63,NA,63,NA,0
AK36,VCCO_63,NA,63,NA,0
AL33,VCCO_63,NA,63,NA,0
AM30,VCCO_63,NA,63,NA,0
AP34,VCCO_63,NA,63,NA,0
AT38,VCCO_63,NA,63,NA,0
AL23,VCCO_64,NA,64,NA,1
AP24,VCCO_64,NA,64,NA,1
AR21,VCCO_64,NA,64,NA,1
AV22,VCCO_64,NA,64,NA,1
BA23,VCCO_64,NA,64,NA,1
BB20,VCCO_64,NA,64,NA,1
BD24,VCCO_64,NA,64,NA,1
BE21,VCCO_64,NA,64,NA,1
AM20,VCCO_65,NA,65,NA,1
AN17,VCCO_65,NA,65,NA,1
AT18,VCCO_65,NA,65,NA,1
AW19,VCCO_65,NA,65,NA,1
BC17,VCCO_65,NA,65,NA,1
BF18,VCCO_65,NA,65,NA,1
AW9,VCCO_66,NA,66,NA,1
BB10,VCCO_66,NA,66,NA,1
BC7,VCCO_66,NA,66,NA,1
BD14,VCCO_66,NA,66,NA,1
BE11,VCCO_66,NA,66,NA,1
BF8,VCCO_66,NA,66,NA,1
AL13,VCCO_67,NA,67,NA,1
AP14,VCCO_67,NA,67,NA,1
AU15,VCCO_67,NA,67,NA,1
AV12,VCCO_67,NA,67,NA,1
AY16,VCCO_67,NA,67,NA,1
BA13,VCCO_67,NA,67,NA,1
L37,VCCO_68,NA,68,NA,2
M34,VCCO_68,NA,68,NA,2
P38,VCCO_68,NA,68,NA,2
R35,VCCO_68,NA,68,NA,2
T32,VCCO_68,NA,68,NA,2
W33,VCCO_68,NA,68,NA,2
A37,VCCO_69,NA,69,NA,2
B34,VCCO_69,NA,69,NA,2
D38,VCCO_69,NA,69,NA,2
E35,VCCO_69,NA,69,NA,2
G39,VCCO_69,NA,69,NA,2
H36,VCCO_69,NA,69,NA,2
C31,VCCO_70,NA,70,NA,2
F32,VCCO_70,NA,70,NA,2
G29,VCCO_70,NA,70,NA,2
J33,VCCO_70,NA,70,NA,2
K30,VCCO_70,NA,70,NA,2
N31,VCCO_70,NA,70,NA,2
P28,VCCO_70,NA,70,NA,2
A27,VCCO_71,NA,71,NA,2
D28,VCCO_71,NA,71,NA,2
E25,VCCO_71,NA,71,NA,2
H26,VCCO_71,NA,71,NA,2
L27,VCCO_71,NA,71,NA,2
M24,VCCO_71,NA,71,NA,2
R25,VCCO_71,NA,71,NA,2
J13,VCCO_72,NA,72,NA,3
M14,VCCO_72,NA,72,NA,3
N11,VCCO_72,NA,72,NA,3
R15,VCCO_72,NA,72,NA,3
T12,VCCO_72,NA,72,NA,3
W13,VCCO_72,NA,72,NA,3
A7,VCCO_73,NA,73,NA,3
B14,VCCO_73,NA,73,NA,3
C11,VCCO_73,NA,73,NA,3
E15,VCCO_73,NA,73,NA,3
F12,VCCO_73,NA,73,NA,3
G9,VCCO_73,NA,73,NA,3
B24,VCCO_74,NA,74,NA,3
C21,VCCO_74,NA,74,NA,3
F22,VCCO_74,NA,74,NA,3
J23,VCCO_74,NA,74,NA,3
K20,VCCO_74,NA,74,NA,3
N21,VCCO_74,NA,74,NA,3
T22,VCCO_74,NA,74,NA,3
A17,VCCO_75,NA,75,NA,3
D18,VCCO_75,NA,75,NA,3
G19,VCCO_75,NA,75,NA,3
H16,VCCO_75,NA,75,NA,3
L17,VCCO_75,NA,75,NA,3
P18,VCCO_75,NA,75,NA,3
AB17,GNDADC,NA,NA,NA,NA
AB18,VCCADC,NA,NA,NA,NA
AC13,VCCBRAM,NA,NA,NA,NA
AD14,VCCBRAM,NA,NA,NA,NA
AF14,VCCBRAM,NA,NA,NA,NA
AG13,VCCBRAM,NA,NA,NA,NA
AH14,VCCBRAM,NA,NA,NA,NA
AA36,MGTAVCC_LN,NA,NA,NA,NA
AC39,MGTAVCC_LN,NA,NA,NA,NA
P40,MGTAVCC_LN,NA,NA,NA,NA
U38,MGTAVCC_LN,NA,NA,NA,NA
V37,MGTAVCC_LN,NA,NA,NA,NA
W36,MGTAVCC_LN,NA,NA,NA,NA
Y37,MGTAVCC_LN,NA,NA,NA,NA
AB37,MGTAVCC_LN,NA,NA,NA,NA
AC36,MGTAVCC_LS,NA,NA,NA,NA
AD37,MGTAVCC_LS,NA,NA,NA,NA
AE36,MGTAVCC_LS,NA,NA,NA,NA
AF37,MGTAVCC_LS,NA,NA,NA,NA
AG37,MGTAVCC_LS,NA,NA,NA,NA
AJ38,MGTAVCC_LS,NA,NA,NA,NA
AL39,MGTAVCC_LS,NA,NA,NA,NA
AP40,MGTAVCC_LS,NA,NA,NA,NA
AA10,MGTAVCC_RN,NA,NA,NA,NA
AB9,MGTAVCC_RN,NA,NA,NA,NA
AC10,MGTAVCC_RN,NA,NA,NA,NA
AD11,MGTAVCC_RN,NA,NA,NA,NA
K9,MGTAVCC_RN,NA,NA,NA,NA
M8,MGTAVCC_RN,NA,NA,NA,NA
P9,MGTAVCC_RN,NA,NA,NA,NA
W10,MGTAVCC_RN,NA,NA,NA,NA
Y8,MGTAVCC_RN,NA,NA,NA,NA
AE10,MGTAVCC_RS,NA,NA,NA,NA
AF11,MGTAVCC_RS,NA,NA,NA,NA
AG10,MGTAVCC_RS,NA,NA,NA,NA
AH8,MGTAVCC_RS,NA,NA,NA,NA
AJ10,MGTAVCC_RS,NA,NA,NA,NA
AK9,MGTAVCC_RS,NA,NA,NA,NA
AL10,MGTAVCC_RS,NA,NA,NA,NA
AM8,MGTAVCC_RS,NA,NA,NA,NA
AN10,MGTAVCC_RS,NA,NA,NA,NA
AP9,MGTAVCC_RS,NA,NA,NA,NA
AR10,MGTAVCC_RS,NA,NA,NA,NA
AT8,MGTAVCC_RS,NA,NA,NA,NA
B44,MGTAVTT_LN,NA,NA,NA,NA
C43,MGTAVTT_LN,NA,NA,NA,NA
C45,MGTAVTT_LN,NA,NA,NA,NA
E42,MGTAVTT_LN,NA,NA,NA,NA
G43,MGTAVTT_LN,NA,NA,NA,NA
J42,MGTAVTT_LN,NA,NA,NA,NA
L43,MGTAVTT_LN,NA,NA,NA,NA
N42,MGTAVTT_LN,NA,NA,NA,NA
R43,MGTAVTT_LN,NA,NA,NA,NA
T41,MGTAVTT_LN,NA,NA,NA,NA
U42,MGTAVTT_LN,NA,NA,NA,NA
V40,MGTAVTT_LN,NA,NA,NA,NA
A42,MGTAVTT_LN,NA,NA,NA,NA
AB40,MGTAVTT_LN,NA,NA,NA,NA
V43,MGTAVTT_LN,NA,NA,NA,NA
Y41,MGTAVTT_LN,NA,NA,NA,NA
AD41,MGTAVTT_LS,NA,NA,NA,NA
AF40,MGTAVTT_LS,NA,NA,NA,NA
AH41,MGTAVTT_LS,NA,NA,NA,NA
AH43,MGTAVTT_LS,NA,NA,NA,NA
AJ42,MGTAVTT_LS,NA,NA,NA,NA
AK40,MGTAVTT_LS,NA,NA,NA,NA
AL43,MGTAVTT_LS,NA,NA,NA,NA
AM41,MGTAVTT_LS,NA,NA,NA,NA
AN42,MGTAVTT_LS,NA,NA,NA,NA
AR43,MGTAVTT_LS,NA,NA,NA,NA
AU42,MGTAVTT_LS,NA,NA,NA,NA
AW43,MGTAVTT_LS,NA,NA,NA,NA
BA42,MGTAVTT_LS,NA,NA,NA,NA
BC43,MGTAVTT_LS,NA,NA,NA,NA
BE42,MGTAVTT_LS,NA,NA,NA,NA
BE44,MGTAVTT_LS,NA,NA,NA,NA
B5,MGTAVTT_RN,NA,NA,NA,NA
D4,MGTAVTT_RN,NA,NA,NA,NA
F5,MGTAVTT_RN,NA,NA,NA,NA
G7,MGTAVTT_RN,NA,NA,NA,NA
H4,MGTAVTT_RN,NA,NA,NA,NA
J6,MGTAVTT_RN,NA,NA,NA,NA
K5,MGTAVTT_RN,NA,NA,NA,NA
L7,MGTAVTT_RN,NA,NA,NA,NA
M4,MGTAVTT_RN,NA,NA,NA,NA
B3,MGTAVTT_RN,NA,NA,NA,NA
N5,MGTAVTT_RN,NA,NA,NA,NA
N6,MGTAVTT_RN,NA,NA,NA,NA
R7,MGTAVTT_RN,NA,NA,NA,NA
U6,MGTAVTT_RN,NA,NA,NA,NA
W7,MGTAVTT_RN,NA,NA,NA,NA
AT5,MGTAVTT_RS,NA,NA,NA,NA
AU6,MGTAVTT_RS,NA,NA,NA,NA
AV4,MGTAVTT_RS,NA,NA,NA,NA
AY5,MGTAVTT_RS,NA,NA,NA,NA
BB4,MGTAVTT_RS,NA,NA,NA,NA
BD5,MGTAVTT_RS,NA,NA,NA,NA
BE3,MGTAVTT_RS,NA,NA,NA,NA
BF4,MGTAVTT_RS,NA,NA,NA,NA
AA6,MGTAVTT_RS,NA,NA,NA,NA
AC7,MGTAVTT_RS,NA,NA,NA,NA
AE6,MGTAVTT_RS,NA,NA,NA,NA
AG7,MGTAVTT_RS,NA,NA,NA,NA
AJ6,MGTAVTT_RS,NA,NA,NA,NA
AL4,MGTAVTT_RS,NA,NA,NA,NA
AL7,MGTAVTT_RS,NA,NA,NA,NA
AM5,MGTAVTT_RS,NA,NA,NA,NA
AN6,MGTAVTT_RS,NA,NA,NA,NA
AP4,MGTAVTT_RS,NA,NA,NA,NA
AR7,MGTAVTT_RS,NA,NA,NA,NA
AA38,MGTVCCAUX_LN,NA,NA,NA,NA
W39,MGTVCCAUX_LN,NA,NA,NA,NA
AE38,MGTVCCAUX_LS,NA,NA,NA,NA
AG39,MGTVCCAUX_LS,NA,NA,NA,NA
T8,MGTVCCAUX_RN,NA,NA,NA,NA
V9,MGTVCCAUX_RN,NA,NA,NA,NA
AD8,MGTVCCAUX_RS,NA,NA,NA,NA
AF9,MGTVCCAUX_RS,NA,NA,NA,NA
A3,GND,NA,NA,NA,NA
A6,GND,NA,NA,NA,NA
A12,GND,NA,NA,NA,NA
A22,GND,NA,NA,NA,NA
A32,GND,NA,NA,NA,NA
A41,GND,NA,NA,NA,NA
A43,GND,NA,NA,NA,NA
A44,GND,NA,NA,NA,NA
B39,GND,NA,NA,NA,NA
B41,GND,NA,NA,NA,NA
B6,GND,NA,NA,NA,NA
BA2,GND,NA,NA,NA,NA
BA28,GND,NA,NA,NA,NA
B29,GND,NA,NA,NA,NA
B4,GND,NA,NA,NA,NA
B45,GND,NA,NA,NA,NA
B9,GND,NA,NA,NA,NA
BA1,GND,NA,NA,NA,NA
BA18,GND,NA,NA,NA,NA
C41,GND,NA,NA,NA,NA
C44,GND,NA,NA,NA,NA
C6,GND,NA,NA,NA,NA
D45,GND,NA,NA,NA,NA
C42,GND,NA,NA,NA,NA
C46,GND,NA,NA,NA,NA
D13,GND,NA,NA,NA,NA
D23,GND,NA,NA,NA,NA
D3,GND,NA,NA,NA,NA
D33,GND,NA,NA,NA,NA
D41,GND,NA,NA,NA,NA
D44,GND,NA,NA,NA,NA
D6,GND,NA,NA,NA,NA
E30,GND,NA,NA,NA,NA
E40,GND,NA,NA,NA,NA
D46,GND,NA,NA,NA,NA
D5,GND,NA,NA,NA,NA
E1,GND,NA,NA,NA,NA
E10,GND,NA,NA,NA,NA
E2,GND,NA,NA,NA,NA
E20,GND,NA,NA,NA,NA
E3,GND,NA,NA,NA,NA
E41,GND,NA,NA,NA,NA
E44,GND,NA,NA,NA,NA
E7,GND,NA,NA,NA,NA
F4,GND,NA,NA,NA,NA
F41,GND,NA,NA,NA,NA
F44,GND,NA,NA,NA,NA
E43,GND,NA,NA,NA,NA
E6,GND,NA,NA,NA,NA
E8,GND,NA,NA,NA,NA
F17,GND,NA,NA,NA,NA
F27,GND,NA,NA,NA,NA
F3,GND,NA,NA,NA,NA
F37,GND,NA,NA,NA,NA
F8,GND,NA,NA,NA,NA
G14,GND,NA,NA,NA,NA
G41,GND,NA,NA,NA,NA
F45,GND,NA,NA,NA,NA
F46,GND,NA,NA,NA,NA
G1,GND,NA,NA,NA,NA
G2,GND,NA,NA,NA,NA
G24,GND,NA,NA,NA,NA
G3,GND,NA,NA,NA,NA
G34,GND,NA,NA,NA,NA
G42,GND,NA,NA,NA,NA
G6,GND,NA,NA,NA,NA
H10,GND,NA,NA,NA,NA
H41,GND,NA,NA,NA,NA
H44,GND,NA,NA,NA,NA
G44,GND,NA,NA,NA,NA
G8,GND,NA,NA,NA,NA
H11,GND,NA,NA,NA,NA
H21,GND,NA,NA,NA,NA
H3,GND,NA,NA,NA,NA
H31,GND,NA,NA,NA,NA
H8,GND,NA,NA,NA,NA
J28,GND,NA,NA,NA,NA
J3,GND,NA,NA,NA,NA
J38,GND,NA,NA,NA,NA
H45,GND,NA,NA,NA,NA
H46,GND,NA,NA,NA,NA
H5,GND,NA,NA,NA,NA
H9,GND,NA,NA,NA,NA
J1,GND,NA,NA,NA,NA
J10,GND,NA,NA,NA,NA
J18,GND,NA,NA,NA,NA
J2,GND,NA,NA,NA,NA
J41,GND,NA,NA,NA,NA
J7,GND,NA,NA,NA,NA
K15,GND,NA,NA,NA,NA
K4,GND,NA,NA,NA,NA
J43,GND,NA,NA,NA,NA
J44,GND,NA,NA,NA,NA
K10,GND,NA,NA,NA,NA
K25,GND,NA,NA,NA,NA
K3,GND,NA,NA,NA,NA
K35,GND,NA,NA,NA,NA
K39,GND,NA,NA,NA,NA
K45,GND,NA,NA,NA,NA
L1,GND,NA,NA,NA,NA
L32,GND,NA,NA,NA,NA
K40,GND,NA,NA,NA,NA
K41,GND,NA,NA,NA,NA
K44,GND,NA,NA,NA,NA
K46,GND,NA,NA,NA,NA
K8,GND,NA,NA,NA,NA
L10,GND,NA,NA,NA,NA
L12,GND,NA,NA,NA,NA
L2,GND,NA,NA,NA,NA
L22,GND,NA,NA,NA,NA
L3,GND,NA,NA,NA,NA
L39,GND,NA,NA,NA,NA
L6,GND,NA,NA,NA,NA
M19,GND,NA,NA,NA,NA
M41,GND,NA,NA,NA,NA
L42,GND,NA,NA,NA,NA
L44,GND,NA,NA,NA,NA
M10,GND,NA,NA,NA,NA
M29,GND,NA,NA,NA,NA
M3,GND,NA,NA,NA,NA
M39,GND,NA,NA,NA,NA
M40,GND,NA,NA,NA,NA
M5,GND,NA,NA,NA,NA
N3,GND,NA,NA,NA,NA
N36,GND,NA,NA,NA,NA
M44,GND,NA,NA,NA,NA
M45,GND,NA,NA,NA,NA
M46,GND,NA,NA,NA,NA
M9,GND,NA,NA,NA,NA
N1,GND,NA,NA,NA,NA
N10,GND,NA,NA,NA,NA
N16,GND,NA,NA,NA,NA
N2,GND,NA,NA,NA,NA
N26,GND,NA,NA,NA,NA
N39,GND,NA,NA,NA,NA
N44,GND,NA,NA,NA,NA
P10,GND,NA,NA,NA,NA
P3,GND,NA,NA,NA,NA
P4,GND,NA,NA,NA,NA
N4,GND,NA,NA,NA,NA
N43,GND,NA,NA,NA,NA
N7,GND,NA,NA,NA,NA
P13,GND,NA,NA,NA,NA
P23,GND,NA,NA,NA,NA
P33,GND,NA,NA,NA,NA
P39,GND,NA,NA,NA,NA
P46,GND,NA,NA,NA,NA
R1,GND,NA,NA,NA,NA
R37,GND,NA,NA,NA,NA
R38,GND,NA,NA,NA,NA
R39,GND,NA,NA,NA,NA
P41,GND,NA,NA,NA,NA
P44,GND,NA,NA,NA,NA
P45,GND,NA,NA,NA,NA
P5,GND,NA,NA,NA,NA
P8,GND,NA,NA,NA,NA
R10,GND,NA,NA,NA,NA
R2,GND,NA,NA,NA,NA
R20,GND,NA,NA,NA,NA
R30,GND,NA,NA,NA,NA
R42,GND,NA,NA,NA,NA
R5,GND,NA,NA,NA,NA
T40,GND,NA,NA,NA,NA
T44,GND,NA,NA,NA,NA
R44,GND,NA,NA,NA,NA
R6,GND,NA,NA,NA,NA
T10,GND,NA,NA,NA,NA
T17,GND,NA,NA,NA,NA
T27,GND,NA,NA,NA,NA
T3,GND,NA,NA,NA,NA
T37,GND,NA,NA,NA,NA
T4,GND,NA,NA,NA,NA
T9,GND,NA,NA,NA,NA
U14,GND,NA,NA,NA,NA
U24,GND,NA,NA,NA,NA
U26,GND,NA,NA,NA,NA
T45,GND,NA,NA,NA,NA
T46,GND,NA,NA,NA,NA
T5,GND,NA,NA,NA,NA
U1,GND,NA,NA,NA,NA
U18,GND,NA,NA,NA,NA
U2,GND,NA,NA,NA,NA
U20,GND,NA,NA,NA,NA
U22,GND,NA,NA,NA,NA
U28,GND,NA,NA,NA,NA
U37,GND,NA,NA,NA,NA
V25,GND,NA,NA,NA,NA
V27,GND,NA,NA,NA,NA
U34,GND,NA,NA,NA,NA
U36,GND,NA,NA,NA,NA
U39,GND,NA,NA,NA,NA
U43,GND,NA,NA,NA,NA
U44,GND,NA,NA,NA,NA
U5,GND,NA,NA,NA,NA
U7,GND,NA,NA,NA,NA
V10,GND,NA,NA,NA,NA
V11,GND,NA,NA,NA,NA
V17,GND,NA,NA,NA,NA
V19,GND,NA,NA,NA,NA
V21,GND,NA,NA,NA,NA
V23,GND,NA,NA,NA,NA
V45,GND,NA,NA,NA,NA
W1,GND,NA,NA,NA,NA
W24,GND,NA,NA,NA,NA
W26,GND,NA,NA,NA,NA
V29,GND,NA,NA,NA,NA
V3,GND,NA,NA,NA,NA
V31,GND,NA,NA,NA,NA
V35,GND,NA,NA,NA,NA
V36,GND,NA,NA,NA,NA
V4,GND,NA,NA,NA,NA
V41,GND,NA,NA,NA,NA
V42,GND,NA,NA,NA,NA
V44,GND,NA,NA,NA,NA
V46,GND,NA,NA,NA,NA
V5,GND,NA,NA,NA,NA
V8,GND,NA,NA,NA,NA
W16,GND,NA,NA,NA,NA
W18,GND,NA,NA,NA,NA
W2,GND,NA,NA,NA,NA
W20,GND,NA,NA,NA,NA
W22,GND,NA,NA,NA,NA
W28,GND,NA,NA,NA,NA
W37,GND,NA,NA,NA,NA
Y25,GND,NA,NA,NA,NA
Y27,GND,NA,NA,NA,NA
W30,GND,NA,NA,NA,NA
W35,GND,NA,NA,NA,NA
W38,GND,NA,NA,NA,NA
W42,GND,NA,NA,NA,NA
W43,GND,NA,NA,NA,NA
W44,GND,NA,NA,NA,NA
W5,GND,NA,NA,NA,NA
W6,GND,NA,NA,NA,NA
Y10,GND,NA,NA,NA,NA
Y15,GND,NA,NA,NA,NA
Y17,GND,NA,NA,NA,NA
Y19,GND,NA,NA,NA,NA
Y21,GND,NA,NA,NA,NA
Y23,GND,NA,NA,NA,NA
Y5,GND,NA,NA,NA,NA
Y29,GND,NA,NA,NA,NA
Y3,GND,NA,NA,NA,NA
Y35,GND,NA,NA,NA,NA
Y36,GND,NA,NA,NA,NA
Y4,GND,NA,NA,NA,NA
Y40,GND,NA,NA,NA,NA
Y42,GND,NA,NA,NA,NA
Y45,GND,NA,NA,NA,NA
Y46,GND,NA,NA,NA,NA
Y9,GND,NA,NA,NA,NA
AA1,GND,NA,NA,NA,NA
AA2,GND,NA,NA,NA,NA
AA5,GND,NA,NA,NA,NA
AA7,GND,NA,NA,NA,NA
AA11,GND,NA,NA,NA,NA
AA16,GND,NA,NA,NA,NA
AA18,GND,NA,NA,NA,NA
AA20,GND,NA,NA,NA,NA
AA22,GND,NA,NA,NA,NA
AA24,GND,NA,NA,NA,NA
AA26,GND,NA,NA,NA,NA
AA28,GND,NA,NA,NA,NA
AA30,GND,NA,NA,NA,NA
AA32,GND,NA,NA,NA,NA
AA34,GND,NA,NA,NA,NA
AA35,GND,NA,NA,NA,NA
AA37,GND,NA,NA,NA,NA
AA39,GND,NA,NA,NA,NA
AA42,GND,NA,NA,NA,NA
AA43,GND,NA,NA,NA,NA
AA44,GND,NA,NA,NA,NA
AB3,GND,NA,NA,NA,NA
AB4,GND,NA,NA,NA,NA
AB5,GND,NA,NA,NA,NA
AB8,GND,NA,NA,NA,NA
AB10,GND,NA,NA,NA,NA
AB15,GND,NA,NA,NA,NA
AB19,GND,NA,NA,NA,NA
AB21,GND,NA,NA,NA,NA
AB23,GND,NA,NA,NA,NA
AB25,GND,NA,NA,NA,NA
AB27,GND,NA,NA,NA,NA
AB29,GND,NA,NA,NA,NA
AB31,GND,NA,NA,NA,NA
AB33,GND,NA,NA,NA,NA
AB35,GND,NA,NA,NA,NA
AB36,GND,NA,NA,NA,NA
AB41,GND,NA,NA,NA,NA
AB42,GND,NA,NA,NA,NA
AB45,GND,NA,NA,NA,NA
AB46,GND,NA,NA,NA,NA
AC1,GND,NA,NA,NA,NA
AC2,GND,NA,NA,NA,NA
AC5,GND,NA,NA,NA,NA
AC6,GND,NA,NA,NA,NA
AC11,GND,NA,NA,NA,NA
AC14,GND,NA,NA,NA,NA
AC16,GND,NA,NA,NA,NA
AC20,GND,NA,NA,NA,NA
AC22,GND,NA,NA,NA,NA
AC24,GND,NA,NA,NA,NA
AC26,GND,NA,NA,NA,NA
AC28,GND,NA,NA,NA,NA
AC30,GND,NA,NA,NA,NA
AC32,GND,NA,NA,NA,NA
AC34,GND,NA,NA,NA,NA
AC35,GND,NA,NA,NA,NA
AC37,GND,NA,NA,NA,NA
AC38,GND,NA,NA,NA,NA
AC42,GND,NA,NA,NA,NA
AC43,GND,NA,NA,NA,NA
AC44,GND,NA,NA,NA,NA
AD3,GND,NA,NA,NA,NA
AD4,GND,NA,NA,NA,NA
AD5,GND,NA,NA,NA,NA
AD9,GND,NA,NA,NA,NA
AD10,GND,NA,NA,NA,NA
AD19,GND,NA,NA,NA,NA
AD21,GND,NA,NA,NA,NA
AD23,GND,NA,NA,NA,NA
AD25,GND,NA,NA,NA,NA
AD27,GND,NA,NA,NA,NA
AD29,GND,NA,NA,NA,NA
AD31,GND,NA,NA,NA,NA
AD33,GND,NA,NA,NA,NA
AD35,GND,NA,NA,NA,NA
AD36,GND,NA,NA,NA,NA
AD40,GND,NA,NA,NA,NA
AD42,GND,NA,NA,NA,NA
AD45,GND,NA,NA,NA,NA
AD46,GND,NA,NA,NA,NA
AE1,GND,NA,NA,NA,NA
AE2,GND,NA,NA,NA,NA
AE5,GND,NA,NA,NA,NA
AE7,GND,NA,NA,NA,NA
AE11,GND,NA,NA,NA,NA
AE14,GND,NA,NA,NA,NA
AE16,GND,NA,NA,NA,NA
AE20,GND,NA,NA,NA,NA
AE22,GND,NA,NA,NA,NA
AE24,GND,NA,NA,NA,NA
AE26,GND,NA,NA,NA,NA
AE28,GND,NA,NA,NA,NA
AE30,GND,NA,NA,NA,NA
AE32,GND,NA,NA,NA,NA
AE34,GND,NA,NA,NA,NA
AE35,GND,NA,NA,NA,NA
AE37,GND,NA,NA,NA,NA
AE39,GND,NA,NA,NA,NA
AE42,GND,NA,NA,NA,NA
AE43,GND,NA,NA,NA,NA
AE44,GND,NA,NA,NA,NA
AF3,GND,NA,NA,NA,NA
AF4,GND,NA,NA,NA,NA
AF5,GND,NA,NA,NA,NA
AF8,GND,NA,NA,NA,NA
AG1,GND,NA,NA,NA,NA
AF10,GND,NA,NA,NA,NA
AF12,GND,NA,NA,NA,NA
AF17,GND,NA,NA,NA,NA
AF19,GND,NA,NA,NA,NA
AF21,GND,NA,NA,NA,NA
AF23,GND,NA,NA,NA,NA
AF25,GND,NA,NA,NA,NA
AF27,GND,NA,NA,NA,NA
AF29,GND,NA,NA,NA,NA
AF31,GND,NA,NA,NA,NA
AF33,GND,NA,NA,NA,NA
AF35,GND,NA,NA,NA,NA
AF36,GND,NA,NA,NA,NA
AF41,GND,NA,NA,NA,NA
AF42,GND,NA,NA,NA,NA
AF45,GND,NA,NA,NA,NA
AF46,GND,NA,NA,NA,NA
AG11,GND,NA,NA,NA,NA
AG20,GND,NA,NA,NA,NA
AH10,GND,NA,NA,NA,NA
AH13,GND,NA,NA,NA,NA
AG14,GND,NA,NA,NA,NA
AG16,GND,NA,NA,NA,NA
AG18,GND,NA,NA,NA,NA
AG2,GND,NA,NA,NA,NA
AG22,GND,NA,NA,NA,NA
AG24,GND,NA,NA,NA,NA
AG26,GND,NA,NA,NA,NA
AG28,GND,NA,NA,NA,NA
AG30,GND,NA,NA,NA,NA
AG36,GND,NA,NA,NA,NA
AG38,GND,NA,NA,NA,NA
AG42,GND,NA,NA,NA,NA
AG43,GND,NA,NA,NA,NA
AG44,GND,NA,NA,NA,NA
AG5,GND,NA,NA,NA,NA
AG6,GND,NA,NA,NA,NA
AH37,GND,NA,NA,NA,NA
AH42,GND,NA,NA,NA,NA
AJ1,GND,NA,NA,NA,NA
AJ14,GND,NA,NA,NA,NA
AH15,GND,NA,NA,NA,NA
AH17,GND,NA,NA,NA,NA
AH19,GND,NA,NA,NA,NA
AH21,GND,NA,NA,NA,NA
AH23,GND,NA,NA,NA,NA
AH25,GND,NA,NA,NA,NA
AH27,GND,NA,NA,NA,NA
AH29,GND,NA,NA,NA,NA
AH3,GND,NA,NA,NA,NA
AH36,GND,NA,NA,NA,NA
AH4,GND,NA,NA,NA,NA
AH40,GND,NA,NA,NA,NA
AH44,GND,NA,NA,NA,NA
AH45,GND,NA,NA,NA,NA
AH46,GND,NA,NA,NA,NA
AH5,GND,NA,NA,NA,NA
AH9,GND,NA,NA,NA,NA
AJ16,GND,NA,NA,NA,NA
AJ22,GND,NA,NA,NA,NA
AK10,GND,NA,NA,NA,NA
AK11,GND,NA,NA,NA,NA
AJ18,GND,NA,NA,NA,NA
AJ2,GND,NA,NA,NA,NA
AJ20,GND,NA,NA,NA,NA
AJ24,GND,NA,NA,NA,NA
AJ26,GND,NA,NA,NA,NA
AJ28,GND,NA,NA,NA,NA
AJ34,GND,NA,NA,NA,NA
AJ37,GND,NA,NA,NA,NA
AJ39,GND,NA,NA,NA,NA
AJ43,GND,NA,NA,NA,NA
AJ44,GND,NA,NA,NA,NA
AJ5,GND,NA,NA,NA,NA
AJ7,GND,NA,NA,NA,NA
AK37,GND,NA,NA,NA,NA
AK44,GND,NA,NA,NA,NA
AL1,GND,NA,NA,NA,NA
AL18,GND,NA,NA,NA,NA
AK17,GND,NA,NA,NA,NA
AK19,GND,NA,NA,NA,NA
AK21,GND,NA,NA,NA,NA
AK23,GND,NA,NA,NA,NA
AK25,GND,NA,NA,NA,NA
AK27,GND,NA,NA,NA,NA
AK3,GND,NA,NA,NA,NA
AK31,GND,NA,NA,NA,NA
AK4,GND,NA,NA,NA,NA
AK41,GND,NA,NA,NA,NA
AK45,GND,NA,NA,NA,NA
AK46,GND,NA,NA,NA,NA
AK5,GND,NA,NA,NA,NA
AK8,GND,NA,NA,NA,NA
AL2,GND,NA,NA,NA,NA
AL3,GND,NA,NA,NA,NA
AL38,GND,NA,NA,NA,NA
AM10,GND,NA,NA,NA,NA
AM15,GND,NA,NA,NA,NA
AL28,GND,NA,NA,NA,NA
AL37,GND,NA,NA,NA,NA
AL42,GND,NA,NA,NA,NA
AL44,GND,NA,NA,NA,NA
AL5,GND,NA,NA,NA,NA
AL6,GND,NA,NA,NA,NA
AM37,GND,NA,NA,NA,NA
AM44,GND,NA,NA,NA,NA
AN12,GND,NA,NA,NA,NA
AM25,GND,NA,NA,NA,NA
AM3,GND,NA,NA,NA,NA
AM35,GND,NA,NA,NA,NA
AM4,GND,NA,NA,NA,NA
AM40,GND,NA,NA,NA,NA
AM45,GND,NA,NA,NA,NA
AM46,GND,NA,NA,NA,NA
AM9,GND,NA,NA,NA,NA
AN1,GND,NA,NA,NA,NA
AN2,GND,NA,NA,NA,NA
AN3,GND,NA,NA,NA,NA
AN37,GND,NA,NA,NA,NA
AP19,GND,NA,NA,NA,NA
AN22,GND,NA,NA,NA,NA
AN32,GND,NA,NA,NA,NA
AN38,GND,NA,NA,NA,NA
AN39,GND,NA,NA,NA,NA
AN43,GND,NA,NA,NA,NA
AN44,GND,NA,NA,NA,NA
AN7,GND,NA,NA,NA,NA
AP10,GND,NA,NA,NA,NA
AP41,GND,NA,NA,NA,NA
AR1,GND,NA,NA,NA,NA
AR11,GND,NA,NA,NA,NA
AP29,GND,NA,NA,NA,NA
AP3,GND,NA,NA,NA,NA
AP39,GND,NA,NA,NA,NA
AP44,GND,NA,NA,NA,NA
AP45,GND,NA,NA,NA,NA
AP46,GND,NA,NA,NA,NA
AP5,GND,NA,NA,NA,NA
AP8,GND,NA,NA,NA,NA
AR16,GND,NA,NA,NA,NA
AR3,GND,NA,NA,NA,NA
AR39,GND,NA,NA,NA,NA
AT13,GND,NA,NA,NA,NA
AR2,GND,NA,NA,NA,NA
AR26,GND,NA,NA,NA,NA
AR36,GND,NA,NA,NA,NA
AR40,GND,NA,NA,NA,NA
AR41,GND,NA,NA,NA,NA
AR42,GND,NA,NA,NA,NA
AR44,GND,NA,NA,NA,NA
AR6,GND,NA,NA,NA,NA
AT10,GND,NA,NA,NA,NA
AT4,GND,NA,NA,NA,NA
AT44,GND,NA,NA,NA,NA
AU10,GND,NA,NA,NA,NA
AT23,GND,NA,NA,NA,NA
AT3,GND,NA,NA,NA,NA
AT33,GND,NA,NA,NA,NA
AT41,GND,NA,NA,NA,NA
AT45,GND,NA,NA,NA,NA
AT46,GND,NA,NA,NA,NA
AT9,GND,NA,NA,NA,NA
AU1,GND,NA,NA,NA,NA
AU2,GND,NA,NA,NA,NA
AU3,GND,NA,NA,NA,NA
AU41,GND,NA,NA,NA,NA
AU9,GND,NA,NA,NA,NA
AV17,GND,NA,NA,NA,NA
AV27,GND,NA,NA,NA,NA
AU20,GND,NA,NA,NA,NA
AU30,GND,NA,NA,NA,NA
AU43,GND,NA,NA,NA,NA
AU44,GND,NA,NA,NA,NA
AU7,GND,NA,NA,NA,NA
AU8,GND,NA,NA,NA,NA
AV41,GND,NA,NA,NA,NA
AV7,GND,NA,NA,NA,NA
AW1,GND,NA,NA,NA,NA
AW14,GND,NA,NA,NA,NA
AV3,GND,NA,NA,NA,NA
AV37,GND,NA,NA,NA,NA
AV44,GND,NA,NA,NA,NA
AV45,GND,NA,NA,NA,NA
AV46,GND,NA,NA,NA,NA
AV5,GND,NA,NA,NA,NA
AV6,GND,NA,NA,NA,NA
AW2,GND,NA,NA,NA,NA
AW3,GND,NA,NA,NA,NA
AW41,GND,NA,NA,NA,NA
AY21,GND,NA,NA,NA,NA
AW24,GND,NA,NA,NA,NA
AW34,GND,NA,NA,NA,NA
AW42,GND,NA,NA,NA,NA
AW44,GND,NA,NA,NA,NA
AW6,GND,NA,NA,NA,NA
AY11,GND,NA,NA,NA,NA
AY4,GND,NA,NA,NA,NA
AY44,GND,NA,NA,NA,NA
B2,GND,NA,NA,NA,NA
AY3,GND,NA,NA,NA,NA
AY31,GND,NA,NA,NA,NA
AY41,GND,NA,NA,NA,NA
AY45,GND,NA,NA,NA,NA
AY46,GND,NA,NA,NA,NA
AY6,GND,NA,NA,NA,NA
B19,GND,NA,NA,NA,NA
BA3,GND,NA,NA,NA,NA
BA41,GND,NA,NA,NA,NA
BA44,GND,NA,NA,NA,NA
BB3,GND,NA,NA,NA,NA
BB35,GND,NA,NA,NA,NA
BA38,GND,NA,NA,NA,NA
BA43,GND,NA,NA,NA,NA
BA6,GND,NA,NA,NA,NA
BA8,GND,NA,NA,NA,NA
BB15,GND,NA,NA,NA,NA
BB25,GND,NA,NA,NA,NA
BB45,GND,NA,NA,NA,NA
BC2,GND,NA,NA,NA,NA
BC22,GND,NA,NA,NA,NA
BB41,GND,NA,NA,NA,NA
BB44,GND,NA,NA,NA,NA
BB46,GND,NA,NA,NA,NA
BB5,GND,NA,NA,NA,NA
BB6,GND,NA,NA,NA,NA
BC1,GND,NA,NA,NA,NA
BC12,GND,NA,NA,NA,NA
BC3,GND,NA,NA,NA,NA
BC41,GND,NA,NA,NA,NA
BC44,GND,NA,NA,NA,NA
BD39,GND,NA,NA,NA,NA
BC32,GND,NA,NA,NA,NA
BC42,GND,NA,NA,NA,NA
BC6,GND,NA,NA,NA,NA
BD1,GND,NA,NA,NA,NA
BD19,GND,NA,NA,NA,NA
BD29,GND,NA,NA,NA,NA
BD4,GND,NA,NA,NA,NA
BD46,GND,NA,NA,NA,NA
BE26,GND,NA,NA,NA,NA
BE36,GND,NA,NA,NA,NA
BD41,GND,NA,NA,NA,NA
BD44,GND,NA,NA,NA,NA
BD45,GND,NA,NA,NA,NA
BD6,GND,NA,NA,NA,NA
BD9,GND,NA,NA,NA,NA
BE16,GND,NA,NA,NA,NA
BE2,GND,NA,NA,NA,NA
BE43,GND,NA,NA,NA,NA
BE6,GND,NA,NA,NA,NA
BF44,GND,NA,NA,NA,NA
BE41,GND,NA,NA,NA,NA
BE45,GND,NA,NA,NA,NA
BF13,GND,NA,NA,NA,NA
BF23,GND,NA,NA,NA,NA
BF3,GND,NA,NA,NA,NA
BF33,GND,NA,NA,NA,NA
BF41,GND,NA,NA,NA,NA
C1,GND,NA,NA,NA,NA
C3,GND,NA,NA,NA,NA
C36,GND,NA,NA,NA,NA
BF5,GND,NA,NA,NA,NA
BF6,GND,NA,NA,NA,NA
C16,GND,NA,NA,NA,NA
C2,GND,NA,NA,NA,NA
C26,GND,NA,NA,NA,NA
AA15,VCCINT,NA,NA,NA,NA
AA17,VCCINT,NA,NA,NA,NA
AA19,VCCINT,NA,NA,NA,NA
AA25,VCCINT,NA,NA,NA,NA
AB14,VCCINT,NA,NA,NA,NA
AB16,VCCINT,NA,NA,NA,NA
AB20,VCCINT,NA,NA,NA,NA
AB22,VCCINT,NA,NA,NA,NA
AB24,VCCINT,NA,NA,NA,NA
AB26,VCCINT,NA,NA,NA,NA
AC15,VCCINT,NA,NA,NA,NA
AC19,VCCINT,NA,NA,NA,NA
AC21,VCCINT,NA,NA,NA,NA
AF20,VCCINT,NA,NA,NA,NA
AF22,VCCINT,NA,NA,NA,NA
AF24,VCCINT,NA,NA,NA,NA
AF26,VCCINT,NA,NA,NA,NA
AC23,VCCINT,NA,NA,NA,NA
AC25,VCCINT,NA,NA,NA,NA
AD16,VCCINT,NA,NA,NA,NA
AD20,VCCINT,NA,NA,NA,NA
AD22,VCCINT,NA,NA,NA,NA
AD24,VCCINT,NA,NA,NA,NA
AD26,VCCINT,NA,NA,NA,NA
AE15,VCCINT,NA,NA,NA,NA
AE19,VCCINT,NA,NA,NA,NA
AE21,VCCINT,NA,NA,NA,NA
AE23,VCCINT,NA,NA,NA,NA
AE25,VCCINT,NA,NA,NA,NA
AF16,VCCINT,NA,NA,NA,NA
AF18,VCCINT,NA,NA,NA,NA
AG15,VCCINT,NA,NA,NA,NA
AG17,VCCINT,NA,NA,NA,NA
AG19,VCCINT,NA,NA,NA,NA
AG21,VCCINT,NA,NA,NA,NA
AG23,VCCINT,NA,NA,NA,NA
AG25,VCCINT,NA,NA,NA,NA
AH16,VCCINT,NA,NA,NA,NA
AH18,VCCINT,NA,NA,NA,NA
AH20,VCCINT,NA,NA,NA,NA
AH22,VCCINT,NA,NA,NA,NA
AH24,VCCINT,NA,NA,NA,NA
AH26,VCCINT,NA,NA,NA,NA
AJ15,VCCINT,NA,NA,NA,NA
AJ17,VCCINT,NA,NA,NA,NA
AJ19,VCCINT,NA,NA,NA,NA
AJ21,VCCINT,NA,NA,NA,NA
AJ23,VCCINT,NA,NA,NA,NA
AJ25,VCCINT,NA,NA,NA,NA
AK16,VCCINT,NA,NA,NA,NA
AK18,VCCINT,NA,NA,NA,NA
AK20,VCCINT,NA,NA,NA,NA
AK22,VCCINT,NA,NA,NA,NA
AK24,VCCINT,NA,NA,NA,NA
AK26,VCCINT,NA,NA,NA,NA
U17,VCCINT,NA,NA,NA,NA
U19,VCCINT,NA,NA,NA,NA
U21,VCCINT,NA,NA,NA,NA
U23,VCCINT,NA,NA,NA,NA
U25,VCCINT,NA,NA,NA,NA
V18,VCCINT,NA,NA,NA,NA
V20,VCCINT,NA,NA,NA,NA
V22,VCCINT,NA,NA,NA,NA
V24,VCCINT,NA,NA,NA,NA
V26,VCCINT,NA,NA,NA,NA
W17,VCCINT,NA,NA,NA,NA
W19,VCCINT,NA,NA,NA,NA
W21,VCCINT,NA,NA,NA,NA
W23,VCCINT,NA,NA,NA,NA
W25,VCCINT,NA,NA,NA,NA
Y16,VCCINT,NA,NA,NA,NA
Y18,VCCINT,NA,NA,NA,NA
Y20,VCCINT,NA,NA,NA,NA
Y22,VCCINT,NA,NA,NA,NA
Y24,VCCINT,NA,NA,NA,NA
Y26,VCCINT,NA,NA,NA,NA
AA23,VCCINT,NA,NA,NA,NA
AA21,VCCINT,NA,NA,NA,NA
AA27,VCCINT_IO,NA,NA,NA,NA
AC27,VCCINT_IO,NA,NA,NA,NA
AE27,VCCINT_IO,NA,NA,NA,NA
AG27,VCCINT_IO,NA,NA,NA,NA
AJ27,VCCINT_IO,NA,NA,NA,NA
AK28,VCCINT_IO,NA,NA,NA,NA
U27,VCCINT_IO,NA,NA,NA,NA
V28,VCCINT_IO,NA,NA,NA,NA
W27,VCCINT_IO,NA,NA,NA,NA
AB34,VCCAUX,NA,NA,NA,NA
AC33,VCCAUX,NA,NA,NA,NA
AD32,VCCAUX,NA,NA,NA,NA
AD34,VCCAUX,NA,NA,NA,NA
AE33,VCCAUX,NA,NA,NA,NA
AF32,VCCAUX,NA,NA,NA,NA
AF34,VCCAUX,NA,NA,NA,NA
AA33,VCCAUX,NA,NA,NA,NA
AG35,VCCAUX,NA,NA,NA,NA
AB32,VCCAUX,NA,NA,NA,NA
W29,VCCAUX_IO,NA,NA,NA,NA
AG29,VCCAUX_IO,NA,NA,NA,NA
U29,VCCAUX_IO,NA,NA,NA,NA
Y28,VCCAUX_IO,NA,NA,NA,NA
AH28,VCCAUX_IO,NA,NA,NA,NA
Y30,VCCAUX_IO,NA,NA,NA,NA
AA29,VCCAUX_IO,NA,NA,NA,NA
AA31,VCCAUX_IO,NA,NA,NA,NA
AB28,VCCAUX_IO,NA,NA,NA,NA
AB30,VCCAUX_IO,NA,NA,NA,NA
AC29,VCCAUX_IO,NA,NA,NA,NA
AC31,VCCAUX_IO,NA,NA,NA,NA
AD28,VCCAUX_IO,NA,NA,NA,NA
AD30,VCCAUX_IO,NA,NA,NA,NA
AE29,VCCAUX_IO,NA,NA,NA,NA
AE31,VCCAUX_IO,NA,NA,NA,NA
AF28,VCCAUX_IO,NA,NA,NA,NA
AF30,VCCAUX_IO,NA,NA,NA,NA
AW21,NC,NA,NA,NA,NA
,,,,,
Total Number of Pins,2104,,,,
