"#  (c) Copyright 2013-2025 AMD, Inc. All rights reserved."
"# "
"#  This file contains proprietary information"
"#  of AMD, Inc. and is protected under U.S. and"
"#  international copyright and other intellectual property"
"#  laws."
"# "
"#  DISCLAIMER"
"#  This disclaimer is not a license and does not grant any"
"#  rights to the materials distributed herewith. Except as"
"#  otherwise provided in a valid license issued to you by"
"#  AMD, and to the maximum extent permitted by applicable"
"#  law: (1) THESE MATERIALS ARE MADE AVAILABLE ""AS IS"" AND"
"#  WITH ALL FAULTS, AND AMD HEREBY DISCLAIMS ALL WARRANTIES"
"#  AND CONDITIONS, EXPRESS, IMPLIED, OR STATUTORY, INCLUDING"
"#  BUT NOT LIMITED TO WARRANTIES OF MERCHANTABILITY, NON-"
"#  INFRINGEMENT, OR FITNESS FOR ANY PARTICULAR PURPOSE; and"
"#  (2) AMD shall not be liable (whether in contract or tort,"
"#  including negligence, or under any other theory of"
"#  liability) for any loss or damage of any kind or nature"
"#  related to, arising under or in connection with these"
"#  materials, including for any direct, or any indirect,"
"#  special, incidental, or consequential loss or damage"
"#  (including loss of data, profits, goodwill, or any type of"
"#  loss or damage suffered as a result of any action brought"
"#  by a third party) even if such damage or loss was"
"#  reasonably foreseeable or AMD had been advised of the"
"#  possibility of the same."
"# "
"#  CRITICAL APPLICATIONS"
"#  AMD products are not designed or intended to be fail-"
"#  safe, or for use in any application requiring fail-safe"
"#  performance, such as life-support or safety devices or"
"#  systems, Class III medical devices, nuclear facilities,"
"#  applications related to the deployment of airbags, or any"
"#  other applications that could lead to death, personal"
"#  injury, or severe property or environmental damage"
"#  (individually and collectively, ""Critical"
"#  Applications""). Customer assumes the sole risk and"
"#  liability of any use of AMD products in Critical"
"#  Applications, subject only to applicable laws and"
"#  regulations governing limitations on product liability."
"# "
"#  THIS COPYRIGHT NOTICE AND DISCLAIMER MUST BE RETAINED AS"
"#  PART OF THIS FILE AT ALL TIMES."
"# "
"#----------------------------------------------------------------------"
"#  ASCII Pinout File"
"# "
"#  Device   : xcvu57pfsvk2892"
"#  Date     : 8/27/2020 01:16:26"
"#  Revision : 1.0"
"#  Status   : Engineering Sample"
"# "
"#  Engineering Sample pkg specifications are based on a released"
"#  package design and validated with ES engineering sample"
"#  (ES) devices. Package specifications with this designation"
"#  are considered stable, however some pinout and mechanical"
"#  specifications might change prior to the production release"
"#  of the particular device. Package pinouts with this"
"#  designation are to be used for PCB and Vivado designs"
"#  using ES devices."
"# "
"#----------------------------------------------------------------------"
"#  Modification History"
"#  | Date    : 5/22/2020"
"#  | Revision: 0.1"
"#  | Status  : Evaluation Only"
"#  | Details : Initial pkg file"
"#----------------------------------------------------------------------"
"#  | Date    : 6/23/2020"
"#  | Revision: 0.2"
"#  | Status  : Evaluation Only"
"#  | Details : With freeze bumps"
"#----------------------------------------------------------------------"
"#  | Date    : 8/18/2020"
"#  | Revision: 0.3"
"#  | Status  : Evaluation Only"
"#  | Details : dummy bumps converted to Power plane"
"#----------------------------------------------------------------------"
"#  | Date    : 8/27/2020"
"#  | Revision: 1.0"
"#  | Status  : Engineering Sample"
"#  | Details : Moved to Engineering_Sample"
"#----------------------------------------------------------------------"
,,,,,
Pin,Pin Name,Memory Byte Group,Bank,I/O Type,Super Logic Region
BD14,CCLK_0,NA,0,CONFIG,0
BC14,RSVDGND,NA,NA,NA,0
AW15,D00_MOSI_0,NA,0,CONFIG,0
AY15,D01_DIN_0,NA,0,CONFIG,0
AY14,D02_0,NA,0,CONFIG,0
AY13,D03_0,NA,0,CONFIG,0
BB14,DONE_0,NA,0,CONFIG,0
AE27,DXN,NA,NA,NA,0
AE28,DXP,NA,NA,NA,0
BB15,INIT_B_0,NA,0,CONFIG,0
BA15,M0_0,NA,0,CONFIG,0
BA13,M1_0,NA,0,CONFIG,0
BB13,M2_0,NA,0,CONFIG,0
BG15,POR_OVERRIDE,NA,NA,NA,0
BF15,PROGRAM_B_0,NA,0,CONFIG,0
BF16,PUDC_B_0,NA,0,CONFIG,0
BC15,RDWR_FCS_B_0,NA,0,CONFIG,0
BE14,TCK_0,NA,0,CONFIG,0
BE13,TDI_0,NA,0,CONFIG,0
BF13,TDO_0,NA,0,CONFIG,0
BE15,TMS_0,NA,0,CONFIG,0
BD13,VBATT,NA,NA,NA,0
AD27,VN,NA,NA,NA,0
AC28,VP,NA,NA,NA,0
AC27,VREFN,NA,NA,NA,0
AD28,VREFP,NA,NA,NA,0
BF21,IO_L24N_T3U_N11_67,3U,67,HP,0
BF22,IO_L24P_T3U_N10_67,3U,67,HP,0
BH22,IO_L23N_T3U_N9_67,3U,67,HP,0
BG22,IO_L23P_T3U_N8_67,3U,67,HP,0
BJ21,IO_L22N_T3U_N7_DBC_AD0N_67,3U,67,HP,0
BH21,IO_L22P_T3U_N6_DBC_AD0P_67,3U,67,HP,0
BK21,IO_L21N_T3L_N5_AD8N_67,3L,67,HP,0
BJ22,IO_L21P_T3L_N4_AD8P_67,3L,67,HP,0
BK23,IO_L20N_T3L_N3_AD1N_67,3L,67,HP,0
BK24,IO_L20P_T3L_N2_AD1P_67,3L,67,HP,0
BL22,IO_L19N_T3L_N1_DBC_AD9N_67,3L,67,HP,0
BL23,IO_L19P_T3L_N0_DBC_AD9P_67,3L,67,HP,0
BG23,IO_T3U_N12_67,3U,67,HP,0
BF23,IO_T2U_N12_67,2U,67,HP,0
BH24,IO_L18N_T2U_N11_AD2N_67,2U,67,HP,0
BG24,IO_L18P_T2U_N10_AD2P_67,2U,67,HP,0
BG25,IO_L17N_T2U_N9_AD10N_67,2U,67,HP,0
BF25,IO_L17P_T2U_N8_AD10P_67,2U,67,HP,0
BF26,IO_L16N_T2U_N7_QBC_AD3N_67,2U,67,HP,0
BF27,IO_L16P_T2U_N6_QBC_AD3P_67,2U,67,HP,0
BG27,IO_L15N_T2L_N5_AD11N_67,2L,67,HP,0
BG28,IO_L15P_T2L_N4_AD11P_67,2L,67,HP,0
BJ23,IO_L14N_T2L_N3_GC_67,2L,67,HP,0
BJ24,IO_L14P_T2L_N2_GC_67,2L,67,HP,0
BH25,IO_L13N_T2L_N1_GC_QBC_67,2L,67,HP,0
BH26,IO_L13P_T2L_N0_GC_QBC_67,2L,67,HP,0
BJ27,IO_L12N_T1U_N11_GC_67,1U,67,HP,0
BH27,IO_L12P_T1U_N10_GC_67,1U,67,HP,0
BK25,IO_L11N_T1U_N9_GC_67,1U,67,HP,0
BJ26,IO_L11P_T1U_N8_GC_67,1U,67,HP,0
BL25,IO_L10N_T1U_N7_QBC_AD4N_67,1U,67,HP,0
BK26,IO_L10P_T1U_N6_QBC_AD4P_67,1U,67,HP,0
BK28,IO_L9N_T1L_N5_AD12N_67,1L,67,HP,0
BJ28,IO_L9P_T1L_N4_AD12P_67,1L,67,HP,0
BL26,IO_L8N_T1L_N3_AD5N_67,1L,67,HP,0
BL27,IO_L8P_T1L_N2_AD5P_67,1L,67,HP,0
BM27,IO_L7N_T1L_N1_QBC_AD13N_67,1L,67,HP,0
BL28,IO_L7P_T1L_N0_QBC_AD13P_67,1L,67,HP,0
BN27,IO_T1U_N12_67,1U,67,HP,0
BP27,IO_T0U_N12_VRP_67,0U,67,HP,0
BN22,IO_L6N_T0U_N11_AD6N_67,0U,67,HP,0
BM22,IO_L6P_T0U_N10_AD6P_67,0U,67,HP,0
BM23,IO_L5N_T0U_N9_AD14N_67,0U,67,HP,0
BM24,IO_L5P_T0U_N8_AD14P_67,0U,67,HP,0
BN25,IO_L4N_T0U_N7_DBC_AD7N_67,0U,67,HP,0
BM25,IO_L4P_T0U_N6_DBC_AD7P_67,0U,67,HP,0
BP24,IO_L3N_T0L_N5_AD15N_67,0L,67,HP,0
BN24,IO_L3P_T0L_N4_AD15P_67,0L,67,HP,0
BP26,IO_L2N_T0L_N3_67,0L,67,HP,0
BN26,IO_L2P_T0L_N2_67,0L,67,HP,0
BP22,IO_L1N_T0L_N1_DBC_67,0L,67,HP,0
BP23,IO_L1P_T0L_N0_DBC_67,0L,67,HP,0
BF28,VREF_67,NA,67,HP,0
BE51,IO_L24N_T3U_N11_66,3U,66,HP,0
BD51,IO_L24P_T3U_N10_66,3U,66,HP,0
BE50,IO_L23N_T3U_N9_66,3U,66,HP,0
BE49,IO_L23P_T3U_N8_66,3U,66,HP,0
BF48,IO_L22N_T3U_N7_DBC_AD0N_66,3U,66,HP,0
BF47,IO_L22P_T3U_N6_DBC_AD0P_66,3U,66,HP,0
BF52,IO_L21N_T3L_N5_AD8N_66,3L,66,HP,0
BF51,IO_L21P_T3L_N4_AD8P_66,3L,66,HP,0
BG50,IO_L20N_T3L_N3_AD1N_66,3L,66,HP,0
BF50,IO_L20P_T3L_N2_AD1P_66,3L,66,HP,0
BG49,IO_L19N_T3L_N1_DBC_AD9N_66,3L,66,HP,0
BG48,IO_L19P_T3L_N0_DBC_AD9P_66,3L,66,HP,0
BG47,IO_T3U_N12_66,3U,66,HP,0
BF53,IO_T2U_N12_66,2U,66,HP,0
BE54,IO_L18N_T2U_N11_AD2N_66,2U,66,HP,0
BE53,IO_L18P_T2U_N10_AD2P_66,2U,66,HP,0
BG54,IO_L17N_T2U_N9_AD10N_66,2U,66,HP,0
BG53,IO_L17P_T2U_N8_AD10P_66,2U,66,HP,0
BJ54,IO_L16N_T2U_N7_QBC_AD3N_66,2U,66,HP,0
BH54,IO_L16P_T2U_N6_QBC_AD3P_66,2U,66,HP,0
BK54,IO_L15N_T2L_N5_AD11N_66,2L,66,HP,0
BK53,IO_L15P_T2L_N4_AD11P_66,2L,66,HP,0
BH52,IO_L14N_T2L_N3_GC_66,2L,66,HP,0
BG52,IO_L14P_T2L_N2_GC_66,2L,66,HP,0
BJ53,IO_L13N_T2L_N1_GC_QBC_66,2L,66,HP,0
BJ52,IO_L13P_T2L_N0_GC_QBC_66,2L,66,HP,0
BH50,IO_L12N_T1U_N11_GC_66,1U,66,HP,0
BH49,IO_L12P_T1U_N10_GC_66,1U,66,HP,0
BJ51,IO_L11N_T1U_N9_GC_66,1U,66,HP,0
BH51,IO_L11P_T1U_N8_GC_66,1U,66,HP,0
BJ47,IO_L10N_T1U_N7_QBC_AD4N_66,1U,66,HP,0
BH47,IO_L10P_T1U_N6_QBC_AD4P_66,1U,66,HP,0
BJ49,IO_L9N_T1L_N5_AD12N_66,1L,66,HP,0
BJ48,IO_L9P_T1L_N4_AD12P_66,1L,66,HP,0
BK51,IO_L8N_T1L_N3_AD5N_66,1L,66,HP,0
BK50,IO_L8P_T1L_N2_AD5P_66,1L,66,HP,0
BK49,IO_L7N_T1L_N1_QBC_AD13N_66,1L,66,HP,0
BK48,IO_L7P_T1L_N0_QBC_AD13P_66,1L,66,HP,0
BL48,IO_T1U_N12_66,1U,66,HP,0
BL50,IO_T0U_N12_VRP_66,0U,66,HP,0
BL53,IO_L6N_T0U_N11_AD6N_66,0U,66,HP,0
BL52,IO_L6P_T0U_N10_AD6P_66,0U,66,HP,0
BM52,IO_L5N_T0U_N9_AD14N_66,0U,66,HP,0
BL51,IO_L5P_T0U_N8_AD14P_66,0U,66,HP,0
BM50,IO_L4N_T0U_N7_DBC_AD7N_66,0U,66,HP,0
BM49,IO_L4P_T0U_N6_DBC_AD7P_66,0U,66,HP,0
BN49,IO_L3N_T0L_N5_AD15N_66,0L,66,HP,0
BM48,IO_L3P_T0L_N4_AD15P_66,0L,66,HP,0
BN51,IO_L2N_T0L_N3_66,0L,66,HP,0
BN50,IO_L2P_T0L_N2_66,0L,66,HP,0
BP49,IO_L1N_T0L_N1_DBC_66,0L,66,HP,0
BP48,IO_L1P_T0L_N0_DBC_66,0L,66,HP,0
BE48,VREF_66,NA,66,HP,0
BE44,IO_L24N_T3U_N11_DOUT_CSO_B_65,3U,65,HP,0
BE43,IO_L24P_T3U_N10_EMCCLK_65,3U,65,HP,0
BD42,IO_L23N_T3U_N9_PERSTN1_I2C_SDA_65,3U,65,HP,0
BC42,IO_L23P_T3U_N8_I2C_SCLK_65,3U,65,HP,0
BE46,IO_L22N_T3U_N7_DBC_AD0N_D05_65,3U,65,HP,0
BE45,IO_L22P_T3U_N6_DBC_AD0P_D04_65,3U,65,HP,0
BF43,IO_L21N_T3L_N5_AD8N_D07_65,3L,65,HP,0
BF42,IO_L21P_T3L_N4_AD8P_D06_65,3L,65,HP,0
BF46,IO_L20N_T3L_N3_AD1N_D09_65,3L,65,HP,0
BF45,IO_L20P_T3L_N2_AD1P_D08_65,3L,65,HP,0
BE41,IO_L19N_T3L_N1_DBC_AD9N_D11_65,3L,65,HP,0
BD41,IO_L19P_T3L_N0_DBC_AD9P_D10_65,3L,65,HP,0
BF41,IO_T3U_N12_PERSTN0_65,3U,65,HP,0
BH41,IO_T2U_N12_CSI_ADV_B_65,2U,65,HP,0
BG45,IO_L18N_T2U_N11_AD2N_D13_65,2U,65,HP,0
BG44,IO_L18P_T2U_N10_AD2P_D12_65,2U,65,HP,0
BG43,IO_L17N_T2U_N9_AD10N_D15_65,2U,65,HP,0
BG42,IO_L17P_T2U_N8_AD10P_D14_65,2U,65,HP,0
BJ46,IO_L16N_T2U_N7_QBC_AD3N_A01_D17_65,2U,65,HP,0
BH46,IO_L16P_T2U_N6_QBC_AD3P_A00_D16_65,2U,65,HP,0
BK41,IO_L15N_T2L_N5_AD11N_A03_D19_65,2L,65,HP,0
BJ41,IO_L15P_T2L_N4_AD11P_A02_D18_65,2L,65,HP,0
BH45,IO_L14N_T2L_N3_GC_A05_D21_65,2L,65,HP,0
BH44,IO_L14P_T2L_N2_GC_A04_D20_65,2L,65,HP,0
BJ42,IO_L13N_T2L_N1_GC_QBC_A07_D23_65,2L,65,HP,0
BH42,IO_L13P_T2L_N0_GC_QBC_A06_D22_65,2L,65,HP,0
BJ44,IO_L12N_T1U_N11_GC_A09_D25_65,1U,65,HP,0
BJ43,IO_L12P_T1U_N10_GC_A08_D24_65,1U,65,HP,0
BK44,IO_L11N_T1U_N9_GC_A11_D27_65,1U,65,HP,0
BK43,IO_L11P_T1U_N8_GC_A10_D26_65,1U,65,HP,0
BK46,IO_L10N_T1U_N7_QBC_AD4N_A13_D29_65,1U,65,HP,0
BK45,IO_L10P_T1U_N6_QBC_AD4P_A12_D28_65,1U,65,HP,0
BL43,IO_L9N_T1L_N5_AD12N_A15_D31_65,1L,65,HP,0
BL42,IO_L9P_T1L_N4_AD12P_A14_D30_65,1L,65,HP,0
BL46,IO_L8N_T1L_N3_AD5N_A17_65,1L,65,HP,0
BL45,IO_L8P_T1L_N2_AD5P_A16_65,1L,65,HP,0
BM47,IO_L7N_T1L_N1_QBC_AD13N_A19_65,1L,65,HP,0
BL47,IO_L7P_T1L_N0_QBC_AD13P_A18_65,1L,65,HP,0
BM42,IO_T1U_N12_SMBALERT_65,1U,65,HP,0
BM43,IO_T0U_N12_VRP_A28_65,0U,65,HP,0
BN45,IO_L6N_T0U_N11_AD6N_A21_65,0U,65,HP,0
BM45,IO_L6P_T0U_N10_AD6P_A20_65,0U,65,HP,0
BN44,IO_L5N_T0U_N9_AD14N_A23_65,0U,65,HP,0
BM44,IO_L5P_T0U_N8_AD14P_A22_65,0U,65,HP,0
BP46,IO_L4N_T0U_N7_DBC_AD7N_A25_65,0U,65,HP,0
BN46,IO_L4P_T0U_N6_DBC_AD7P_A24_65,0U,65,HP,0
BP44,IO_L3N_T0L_N5_AD15N_A27_65,0L,65,HP,0
BP43,IO_L3P_T0L_N4_AD15P_A26_65,0L,65,HP,0
BP47,IO_L2N_T0L_N3_FWE_FCS2_B_65,0L,65,HP,0
BN47,IO_L2P_T0L_N2_FOE_B_65,0L,65,HP,0
BP42,IO_L1N_T0L_N1_DBC_RS1_65,0L,65,HP,0
BN42,IO_L1P_T0L_N0_DBC_RS0_65,0L,65,HP,0
BC41,VREF_65,NA,65,HP,0
BJ31,IO_L24N_T3U_N11_64,3U,64,HP,0
BH31,IO_L24P_T3U_N10_64,3U,64,HP,0
BF33,IO_L23N_T3U_N9_64,3U,64,HP,0
BF32,IO_L23P_T3U_N8_64,3U,64,HP,0
BK30,IO_L22N_T3U_N7_DBC_AD0N_64,3U,64,HP,0
BJ29,IO_L22P_T3U_N6_DBC_AD0P_64,3U,64,HP,0
BG32,IO_L21N_T3L_N5_AD8N_64,3L,64,HP,0
BF31,IO_L21P_T3L_N4_AD8P_64,3L,64,HP,0
BH30,IO_L20N_T3L_N3_AD1N_64,3L,64,HP,0
BH29,IO_L20P_T3L_N2_AD1P_64,3L,64,HP,0
BG30,IO_L19N_T3L_N1_DBC_AD9N_64,3L,64,HP,0
BG29,IO_L19P_T3L_N0_DBC_AD9P_64,3L,64,HP,0
BK29,IO_T3U_N12_64,3U,64,HP,0
BG33,IO_T2U_N12_64,2U,64,HP,0
BH35,IO_L18N_T2U_N11_AD2N_64,2U,64,HP,0
BH34,IO_L18P_T2U_N10_AD2P_64,2U,64,HP,0
BF36,IO_L17N_T2U_N9_AD10N_64,2U,64,HP,0
BF35,IO_L17P_T2U_N8_AD10P_64,2U,64,HP,0
BK35,IO_L16N_T2U_N7_QBC_AD3N_64,2U,64,HP,0
BK34,IO_L16P_T2U_N6_QBC_AD3P_64,2U,64,HP,0
BG35,IO_L15N_T2L_N5_AD11N_64,2L,64,HP,0
BG34,IO_L15P_T2L_N4_AD11P_64,2L,64,HP,0
BJ34,IO_L14N_T2L_N3_GC_64,2L,64,HP,0
BJ33,IO_L14P_T2L_N2_GC_64,2L,64,HP,0
BJ32,IO_L13N_T2L_N1_GC_QBC_64,2L,64,HP,0
BH32,IO_L13P_T2L_N0_GC_QBC_64,2L,64,HP,0
BL33,IO_L12N_T1U_N11_GC_64,1U,64,HP,0
BK33,IO_L12P_T1U_N10_GC_64,1U,64,HP,0
BL31,IO_L11N_T1U_N9_GC_64,1U,64,HP,0
BK31,IO_L11P_T1U_N8_GC_64,1U,64,HP,0
BM35,IO_L10N_T1U_N7_QBC_AD4N_64,1U,64,HP,0
BL35,IO_L10P_T1U_N6_QBC_AD4P_64,1U,64,HP,0
BM33,IO_L9N_T1L_N5_AD12N_64,1L,64,HP,0
BL32,IO_L9P_T1L_N4_AD12P_64,1L,64,HP,0
BP34,IO_L8N_T1L_N3_AD5N_64,1L,64,HP,0
BN34,IO_L8P_T1L_N2_AD5P_64,1L,64,HP,0
BN35,IO_L7N_T1L_N1_QBC_AD13N_64,1L,64,HP,0
BM34,IO_L7P_T1L_N0_QBC_AD13P_64,1L,64,HP,0
BP33,IO_T1U_N12_64,1U,64,HP,0
BM32,IO_T0U_N12_VRP_64,0U,64,HP,0
BP32,IO_L6N_T0U_N11_AD6N_64,0U,64,HP,0
BN32,IO_L6P_T0U_N10_AD6P_64,0U,64,HP,0
BM30,IO_L5N_T0U_N9_AD14N_64,0U,64,HP,0
BL30,IO_L5P_T0U_N8_AD14P_64,0U,64,HP,0
BN30,IO_L4N_T0U_N7_DBC_AD7N_64,0U,64,HP,0
BN29,IO_L4P_T0U_N6_DBC_AD7P_64,0U,64,HP,0
BP31,IO_L3N_T0L_N5_AD15N_64,0L,64,HP,0
BN31,IO_L3P_T0L_N4_AD15P_64,0L,64,HP,0
BP29,IO_L2N_T0L_N3_64,0L,64,HP,0
BP28,IO_L2P_T0L_N2_64,0L,64,HP,0
BM29,IO_L1N_T0L_N1_DBC_64,0L,64,HP,0
BM28,IO_L1P_T0L_N0_DBC_64,0L,64,HP,0
BF30,VREF_64,NA,64,HP,0
A16,IO_L24N_T3U_N11_71,3U,71,HP,1
B16,IO_L24P_T3U_N10_71,3U,71,HP,1
A18,IO_L23N_T3U_N9_71,3U,71,HP,1
A19,IO_L23P_T3U_N8_71,3U,71,HP,1
A20,IO_L22N_T3U_N7_DBC_AD0N_71,3U,71,HP,1
A21,IO_L22P_T3U_N6_DBC_AD0P_71,3U,71,HP,1
B17,IO_L21N_T3L_N5_AD8N_71,3L,71,HP,1
B18,IO_L21P_T3L_N4_AD8P_71,3L,71,HP,1
B20,IO_L20N_T3L_N3_AD1N_71,3L,71,HP,1
B21,IO_L20P_T3L_N2_AD1P_71,3L,71,HP,1
C17,IO_L19N_T3L_N1_DBC_AD9N_71,3L,71,HP,1
C18,IO_L19P_T3L_N0_DBC_AD9P_71,3L,71,HP,1
C19,IO_T3U_N12_71,3U,71,HP,1
C20,IO_T2U_N12_71,2U,71,HP,1
D19,IO_L18N_T2U_N11_AD2N_71,2U,71,HP,1
D20,IO_L18P_T2U_N10_AD2P_71,2U,71,HP,1
D16,IO_L17N_T2U_N9_AD10N_71,2U,71,HP,1
D17,IO_L17P_T2U_N8_AD10P_71,2U,71,HP,1
D21,IO_L16N_T2U_N7_QBC_AD3N_71,2U,71,HP,1
E21,IO_L16P_T2U_N6_QBC_AD3P_71,2U,71,HP,1
E16,IO_L15N_T2L_N5_AD11N_71,2L,71,HP,1
F16,IO_L15P_T2L_N4_AD11P_71,2L,71,HP,1
E18,IO_L14N_T2L_N3_GC_71,2L,71,HP,1
E19,IO_L14P_T2L_N2_GC_71,2L,71,HP,1
E17,IO_L13N_T2L_N1_GC_QBC_71,2L,71,HP,1
F18,IO_L13P_T2L_N0_GC_QBC_71,2L,71,HP,1
F19,IO_L12N_T1U_N11_GC_71,1U,71,HP,1
F20,IO_L12P_T1U_N10_GC_71,1U,71,HP,1
G17,IO_L11N_T1U_N9_GC_71,1U,71,HP,1
G18,IO_L11P_T1U_N8_GC_71,1U,71,HP,1
F21,IO_L10N_T1U_N7_QBC_AD4N_71,1U,71,HP,1
G21,IO_L10P_T1U_N6_QBC_AD4P_71,1U,71,HP,1
H18,IO_L9N_T1L_N5_AD12N_71,1L,71,HP,1
H19,IO_L9P_T1L_N4_AD12P_71,1L,71,HP,1
G20,IO_L8N_T1L_N3_AD5N_71,1L,71,HP,1
H20,IO_L8P_T1L_N2_AD5P_71,1L,71,HP,1
G16,IO_L7N_T1L_N1_QBC_AD13N_71,1L,71,HP,1
H17,IO_L7P_T1L_N0_QBC_AD13P_71,1L,71,HP,1
J16,IO_T1U_N12_71,1U,71,HP,1
J17,IO_T0U_N12_VRP_71,0U,71,HP,1
J19,IO_L6N_T0U_N11_AD6N_71,0U,71,HP,1
J20,IO_L6P_T0U_N10_AD6P_71,0U,71,HP,1
J21,IO_L5N_T0U_N9_AD14N_71,0U,71,HP,1
K21,IO_L5P_T0U_N8_AD14P_71,0U,71,HP,1
K18,IO_L4N_T0U_N7_DBC_AD7N_71,0U,71,HP,1
K19,IO_L4P_T0U_N6_DBC_AD7P_71,0U,71,HP,1
L20,IO_L3N_T0L_N5_AD15N_71,0L,71,HP,1
L21,IO_L3P_T0L_N4_AD15P_71,0L,71,HP,1
L18,IO_L2N_T0L_N3_71,0L,71,HP,1
L19,IO_L2P_T0L_N2_71,0L,71,HP,1
K16,IO_L1N_T0L_N1_DBC_71,0L,71,HP,1
K17,IO_L1P_T0L_N0_DBC_71,0L,71,HP,1
L16,VREF_71,NA,71,HP,1
A8,IO_L24N_T3U_N11_70,3U,70,HP,1
A9,IO_L24P_T3U_N10_70,3U,70,HP,1
A10,IO_L23N_T3U_N9_70,3U,70,HP,1
A11,IO_L23P_T3U_N8_70,3U,70,HP,1
A13,IO_L22N_T3U_N7_DBC_AD0N_70,3U,70,HP,1
B13,IO_L22P_T3U_N6_DBC_AD0P_70,3U,70,HP,1
B12,IO_L21N_T3L_N5_AD8N_70,3L,70,HP,1
C12,IO_L21P_T3L_N4_AD8P_70,3L,70,HP,1
B10,IO_L20N_T3L_N3_AD1N_70,3L,70,HP,1
B11,IO_L20P_T3L_N2_AD1P_70,3L,70,HP,1
C9,IO_L19N_T3L_N1_DBC_AD9N_70,3L,70,HP,1
C10,IO_L19P_T3L_N0_DBC_AD9P_70,3L,70,HP,1
C13,IO_T3U_N12_70,3U,70,HP,1
C14,IO_T2U_N12_70,2U,70,HP,1
A14,IO_L18N_T2U_N11_AD2N_70,2U,70,HP,1
A15,IO_L18P_T2U_N10_AD2P_70,2U,70,HP,1
B15,IO_L17N_T2U_N9_AD10N_70,2U,70,HP,1
C15,IO_L17P_T2U_N8_AD10P_70,2U,70,HP,1
D14,IO_L16N_T2U_N7_QBC_AD3N_70,2U,70,HP,1
D15,IO_L16P_T2U_N6_QBC_AD3P_70,2U,70,HP,1
E14,IO_L15N_T2L_N5_AD11N_70,2L,70,HP,1
F15,IO_L15P_T2L_N4_AD11P_70,2L,70,HP,1
F13,IO_L14N_T2L_N3_GC_70,2L,70,HP,1
F14,IO_L14P_T2L_N2_GC_70,2L,70,HP,1
D12,IO_L13N_T2L_N1_GC_QBC_70,2L,70,HP,1
E13,IO_L13P_T2L_N0_GC_QBC_70,2L,70,HP,1
E11,IO_L12N_T1U_N11_GC_70,1U,70,HP,1
F11,IO_L12P_T1U_N10_GC_70,1U,70,HP,1
D11,IO_L11N_T1U_N9_GC_70,1U,70,HP,1
E12,IO_L11P_T1U_N8_GC_70,1U,70,HP,1
D9,IO_L10N_T1U_N7_QBC_AD4N_70,1U,70,HP,1
D10,IO_L10P_T1U_N6_QBC_AD4P_70,1U,70,HP,1
E9,IO_L9N_T1L_N5_AD12N_70,1L,70,HP,1
F9,IO_L9P_T1L_N4_AD12P_70,1L,70,HP,1
F10,IO_L8N_T1L_N3_AD5N_70,1L,70,HP,1
G11,IO_L8P_T1L_N2_AD5P_70,1L,70,HP,1
G10,IO_L7N_T1L_N1_QBC_AD13N_70,1L,70,HP,1
H10,IO_L7P_T1L_N0_QBC_AD13P_70,1L,70,HP,1
H9,IO_T1U_N12_70,1U,70,HP,1
G12,IO_T0U_N12_VRP_70,0U,70,HP,1
G13,IO_L6N_T0U_N11_AD6N_70,0U,70,HP,1
H14,IO_L6P_T0U_N10_AD6P_70,0U,70,HP,1
H12,IO_L5N_T0U_N9_AD14N_70,0U,70,HP,1
H13,IO_L5P_T0U_N8_AD14P_70,0U,70,HP,1
G15,IO_L4N_T0U_N7_DBC_AD7N_70,0U,70,HP,1
H15,IO_L4P_T0U_N6_DBC_AD7P_70,0U,70,HP,1
J11,IO_L3N_T0L_N5_AD15N_70,0L,70,HP,1
J12,IO_L3P_T0L_N4_AD15P_70,0L,70,HP,1
J14,IO_L2N_T0L_N3_70,0L,70,HP,1
J15,IO_L2P_T0L_N2_70,0L,70,HP,1
K13,IO_L1N_T0L_N1_DBC_70,0L,70,HP,1
K14,IO_L1P_T0L_N0_DBC_70,0L,70,HP,1
L15,VREF_70,NA,70,HP,1
BF1,IO_L24N_T3U_N11_69,3U,69,HP,1
BE1,IO_L24P_T3U_N10_69,3U,69,HP,1
BE3,IO_L23N_T3U_N9_69,3U,69,HP,1
BE4,IO_L23P_T3U_N8_69,3U,69,HP,1
BE5,IO_L22N_T3U_N7_DBC_AD0N_69,3U,69,HP,1
BE6,IO_L22P_T3U_N6_DBC_AD0P_69,3U,69,HP,1
BF2,IO_L21N_T3L_N5_AD8N_69,3L,69,HP,1
BF3,IO_L21P_T3L_N4_AD8P_69,3L,69,HP,1
BG2,IO_L20N_T3L_N3_AD1N_69,3L,69,HP,1
BG3,IO_L20P_T3L_N2_AD1P_69,3L,69,HP,1
BG4,IO_L19N_T3L_N1_DBC_AD9N_69,3L,69,HP,1
BG5,IO_L19P_T3L_N0_DBC_AD9P_69,3L,69,HP,1
BF5,IO_T3U_N12_69,3U,69,HP,1
BF6,IO_T2U_N12_69,2U,69,HP,1
BF7,IO_L18N_T2U_N11_AD2N_69,2U,69,HP,1
BF8,IO_L18P_T2U_N10_AD2P_69,2U,69,HP,1
BG7,IO_L17N_T2U_N9_AD10N_69,2U,69,HP,1
BG8,IO_L17P_T2U_N8_AD10P_69,2U,69,HP,1
BJ7,IO_L16N_T2U_N7_QBC_AD3N_69,2U,69,HP,1
BH7,IO_L16P_T2U_N6_QBC_AD3P_69,2U,69,HP,1
BK8,IO_L15N_T2L_N5_AD11N_69,2L,69,HP,1
BJ8,IO_L15P_T2L_N4_AD11P_69,2L,69,HP,1
BH4,IO_L14N_T2L_N3_GC_69,2L,69,HP,1
BH5,IO_L14P_T2L_N2_GC_69,2L,69,HP,1
BJ6,IO_L13N_T2L_N1_GC_QBC_69,2L,69,HP,1
BH6,IO_L13P_T2L_N0_GC_QBC_69,2L,69,HP,1
BK4,IO_L12N_T1U_N11_GC_69,1U,69,HP,1
BK5,IO_L12P_T1U_N10_GC_69,1U,69,HP,1
BK3,IO_L11N_T1U_N9_GC_69,1U,69,HP,1
BJ4,IO_L11P_T1U_N8_GC_69,1U,69,HP,1
BJ2,IO_L10N_T1U_N7_QBC_AD4N_69,1U,69,HP,1
BJ3,IO_L10P_T1U_N6_QBC_AD4P_69,1U,69,HP,1
BH1,IO_L9N_T1L_N5_AD12N_69,1L,69,HP,1
BH2,IO_L9P_T1L_N4_AD12P_69,1L,69,HP,1
BK1,IO_L8N_T1L_N3_AD5N_69,1L,69,HP,1
BJ1,IO_L8P_T1L_N2_AD5P_69,1L,69,HP,1
BL2,IO_L7N_T1L_N1_QBC_AD13N_69,1L,69,HP,1
BL3,IO_L7P_T1L_N0_QBC_AD13P_69,1L,69,HP,1
BK6,IO_T1U_N12_69,1U,69,HP,1
BL5,IO_T0U_N12_VRP_69,0U,69,HP,1
BM3,IO_L6N_T0U_N11_AD6N_69,0U,69,HP,1
BM4,IO_L6P_T0U_N10_AD6P_69,0U,69,HP,1
BM5,IO_L5N_T0U_N9_AD14N_69,0U,69,HP,1
BL6,IO_L5P_T0U_N8_AD14P_69,0U,69,HP,1
BM7,IO_L4N_T0U_N7_DBC_AD7N_69,0U,69,HP,1
BL7,IO_L4P_T0U_N6_DBC_AD7P_69,0U,69,HP,1
BN4,IO_L3N_T0L_N5_AD15N_69,0L,69,HP,1
BN5,IO_L3P_T0L_N4_AD15P_69,0L,69,HP,1
BN6,IO_L2N_T0L_N3_69,0L,69,HP,1
BN7,IO_L2P_T0L_N2_69,0L,69,HP,1
BP6,IO_L1N_T0L_N1_DBC_69,0L,69,HP,1
BP7,IO_L1P_T0L_N0_DBC_69,0L,69,HP,1
BE8,VREF_69,NA,69,HP,1
BE9,IO_L24N_T3U_N11_68,3U,68,HP,1
BE10,IO_L24P_T3U_N10_68,3U,68,HP,1
BF10,IO_L23N_T3U_N9_68,3U,68,HP,1
BE11,IO_L23P_T3U_N8_68,3U,68,HP,1
BF11,IO_L22N_T3U_N7_DBC_AD0N_68,3U,68,HP,1
BF12,IO_L22P_T3U_N6_DBC_AD0P_68,3U,68,HP,1
BG9,IO_L21N_T3L_N5_AD8N_68,3L,68,HP,1
BG10,IO_L21P_T3L_N4_AD8P_68,3L,68,HP,1
BG12,IO_L20N_T3L_N3_AD1N_68,3L,68,HP,1
BG13,IO_L20P_T3L_N2_AD1P_68,3L,68,HP,1
BH9,IO_L19N_T3L_N1_DBC_AD9N_68,3L,68,HP,1
BH10,IO_L19P_T3L_N0_DBC_AD9P_68,3L,68,HP,1
BH11,IO_T3U_N12_68,3U,68,HP,1
BH12,IO_T2U_N12_68,2U,68,HP,1
BH14,IO_L18N_T2U_N11_AD2N_68,2U,68,HP,1
BH15,IO_L18P_T2U_N10_AD2P_68,2U,68,HP,1
BJ12,IO_L17N_T2U_N9_AD10N_68,2U,68,HP,1
BJ13,IO_L17P_T2U_N8_AD10P_68,2U,68,HP,1
BK13,IO_L16N_T2U_N7_QBC_AD3N_68,2U,68,HP,1
BJ14,IO_L16P_T2U_N6_QBC_AD3P_68,2U,68,HP,1
BK14,IO_L15N_T2L_N5_AD11N_68,2L,68,HP,1
BK15,IO_L15P_T2L_N4_AD11P_68,2L,68,HP,1
BL12,IO_L14N_T2L_N3_GC_68,2L,68,HP,1
BL13,IO_L14P_T2L_N2_GC_68,2L,68,HP,1
BK11,IO_L13N_T2L_N1_GC_QBC_68,2L,68,HP,1
BJ11,IO_L13P_T2L_N0_GC_QBC_68,2L,68,HP,1
BK9,IO_L12N_T1U_N11_GC_68,1U,68,HP,1
BJ9,IO_L12P_T1U_N10_GC_68,1U,68,HP,1
BL10,IO_L11N_T1U_N9_GC_68,1U,68,HP,1
BK10,IO_L11P_T1U_N8_GC_68,1U,68,HP,1
BM8,IO_L10N_T1U_N7_QBC_AD4N_68,1U,68,HP,1
BL8,IO_L10P_T1U_N6_QBC_AD4P_68,1U,68,HP,1
BN9,IO_L9N_T1L_N5_AD12N_68,1L,68,HP,1
BM9,IO_L9P_T1L_N4_AD12P_68,1L,68,HP,1
BN10,IO_L8N_T1L_N3_AD5N_68,1L,68,HP,1
BM10,IO_L8P_T1L_N2_AD5P_68,1L,68,HP,1
BP8,IO_L7N_T1L_N1_QBC_AD13N_68,1L,68,HP,1
BP9,IO_L7P_T1L_N0_QBC_AD13P_68,1L,68,HP,1
BL11,IO_T1U_N12_68,1U,68,HP,1
BN11,IO_T0U_N12_VRP_68,0U,68,HP,1
BM15,IO_L6N_T0U_N11_AD6N_68,0U,68,HP,1
BL15,IO_L6P_T0U_N10_AD6P_68,0U,68,HP,1
BM13,IO_L5N_T0U_N9_AD14N_68,0U,68,HP,1
BM14,IO_L5P_T0U_N8_AD14P_68,0U,68,HP,1
BN14,IO_L4N_T0U_N7_DBC_AD7N_68,0U,68,HP,1
BN15,IO_L4P_T0U_N6_DBC_AD7P_68,0U,68,HP,1
BN12,IO_L3N_T0L_N5_AD15N_68,0L,68,HP,1
BM12,IO_L3P_T0L_N4_AD15P_68,0L,68,HP,1
BP13,IO_L2N_T0L_N3_68,0L,68,HP,1
BP14,IO_L2P_T0L_N2_68,0L,68,HP,1
BP11,IO_L1N_T0L_N1_DBC_68,0L,68,HP,1
BP12,IO_L1P_T0L_N0_DBC_68,0L,68,HP,1
BG14,VREF_68,NA,68,HP,1
A28,IO_L24N_T3U_N11_75,3U,75,HP,2
B28,IO_L24P_T3U_N10_75,3U,75,HP,2
A30,IO_L23N_T3U_N9_75,3U,75,HP,2
A29,IO_L23P_T3U_N8_75,3U,75,HP,2
A31,IO_L22N_T3U_N7_DBC_AD0N_75,3U,75,HP,2
B30,IO_L22P_T3U_N6_DBC_AD0P_75,3U,75,HP,2
A33,IO_L21N_T3L_N5_AD8N_75,3L,75,HP,2
B32,IO_L21P_T3L_N4_AD8P_75,3L,75,HP,2
C29,IO_L20N_T3L_N3_AD1N_75,3L,75,HP,2
C28,IO_L20P_T3L_N2_AD1P_75,3L,75,HP,2
B31,IO_L19N_T3L_N1_DBC_AD9N_75,3L,75,HP,2
C30,IO_L19P_T3L_N0_DBC_AD9P_75,3L,75,HP,2
B33,IO_T3U_N12_75,3U,75,HP,2
C33,IO_T2U_N12_75,2U,75,HP,2
D29,IO_L18N_T2U_N11_AD2N_75,2U,75,HP,2
E28,IO_L18P_T2U_N10_AD2P_75,2U,75,HP,2
C32,IO_L17N_T2U_N9_AD10N_75,2U,75,HP,2
D32,IO_L17P_T2U_N8_AD10P_75,2U,75,HP,2
D31,IO_L16N_T2U_N7_QBC_AD3N_75,2U,75,HP,2
D30,IO_L16P_T2U_N6_QBC_AD3P_75,2U,75,HP,2
E33,IO_L15N_T2L_N5_AD11N_75,2L,75,HP,2
F33,IO_L15P_T2L_N4_AD11P_75,2L,75,HP,2
E29,IO_L14N_T2L_N3_GC_75,2L,75,HP,2
F29,IO_L14P_T2L_N2_GC_75,2L,75,HP,2
E32,IO_L13N_T2L_N1_GC_QBC_75,2L,75,HP,2
E31,IO_L13P_T2L_N0_GC_QBC_75,2L,75,HP,2
F30,IO_L12N_T1U_N11_GC_75,1U,75,HP,2
G30,IO_L12P_T1U_N10_GC_75,1U,75,HP,2
F31,IO_L11N_T1U_N9_GC_75,1U,75,HP,2
G31,IO_L11P_T1U_N8_GC_75,1U,75,HP,2
F28,IO_L10N_T1U_N7_QBC_AD4N_75,1U,75,HP,2
G28,IO_L10P_T1U_N6_QBC_AD4P_75,1U,75,HP,2
G32,IO_L9N_T1L_N5_AD12N_75,1L,75,HP,2
H32,IO_L9P_T1L_N4_AD12P_75,1L,75,HP,2
H30,IO_L8N_T1L_N3_AD5N_75,1L,75,HP,2
H29,IO_L8P_T1L_N2_AD5P_75,1L,75,HP,2
G33,IO_L7N_T1L_N1_QBC_AD13N_75,1L,75,HP,2
H33,IO_L7P_T1L_N0_QBC_AD13P_75,1L,75,HP,2
H28,IO_T1U_N12_75,1U,75,HP,2
K28,IO_T0U_N12_VRP_75,0U,75,HP,2
J29,IO_L6N_T0U_N11_AD6N_75,0U,75,HP,2
K29,IO_L6P_T0U_N10_AD6P_75,0U,75,HP,2
J31,IO_L5N_T0U_N9_AD14N_75,0U,75,HP,2
J30,IO_L5P_T0U_N8_AD14P_75,0U,75,HP,2
J32,IO_L4N_T0U_N7_DBC_AD7N_75,0U,75,HP,2
K32,IO_L4P_T0U_N6_DBC_AD7P_75,0U,75,HP,2
K31,IO_L3N_T0L_N5_AD15N_75,0L,75,HP,2
L31,IO_L3P_T0L_N4_AD15P_75,0L,75,HP,2
L30,IO_L2N_T0L_N3_75,0L,75,HP,2
L29,IO_L2P_T0L_N2_75,0L,75,HP,2
K33,IO_L1N_T0L_N1_DBC_75,0L,75,HP,2
L33,IO_L1P_T0L_N0_DBC_75,0L,75,HP,2
L28,VREF_75,NA,75,HP,2
A35,IO_L24N_T3U_N11_74,3U,74,HP,2
A34,IO_L24P_T3U_N10_74,3U,74,HP,2
A36,IO_L23N_T3U_N9_74,3U,74,HP,2
B35,IO_L23P_T3U_N8_74,3U,74,HP,2
A38,IO_L22N_T3U_N7_DBC_AD0N_74,3U,74,HP,2
B37,IO_L22P_T3U_N6_DBC_AD0P_74,3U,74,HP,2
B36,IO_L21N_T3L_N5_AD8N_74,3L,74,HP,2
C35,IO_L21P_T3L_N4_AD8P_74,3L,74,HP,2
B38,IO_L20N_T3L_N3_AD1N_74,3L,74,HP,2
C37,IO_L20P_T3L_N2_AD1P_74,3L,74,HP,2
C34,IO_L19N_T3L_N1_DBC_AD9N_74,3L,74,HP,2
D34,IO_L19P_T3L_N0_DBC_AD9P_74,3L,74,HP,2
C38,IO_T3U_N12_74,3U,74,HP,2
C39,IO_T2U_N12_74,2U,74,HP,2
D37,IO_L18N_T2U_N11_AD2N_74,2U,74,HP,2
E36,IO_L18P_T2U_N10_AD2P_74,2U,74,HP,2
E34,IO_L17N_T2U_N9_AD10N_74,2U,74,HP,2
F34,IO_L17P_T2U_N8_AD10P_74,2U,74,HP,2
D39,IO_L16N_T2U_N7_QBC_AD3N_74,2U,74,HP,2
E39,IO_L16P_T2U_N6_QBC_AD3P_74,2U,74,HP,2
D36,IO_L15N_T2L_N5_AD11N_74,2L,74,HP,2
D35,IO_L15P_T2L_N4_AD11P_74,2L,74,HP,2
E38,IO_L14N_T2L_N3_GC_74,2L,74,HP,2
E37,IO_L14P_T2L_N2_GC_74,2L,74,HP,2
F36,IO_L13N_T2L_N1_GC_QBC_74,2L,74,HP,2
F35,IO_L13P_T2L_N0_GC_QBC_74,2L,74,HP,2
F38,IO_L12N_T1U_N11_GC_74,1U,74,HP,2
G37,IO_L12P_T1U_N10_GC_74,1U,74,HP,2
G36,IO_L11N_T1U_N9_GC_74,1U,74,HP,2
G35,IO_L11P_T1U_N8_GC_74,1U,74,HP,2
F39,IO_L10N_T1U_N7_QBC_AD4N_74,1U,74,HP,2
G38,IO_L10P_T1U_N6_QBC_AD4P_74,1U,74,HP,2
H35,IO_L9N_T1L_N5_AD12N_74,1L,74,HP,2
H34,IO_L9P_T1L_N4_AD12P_74,1L,74,HP,2
H38,IO_L8N_T1L_N3_AD5N_74,1L,74,HP,2
H37,IO_L8P_T1L_N2_AD5P_74,1L,74,HP,2
H39,IO_L7N_T1L_N1_QBC_AD13N_74,1L,74,HP,2
J39,IO_L7P_T1L_N0_QBC_AD13P_74,1L,74,HP,2
J34,IO_T1U_N12_74,1U,74,HP,2
J35,IO_T0U_N12_VRP_74,0U,74,HP,2
J37,IO_L6N_T0U_N11_AD6N_74,0U,74,HP,2
K37,IO_L6P_T0U_N10_AD6P_74,0U,74,HP,2
K34,IO_L5N_T0U_N9_AD14N_74,0U,74,HP,2
L34,IO_L5P_T0U_N8_AD14P_74,0U,74,HP,2
K38,IO_L4N_T0U_N7_DBC_AD7N_74,0U,74,HP,2
L38,IO_L4P_T0U_N6_DBC_AD7P_74,0U,74,HP,2
J36,IO_L3N_T0L_N5_AD15N_74,0L,74,HP,2
K36,IO_L3P_T0L_N4_AD15P_74,0L,74,HP,2
K39,IO_L2N_T0L_N3_74,0L,74,HP,2
L39,IO_L2P_T0L_N2_74,0L,74,HP,2
L36,IO_L1N_T0L_N1_DBC_74,0L,74,HP,2
L35,IO_L1P_T0L_N0_DBC_74,0L,74,HP,2
M35,VREF_74,NA,74,HP,2
A40,IO_L24N_T3U_N11_73,3U,73,HP,2
A39,IO_L24P_T3U_N10_73,3U,73,HP,2
B42,IO_L23N_T3U_N9_73,3U,73,HP,2
B41,IO_L23P_T3U_N8_73,3U,73,HP,2
A41,IO_L22N_T3U_N7_DBC_AD0N_73,3U,73,HP,2
B40,IO_L22P_T3U_N6_DBC_AD0P_73,3U,73,HP,2
D41,IO_L21N_T3L_N5_AD8N_73,3L,73,HP,2
E41,IO_L21P_T3L_N4_AD8P_73,3L,73,HP,2
C40,IO_L20N_T3L_N3_AD1N_73,3L,73,HP,2
D40,IO_L20P_T3L_N2_AD1P_73,3L,73,HP,2
F41,IO_L19N_T3L_N1_DBC_AD9N_73,3L,73,HP,2
F40,IO_L19P_T3L_N0_DBC_AD9P_73,3L,73,HP,2
C42,IO_T3U_N12_73,3U,73,HP,2
B43,IO_T2U_N12_73,2U,73,HP,2
A44,IO_L18N_T2U_N11_AD2N_73,2U,73,HP,2
A43,IO_L18P_T2U_N10_AD2P_73,2U,73,HP,2
B45,IO_L17N_T2U_N9_AD10N_73,2U,73,HP,2
C44,IO_L17P_T2U_N8_AD10P_73,2U,73,HP,2
A46,IO_L16N_T2U_N7_QBC_AD3N_73,2U,73,HP,2
A45,IO_L16P_T2U_N6_QBC_AD3P_73,2U,73,HP,2
B46,IO_L15N_T2L_N5_AD11N_73,2L,73,HP,2
C45,IO_L15P_T2L_N4_AD11P_73,2L,73,HP,2
C43,IO_L14N_T2L_N3_GC_73,2L,73,HP,2
D42,IO_L14P_T2L_N2_GC_73,2L,73,HP,2
E43,IO_L13N_T2L_N1_GC_QBC_73,2L,73,HP,2
E42,IO_L13P_T2L_N0_GC_QBC_73,2L,73,HP,2
D45,IO_L12N_T1U_N11_GC_73,1U,73,HP,2
D44,IO_L12P_T1U_N10_GC_73,1U,73,HP,2
E44,IO_L11N_T1U_N9_GC_73,1U,73,HP,2
F44,IO_L11P_T1U_N8_GC_73,1U,73,HP,2
D46,IO_L10N_T1U_N7_QBC_AD4N_73,1U,73,HP,2
E46,IO_L10P_T1U_N6_QBC_AD4P_73,1U,73,HP,2
G45,IO_L9N_T1L_N5_AD12N_73,1L,73,HP,2
H45,IO_L9P_T1L_N4_AD12P_73,1L,73,HP,2
F46,IO_L8N_T1L_N3_AD5N_73,1L,73,HP,2
F45,IO_L8P_T1L_N2_AD5P_73,1L,73,HP,2
H44,IO_L7N_T1L_N1_QBC_AD13N_73,1L,73,HP,2
J44,IO_L7P_T1L_N0_QBC_AD13P_73,1L,73,HP,2
G46,IO_T1U_N12_73,1U,73,HP,2
F43,IO_T0U_N12_VRP_73,0U,73,HP,2
G43,IO_L6N_T0U_N11_AD6N_73,0U,73,HP,2
H43,IO_L6P_T0U_N10_AD6P_73,0U,73,HP,2
G42,IO_L5N_T0U_N9_AD14N_73,0U,73,HP,2
G41,IO_L5P_T0U_N8_AD14P_73,0U,73,HP,2
G40,IO_L4N_T0U_N7_DBC_AD7N_73,0U,73,HP,2
H40,IO_L4P_T0U_N6_DBC_AD7P_73,0U,73,HP,2
J41,IO_L3N_T0L_N5_AD15N_73,0L,73,HP,2
J40,IO_L3P_T0L_N4_AD15P_73,0L,73,HP,2
H42,IO_L2N_T0L_N3_73,0L,73,HP,2
J42,IO_L2P_T0L_N2_73,0L,73,HP,2
K42,IO_L1N_T0L_N1_DBC_73,0L,73,HP,2
K41,IO_L1P_T0L_N0_DBC_73,0L,73,HP,2
L40,VREF_73,NA,73,HP,2
A24,IO_L24N_T3U_N11_72,3U,72,HP,2
A25,IO_L24P_T3U_N10_72,3U,72,HP,2
A26,IO_L23N_T3U_N9_72,3U,72,HP,2
B27,IO_L23P_T3U_N8_72,3U,72,HP,2
A23,IO_L22N_T3U_N7_DBC_AD0N_72,3U,72,HP,2
B23,IO_L22P_T3U_N6_DBC_AD0P_72,3U,72,HP,2
B25,IO_L21N_T3L_N5_AD8N_72,3L,72,HP,2
B26,IO_L21P_T3L_N4_AD8P_72,3L,72,HP,2
C24,IO_L20N_T3L_N3_AD1N_72,3L,72,HP,2
C25,IO_L20P_T3L_N2_AD1P_72,3L,72,HP,2
B22,IO_L19N_T3L_N1_DBC_AD9N_72,3L,72,HP,2
C23,IO_L19P_T3L_N0_DBC_AD9P_72,3L,72,HP,2
C22,IO_T3U_N12_72,3U,72,HP,2
C27,IO_T2U_N12_72,2U,72,HP,2
D27,IO_L18N_T2U_N11_AD2N_72,2U,72,HP,2
E27,IO_L18P_T2U_N10_AD2P_72,2U,72,HP,2
D26,IO_L17N_T2U_N9_AD10N_72,2U,72,HP,2
E26,IO_L17P_T2U_N8_AD10P_72,2U,72,HP,2
D24,IO_L16N_T2U_N7_QBC_AD3N_72,2U,72,HP,2
D25,IO_L16P_T2U_N6_QBC_AD3P_72,2U,72,HP,2
D22,IO_L15N_T2L_N5_AD11N_72,2L,72,HP,2
E22,IO_L15P_T2L_N4_AD11P_72,2L,72,HP,2
F25,IO_L14N_T2L_N3_GC_72,2L,72,HP,2
F26,IO_L14P_T2L_N2_GC_72,2L,72,HP,2
E23,IO_L13N_T2L_N1_GC_QBC_72,2L,72,HP,2
E24,IO_L13P_T2L_N0_GC_QBC_72,2L,72,HP,2
G25,IO_L12N_T1U_N11_GC_72,1U,72,HP,2
G26,IO_L12P_T1U_N10_GC_72,1U,72,HP,2
F23,IO_L11N_T1U_N9_GC_72,1U,72,HP,2
F24,IO_L11P_T1U_N8_GC_72,1U,72,HP,2
G22,IO_L10N_T1U_N7_QBC_AD4N_72,1U,72,HP,2
G23,IO_L10P_T1U_N6_QBC_AD4P_72,1U,72,HP,2
G27,IO_L9N_T1L_N5_AD12N_72,1L,72,HP,2
H27,IO_L9P_T1L_N4_AD12P_72,1L,72,HP,2
H22,IO_L8N_T1L_N3_AD5N_72,1L,72,HP,2
J22,IO_L8P_T1L_N2_AD5P_72,1L,72,HP,2
H23,IO_L7N_T1L_N1_QBC_AD13N_72,1L,72,HP,2
H24,IO_L7P_T1L_N0_QBC_AD13P_72,1L,72,HP,2
H25,IO_T1U_N12_72,1U,72,HP,2
J24,IO_T0U_N12_VRP_72,0U,72,HP,2
J25,IO_L6N_T0U_N11_AD6N_72,0U,72,HP,2
J26,IO_L6P_T0U_N10_AD6P_72,0U,72,HP,2
J27,IO_L5N_T0U_N9_AD14N_72,0U,72,HP,2
K27,IO_L5P_T0U_N8_AD14P_72,0U,72,HP,2
K22,IO_L4N_T0U_N7_DBC_AD7N_72,0U,72,HP,2
L23,IO_L4P_T0U_N6_DBC_AD7P_72,0U,72,HP,2
K23,IO_L3N_T0L_N5_AD15N_72,0L,72,HP,2
K24,IO_L3P_T0L_N4_AD15P_72,0L,72,HP,2
K26,IO_L2N_T0L_N3_72,0L,72,HP,2
L26,IO_L2P_T0L_N2_72,0L,72,HP,2
L24,IO_L1N_T0L_N1_DBC_72,0L,72,HP,2
L25,IO_L1P_T0L_N0_DBC_72,0L,72,HP,2
M23,VREF_72,NA,72,HP,2
BE38,RSVD,NA,43,NA,0
BE40,RSVD,NA,43,NA,0
BL40,RSVD,NA,43,NA,0
BK40,RSVD,NA,43,NA,0
BK39,RSVD,NA,43,NA,0
BM39,RSVD,NA,43,NA,0
BN40,RSVD,NA,43,NA,0
BP39,RSVD,NA,43,NA,0
BN39,RSVD,NA,43,NA,0
BP38,RSVD,NA,43,NA,0
BM38,RSVD,NA,43,NA,0
BP37,RSVD,NA,43,NA,0
BN37,RSVD,NA,43,NA,0
BP36,RSVD,NA,43,NA,0
BN36,RSVD,NA,43,NA,0
BJ39,RSVDGND,NA,43,NA,0
BH39,RSVD,NA,43,NA,0
BG39,RSVD,NA,43,NA,0
BG38,RSVD,NA,43,NA,0
BH40,RSVD,NA,43,NA,0
BG40,RSVD,NA,43,NA,0
BF40,RSVD,NA,43,NA,0
BM37,RSVD,NA,43,NA,0
BL38,RSVD,NA,43,NA,0
BL37,RSVD,NA,43,NA,0
BL36,RSVD,NA,43,NA,0
BK38,RSVD,NA,43,NA,0
BJ38,RSVD,NA,43,NA,0
BP41,RSVD,NA,43,NA,0
BJ37,RSVD,NA,43,NA,0
BK36,RSVD,NA,43,NA,0
BJ36,RSVD,NA,43,NA,0
BH37,RSVD,NA,43,NA,0
BH36,RSVD,NA,43,NA,0
BF38,RSVD,NA,43,NA,0
BG37,RSVD,NA,43,NA,0
BF37,RSVD,NA,43,NA,0
BN41,RSVD,NA,43,NA,0
BM40,RSVD,NA,43,NA,0
BL41,RSVD,NA,43,NA,0
BE18,RSVD,NA,83,NA,0
BE16,RSVD,NA,83,NA,0
BL20,RSVD,NA,83,NA,0
BK20,RSVD,NA,83,NA,0
BK19,RSVD,NA,83,NA,0
BM19,RSVD,NA,83,NA,0
BN20,RSVD,NA,83,NA,0
BP19,RSVD,NA,83,NA,0
BN19,RSVD,NA,83,NA,0
BP18,RSVD,NA,83,NA,0
BM18,RSVD,NA,83,NA,0
BP17,RSVD,NA,83,NA,0
BN17,RSVD,NA,83,NA,0
BP16,RSVD,NA,83,NA,0
BN16,RSVD,NA,83,NA,0
BJ19,RSVDGND,NA,83,NA,0
BH19,RSVD,NA,83,NA,0
BG19,RSVD,NA,83,NA,0
BG18,RSVD,NA,83,NA,0
BH20,RSVD,NA,83,NA,0
BG20,RSVD,NA,83,NA,0
BF20,RSVD,NA,83,NA,0
BM17,RSVD,NA,83,NA,0
BL18,RSVD,NA,83,NA,0
BL17,RSVD,NA,83,NA,0
BL16,RSVD,NA,83,NA,0
BK18,RSVD,NA,83,NA,0
BJ18,RSVD,NA,83,NA,0
BP21,RSVD,NA,83,NA,0
BJ17,RSVD,NA,83,NA,0
BK16,RSVD,NA,83,NA,0
BJ16,RSVD,NA,83,NA,0
BH17,RSVD,NA,83,NA,0
BH16,RSVD,NA,83,NA,0
BF18,RSVD,NA,83,NA,0
BG17,RSVD,NA,83,NA,0
BF17,RSVD,NA,83,NA,0
BN21,RSVD,NA,83,NA,0
BM20,RSVD,NA,83,NA,0
BL21,RSVD,NA,83,NA,0
AV43,MGTREFCLK0N_124,NA,124,GTY,0
AV42,MGTREFCLK0P_124,NA,124,GTY,0
AT43,MGTREFCLK1N_124,NA,124,GTY,0
AT42,MGTREFCLK1P_124,NA,124,GTY,0
BC54,MGTYRXN0_124,NA,124,GTY,0
BB52,MGTYRXN1_124,NA,124,GTY,0
BA54,MGTYRXN2_124,NA,124,GTY,0
BA50,MGTYRXN3_124,NA,124,GTY,0
BC53,MGTYRXP0_124,NA,124,GTY,0
BB51,MGTYRXP1_124,NA,124,GTY,0
BA53,MGTYRXP2_124,NA,124,GTY,0
BA49,MGTYRXP3_124,NA,124,GTY,0
BC49,MGTYTXN0_124,NA,124,GTY,0
BC45,MGTYTXN1_124,NA,124,GTY,0
BB47,MGTYTXN2_124,NA,124,GTY,0
BA45,MGTYTXN3_124,NA,124,GTY,0
BC48,MGTYTXP0_124,NA,124,GTY,0
BC44,MGTYTXP1_124,NA,124,GTY,0
BB46,MGTYTXP2_124,NA,124,GTY,0
BA44,MGTYTXP3_124,NA,124,GTY,0
AU40,MGTAVTTRCAL_LS,NA,NA,NA,0
AR41,MGTREFCLK0N_125,NA,125,GTY,0
AR40,MGTREFCLK0P_125,NA,125,GTY,0
AP43,MGTREFCLK1N_125,NA,125,GTY,0
AP42,MGTREFCLK1P_125,NA,125,GTY,0
AU41,MGTRREF_LS,NA,NA,NA,0
AY52,MGTYRXN0_125,NA,125,GTY,0
AW54,MGTYRXN1_125,NA,125,GTY,0
AW50,MGTYRXN2_125,NA,125,GTY,0
AV52,MGTYRXN3_125,NA,125,GTY,0
AY51,MGTYRXP0_125,NA,125,GTY,0
AW53,MGTYRXP1_125,NA,125,GTY,0
AW49,MGTYRXP2_125,NA,125,GTY,0
AV51,MGTYRXP3_125,NA,125,GTY,0
AY47,MGTYTXN0_125,NA,125,GTY,0
AW45,MGTYTXN1_125,NA,125,GTY,0
AV47,MGTYTXN2_125,NA,125,GTY,0
AU45,MGTYTXN3_125,NA,125,GTY,0
AY46,MGTYTXP0_125,NA,125,GTY,0
AW44,MGTYTXP1_125,NA,125,GTY,0
AV46,MGTYTXP2_125,NA,125,GTY,0
AU44,MGTYTXP3_125,NA,125,GTY,0
AN41,MGTREFCLK0N_126,NA,126,GTY,0
AN40,MGTREFCLK0P_126,NA,126,GTY,0
AM43,MGTREFCLK1N_126,NA,126,GTY,0
AM42,MGTREFCLK1P_126,NA,126,GTY,0
AU54,MGTYRXN0_126,NA,126,GTY,0
AT52,MGTYRXN1_126,NA,126,GTY,0
AR54,MGTYRXN2_126,NA,126,GTY,0
AP52,MGTYRXN3_126,NA,126,GTY,0
AU53,MGTYRXP0_126,NA,126,GTY,0
AT51,MGTYRXP1_126,NA,126,GTY,0
AR53,MGTYRXP2_126,NA,126,GTY,0
AP51,MGTYRXP3_126,NA,126,GTY,0
AU49,MGTYTXN0_126,NA,126,GTY,0
AT47,MGTYTXN1_126,NA,126,GTY,0
AR49,MGTYTXN2_126,NA,126,GTY,0
AR45,MGTYTXN3_126,NA,126,GTY,0
AU48,MGTYTXP0_126,NA,126,GTY,0
AT46,MGTYTXP1_126,NA,126,GTY,0
AR48,MGTYTXP2_126,NA,126,GTY,0
AR44,MGTYTXP3_126,NA,126,GTY,0
AL41,MGTREFCLK0N_127,NA,127,GTY,0
AL40,MGTREFCLK0P_127,NA,127,GTY,0
AK43,MGTREFCLK1N_127,NA,127,GTY,0
AK42,MGTREFCLK1P_127,NA,127,GTY,0
AN54,MGTYRXN0_127,NA,127,GTY,0
AN50,MGTYRXN1_127,NA,127,GTY,0
AM52,MGTYRXN2_127,NA,127,GTY,0
AL54,MGTYRXN3_127,NA,127,GTY,0
AN53,MGTYRXP0_127,NA,127,GTY,0
AN49,MGTYRXP1_127,NA,127,GTY,0
AM51,MGTYRXP2_127,NA,127,GTY,0
AL53,MGTYRXP3_127,NA,127,GTY,0
AP47,MGTYTXN0_127,NA,127,GTY,0
AN45,MGTYTXN1_127,NA,127,GTY,0
AM47,MGTYTXN2_127,NA,127,GTY,0
AL45,MGTYTXN3_127,NA,127,GTY,0
AP46,MGTYTXP0_127,NA,127,GTY,0
AN44,MGTYTXP1_127,NA,127,GTY,0
AM46,MGTYTXP2_127,NA,127,GTY,0
AL44,MGTYTXP3_127,NA,127,GTY,0
AG54,MGTMRXN0_128,NA,128,GTM,1
AE54,MGTMRXN1_128,NA,128,GTM,1
AG53,MGTMRXP0_128,NA,128,GTM,1
AE53,MGTMRXP1_128,NA,128,GTM,1
AJ49,MGTMTXN0_128,NA,128,GTM,1
AG45,MGTMTXN1_128,NA,128,GTM,1
AJ48,MGTMTXP0_128,NA,128,GTM,1
AG44,MGTMTXP1_128,NA,128,GTM,1
AH43,MGTREFCLKN_128,NA,128,GTM,1
AH42,MGTREFCLKP_128,NA,128,GTM,1
AE40,MGTAVTTRCAL_LC,NA,NA,NA,1
AE50,MGTMRXN0_129,NA,129,GTM,1
AC54,MGTMRXN1_129,NA,129,GTM,1
AE49,MGTMRXP0_129,NA,129,GTM,1
AC53,MGTMRXP1_129,NA,129,GTM,1
AG49,MGTMTXN0_129,NA,129,GTM,1
AD47,MGTMTXN1_129,NA,129,GTM,1
AG48,MGTMTXP0_129,NA,129,GTM,1
AD46,MGTMTXP1_129,NA,129,GTM,1
AF43,MGTREFCLKN_129,NA,129,GTM,1
AF42,MGTREFCLKP_129,NA,129,GTM,1
AE41,MGTRREF_LC,NA,NA,NA,1
AC50,MGTMRXN0_130,NA,130,GTM,1
AA54,MGTMRXN1_130,NA,130,GTM,1
AC49,MGTMRXP0_130,NA,130,GTM,1
AA53,MGTMRXP1_130,NA,130,GTM,1
AA45,MGTMTXN0_130,NA,130,GTM,1
AA49,MGTMTXN1_130,NA,130,GTM,1
AA44,MGTMTXP0_130,NA,130,GTM,1
AA48,MGTMTXP1_130,NA,130,GTM,1
AC41,MGTREFCLKN_130,NA,130,GTM,1
AC40,MGTREFCLKP_130,NA,130,GTM,1
W54,MGTMRXN0_131,NA,131,GTM,1
U54,MGTMRXN1_131,NA,131,GTM,1
W53,MGTMRXP0_131,NA,131,GTM,1
U53,MGTMRXP1_131,NA,131,GTM,1
W45,MGTMTXN0_131,NA,131,GTM,1
W49,MGTMTXN1_131,NA,131,GTM,1
W44,MGTMTXP0_131,NA,131,GTM,1
W48,MGTMTXP1_131,NA,131,GTM,1
AA41,MGTREFCLKN_131,NA,131,GTM,1
AA40,MGTREFCLKP_131,NA,131,GTM,1
U50,MGTMRXN0_132,NA,132,GTM,2
R54,MGTMRXN1_132,NA,132,GTM,2
U49,MGTMRXP0_132,NA,132,GTM,2
R53,MGTMRXP1_132,NA,132,GTM,2
T47,MGTMTXN0_132,NA,132,GTM,2
N49,MGTMTXN1_132,NA,132,GTM,2
T46,MGTMTXP0_132,NA,132,GTM,2
N48,MGTMTXP1_132,NA,132,GTM,2
W41,MGTREFCLKN_132,NA,132,GTM,2
W40,MGTREFCLKP_132,NA,132,GTM,2
N40,MGTAVTTRCAL_LN,NA,NA,NA,2
R50,MGTMRXN0_133,NA,133,GTM,2
N54,MGTMRXN1_133,NA,133,GTM,2
R49,MGTMRXP0_133,NA,133,GTM,2
N53,MGTMRXP1_133,NA,133,GTM,2
L49,MGTMTXN0_133,NA,133,GTM,2
J49,MGTMTXN1_133,NA,133,GTM,2
L48,MGTMTXP0_133,NA,133,GTM,2
J48,MGTMTXP1_133,NA,133,GTM,2
U41,MGTREFCLKN_133,NA,133,GTM,2
U40,MGTREFCLKP_133,NA,133,GTM,2
N41,MGTRREF_LN,NA,NA,NA,2
L54,MGTMRXN0_134,NA,134,GTM,2
J54,MGTMRXN1_134,NA,134,GTM,2
L53,MGTMRXP0_134,NA,134,GTM,2
J53,MGTMRXP1_134,NA,134,GTM,2
G49,MGTMTXN0_134,NA,134,GTM,2
E49,MGTMTXN1_134,NA,134,GTM,2
G48,MGTMTXP0_134,NA,134,GTM,2
E48,MGTMTXP1_134,NA,134,GTM,2
R41,MGTREFCLKN_134,NA,134,GTM,2
R40,MGTREFCLKP_134,NA,134,GTM,2
G54,MGTMRXN0_135,NA,135,GTM,2
E54,MGTMRXN1_135,NA,135,GTM,2
G53,MGTMRXP0_135,NA,135,GTM,2
E53,MGTMRXP1_135,NA,135,GTM,2
C49,MGTMTXN0_135,NA,135,GTM,2
A50,MGTMTXN1_135,NA,135,GTM,2
C48,MGTMTXP0_135,NA,135,GTM,2
A49,MGTMTXP1_135,NA,135,GTM,2
M43,MGTREFCLKN_135,NA,135,GTM,2
M42,MGTREFCLKP_135,NA,135,GTM,2
AV12,MGTREFCLK0N_224,NA,224,GTY,0
AV13,MGTREFCLK0P_224,NA,224,GTY,0
AT12,MGTREFCLK1N_224,NA,224,GTY,0
AT13,MGTREFCLK1P_224,NA,224,GTY,0
BC1,MGTYRXN0_224,NA,224,GTY,0
BB3,MGTYRXN1_224,NA,224,GTY,0
BA1,MGTYRXN2_224,NA,224,GTY,0
BA5,MGTYRXN3_224,NA,224,GTY,0
BC2,MGTYRXP0_224,NA,224,GTY,0
BB4,MGTYRXP1_224,NA,224,GTY,0
BA2,MGTYRXP2_224,NA,224,GTY,0
BA6,MGTYRXP3_224,NA,224,GTY,0
BC6,MGTYTXN0_224,NA,224,GTY,0
BC10,MGTYTXN1_224,NA,224,GTY,0
BB8,MGTYTXN2_224,NA,224,GTY,0
BA10,MGTYTXN3_224,NA,224,GTY,0
BC7,MGTYTXP0_224,NA,224,GTY,0
BC11,MGTYTXP1_224,NA,224,GTY,0
BB9,MGTYTXP2_224,NA,224,GTY,0
BA11,MGTYTXP3_224,NA,224,GTY,0
AU15,MGTAVTTRCAL_RS,NA,NA,NA,0
AR14,MGTREFCLK0N_225,NA,225,GTY,0
AR15,MGTREFCLK0P_225,NA,225,GTY,0
AP12,MGTREFCLK1N_225,NA,225,GTY,0
AP13,MGTREFCLK1P_225,NA,225,GTY,0
AU14,MGTRREF_RS,NA,NA,NA,0
AY3,MGTYRXN0_225,NA,225,GTY,0
AW1,MGTYRXN1_225,NA,225,GTY,0
AW5,MGTYRXN2_225,NA,225,GTY,0
AV3,MGTYRXN3_225,NA,225,GTY,0
AY4,MGTYRXP0_225,NA,225,GTY,0
AW2,MGTYRXP1_225,NA,225,GTY,0
AW6,MGTYRXP2_225,NA,225,GTY,0
AV4,MGTYRXP3_225,NA,225,GTY,0
AY8,MGTYTXN0_225,NA,225,GTY,0
AW10,MGTYTXN1_225,NA,225,GTY,0
AV8,MGTYTXN2_225,NA,225,GTY,0
AU6,MGTYTXN3_225,NA,225,GTY,0
AY9,MGTYTXP0_225,NA,225,GTY,0
AW11,MGTYTXP1_225,NA,225,GTY,0
AV9,MGTYTXP2_225,NA,225,GTY,0
AU7,MGTYTXP3_225,NA,225,GTY,0
AN14,MGTREFCLK0N_226,NA,226,GTY,0
AN15,MGTREFCLK0P_226,NA,226,GTY,0
AM12,MGTREFCLK1N_226,NA,226,GTY,0
AM13,MGTREFCLK1P_226,NA,226,GTY,0
AU1,MGTYRXN0_226,NA,226,GTY,0
AT3,MGTYRXN1_226,NA,226,GTY,0
AR1,MGTYRXN2_226,NA,226,GTY,0
AP3,MGTYRXN3_226,NA,226,GTY,0
AU2,MGTYRXP0_226,NA,226,GTY,0
AT4,MGTYRXP1_226,NA,226,GTY,0
AR2,MGTYRXP2_226,NA,226,GTY,0
AP4,MGTYRXP3_226,NA,226,GTY,0
AU10,MGTYTXN0_226,NA,226,GTY,0
AT8,MGTYTXN1_226,NA,226,GTY,0
AR6,MGTYTXN2_226,NA,226,GTY,0
AR10,MGTYTXN3_226,NA,226,GTY,0
AU11,MGTYTXP0_226,NA,226,GTY,0
AT9,MGTYTXP1_226,NA,226,GTY,0
AR7,MGTYTXP2_226,NA,226,GTY,0
AR11,MGTYTXP3_226,NA,226,GTY,0
AL14,MGTREFCLK0N_227,NA,227,GTY,0
AL15,MGTREFCLK0P_227,NA,227,GTY,0
AK12,MGTREFCLK1N_227,NA,227,GTY,0
AK13,MGTREFCLK1P_227,NA,227,GTY,0
AN1,MGTYRXN0_227,NA,227,GTY,0
AN5,MGTYRXN1_227,NA,227,GTY,0
AM3,MGTYRXN2_227,NA,227,GTY,0
AL1,MGTYRXN3_227,NA,227,GTY,0
AN2,MGTYRXP0_227,NA,227,GTY,0
AN6,MGTYRXP1_227,NA,227,GTY,0
AM4,MGTYRXP2_227,NA,227,GTY,0
AL2,MGTYRXP3_227,NA,227,GTY,0
AP8,MGTYTXN0_227,NA,227,GTY,0
AN10,MGTYTXN1_227,NA,227,GTY,0
AM8,MGTYTXN2_227,NA,227,GTY,0
AL10,MGTYTXN3_227,NA,227,GTY,0
AP9,MGTYTXP0_227,NA,227,GTY,0
AN11,MGTYTXP1_227,NA,227,GTY,0
AM9,MGTYTXP2_227,NA,227,GTY,0
AL11,MGTYTXP3_227,NA,227,GTY,0
AG1,MGTMRXN0_228,NA,228,GTM,1
AE1,MGTMRXN1_228,NA,228,GTM,1
AG2,MGTMRXP0_228,NA,228,GTM,1
AE2,MGTMRXP1_228,NA,228,GTM,1
AJ6,MGTMTXN0_228,NA,228,GTM,1
AG10,MGTMTXN1_228,NA,228,GTM,1
AJ7,MGTMTXP0_228,NA,228,GTM,1
AG11,MGTMTXP1_228,NA,228,GTM,1
AH12,MGTREFCLKN_228,NA,228,GTM,1
AH13,MGTREFCLKP_228,NA,228,GTM,1
AE15,MGTAVTTRCAL_RC,NA,NA,NA,1
AE5,MGTMRXN0_229,NA,229,GTM,1
AC1,MGTMRXN1_229,NA,229,GTM,1
AE6,MGTMRXP0_229,NA,229,GTM,1
AC2,MGTMRXP1_229,NA,229,GTM,1
AG6,MGTMTXN0_229,NA,229,GTM,1
AD8,MGTMTXN1_229,NA,229,GTM,1
AG7,MGTMTXP0_229,NA,229,GTM,1
AD9,MGTMTXP1_229,NA,229,GTM,1
AF12,MGTREFCLKN_229,NA,229,GTM,1
AF13,MGTREFCLKP_229,NA,229,GTM,1
AE14,MGTRREF_RC,NA,NA,NA,1
AC5,MGTMRXN0_230,NA,230,GTM,1
AA1,MGTMRXN1_230,NA,230,GTM,1
AC6,MGTMRXP0_230,NA,230,GTM,1
AA2,MGTMRXP1_230,NA,230,GTM,1
AA10,MGTMTXN0_230,NA,230,GTM,1
AA6,MGTMTXN1_230,NA,230,GTM,1
AA11,MGTMTXP0_230,NA,230,GTM,1
AA7,MGTMTXP1_230,NA,230,GTM,1
AC14,MGTREFCLKN_230,NA,230,GTM,1
AC15,MGTREFCLKP_230,NA,230,GTM,1
W1,MGTMRXN0_231,NA,231,GTM,1
U1,MGTMRXN1_231,NA,231,GTM,1
W2,MGTMRXP0_231,NA,231,GTM,1
U2,MGTMRXP1_231,NA,231,GTM,1
W10,MGTMTXN0_231,NA,231,GTM,1
W6,MGTMTXN1_231,NA,231,GTM,1
W11,MGTMTXP0_231,NA,231,GTM,1
W7,MGTMTXP1_231,NA,231,GTM,1
AA14,MGTREFCLKN_231,NA,231,GTM,1
AA15,MGTREFCLKP_231,NA,231,GTM,1
U5,MGTMRXN0_232,NA,232,GTM,2
R1,MGTMRXN1_232,NA,232,GTM,2
U6,MGTMRXP0_232,NA,232,GTM,2
R2,MGTMRXP1_232,NA,232,GTM,2
T8,MGTMTXN0_232,NA,232,GTM,2
N6,MGTMTXN1_232,NA,232,GTM,2
T9,MGTMTXP0_232,NA,232,GTM,2
N7,MGTMTXP1_232,NA,232,GTM,2
W14,MGTREFCLKN_232,NA,232,GTM,2
W15,MGTREFCLKP_232,NA,232,GTM,2
N15,MGTAVTTRCAL_RN,NA,NA,NA,2
R5,MGTMRXN0_233,NA,233,GTM,2
N1,MGTMRXN1_233,NA,233,GTM,2
R6,MGTMRXP0_233,NA,233,GTM,2
N2,MGTMRXP1_233,NA,233,GTM,2
L6,MGTMTXN0_233,NA,233,GTM,2
J6,MGTMTXN1_233,NA,233,GTM,2
L7,MGTMTXP0_233,NA,233,GTM,2
J7,MGTMTXP1_233,NA,233,GTM,2
U14,MGTREFCLKN_233,NA,233,GTM,2
U15,MGTREFCLKP_233,NA,233,GTM,2
N14,MGTRREF_RN,NA,NA,NA,2
L1,MGTMRXN0_234,NA,234,GTM,2
J1,MGTMRXN1_234,NA,234,GTM,2
L2,MGTMRXP0_234,NA,234,GTM,2
J2,MGTMRXP1_234,NA,234,GTM,2
G6,MGTMTXN0_234,NA,234,GTM,2
E6,MGTMTXN1_234,NA,234,GTM,2
G7,MGTMTXP0_234,NA,234,GTM,2
E7,MGTMTXP1_234,NA,234,GTM,2
R14,MGTREFCLKN_234,NA,234,GTM,2
R15,MGTREFCLKP_234,NA,234,GTM,2
G1,MGTMRXN0_235,NA,235,GTM,2
E1,MGTMRXN1_235,NA,235,GTM,2
G2,MGTMRXP0_235,NA,235,GTM,2
E2,MGTMRXP1_235,NA,235,GTM,2
C6,MGTMTXN0_235,NA,235,GTM,2
A5,MGTMTXN1_235,NA,235,GTM,2
C7,MGTMTXP0_235,NA,235,GTM,2
A6,MGTMTXP1_235,NA,235,GTM,2
M12,MGTREFCLKN_235,NA,235,GTM,2
M13,MGTREFCLKP_235,NA,235,GTM,2
BA14,VCCO_0,NA,0,NA,0
BD15,VCCO_0,NA,0,NA,0
BE32,VCCAUX_HBM_43,NA,43,NA,0
BE34,VCCAUX_HBM_43,NA,43,NA,0
BE36,VCCAUX_HBM_43,NA,43,NA,0
BB29,VCC_HBM_43,NA,43,NA,0
BB31,VCC_HBM_43,NA,43,NA,0
BB33,VCC_HBM_43,NA,43,NA,0
BB35,VCC_HBM_43,NA,43,NA,0
BB37,VCC_HBM_43,NA,43,NA,0
BB39,VCC_HBM_43,NA,43,NA,0
BC28,VCC_HBM_43,NA,43,NA,0
BC30,VCC_HBM_43,NA,43,NA,0
BC32,VCC_HBM_43,NA,43,NA,0
BC34,VCC_HBM_43,NA,43,NA,0
BC36,VCC_HBM_43,NA,43,NA,0
BC38,VCC_HBM_43,NA,43,NA,0
BC40,VCC_HBM_43,NA,43,NA,0
BD29,VCC_HBM_43,NA,43,NA,0
BD31,VCC_HBM_43,NA,43,NA,0
BD33,VCC_HBM_43,NA,43,NA,0
BD35,VCC_HBM_43,NA,43,NA,0
BD37,VCC_HBM_43,NA,43,NA,0
BD39,VCC_HBM_43,NA,43,NA,0
BE28,VCC_HBM_43,NA,43,NA,0
BE30,VCC_HBM_43,NA,43,NA,0
AW28,VCC_IO_HBM_43,NA,43,NA,0
AW30,VCC_IO_HBM_43,NA,43,NA,0
AW32,VCC_IO_HBM_43,NA,43,NA,0
AW34,VCC_IO_HBM_43,NA,43,NA,0
AW36,VCC_IO_HBM_43,NA,43,NA,0
AW38,VCC_IO_HBM_43,NA,43,NA,0
AW40,VCC_IO_HBM_43,NA,43,NA,0
AY29,VCC_IO_HBM_43,NA,43,NA,0
AY31,VCC_IO_HBM_43,NA,43,NA,0
AY33,VCC_IO_HBM_43,NA,43,NA,0
AY35,VCC_IO_HBM_43,NA,43,NA,0
AY37,VCC_IO_HBM_43,NA,43,NA,0
AY39,VCC_IO_HBM_43,NA,43,NA,0
BA30,VCC_IO_HBM_43,NA,43,NA,0
BA32,VCC_IO_HBM_43,NA,43,NA,0
BA34,VCC_IO_HBM_43,NA,43,NA,0
BA36,VCC_IO_HBM_43,NA,43,NA,0
BA38,VCC_IO_HBM_43,NA,43,NA,0
BA40,VCC_IO_HBM_43,NA,43,NA,0
BH33,VCCO_64,NA,64,NA,0
BJ30,VCCO_64,NA,64,NA,0
BL34,VCCO_64,NA,64,NA,0
BG41,VCCO_65,NA,65,NA,0
BJ45,VCCO_65,NA,65,NA,0
BK42,VCCO_65,NA,65,NA,0
BG51,VCCO_66,NA,66,NA,0
BH48,VCCO_66,NA,66,NA,0
BL49,VCCO_66,NA,66,NA,0
BG26,VCCO_67,NA,67,NA,0
BH23,VCCO_67,NA,67,NA,0
BK27,VCCO_67,NA,67,NA,0
BH13,VCCO_68,NA,68,NA,1
BJ10,VCCO_68,NA,68,NA,1
BL14,VCCO_68,NA,68,NA,1
BG6,VCCO_69,NA,69,NA,1
BH3,VCCO_69,NA,69,NA,1
BK7,VCCO_69,NA,69,NA,1
G14,VCCO_70,NA,70,NA,1
H11,VCCO_70,NA,70,NA,1
K15,VCCO_70,NA,70,NA,1
F17,VCCO_71,NA,71,NA,1
H21,VCCO_71,NA,71,NA,1
J18,VCCO_71,NA,71,NA,1
F27,VCCO_72,NA,72,NA,2
G24,VCCO_72,NA,72,NA,2
K25,VCCO_72,NA,72,NA,2
E40,VCCO_73,NA,73,NA,2
G44,VCCO_73,NA,73,NA,2
H41,VCCO_73,NA,73,NA,2
G34,VCCO_74,NA,74,NA,2
J38,VCCO_74,NA,74,NA,2
K35,VCCO_74,NA,74,NA,2
E30,VCCO_75,NA,75,NA,2
H31,VCCO_75,NA,75,NA,2
J28,VCCO_75,NA,75,NA,2
BE20,VCCAUX_HBM_83,NA,83,NA,0
BE22,VCCAUX_HBM_83,NA,83,NA,0
BE24,VCCAUX_HBM_83,NA,83,NA,0
BB17,VCC_HBM_83,NA,83,NA,0
BB19,VCC_HBM_83,NA,83,NA,0
BB21,VCC_HBM_83,NA,83,NA,0
BB23,VCC_HBM_83,NA,83,NA,0
BB25,VCC_HBM_83,NA,83,NA,0
BB27,VCC_HBM_83,NA,83,NA,0
BC16,VCC_HBM_83,NA,83,NA,0
BC18,VCC_HBM_83,NA,83,NA,0
BC20,VCC_HBM_83,NA,83,NA,0
BC22,VCC_HBM_83,NA,83,NA,0
BC24,VCC_HBM_83,NA,83,NA,0
BC26,VCC_HBM_83,NA,83,NA,0
BD17,VCC_HBM_83,NA,83,NA,0
BD19,VCC_HBM_83,NA,83,NA,0
BD21,VCC_HBM_83,NA,83,NA,0
BD23,VCC_HBM_83,NA,83,NA,0
BD25,VCC_HBM_83,NA,83,NA,0
BD27,VCC_HBM_83,NA,83,NA,0
BE26,VCC_HBM_83,NA,83,NA,0
AW16,VCC_IO_HBM_83,NA,83,NA,0
AW18,VCC_IO_HBM_83,NA,83,NA,0
AW20,VCC_IO_HBM_83,NA,83,NA,0
AW22,VCC_IO_HBM_83,NA,83,NA,0
AW24,VCC_IO_HBM_83,NA,83,NA,0
AW26,VCC_IO_HBM_83,NA,83,NA,0
AY17,VCC_IO_HBM_83,NA,83,NA,0
AY19,VCC_IO_HBM_83,NA,83,NA,0
AY21,VCC_IO_HBM_83,NA,83,NA,0
AY23,VCC_IO_HBM_83,NA,83,NA,0
AY25,VCC_IO_HBM_83,NA,83,NA,0
AY27,VCC_IO_HBM_83,NA,83,NA,0
BA16,VCC_IO_HBM_83,NA,83,NA,0
BA18,VCC_IO_HBM_83,NA,83,NA,0
BA20,VCC_IO_HBM_83,NA,83,NA,0
BA22,VCC_IO_HBM_83,NA,83,NA,0
BA24,VCC_IO_HBM_83,NA,83,NA,0
BA26,VCC_IO_HBM_83,NA,83,NA,0
BA28,VCC_IO_HBM_83,NA,83,NA,0
A12,GND,NA,NA,NA,NA
A17,GND,NA,NA,NA,NA
A22,GND,NA,NA,NA,NA
A27,GND,NA,NA,NA,NA
A32,GND,NA,NA,NA,NA
A37,GND,NA,NA,NA,NA
A4,GND,NA,NA,NA,NA
A42,GND,NA,NA,NA,NA
A47,GND,NA,NA,NA,NA
A48,GND,NA,NA,NA,NA
A51,GND,NA,NA,NA,NA
A7,GND,NA,NA,NA,NA
AA12,GND,NA,NA,NA,NA
AA16,GND,NA,NA,NA,NA
AA17,GND,NA,NA,NA,NA
AA19,GND,NA,NA,NA,NA
AA21,GND,NA,NA,NA,NA
AA23,GND,NA,NA,NA,NA
AA25,GND,NA,NA,NA,NA
AA27,GND,NA,NA,NA,NA
AA29,GND,NA,NA,NA,NA
AA3,GND,NA,NA,NA,NA
AA31,GND,NA,NA,NA,NA
AA33,GND,NA,NA,NA,NA
AA35,GND,NA,NA,NA,NA
AA37,GND,NA,NA,NA,NA
AA39,GND,NA,NA,NA,NA
AA4,GND,NA,NA,NA,NA
AA43,GND,NA,NA,NA,NA
AA47,GND,NA,NA,NA,NA
AA5,GND,NA,NA,NA,NA
AA50,GND,NA,NA,NA,NA
AA51,GND,NA,NA,NA,NA
AA52,GND,NA,NA,NA,NA
AA8,GND,NA,NA,NA,NA
AB1,GND,NA,NA,NA,NA
AB10,GND,NA,NA,NA,NA
AB14,GND,NA,NA,NA,NA
AB16,GND,NA,NA,NA,NA
AB18,GND,NA,NA,NA,NA
AB2,GND,NA,NA,NA,NA
AB20,GND,NA,NA,NA,NA
AB22,GND,NA,NA,NA,NA
AB24,GND,NA,NA,NA,NA
AB26,GND,NA,NA,NA,NA
AB30,GND,NA,NA,NA,NA
AB32,GND,NA,NA,NA,NA
AB34,GND,NA,NA,NA,NA
AB36,GND,NA,NA,NA,NA
AB38,GND,NA,NA,NA,NA
AB39,GND,NA,NA,NA,NA
AB41,GND,NA,NA,NA,NA
AB45,GND,NA,NA,NA,NA
AB48,GND,NA,NA,NA,NA
AB49,GND,NA,NA,NA,NA
AB5,GND,NA,NA,NA,NA
AB50,GND,NA,NA,NA,NA
AB53,GND,NA,NA,NA,NA
AB54,GND,NA,NA,NA,NA
AB6,GND,NA,NA,NA,NA
AB7,GND,NA,NA,NA,NA
AC12,GND,NA,NA,NA,NA
AC16,GND,NA,NA,NA,NA
AC17,GND,NA,NA,NA,NA
AC19,GND,NA,NA,NA,NA
AC21,GND,NA,NA,NA,NA
AC23,GND,NA,NA,NA,NA
AC25,GND,NA,NA,NA,NA
AC29,GND,NA,NA,NA,NA
AC3,GND,NA,NA,NA,NA
AC31,GND,NA,NA,NA,NA
AC33,GND,NA,NA,NA,NA
AC35,GND,NA,NA,NA,NA
AC37,GND,NA,NA,NA,NA
AC39,GND,NA,NA,NA,NA
AC4,GND,NA,NA,NA,NA
AC43,GND,NA,NA,NA,NA
AC47,GND,NA,NA,NA,NA
AC48,GND,NA,NA,NA,NA
AC51,GND,NA,NA,NA,NA
AC52,GND,NA,NA,NA,NA
AC7,GND,NA,NA,NA,NA
AC8,GND,NA,NA,NA,NA
AD1,GND,NA,NA,NA,NA
AD10,GND,NA,NA,NA,NA
AD14,GND,NA,NA,NA,NA
AD16,GND,NA,NA,NA,NA
AD18,GND,NA,NA,NA,NA
AD2,GND,NA,NA,NA,NA
AD20,GND,NA,NA,NA,NA
AD22,GND,NA,NA,NA,NA
AD24,GND,NA,NA,NA,NA
AD26,GND,NA,NA,NA,NA
AD30,GND,NA,NA,NA,NA
AD32,GND,NA,NA,NA,NA
AD34,GND,NA,NA,NA,NA
AD36,GND,NA,NA,NA,NA
AD38,GND,NA,NA,NA,NA
AD39,GND,NA,NA,NA,NA
AD41,GND,NA,NA,NA,NA
AD45,GND,NA,NA,NA,NA
AD48,GND,NA,NA,NA,NA
AD49,GND,NA,NA,NA,NA
AD5,GND,NA,NA,NA,NA
AD50,GND,NA,NA,NA,NA
AD53,GND,NA,NA,NA,NA
AD54,GND,NA,NA,NA,NA
AD6,GND,NA,NA,NA,NA
AD7,GND,NA,NA,NA,NA
AE12,GND,NA,NA,NA,NA
AE16,GND,NA,NA,NA,NA
AE17,GND,NA,NA,NA,NA
AE19,GND,NA,NA,NA,NA
AE21,GND,NA,NA,NA,NA
AE23,GND,NA,NA,NA,NA
AE25,GND,NA,NA,NA,NA
AE29,GND,NA,NA,NA,NA
AE3,GND,NA,NA,NA,NA
AE31,GND,NA,NA,NA,NA
AE33,GND,NA,NA,NA,NA
AE35,GND,NA,NA,NA,NA
AE37,GND,NA,NA,NA,NA
AE39,GND,NA,NA,NA,NA
AE4,GND,NA,NA,NA,NA
AE43,GND,NA,NA,NA,NA
AE47,GND,NA,NA,NA,NA
AE48,GND,NA,NA,NA,NA
AE51,GND,NA,NA,NA,NA
AE52,GND,NA,NA,NA,NA
AE7,GND,NA,NA,NA,NA
AE8,GND,NA,NA,NA,NA
AF1,GND,NA,NA,NA,NA
AF10,GND,NA,NA,NA,NA
AF14,GND,NA,NA,NA,NA
AF16,GND,NA,NA,NA,NA
AF18,GND,NA,NA,NA,NA
AF2,GND,NA,NA,NA,NA
AF20,GND,NA,NA,NA,NA
AF22,GND,NA,NA,NA,NA
AF24,GND,NA,NA,NA,NA
AF26,GND,NA,NA,NA,NA
AF28,GND,NA,NA,NA,NA
AF30,GND,NA,NA,NA,NA
AF32,GND,NA,NA,NA,NA
AF34,GND,NA,NA,NA,NA
AF36,GND,NA,NA,NA,NA
AF38,GND,NA,NA,NA,NA
AF39,GND,NA,NA,NA,NA
AF41,GND,NA,NA,NA,NA
AF45,GND,NA,NA,NA,NA
AF48,GND,NA,NA,NA,NA
AF49,GND,NA,NA,NA,NA
AF5,GND,NA,NA,NA,NA
AF50,GND,NA,NA,NA,NA
AF53,GND,NA,NA,NA,NA
AF54,GND,NA,NA,NA,NA
AF6,GND,NA,NA,NA,NA
AF7,GND,NA,NA,NA,NA
AG12,GND,NA,NA,NA,NA
AG16,GND,NA,NA,NA,NA
AG17,GND,NA,NA,NA,NA
AG19,GND,NA,NA,NA,NA
AG21,GND,NA,NA,NA,NA
AG23,GND,NA,NA,NA,NA
AG25,GND,NA,NA,NA,NA
AG27,GND,NA,NA,NA,NA
AG29,GND,NA,NA,NA,NA
AG3,GND,NA,NA,NA,NA
AG31,GND,NA,NA,NA,NA
AG33,GND,NA,NA,NA,NA
AG35,GND,NA,NA,NA,NA
AG37,GND,NA,NA,NA,NA
AG39,GND,NA,NA,NA,NA
AG4,GND,NA,NA,NA,NA
AG43,GND,NA,NA,NA,NA
AG47,GND,NA,NA,NA,NA
AG5,GND,NA,NA,NA,NA
AG50,GND,NA,NA,NA,NA
AG51,GND,NA,NA,NA,NA
AG52,GND,NA,NA,NA,NA
AG8,GND,NA,NA,NA,NA
AH1,GND,NA,NA,NA,NA
AH10,GND,NA,NA,NA,NA
AH14,GND,NA,NA,NA,NA
AH16,GND,NA,NA,NA,NA
AH18,GND,NA,NA,NA,NA
AH2,GND,NA,NA,NA,NA
AH20,GND,NA,NA,NA,NA
AH22,GND,NA,NA,NA,NA
AH24,GND,NA,NA,NA,NA
AH26,GND,NA,NA,NA,NA
AH28,GND,NA,NA,NA,NA
AH30,GND,NA,NA,NA,NA
AH32,GND,NA,NA,NA,NA
AH34,GND,NA,NA,NA,NA
AH36,GND,NA,NA,NA,NA
AH38,GND,NA,NA,NA,NA
AH39,GND,NA,NA,NA,NA
AH41,GND,NA,NA,NA,NA
AH45,GND,NA,NA,NA,NA
AH48,GND,NA,NA,NA,NA
AH49,GND,NA,NA,NA,NA
AH5,GND,NA,NA,NA,NA
AH50,GND,NA,NA,NA,NA
AH53,GND,NA,NA,NA,NA
AH54,GND,NA,NA,NA,NA
AH6,GND,NA,NA,NA,NA
AH7,GND,NA,NA,NA,NA
AJ12,GND,NA,NA,NA,NA
AJ16,GND,NA,NA,NA,NA
AJ17,GND,NA,NA,NA,NA
AJ19,GND,NA,NA,NA,NA
AJ21,GND,NA,NA,NA,NA
AJ23,GND,NA,NA,NA,NA
AJ25,GND,NA,NA,NA,NA
AJ27,GND,NA,NA,NA,NA
AJ29,GND,NA,NA,NA,NA
AJ3,GND,NA,NA,NA,NA
AJ31,GND,NA,NA,NA,NA
AJ33,GND,NA,NA,NA,NA
AJ35,GND,NA,NA,NA,NA
AJ37,GND,NA,NA,NA,NA
AJ39,GND,NA,NA,NA,NA
AJ4,GND,NA,NA,NA,NA
AJ43,GND,NA,NA,NA,NA
AJ47,GND,NA,NA,NA,NA
AJ5,GND,NA,NA,NA,NA
AJ50,GND,NA,NA,NA,NA
AJ51,GND,NA,NA,NA,NA
AJ52,GND,NA,NA,NA,NA
AJ8,GND,NA,NA,NA,NA
AK1,GND,NA,NA,NA,NA
AK10,GND,NA,NA,NA,NA
AK14,GND,NA,NA,NA,NA
AK16,GND,NA,NA,NA,NA
AK18,GND,NA,NA,NA,NA
AK2,GND,NA,NA,NA,NA
AK20,GND,NA,NA,NA,NA
AK22,GND,NA,NA,NA,NA
AK24,GND,NA,NA,NA,NA
AK26,GND,NA,NA,NA,NA
AK28,GND,NA,NA,NA,NA
AK30,GND,NA,NA,NA,NA
AK32,GND,NA,NA,NA,NA
AK34,GND,NA,NA,NA,NA
AK36,GND,NA,NA,NA,NA
AK38,GND,NA,NA,NA,NA
AK39,GND,NA,NA,NA,NA
AK41,GND,NA,NA,NA,NA
AK45,GND,NA,NA,NA,NA
AK48,GND,NA,NA,NA,NA
AK49,GND,NA,NA,NA,NA
AK5,GND,NA,NA,NA,NA
AK50,GND,NA,NA,NA,NA
AK53,GND,NA,NA,NA,NA
AK54,GND,NA,NA,NA,NA
AK6,GND,NA,NA,NA,NA
AK7,GND,NA,NA,NA,NA
AL12,GND,NA,NA,NA,NA
AL16,GND,NA,NA,NA,NA
AL17,GND,NA,NA,NA,NA
AL19,GND,NA,NA,NA,NA
AL21,GND,NA,NA,NA,NA
AL23,GND,NA,NA,NA,NA
AL25,GND,NA,NA,NA,NA
AL27,GND,NA,NA,NA,NA
AL29,GND,NA,NA,NA,NA
AL3,GND,NA,NA,NA,NA
AL31,GND,NA,NA,NA,NA
AL33,GND,NA,NA,NA,NA
AL35,GND,NA,NA,NA,NA
AL37,GND,NA,NA,NA,NA
AL39,GND,NA,NA,NA,NA
AL4,GND,NA,NA,NA,NA
AL43,GND,NA,NA,NA,NA
AL47,GND,NA,NA,NA,NA
AL48,GND,NA,NA,NA,NA
AL51,GND,NA,NA,NA,NA
AL52,GND,NA,NA,NA,NA
AL7,GND,NA,NA,NA,NA
AL8,GND,NA,NA,NA,NA
AM1,GND,NA,NA,NA,NA
AM10,GND,NA,NA,NA,NA
AM14,GND,NA,NA,NA,NA
AM16,GND,NA,NA,NA,NA
AM18,GND,NA,NA,NA,NA
AM2,GND,NA,NA,NA,NA
AM20,GND,NA,NA,NA,NA
AM22,GND,NA,NA,NA,NA
AM24,GND,NA,NA,NA,NA
AM26,GND,NA,NA,NA,NA
AM28,GND,NA,NA,NA,NA
AM30,GND,NA,NA,NA,NA
AM32,GND,NA,NA,NA,NA
AM34,GND,NA,NA,NA,NA
AM36,GND,NA,NA,NA,NA
AM38,GND,NA,NA,NA,NA
AM39,GND,NA,NA,NA,NA
AM41,GND,NA,NA,NA,NA
AM45,GND,NA,NA,NA,NA
AM48,GND,NA,NA,NA,NA
AM49,GND,NA,NA,NA,NA
AM5,GND,NA,NA,NA,NA
AM50,GND,NA,NA,NA,NA
AM53,GND,NA,NA,NA,NA
AM54,GND,NA,NA,NA,NA
AM6,GND,NA,NA,NA,NA
AM7,GND,NA,NA,NA,NA
AN12,GND,NA,NA,NA,NA
AN16,GND,NA,NA,NA,NA
AN17,GND,NA,NA,NA,NA
AN19,GND,NA,NA,NA,NA
AN21,GND,NA,NA,NA,NA
AN23,GND,NA,NA,NA,NA
AN25,GND,NA,NA,NA,NA
AN27,GND,NA,NA,NA,NA
AN29,GND,NA,NA,NA,NA
AN3,GND,NA,NA,NA,NA
AN31,GND,NA,NA,NA,NA
AN33,GND,NA,NA,NA,NA
AN35,GND,NA,NA,NA,NA
AN37,GND,NA,NA,NA,NA
AN39,GND,NA,NA,NA,NA
AN4,GND,NA,NA,NA,NA
AN43,GND,NA,NA,NA,NA
AN47,GND,NA,NA,NA,NA
AN48,GND,NA,NA,NA,NA
AN51,GND,NA,NA,NA,NA
AN52,GND,NA,NA,NA,NA
AN7,GND,NA,NA,NA,NA
AN8,GND,NA,NA,NA,NA
AP1,GND,NA,NA,NA,NA
AP10,GND,NA,NA,NA,NA
AP14,GND,NA,NA,NA,NA
AP16,GND,NA,NA,NA,NA
AP18,GND,NA,NA,NA,NA
AP2,GND,NA,NA,NA,NA
AP20,GND,NA,NA,NA,NA
AP22,GND,NA,NA,NA,NA
AP24,GND,NA,NA,NA,NA
AP26,GND,NA,NA,NA,NA
AP28,GND,NA,NA,NA,NA
AP30,GND,NA,NA,NA,NA
AP32,GND,NA,NA,NA,NA
AP34,GND,NA,NA,NA,NA
AP36,GND,NA,NA,NA,NA
AP38,GND,NA,NA,NA,NA
AP39,GND,NA,NA,NA,NA
AP41,GND,NA,NA,NA,NA
AP45,GND,NA,NA,NA,NA
AP48,GND,NA,NA,NA,NA
AP49,GND,NA,NA,NA,NA
AP5,GND,NA,NA,NA,NA
AP50,GND,NA,NA,NA,NA
AP53,GND,NA,NA,NA,NA
AP54,GND,NA,NA,NA,NA
AP6,GND,NA,NA,NA,NA
AP7,GND,NA,NA,NA,NA
AR12,GND,NA,NA,NA,NA
AR16,GND,NA,NA,NA,NA
AR17,GND,NA,NA,NA,NA
AR19,GND,NA,NA,NA,NA
AR21,GND,NA,NA,NA,NA
AR23,GND,NA,NA,NA,NA
AR25,GND,NA,NA,NA,NA
AR27,GND,NA,NA,NA,NA
AR29,GND,NA,NA,NA,NA
AR3,GND,NA,NA,NA,NA
AR31,GND,NA,NA,NA,NA
AR33,GND,NA,NA,NA,NA
AR35,GND,NA,NA,NA,NA
AR37,GND,NA,NA,NA,NA
AR39,GND,NA,NA,NA,NA
AR4,GND,NA,NA,NA,NA
AR43,GND,NA,NA,NA,NA
AR47,GND,NA,NA,NA,NA
AR5,GND,NA,NA,NA,NA
AR50,GND,NA,NA,NA,NA
AR51,GND,NA,NA,NA,NA
AR52,GND,NA,NA,NA,NA
AR8,GND,NA,NA,NA,NA
AT1,GND,NA,NA,NA,NA
AT10,GND,NA,NA,NA,NA
AT14,GND,NA,NA,NA,NA
AT16,GND,NA,NA,NA,NA
AT18,GND,NA,NA,NA,NA
AT2,GND,NA,NA,NA,NA
AT20,GND,NA,NA,NA,NA
AT22,GND,NA,NA,NA,NA
AT24,GND,NA,NA,NA,NA
AT26,GND,NA,NA,NA,NA
AT28,GND,NA,NA,NA,NA
AT30,GND,NA,NA,NA,NA
AT32,GND,NA,NA,NA,NA
AT34,GND,NA,NA,NA,NA
AT36,GND,NA,NA,NA,NA
AT38,GND,NA,NA,NA,NA
AT39,GND,NA,NA,NA,NA
AT41,GND,NA,NA,NA,NA
AT45,GND,NA,NA,NA,NA
AT48,GND,NA,NA,NA,NA
AT49,GND,NA,NA,NA,NA
AT5,GND,NA,NA,NA,NA
AT50,GND,NA,NA,NA,NA
AT53,GND,NA,NA,NA,NA
AT54,GND,NA,NA,NA,NA
AT6,GND,NA,NA,NA,NA
AT7,GND,NA,NA,NA,NA
AU12,GND,NA,NA,NA,NA
AU16,GND,NA,NA,NA,NA
AU17,GND,NA,NA,NA,NA
AU19,GND,NA,NA,NA,NA
AU21,GND,NA,NA,NA,NA
AU23,GND,NA,NA,NA,NA
AU25,GND,NA,NA,NA,NA
AU27,GND,NA,NA,NA,NA
AU29,GND,NA,NA,NA,NA
AU3,GND,NA,NA,NA,NA
AU31,GND,NA,NA,NA,NA
AU33,GND,NA,NA,NA,NA
AU35,GND,NA,NA,NA,NA
AU37,GND,NA,NA,NA,NA
AU39,GND,NA,NA,NA,NA
AU4,GND,NA,NA,NA,NA
AU43,GND,NA,NA,NA,NA
AU47,GND,NA,NA,NA,NA
AU5,GND,NA,NA,NA,NA
AU50,GND,NA,NA,NA,NA
AU51,GND,NA,NA,NA,NA
AU52,GND,NA,NA,NA,NA
AU8,GND,NA,NA,NA,NA
AV1,GND,NA,NA,NA,NA
AV10,GND,NA,NA,NA,NA
AV14,GND,NA,NA,NA,NA
AV15,GND,NA,NA,NA,NA
AV16,GND,NA,NA,NA,NA
AV18,GND,NA,NA,NA,NA
AV2,GND,NA,NA,NA,NA
AV20,GND,NA,NA,NA,NA
AV22,GND,NA,NA,NA,NA
AV24,GND,NA,NA,NA,NA
AV26,GND,NA,NA,NA,NA
AV28,GND,NA,NA,NA,NA
AV30,GND,NA,NA,NA,NA
AV32,GND,NA,NA,NA,NA
AV34,GND,NA,NA,NA,NA
AV36,GND,NA,NA,NA,NA
AV38,GND,NA,NA,NA,NA
AV39,GND,NA,NA,NA,NA
AV40,GND,NA,NA,NA,NA
AV41,GND,NA,NA,NA,NA
AV45,GND,NA,NA,NA,NA
AV48,GND,NA,NA,NA,NA
AV49,GND,NA,NA,NA,NA
AV5,GND,NA,NA,NA,NA
AV50,GND,NA,NA,NA,NA
AV53,GND,NA,NA,NA,NA
AV54,GND,NA,NA,NA,NA
AV6,GND,NA,NA,NA,NA
AV7,GND,NA,NA,NA,NA
AW12,GND,NA,NA,NA,NA
AW13,GND,NA,NA,NA,NA
AW14,GND,NA,NA,NA,NA
AW17,GND,NA,NA,NA,NA
AW19,GND,NA,NA,NA,NA
AW21,GND,NA,NA,NA,NA
AW23,GND,NA,NA,NA,NA
AW25,GND,NA,NA,NA,NA
AW27,GND,NA,NA,NA,NA
AW29,GND,NA,NA,NA,NA
AW3,GND,NA,NA,NA,NA
AW31,GND,NA,NA,NA,NA
AW33,GND,NA,NA,NA,NA
AW35,GND,NA,NA,NA,NA
AW37,GND,NA,NA,NA,NA
AW39,GND,NA,NA,NA,NA
AW4,GND,NA,NA,NA,NA
AW41,GND,NA,NA,NA,NA
AW42,GND,NA,NA,NA,NA
AW43,GND,NA,NA,NA,NA
AW47,GND,NA,NA,NA,NA
AW48,GND,NA,NA,NA,NA
AW51,GND,NA,NA,NA,NA
AW52,GND,NA,NA,NA,NA
AW7,GND,NA,NA,NA,NA
AW8,GND,NA,NA,NA,NA
AY1,GND,NA,NA,NA,NA
AY10,GND,NA,NA,NA,NA
AY12,GND,NA,NA,NA,NA
AY16,GND,NA,NA,NA,NA
AY18,GND,NA,NA,NA,NA
AY2,GND,NA,NA,NA,NA
AY20,GND,NA,NA,NA,NA
AY22,GND,NA,NA,NA,NA
AY24,GND,NA,NA,NA,NA
AY26,GND,NA,NA,NA,NA
AY28,GND,NA,NA,NA,NA
AY30,GND,NA,NA,NA,NA
AY32,GND,NA,NA,NA,NA
AY34,GND,NA,NA,NA,NA
AY36,GND,NA,NA,NA,NA
AY38,GND,NA,NA,NA,NA
AY40,GND,NA,NA,NA,NA
AY43,GND,NA,NA,NA,NA
AY45,GND,NA,NA,NA,NA
AY48,GND,NA,NA,NA,NA
AY49,GND,NA,NA,NA,NA
AY5,GND,NA,NA,NA,NA
AY50,GND,NA,NA,NA,NA
AY53,GND,NA,NA,NA,NA
AY54,GND,NA,NA,NA,NA
AY6,GND,NA,NA,NA,NA
AY7,GND,NA,NA,NA,NA
B14,GND,NA,NA,NA,NA
B19,GND,NA,NA,NA,NA
B24,GND,NA,NA,NA,NA
B29,GND,NA,NA,NA,NA
B3,GND,NA,NA,NA,NA
B34,GND,NA,NA,NA,NA
B39,GND,NA,NA,NA,NA
B4,GND,NA,NA,NA,NA
B44,GND,NA,NA,NA,NA
B47,GND,NA,NA,NA,NA
B48,GND,NA,NA,NA,NA
B49,GND,NA,NA,NA,NA
B5,GND,NA,NA,NA,NA
B50,GND,NA,NA,NA,NA
B51,GND,NA,NA,NA,NA
B52,GND,NA,NA,NA,NA
B6,GND,NA,NA,NA,NA
B7,GND,NA,NA,NA,NA
B8,GND,NA,NA,NA,NA
B9,GND,NA,NA,NA,NA
BA12,GND,NA,NA,NA,NA
BA17,GND,NA,NA,NA,NA
BA19,GND,NA,NA,NA,NA
BA21,GND,NA,NA,NA,NA
BA23,GND,NA,NA,NA,NA
BA25,GND,NA,NA,NA,NA
BA27,GND,NA,NA,NA,NA
BA29,GND,NA,NA,NA,NA
BA3,GND,NA,NA,NA,NA
BA31,GND,NA,NA,NA,NA
BA33,GND,NA,NA,NA,NA
BA35,GND,NA,NA,NA,NA
BA37,GND,NA,NA,NA,NA
BA39,GND,NA,NA,NA,NA
BA4,GND,NA,NA,NA,NA
BA43,GND,NA,NA,NA,NA
BA47,GND,NA,NA,NA,NA
BA48,GND,NA,NA,NA,NA
BA51,GND,NA,NA,NA,NA
BA52,GND,NA,NA,NA,NA
BA7,GND,NA,NA,NA,NA
BA8,GND,NA,NA,NA,NA
BB1,GND,NA,NA,NA,NA
BB10,GND,NA,NA,NA,NA
BB12,GND,NA,NA,NA,NA
BB16,GND,NA,NA,NA,NA
BB18,GND,NA,NA,NA,NA
BB2,GND,NA,NA,NA,NA
BB20,GND,NA,NA,NA,NA
BB22,GND,NA,NA,NA,NA
BB24,GND,NA,NA,NA,NA
BB26,GND,NA,NA,NA,NA
BB28,GND,NA,NA,NA,NA
BB30,GND,NA,NA,NA,NA
BB32,GND,NA,NA,NA,NA
BB34,GND,NA,NA,NA,NA
BB36,GND,NA,NA,NA,NA
BB38,GND,NA,NA,NA,NA
BB40,GND,NA,NA,NA,NA
BB43,GND,NA,NA,NA,NA
BB45,GND,NA,NA,NA,NA
BB48,GND,NA,NA,NA,NA
BB49,GND,NA,NA,NA,NA
BB5,GND,NA,NA,NA,NA
BB50,GND,NA,NA,NA,NA
BB53,GND,NA,NA,NA,NA
BB54,GND,NA,NA,NA,NA
BB6,GND,NA,NA,NA,NA
BB7,GND,NA,NA,NA,NA
BC12,GND,NA,NA,NA,NA
BC13,GND,NA,NA,NA,NA
BC17,GND,NA,NA,NA,NA
BC19,GND,NA,NA,NA,NA
BC21,GND,NA,NA,NA,NA
BC23,GND,NA,NA,NA,NA
BC25,GND,NA,NA,NA,NA
BC27,GND,NA,NA,NA,NA
BC29,GND,NA,NA,NA,NA
BC3,GND,NA,NA,NA,NA
BC31,GND,NA,NA,NA,NA
BC33,GND,NA,NA,NA,NA
BC35,GND,NA,NA,NA,NA
BC37,GND,NA,NA,NA,NA
BC39,GND,NA,NA,NA,NA
BC4,GND,NA,NA,NA,NA
BC43,GND,NA,NA,NA,NA
BC46,GND,NA,NA,NA,NA
BC47,GND,NA,NA,NA,NA
BC5,GND,NA,NA,NA,NA
BC50,GND,NA,NA,NA,NA
BC51,GND,NA,NA,NA,NA
BC52,GND,NA,NA,NA,NA
BC8,GND,NA,NA,NA,NA
BC9,GND,NA,NA,NA,NA
BD1,GND,NA,NA,NA,NA
BD10,GND,NA,NA,NA,NA
BD11,GND,NA,NA,NA,NA
BD12,GND,NA,NA,NA,NA
BD16,GND,NA,NA,NA,NA
BD18,GND,NA,NA,NA,NA
BD2,GND,NA,NA,NA,NA
BD20,GND,NA,NA,NA,NA
BD22,GND,NA,NA,NA,NA
BD24,GND,NA,NA,NA,NA
BD26,GND,NA,NA,NA,NA
BD28,GND,NA,NA,NA,NA
BD3,GND,NA,NA,NA,NA
BD30,GND,NA,NA,NA,NA
BD32,GND,NA,NA,NA,NA
BD34,GND,NA,NA,NA,NA
BD36,GND,NA,NA,NA,NA
BD38,GND,NA,NA,NA,NA
BD4,GND,NA,NA,NA,NA
BD40,GND,NA,NA,NA,NA
BD43,GND,NA,NA,NA,NA
BD44,GND,NA,NA,NA,NA
BD45,GND,NA,NA,NA,NA
BD46,GND,NA,NA,NA,NA
BD47,GND,NA,NA,NA,NA
BD48,GND,NA,NA,NA,NA
BD49,GND,NA,NA,NA,NA
BD5,GND,NA,NA,NA,NA
BD50,GND,NA,NA,NA,NA
BD52,GND,NA,NA,NA,NA
BD53,GND,NA,NA,NA,NA
BD54,GND,NA,NA,NA,NA
BD6,GND,NA,NA,NA,NA
BD7,GND,NA,NA,NA,NA
BD8,GND,NA,NA,NA,NA
BD9,GND,NA,NA,NA,NA
BE12,GND,NA,NA,NA,NA
BE17,GND,NA,NA,NA,NA
BE19,GND,NA,NA,NA,NA
BE2,GND,NA,NA,NA,NA
BE21,GND,NA,NA,NA,NA
BE23,GND,NA,NA,NA,NA
BE25,GND,NA,NA,NA,NA
BE27,GND,NA,NA,NA,NA
BE29,GND,NA,NA,NA,NA
BE31,GND,NA,NA,NA,NA
BE33,GND,NA,NA,NA,NA
BE35,GND,NA,NA,NA,NA
BE37,GND,NA,NA,NA,NA
BE39,GND,NA,NA,NA,NA
BE42,GND,NA,NA,NA,NA
BE47,GND,NA,NA,NA,NA
BE52,GND,NA,NA,NA,NA
BE7,GND,NA,NA,NA,NA
BF14,GND,NA,NA,NA,NA
BF19,GND,NA,NA,NA,NA
BF24,GND,NA,NA,NA,NA
BF29,GND,NA,NA,NA,NA
BF34,GND,NA,NA,NA,NA
BF39,GND,NA,NA,NA,NA
BF4,GND,NA,NA,NA,NA
BF44,GND,NA,NA,NA,NA
BF49,GND,NA,NA,NA,NA
BF54,GND,NA,NA,NA,NA
BF9,GND,NA,NA,NA,NA
BG1,GND,NA,NA,NA,NA
BG11,GND,NA,NA,NA,NA
BG16,GND,NA,NA,NA,NA
BG21,GND,NA,NA,NA,NA
BG31,GND,NA,NA,NA,NA
BG36,GND,NA,NA,NA,NA
BG46,GND,NA,NA,NA,NA
BH18,GND,NA,NA,NA,NA
BH28,GND,NA,NA,NA,NA
BH38,GND,NA,NA,NA,NA
BH43,GND,NA,NA,NA,NA
BH53,GND,NA,NA,NA,NA
BH8,GND,NA,NA,NA,NA
BJ15,GND,NA,NA,NA,NA
BJ20,GND,NA,NA,NA,NA
BJ25,GND,NA,NA,NA,NA
BJ35,GND,NA,NA,NA,NA
BJ40,GND,NA,NA,NA,NA
BJ5,GND,NA,NA,NA,NA
BJ50,GND,NA,NA,NA,NA
BK12,GND,NA,NA,NA,NA
BK17,GND,NA,NA,NA,NA
BK2,GND,NA,NA,NA,NA
BK22,GND,NA,NA,NA,NA
BK32,GND,NA,NA,NA,NA
BK37,GND,NA,NA,NA,NA
BK47,GND,NA,NA,NA,NA
BK52,GND,NA,NA,NA,NA
BL1,GND,NA,NA,NA,NA
BL19,GND,NA,NA,NA,NA
BL24,GND,NA,NA,NA,NA
BL29,GND,NA,NA,NA,NA
BL39,GND,NA,NA,NA,NA
BL4,GND,NA,NA,NA,NA
BL44,GND,NA,NA,NA,NA
BL54,GND,NA,NA,NA,NA
BL9,GND,NA,NA,NA,NA
BM11,GND,NA,NA,NA,NA
BM16,GND,NA,NA,NA,NA
BM2,GND,NA,NA,NA,NA
BM21,GND,NA,NA,NA,NA
BM26,GND,NA,NA,NA,NA
BM31,GND,NA,NA,NA,NA
BM36,GND,NA,NA,NA,NA
BM41,GND,NA,NA,NA,NA
BM46,GND,NA,NA,NA,NA
BM51,GND,NA,NA,NA,NA
BM53,GND,NA,NA,NA,NA
BM6,GND,NA,NA,NA,NA
BN13,GND,NA,NA,NA,NA
BN18,GND,NA,NA,NA,NA
BN23,GND,NA,NA,NA,NA
BN28,GND,NA,NA,NA,NA
BN3,GND,NA,NA,NA,NA
BN33,GND,NA,NA,NA,NA
BN38,GND,NA,NA,NA,NA
BN43,GND,NA,NA,NA,NA
BN48,GND,NA,NA,NA,NA
BN52,GND,NA,NA,NA,NA
BN8,GND,NA,NA,NA,NA
BP10,GND,NA,NA,NA,NA
BP15,GND,NA,NA,NA,NA
BP20,GND,NA,NA,NA,NA
BP25,GND,NA,NA,NA,NA
BP30,GND,NA,NA,NA,NA
BP35,GND,NA,NA,NA,NA
BP4,GND,NA,NA,NA,NA
BP40,GND,NA,NA,NA,NA
BP45,GND,NA,NA,NA,NA
BP5,GND,NA,NA,NA,NA
BP50,GND,NA,NA,NA,NA
BP51,GND,NA,NA,NA,NA
C11,GND,NA,NA,NA,NA
C16,GND,NA,NA,NA,NA
C2,GND,NA,NA,NA,NA
C21,GND,NA,NA,NA,NA
C26,GND,NA,NA,NA,NA
C3,GND,NA,NA,NA,NA
C31,GND,NA,NA,NA,NA
C36,GND,NA,NA,NA,NA
C4,GND,NA,NA,NA,NA
C41,GND,NA,NA,NA,NA
C46,GND,NA,NA,NA,NA
C47,GND,NA,NA,NA,NA
C5,GND,NA,NA,NA,NA
C50,GND,NA,NA,NA,NA
C51,GND,NA,NA,NA,NA
C52,GND,NA,NA,NA,NA
C53,GND,NA,NA,NA,NA
C8,GND,NA,NA,NA,NA
D1,GND,NA,NA,NA,NA
D13,GND,NA,NA,NA,NA
D18,GND,NA,NA,NA,NA
D2,GND,NA,NA,NA,NA
D23,GND,NA,NA,NA,NA
D28,GND,NA,NA,NA,NA
D33,GND,NA,NA,NA,NA
D38,GND,NA,NA,NA,NA
D43,GND,NA,NA,NA,NA
D47,GND,NA,NA,NA,NA
D49,GND,NA,NA,NA,NA
D5,GND,NA,NA,NA,NA
D50,GND,NA,NA,NA,NA
D53,GND,NA,NA,NA,NA
D54,GND,NA,NA,NA,NA
D6,GND,NA,NA,NA,NA
D8,GND,NA,NA,NA,NA
E10,GND,NA,NA,NA,NA
E15,GND,NA,NA,NA,NA
E20,GND,NA,NA,NA,NA
E25,GND,NA,NA,NA,NA
E3,GND,NA,NA,NA,NA
E35,GND,NA,NA,NA,NA
E4,GND,NA,NA,NA,NA
E45,GND,NA,NA,NA,NA
E47,GND,NA,NA,NA,NA
E5,GND,NA,NA,NA,NA
E50,GND,NA,NA,NA,NA
E51,GND,NA,NA,NA,NA
E52,GND,NA,NA,NA,NA
E8,GND,NA,NA,NA,NA
F1,GND,NA,NA,NA,NA
F12,GND,NA,NA,NA,NA
F2,GND,NA,NA,NA,NA
F22,GND,NA,NA,NA,NA
F32,GND,NA,NA,NA,NA
F37,GND,NA,NA,NA,NA
F42,GND,NA,NA,NA,NA
F47,GND,NA,NA,NA,NA
F49,GND,NA,NA,NA,NA
F5,GND,NA,NA,NA,NA
F50,GND,NA,NA,NA,NA
F53,GND,NA,NA,NA,NA
F54,GND,NA,NA,NA,NA
F6,GND,NA,NA,NA,NA
F8,GND,NA,NA,NA,NA
G19,GND,NA,NA,NA,NA
G29,GND,NA,NA,NA,NA
G3,GND,NA,NA,NA,NA
G39,GND,NA,NA,NA,NA
G4,GND,NA,NA,NA,NA
G47,GND,NA,NA,NA,NA
G5,GND,NA,NA,NA,NA
G50,GND,NA,NA,NA,NA
G51,GND,NA,NA,NA,NA
G52,GND,NA,NA,NA,NA
G8,GND,NA,NA,NA,NA
G9,GND,NA,NA,NA,NA
H1,GND,NA,NA,NA,NA
H16,GND,NA,NA,NA,NA
H2,GND,NA,NA,NA,NA
H26,GND,NA,NA,NA,NA
H36,GND,NA,NA,NA,NA
H46,GND,NA,NA,NA,NA
H47,GND,NA,NA,NA,NA
H49,GND,NA,NA,NA,NA
H5,GND,NA,NA,NA,NA
H50,GND,NA,NA,NA,NA
H53,GND,NA,NA,NA,NA
H54,GND,NA,NA,NA,NA
H6,GND,NA,NA,NA,NA
H8,GND,NA,NA,NA,NA
J10,GND,NA,NA,NA,NA
J13,GND,NA,NA,NA,NA
J23,GND,NA,NA,NA,NA
J3,GND,NA,NA,NA,NA
J33,GND,NA,NA,NA,NA
J4,GND,NA,NA,NA,NA
J43,GND,NA,NA,NA,NA
J45,GND,NA,NA,NA,NA
J46,GND,NA,NA,NA,NA
J47,GND,NA,NA,NA,NA
J5,GND,NA,NA,NA,NA
J50,GND,NA,NA,NA,NA
J51,GND,NA,NA,NA,NA
J52,GND,NA,NA,NA,NA
J8,GND,NA,NA,NA,NA
J9,GND,NA,NA,NA,NA
K1,GND,NA,NA,NA,NA
K10,GND,NA,NA,NA,NA
K11,GND,NA,NA,NA,NA
K12,GND,NA,NA,NA,NA
K2,GND,NA,NA,NA,NA
K20,GND,NA,NA,NA,NA
K30,GND,NA,NA,NA,NA
K40,GND,NA,NA,NA,NA
K43,GND,NA,NA,NA,NA
K44,GND,NA,NA,NA,NA
K45,GND,NA,NA,NA,NA
K49,GND,NA,NA,NA,NA
K5,GND,NA,NA,NA,NA
K50,GND,NA,NA,NA,NA
K53,GND,NA,NA,NA,NA
K54,GND,NA,NA,NA,NA
K6,GND,NA,NA,NA,NA
L12,GND,NA,NA,NA,NA
L13,GND,NA,NA,NA,NA
L14,GND,NA,NA,NA,NA
L17,GND,NA,NA,NA,NA
L22,GND,NA,NA,NA,NA
L27,GND,NA,NA,NA,NA
L3,GND,NA,NA,NA,NA
L32,GND,NA,NA,NA,NA
L37,GND,NA,NA,NA,NA
L4,GND,NA,NA,NA,NA
L41,GND,NA,NA,NA,NA
L42,GND,NA,NA,NA,NA
L43,GND,NA,NA,NA,NA
L47,GND,NA,NA,NA,NA
L5,GND,NA,NA,NA,NA
L50,GND,NA,NA,NA,NA
L51,GND,NA,NA,NA,NA
L52,GND,NA,NA,NA,NA
L8,GND,NA,NA,NA,NA
M1,GND,NA,NA,NA,NA
M10,GND,NA,NA,NA,NA
M14,GND,NA,NA,NA,NA
M15,GND,NA,NA,NA,NA
M16,GND,NA,NA,NA,NA
M18,GND,NA,NA,NA,NA
M2,GND,NA,NA,NA,NA
M20,GND,NA,NA,NA,NA
M22,GND,NA,NA,NA,NA
M24,GND,NA,NA,NA,NA
M26,GND,NA,NA,NA,NA
M28,GND,NA,NA,NA,NA
M30,GND,NA,NA,NA,NA
M32,GND,NA,NA,NA,NA
M34,GND,NA,NA,NA,NA
M36,GND,NA,NA,NA,NA
M38,GND,NA,NA,NA,NA
M39,GND,NA,NA,NA,NA
M40,GND,NA,NA,NA,NA
M41,GND,NA,NA,NA,NA
M45,GND,NA,NA,NA,NA
M49,GND,NA,NA,NA,NA
M5,GND,NA,NA,NA,NA
M50,GND,NA,NA,NA,NA
M53,GND,NA,NA,NA,NA
M54,GND,NA,NA,NA,NA
M6,GND,NA,NA,NA,NA
N12,GND,NA,NA,NA,NA
N16,GND,NA,NA,NA,NA
N17,GND,NA,NA,NA,NA
N19,GND,NA,NA,NA,NA
N21,GND,NA,NA,NA,NA
N23,GND,NA,NA,NA,NA
N25,GND,NA,NA,NA,NA
N27,GND,NA,NA,NA,NA
N29,GND,NA,NA,NA,NA
N3,GND,NA,NA,NA,NA
N31,GND,NA,NA,NA,NA
N33,GND,NA,NA,NA,NA
N35,GND,NA,NA,NA,NA
N37,GND,NA,NA,NA,NA
N39,GND,NA,NA,NA,NA
N4,GND,NA,NA,NA,NA
N43,GND,NA,NA,NA,NA
N47,GND,NA,NA,NA,NA
N5,GND,NA,NA,NA,NA
N50,GND,NA,NA,NA,NA
N51,GND,NA,NA,NA,NA
N52,GND,NA,NA,NA,NA
N8,GND,NA,NA,NA,NA
P1,GND,NA,NA,NA,NA
P10,GND,NA,NA,NA,NA
P14,GND,NA,NA,NA,NA
P16,GND,NA,NA,NA,NA
P18,GND,NA,NA,NA,NA
P2,GND,NA,NA,NA,NA
P20,GND,NA,NA,NA,NA
P22,GND,NA,NA,NA,NA
P24,GND,NA,NA,NA,NA
P26,GND,NA,NA,NA,NA
P28,GND,NA,NA,NA,NA
P30,GND,NA,NA,NA,NA
P32,GND,NA,NA,NA,NA
P34,GND,NA,NA,NA,NA
P36,GND,NA,NA,NA,NA
P38,GND,NA,NA,NA,NA
P39,GND,NA,NA,NA,NA
P41,GND,NA,NA,NA,NA
P45,GND,NA,NA,NA,NA
P48,GND,NA,NA,NA,NA
P49,GND,NA,NA,NA,NA
P5,GND,NA,NA,NA,NA
P50,GND,NA,NA,NA,NA
P53,GND,NA,NA,NA,NA
P54,GND,NA,NA,NA,NA
P6,GND,NA,NA,NA,NA
P7,GND,NA,NA,NA,NA
R12,GND,NA,NA,NA,NA
R16,GND,NA,NA,NA,NA
R17,GND,NA,NA,NA,NA
R19,GND,NA,NA,NA,NA
R21,GND,NA,NA,NA,NA
R23,GND,NA,NA,NA,NA
R25,GND,NA,NA,NA,NA
R27,GND,NA,NA,NA,NA
R29,GND,NA,NA,NA,NA
R3,GND,NA,NA,NA,NA
R31,GND,NA,NA,NA,NA
R33,GND,NA,NA,NA,NA
R35,GND,NA,NA,NA,NA
R37,GND,NA,NA,NA,NA
R39,GND,NA,NA,NA,NA
R4,GND,NA,NA,NA,NA
R43,GND,NA,NA,NA,NA
R47,GND,NA,NA,NA,NA
R48,GND,NA,NA,NA,NA
R51,GND,NA,NA,NA,NA
R52,GND,NA,NA,NA,NA
R7,GND,NA,NA,NA,NA
R8,GND,NA,NA,NA,NA
T1,GND,NA,NA,NA,NA
T10,GND,NA,NA,NA,NA
T14,GND,NA,NA,NA,NA
T16,GND,NA,NA,NA,NA
T18,GND,NA,NA,NA,NA
T2,GND,NA,NA,NA,NA
T20,GND,NA,NA,NA,NA
T22,GND,NA,NA,NA,NA
T24,GND,NA,NA,NA,NA
T26,GND,NA,NA,NA,NA
T28,GND,NA,NA,NA,NA
T30,GND,NA,NA,NA,NA
T32,GND,NA,NA,NA,NA
T34,GND,NA,NA,NA,NA
T36,GND,NA,NA,NA,NA
T38,GND,NA,NA,NA,NA
T39,GND,NA,NA,NA,NA
T41,GND,NA,NA,NA,NA
T45,GND,NA,NA,NA,NA
T48,GND,NA,NA,NA,NA
T49,GND,NA,NA,NA,NA
T5,GND,NA,NA,NA,NA
T50,GND,NA,NA,NA,NA
T53,GND,NA,NA,NA,NA
T54,GND,NA,NA,NA,NA
T6,GND,NA,NA,NA,NA
T7,GND,NA,NA,NA,NA
U12,GND,NA,NA,NA,NA
U16,GND,NA,NA,NA,NA
U17,GND,NA,NA,NA,NA
U19,GND,NA,NA,NA,NA
U21,GND,NA,NA,NA,NA
U23,GND,NA,NA,NA,NA
U25,GND,NA,NA,NA,NA
U27,GND,NA,NA,NA,NA
U29,GND,NA,NA,NA,NA
U3,GND,NA,NA,NA,NA
U31,GND,NA,NA,NA,NA
U33,GND,NA,NA,NA,NA
U35,GND,NA,NA,NA,NA
U37,GND,NA,NA,NA,NA
U39,GND,NA,NA,NA,NA
U4,GND,NA,NA,NA,NA
U43,GND,NA,NA,NA,NA
U47,GND,NA,NA,NA,NA
U48,GND,NA,NA,NA,NA
U51,GND,NA,NA,NA,NA
U52,GND,NA,NA,NA,NA
U7,GND,NA,NA,NA,NA
U8,GND,NA,NA,NA,NA
V1,GND,NA,NA,NA,NA
V10,GND,NA,NA,NA,NA
V14,GND,NA,NA,NA,NA
V16,GND,NA,NA,NA,NA
V18,GND,NA,NA,NA,NA
V2,GND,NA,NA,NA,NA
V20,GND,NA,NA,NA,NA
V22,GND,NA,NA,NA,NA
V24,GND,NA,NA,NA,NA
V26,GND,NA,NA,NA,NA
V28,GND,NA,NA,NA,NA
V30,GND,NA,NA,NA,NA
V32,GND,NA,NA,NA,NA
V34,GND,NA,NA,NA,NA
V36,GND,NA,NA,NA,NA
V38,GND,NA,NA,NA,NA
V39,GND,NA,NA,NA,NA
V41,GND,NA,NA,NA,NA
V45,GND,NA,NA,NA,NA
V48,GND,NA,NA,NA,NA
V49,GND,NA,NA,NA,NA
V5,GND,NA,NA,NA,NA
V50,GND,NA,NA,NA,NA
V53,GND,NA,NA,NA,NA
V54,GND,NA,NA,NA,NA
V6,GND,NA,NA,NA,NA
V7,GND,NA,NA,NA,NA
W12,GND,NA,NA,NA,NA
W16,GND,NA,NA,NA,NA
W17,GND,NA,NA,NA,NA
W19,GND,NA,NA,NA,NA
W21,GND,NA,NA,NA,NA
W23,GND,NA,NA,NA,NA
W25,GND,NA,NA,NA,NA
W27,GND,NA,NA,NA,NA
W29,GND,NA,NA,NA,NA
W3,GND,NA,NA,NA,NA
W31,GND,NA,NA,NA,NA
W33,GND,NA,NA,NA,NA
W35,GND,NA,NA,NA,NA
W37,GND,NA,NA,NA,NA
W39,GND,NA,NA,NA,NA
W4,GND,NA,NA,NA,NA
W43,GND,NA,NA,NA,NA
W47,GND,NA,NA,NA,NA
W5,GND,NA,NA,NA,NA
W50,GND,NA,NA,NA,NA
W51,GND,NA,NA,NA,NA
W52,GND,NA,NA,NA,NA
W8,GND,NA,NA,NA,NA
Y1,GND,NA,NA,NA,NA
Y10,GND,NA,NA,NA,NA
Y14,GND,NA,NA,NA,NA
Y16,GND,NA,NA,NA,NA
Y18,GND,NA,NA,NA,NA
Y2,GND,NA,NA,NA,NA
Y20,GND,NA,NA,NA,NA
Y22,GND,NA,NA,NA,NA
Y24,GND,NA,NA,NA,NA
Y26,GND,NA,NA,NA,NA
Y28,GND,NA,NA,NA,NA
Y30,GND,NA,NA,NA,NA
Y32,GND,NA,NA,NA,NA
Y34,GND,NA,NA,NA,NA
Y36,GND,NA,NA,NA,NA
Y38,GND,NA,NA,NA,NA
Y39,GND,NA,NA,NA,NA
Y41,GND,NA,NA,NA,NA
Y45,GND,NA,NA,NA,NA
Y49,GND,NA,NA,NA,NA
Y5,GND,NA,NA,NA,NA
Y50,GND,NA,NA,NA,NA
Y53,GND,NA,NA,NA,NA
Y54,GND,NA,NA,NA,NA
Y6,GND,NA,NA,NA,NA
AB28,GNDADC,NA,NA,NA,NA
AA42,MGTAVCC_LC,NA,NA,NA,NA
AB44,MGTAVCC_LC,NA,NA,NA,NA
AC42,MGTAVCC_LC,NA,NA,NA,NA
AD44,MGTAVCC_LC,NA,NA,NA,NA
AE42,MGTAVCC_LC,NA,NA,NA,NA
AG42,MGTAVCC_LC,NA,NA,NA,NA
AJ42,MGTAVCC_LC,NA,NA,NA,NA
Y44,MGTAVCC_LC,NA,NA,NA,NA
M44,MGTAVCC_LN,NA,NA,NA,NA
N42,MGTAVCC_LN,NA,NA,NA,NA
P44,MGTAVCC_LN,NA,NA,NA,NA
R42,MGTAVCC_LN,NA,NA,NA,NA
T44,MGTAVCC_LN,NA,NA,NA,NA
U42,MGTAVCC_LN,NA,NA,NA,NA
V44,MGTAVCC_LN,NA,NA,NA,NA
W42,MGTAVCC_LN,NA,NA,NA,NA
AL42,MGTAVCC_LS,NA,NA,NA,NA
AM44,MGTAVCC_LS,NA,NA,NA,NA
AN42,MGTAVCC_LS,NA,NA,NA,NA
AP44,MGTAVCC_LS,NA,NA,NA,NA
AR42,MGTAVCC_LS,NA,NA,NA,NA
AT44,MGTAVCC_LS,NA,NA,NA,NA
AU42,MGTAVCC_LS,NA,NA,NA,NA
AV44,MGTAVCC_LS,NA,NA,NA,NA
AA13,MGTAVCC_RC,NA,NA,NA,NA
AB11,MGTAVCC_RC,NA,NA,NA,NA
AC13,MGTAVCC_RC,NA,NA,NA,NA
AD11,MGTAVCC_RC,NA,NA,NA,NA
AE13,MGTAVCC_RC,NA,NA,NA,NA
AG13,MGTAVCC_RC,NA,NA,NA,NA
AJ13,MGTAVCC_RC,NA,NA,NA,NA
Y11,MGTAVCC_RC,NA,NA,NA,NA
M11,MGTAVCC_RN,NA,NA,NA,NA
N13,MGTAVCC_RN,NA,NA,NA,NA
P11,MGTAVCC_RN,NA,NA,NA,NA
R13,MGTAVCC_RN,NA,NA,NA,NA
T11,MGTAVCC_RN,NA,NA,NA,NA
U13,MGTAVCC_RN,NA,NA,NA,NA
V11,MGTAVCC_RN,NA,NA,NA,NA
W13,MGTAVCC_RN,NA,NA,NA,NA
AL13,MGTAVCC_RS,NA,NA,NA,NA
AM11,MGTAVCC_RS,NA,NA,NA,NA
AN13,MGTAVCC_RS,NA,NA,NA,NA
AP11,MGTAVCC_RS,NA,NA,NA,NA
AR13,MGTAVCC_RS,NA,NA,NA,NA
AT11,MGTAVCC_RS,NA,NA,NA,NA
AU13,MGTAVCC_RS,NA,NA,NA,NA
AV11,MGTAVCC_RS,NA,NA,NA,NA
AA46,MGTAVTT_LC,NA,NA,NA,NA
AC46,MGTAVTT_LC,NA,NA,NA,NA
AE46,MGTAVTT_LC,NA,NA,NA,NA
AF44,MGTAVTT_LC,NA,NA,NA,NA
AG46,MGTAVTT_LC,NA,NA,NA,NA
AH44,MGTAVTT_LC,NA,NA,NA,NA
AJ46,MGTAVTT_LC,NA,NA,NA,NA
W46,MGTAVTT_LC,NA,NA,NA,NA
Y48,MGTAVTT_LC,NA,NA,NA,NA
D48,MGTAVTT_LN,NA,NA,NA,NA
F48,MGTAVTT_LN,NA,NA,NA,NA
H48,MGTAVTT_LN,NA,NA,NA,NA
K48,MGTAVTT_LN,NA,NA,NA,NA
L46,MGTAVTT_LN,NA,NA,NA,NA
M48,MGTAVTT_LN,NA,NA,NA,NA
N46,MGTAVTT_LN,NA,NA,NA,NA
R46,MGTAVTT_LN,NA,NA,NA,NA
U46,MGTAVTT_LN,NA,NA,NA,NA
AK44,MGTAVTT_LS,NA,NA,NA,NA
AL46,MGTAVTT_LS,NA,NA,NA,NA
AN46,MGTAVTT_LS,NA,NA,NA,NA
AR46,MGTAVTT_LS,NA,NA,NA,NA
AU46,MGTAVTT_LS,NA,NA,NA,NA
AW46,MGTAVTT_LS,NA,NA,NA,NA
AY44,MGTAVTT_LS,NA,NA,NA,NA
BA46,MGTAVTT_LS,NA,NA,NA,NA
BB44,MGTAVTT_LS,NA,NA,NA,NA
AA9,MGTAVTT_RC,NA,NA,NA,NA
AC9,MGTAVTT_RC,NA,NA,NA,NA
AE9,MGTAVTT_RC,NA,NA,NA,NA
AF11,MGTAVTT_RC,NA,NA,NA,NA
AG9,MGTAVTT_RC,NA,NA,NA,NA
AH11,MGTAVTT_RC,NA,NA,NA,NA
AJ9,MGTAVTT_RC,NA,NA,NA,NA
W9,MGTAVTT_RC,NA,NA,NA,NA
Y7,MGTAVTT_RC,NA,NA,NA,NA
D7,MGTAVTT_RN,NA,NA,NA,NA
F7,MGTAVTT_RN,NA,NA,NA,NA
H7,MGTAVTT_RN,NA,NA,NA,NA
K7,MGTAVTT_RN,NA,NA,NA,NA
L9,MGTAVTT_RN,NA,NA,NA,NA
M7,MGTAVTT_RN,NA,NA,NA,NA
N9,MGTAVTT_RN,NA,NA,NA,NA
R9,MGTAVTT_RN,NA,NA,NA,NA
U9,MGTAVTT_RN,NA,NA,NA,NA
AK11,MGTAVTT_RS,NA,NA,NA,NA
AL9,MGTAVTT_RS,NA,NA,NA,NA
AN9,MGTAVTT_RS,NA,NA,NA,NA
AR9,MGTAVTT_RS,NA,NA,NA,NA
AU9,MGTAVTT_RS,NA,NA,NA,NA
AW9,MGTAVTT_RS,NA,NA,NA,NA
AY11,MGTAVTT_RS,NA,NA,NA,NA
BA9,MGTAVTT_RS,NA,NA,NA,NA
BB11,MGTAVTT_RS,NA,NA,NA,NA
AB40,MGTVCCAUX_LC,NA,NA,NA,NA
AD40,MGTVCCAUX_LC,NA,NA,NA,NA
AF40,MGTVCCAUX_LC,NA,NA,NA,NA
AH40,MGTVCCAUX_LC,NA,NA,NA,NA
P40,MGTVCCAUX_LN,NA,NA,NA,NA
T40,MGTVCCAUX_LN,NA,NA,NA,NA
V40,MGTVCCAUX_LN,NA,NA,NA,NA
Y40,MGTVCCAUX_LN,NA,NA,NA,NA
AK40,MGTVCCAUX_LS,NA,NA,NA,NA
AM40,MGTVCCAUX_LS,NA,NA,NA,NA
AP40,MGTVCCAUX_LS,NA,NA,NA,NA
AT40,MGTVCCAUX_LS,NA,NA,NA,NA
AB15,MGTVCCAUX_RC,NA,NA,NA,NA
AD15,MGTVCCAUX_RC,NA,NA,NA,NA
AF15,MGTVCCAUX_RC,NA,NA,NA,NA
AH15,MGTVCCAUX_RC,NA,NA,NA,NA
P15,MGTVCCAUX_RN,NA,NA,NA,NA
T15,MGTVCCAUX_RN,NA,NA,NA,NA
V15,MGTVCCAUX_RN,NA,NA,NA,NA
Y15,MGTVCCAUX_RN,NA,NA,NA,NA
AK15,MGTVCCAUX_RS,NA,NA,NA,NA
AM15,MGTVCCAUX_RS,NA,NA,NA,NA
AP15,MGTVCCAUX_RS,NA,NA,NA,NA
AT15,MGTVCCAUX_RS,NA,NA,NA,NA
AB27,VCCADC,NA,NA,NA,NA
AB37,VCCAUX,NA,NA,NA,NA
AD37,VCCAUX,NA,NA,NA,NA
AF37,VCCAUX,NA,NA,NA,NA
AH37,VCCAUX,NA,NA,NA,NA
AK37,VCCAUX,NA,NA,NA,NA
AM37,VCCAUX,NA,NA,NA,NA
AP37,VCCAUX,NA,NA,NA,NA
P37,VCCAUX,NA,NA,NA,NA
T37,VCCAUX,NA,NA,NA,NA
V37,VCCAUX,NA,NA,NA,NA
Y37,VCCAUX,NA,NA,NA,NA
AA38,VCCAUX_IO,NA,NA,NA,NA
AC38,VCCAUX_IO,NA,NA,NA,NA
AE38,VCCAUX_IO,NA,NA,NA,NA
AG38,VCCAUX_IO,NA,NA,NA,NA
AJ38,VCCAUX_IO,NA,NA,NA,NA
AL38,VCCAUX_IO,NA,NA,NA,NA
AN38,VCCAUX_IO,NA,NA,NA,NA
R38,VCCAUX_IO,NA,NA,NA,NA
U38,VCCAUX_IO,NA,NA,NA,NA
W38,VCCAUX_IO,NA,NA,NA,NA
AB17,VCCBRAM,NA,NA,NA,NA
AD17,VCCBRAM,NA,NA,NA,NA
AF17,VCCBRAM,NA,NA,NA,NA
AH17,VCCBRAM,NA,NA,NA,NA
AK17,VCCBRAM,NA,NA,NA,NA
AM17,VCCBRAM,NA,NA,NA,NA
AP17,VCCBRAM,NA,NA,NA,NA
P17,VCCBRAM,NA,NA,NA,NA
T17,VCCBRAM,NA,NA,NA,NA
V17,VCCBRAM,NA,NA,NA,NA
Y17,VCCBRAM,NA,NA,NA,NA
AA20,VCCINT,NA,NA,NA,NA
AA22,VCCINT,NA,NA,NA,NA
AA24,VCCINT,NA,NA,NA,NA
AA26,VCCINT,NA,NA,NA,NA
AA28,VCCINT,NA,NA,NA,NA
AA30,VCCINT,NA,NA,NA,NA
AA32,VCCINT,NA,NA,NA,NA
AA34,VCCINT,NA,NA,NA,NA
AB21,VCCINT,NA,NA,NA,NA
AB23,VCCINT,NA,NA,NA,NA
AB25,VCCINT,NA,NA,NA,NA
AB29,VCCINT,NA,NA,NA,NA
AB31,VCCINT,NA,NA,NA,NA
AB33,VCCINT,NA,NA,NA,NA
AB35,VCCINT,NA,NA,NA,NA
AC20,VCCINT,NA,NA,NA,NA
AC22,VCCINT,NA,NA,NA,NA
AC24,VCCINT,NA,NA,NA,NA
AC26,VCCINT,NA,NA,NA,NA
AC30,VCCINT,NA,NA,NA,NA
AC32,VCCINT,NA,NA,NA,NA
AC34,VCCINT,NA,NA,NA,NA
AD21,VCCINT,NA,NA,NA,NA
AD23,VCCINT,NA,NA,NA,NA
AD25,VCCINT,NA,NA,NA,NA
AD29,VCCINT,NA,NA,NA,NA
AD31,VCCINT,NA,NA,NA,NA
AD33,VCCINT,NA,NA,NA,NA
AD35,VCCINT,NA,NA,NA,NA
AE20,VCCINT,NA,NA,NA,NA
AE22,VCCINT,NA,NA,NA,NA
AE24,VCCINT,NA,NA,NA,NA
AE26,VCCINT,NA,NA,NA,NA
AE30,VCCINT,NA,NA,NA,NA
AE32,VCCINT,NA,NA,NA,NA
AE34,VCCINT,NA,NA,NA,NA
AF19,VCCINT,NA,NA,NA,NA
AF21,VCCINT,NA,NA,NA,NA
AF23,VCCINT,NA,NA,NA,NA
AF25,VCCINT,NA,NA,NA,NA
AF27,VCCINT,NA,NA,NA,NA
AF29,VCCINT,NA,NA,NA,NA
AF31,VCCINT,NA,NA,NA,NA
AF33,VCCINT,NA,NA,NA,NA
AF35,VCCINT,NA,NA,NA,NA
AG20,VCCINT,NA,NA,NA,NA
AG22,VCCINT,NA,NA,NA,NA
AG24,VCCINT,NA,NA,NA,NA
AG26,VCCINT,NA,NA,NA,NA
AG28,VCCINT,NA,NA,NA,NA
AG30,VCCINT,NA,NA,NA,NA
AG32,VCCINT,NA,NA,NA,NA
AG34,VCCINT,NA,NA,NA,NA
AG36,VCCINT,NA,NA,NA,NA
AH19,VCCINT,NA,NA,NA,NA
AH21,VCCINT,NA,NA,NA,NA
AH23,VCCINT,NA,NA,NA,NA
AH25,VCCINT,NA,NA,NA,NA
AH27,VCCINT,NA,NA,NA,NA
AH29,VCCINT,NA,NA,NA,NA
AH31,VCCINT,NA,NA,NA,NA
AH33,VCCINT,NA,NA,NA,NA
AH35,VCCINT,NA,NA,NA,NA
AJ20,VCCINT,NA,NA,NA,NA
AJ22,VCCINT,NA,NA,NA,NA
AJ24,VCCINT,NA,NA,NA,NA
AJ26,VCCINT,NA,NA,NA,NA
AJ28,VCCINT,NA,NA,NA,NA
AJ30,VCCINT,NA,NA,NA,NA
AJ32,VCCINT,NA,NA,NA,NA
AJ34,VCCINT,NA,NA,NA,NA
AJ36,VCCINT,NA,NA,NA,NA
AK19,VCCINT,NA,NA,NA,NA
AK21,VCCINT,NA,NA,NA,NA
AK23,VCCINT,NA,NA,NA,NA
AK25,VCCINT,NA,NA,NA,NA
AK27,VCCINT,NA,NA,NA,NA
AK29,VCCINT,NA,NA,NA,NA
AK31,VCCINT,NA,NA,NA,NA
AK33,VCCINT,NA,NA,NA,NA
AK35,VCCINT,NA,NA,NA,NA
AL20,VCCINT,NA,NA,NA,NA
AL22,VCCINT,NA,NA,NA,NA
AL24,VCCINT,NA,NA,NA,NA
AL26,VCCINT,NA,NA,NA,NA
AL28,VCCINT,NA,NA,NA,NA
AL30,VCCINT,NA,NA,NA,NA
AL32,VCCINT,NA,NA,NA,NA
AL34,VCCINT,NA,NA,NA,NA
AL36,VCCINT,NA,NA,NA,NA
AM19,VCCINT,NA,NA,NA,NA
AM21,VCCINT,NA,NA,NA,NA
AM23,VCCINT,NA,NA,NA,NA
AM25,VCCINT,NA,NA,NA,NA
AM27,VCCINT,NA,NA,NA,NA
AM29,VCCINT,NA,NA,NA,NA
AM31,VCCINT,NA,NA,NA,NA
AM33,VCCINT,NA,NA,NA,NA
AM35,VCCINT,NA,NA,NA,NA
AN20,VCCINT,NA,NA,NA,NA
AN22,VCCINT,NA,NA,NA,NA
AN24,VCCINT,NA,NA,NA,NA
AN26,VCCINT,NA,NA,NA,NA
AN28,VCCINT,NA,NA,NA,NA
AN30,VCCINT,NA,NA,NA,NA
AN32,VCCINT,NA,NA,NA,NA
AN34,VCCINT,NA,NA,NA,NA
AN36,VCCINT,NA,NA,NA,NA
AP19,VCCINT,NA,NA,NA,NA
AP21,VCCINT,NA,NA,NA,NA
AP23,VCCINT,NA,NA,NA,NA
AP25,VCCINT,NA,NA,NA,NA
AP27,VCCINT,NA,NA,NA,NA
AP29,VCCINT,NA,NA,NA,NA
AP31,VCCINT,NA,NA,NA,NA
AP33,VCCINT,NA,NA,NA,NA
AP35,VCCINT,NA,NA,NA,NA
AR20,VCCINT,NA,NA,NA,NA
AR22,VCCINT,NA,NA,NA,NA
AR24,VCCINT,NA,NA,NA,NA
AR26,VCCINT,NA,NA,NA,NA
AR28,VCCINT,NA,NA,NA,NA
AR30,VCCINT,NA,NA,NA,NA
AR32,VCCINT,NA,NA,NA,NA
AR34,VCCINT,NA,NA,NA,NA
AR36,VCCINT,NA,NA,NA,NA
AT21,VCCINT,NA,NA,NA,NA
AT23,VCCINT,NA,NA,NA,NA
AT25,VCCINT,NA,NA,NA,NA
AT27,VCCINT,NA,NA,NA,NA
AT29,VCCINT,NA,NA,NA,NA
AT31,VCCINT,NA,NA,NA,NA
AT33,VCCINT,NA,NA,NA,NA
AT35,VCCINT,NA,NA,NA,NA
M17,VCCINT,NA,NA,NA,NA
M19,VCCINT,NA,NA,NA,NA
M21,VCCINT,NA,NA,NA,NA
M25,VCCINT,NA,NA,NA,NA
M27,VCCINT,NA,NA,NA,NA
M29,VCCINT,NA,NA,NA,NA
M31,VCCINT,NA,NA,NA,NA
M33,VCCINT,NA,NA,NA,NA
M37,VCCINT,NA,NA,NA,NA
N18,VCCINT,NA,NA,NA,NA
N20,VCCINT,NA,NA,NA,NA
N22,VCCINT,NA,NA,NA,NA
N24,VCCINT,NA,NA,NA,NA
N26,VCCINT,NA,NA,NA,NA
N28,VCCINT,NA,NA,NA,NA
N30,VCCINT,NA,NA,NA,NA
N32,VCCINT,NA,NA,NA,NA
N34,VCCINT,NA,NA,NA,NA
N36,VCCINT,NA,NA,NA,NA
N38,VCCINT,NA,NA,NA,NA
P19,VCCINT,NA,NA,NA,NA
P21,VCCINT,NA,NA,NA,NA
P23,VCCINT,NA,NA,NA,NA
P25,VCCINT,NA,NA,NA,NA
P27,VCCINT,NA,NA,NA,NA
P29,VCCINT,NA,NA,NA,NA
P31,VCCINT,NA,NA,NA,NA
P33,VCCINT,NA,NA,NA,NA
P35,VCCINT,NA,NA,NA,NA
R20,VCCINT,NA,NA,NA,NA
R22,VCCINT,NA,NA,NA,NA
R24,VCCINT,NA,NA,NA,NA
R26,VCCINT,NA,NA,NA,NA
R28,VCCINT,NA,NA,NA,NA
R30,VCCINT,NA,NA,NA,NA
R32,VCCINT,NA,NA,NA,NA
R34,VCCINT,NA,NA,NA,NA
R36,VCCINT,NA,NA,NA,NA
T21,VCCINT,NA,NA,NA,NA
T23,VCCINT,NA,NA,NA,NA
T25,VCCINT,NA,NA,NA,NA
T27,VCCINT,NA,NA,NA,NA
T29,VCCINT,NA,NA,NA,NA
T31,VCCINT,NA,NA,NA,NA
T33,VCCINT,NA,NA,NA,NA
T35,VCCINT,NA,NA,NA,NA
U20,VCCINT,NA,NA,NA,NA
U22,VCCINT,NA,NA,NA,NA
U24,VCCINT,NA,NA,NA,NA
U26,VCCINT,NA,NA,NA,NA
U28,VCCINT,NA,NA,NA,NA
U30,VCCINT,NA,NA,NA,NA
U32,VCCINT,NA,NA,NA,NA
U34,VCCINT,NA,NA,NA,NA
V21,VCCINT,NA,NA,NA,NA
V23,VCCINT,NA,NA,NA,NA
V25,VCCINT,NA,NA,NA,NA
V27,VCCINT,NA,NA,NA,NA
V29,VCCINT,NA,NA,NA,NA
V31,VCCINT,NA,NA,NA,NA
V33,VCCINT,NA,NA,NA,NA
V35,VCCINT,NA,NA,NA,NA
W20,VCCINT,NA,NA,NA,NA
W22,VCCINT,NA,NA,NA,NA
W24,VCCINT,NA,NA,NA,NA
W26,VCCINT,NA,NA,NA,NA
W28,VCCINT,NA,NA,NA,NA
W30,VCCINT,NA,NA,NA,NA
W32,VCCINT,NA,NA,NA,NA
W34,VCCINT,NA,NA,NA,NA
Y21,VCCINT,NA,NA,NA,NA
Y23,VCCINT,NA,NA,NA,NA
Y25,VCCINT,NA,NA,NA,NA
Y27,VCCINT,NA,NA,NA,NA
Y29,VCCINT,NA,NA,NA,NA
Y31,VCCINT,NA,NA,NA,NA
Y33,VCCINT,NA,NA,NA,NA
Y35,VCCINT,NA,NA,NA,NA
AA36,VCCINT_GT_L,NA,NA,NA,NA
AC36,VCCINT_GT_L,NA,NA,NA,NA
AE36,VCCINT_GT_L,NA,NA,NA,NA
U36,VCCINT_GT_L,NA,NA,NA,NA
W36,VCCINT_GT_L,NA,NA,NA,NA
AB19,VCCINT_GT_R,NA,NA,NA,NA
AD19,VCCINT_GT_R,NA,NA,NA,NA
T19,VCCINT_GT_R,NA,NA,NA,NA
V19,VCCINT_GT_R,NA,NA,NA,NA
Y19,VCCINT_GT_R,NA,NA,NA,NA
AA18,VCCINT_IO,NA,NA,NA,NA
AC18,VCCINT_IO,NA,NA,NA,NA
AE18,VCCINT_IO,NA,NA,NA,NA
AG18,VCCINT_IO,NA,NA,NA,NA
AJ18,VCCINT_IO,NA,NA,NA,NA
AL18,VCCINT_IO,NA,NA,NA,NA
AN18,VCCINT_IO,NA,NA,NA,NA
AR18,VCCINT_IO,NA,NA,NA,NA
AR38,VCCINT_IO,NA,NA,NA,NA
AT17,VCCINT_IO,NA,NA,NA,NA
AT19,VCCINT_IO,NA,NA,NA,NA
AT37,VCCINT_IO,NA,NA,NA,NA
AU18,VCCINT_IO,NA,NA,NA,NA
AU20,VCCINT_IO,NA,NA,NA,NA
AU22,VCCINT_IO,NA,NA,NA,NA
AU24,VCCINT_IO,NA,NA,NA,NA
AU26,VCCINT_IO,NA,NA,NA,NA
AU28,VCCINT_IO,NA,NA,NA,NA
AU30,VCCINT_IO,NA,NA,NA,NA
AU32,VCCINT_IO,NA,NA,NA,NA
AU34,VCCINT_IO,NA,NA,NA,NA
AU36,VCCINT_IO,NA,NA,NA,NA
AU38,VCCINT_IO,NA,NA,NA,NA
AV17,VCCINT_IO,NA,NA,NA,NA
AV19,VCCINT_IO,NA,NA,NA,NA
AV21,VCCINT_IO,NA,NA,NA,NA
AV23,VCCINT_IO,NA,NA,NA,NA
AV25,VCCINT_IO,NA,NA,NA,NA
AV27,VCCINT_IO,NA,NA,NA,NA
AV29,VCCINT_IO,NA,NA,NA,NA
AV31,VCCINT_IO,NA,NA,NA,NA
AV33,VCCINT_IO,NA,NA,NA,NA
AV35,VCCINT_IO,NA,NA,NA,NA
AV37,VCCINT_IO,NA,NA,NA,NA
R18,VCCINT_IO,NA,NA,NA,NA
U18,VCCINT_IO,NA,NA,NA,NA
W18,VCCINT_IO,NA,NA,NA,NA
AB12,NC,NA,NA,NA,NA
AB13,NC,NA,NA,NA,NA
AB3,NC,NA,NA,NA,NA
AB4,NC,NA,NA,NA,NA
AB42,NC,NA,NA,NA,NA
AB43,NC,NA,NA,NA,NA
AB46,NC,NA,NA,NA,NA
AB47,NC,NA,NA,NA,NA
AB51,NC,NA,NA,NA,NA
AB52,NC,NA,NA,NA,NA
AB8,NC,NA,NA,NA,NA
AB9,NC,NA,NA,NA,NA
AC10,NC,NA,NA,NA,NA
AC11,NC,NA,NA,NA,NA
AC44,NC,NA,NA,NA,NA
AC45,NC,NA,NA,NA,NA
AD12,NC,NA,NA,NA,NA
AD13,NC,NA,NA,NA,NA
AD3,NC,NA,NA,NA,NA
AD4,NC,NA,NA,NA,NA
AD42,NC,NA,NA,NA,NA
AD43,NC,NA,NA,NA,NA
AD51,NC,NA,NA,NA,NA
AD52,NC,NA,NA,NA,NA
AE10,NC,NA,NA,NA,NA
AE11,NC,NA,NA,NA,NA
AE44,NC,NA,NA,NA,NA
AE45,NC,NA,NA,NA,NA
AF3,NC,NA,NA,NA,NA
AF4,NC,NA,NA,NA,NA
AF46,NC,NA,NA,NA,NA
AF47,NC,NA,NA,NA,NA
AF51,NC,NA,NA,NA,NA
AF52,NC,NA,NA,NA,NA
AF8,NC,NA,NA,NA,NA
AF9,NC,NA,NA,NA,NA
AG14,NC,NA,NA,NA,NA
AG15,NC,NA,NA,NA,NA
AG40,NC,NA,NA,NA,NA
AG41,NC,NA,NA,NA,NA
AH3,NC,NA,NA,NA,NA
AH4,NC,NA,NA,NA,NA
AH46,NC,NA,NA,NA,NA
AH47,NC,NA,NA,NA,NA
AH51,NC,NA,NA,NA,NA
AH52,NC,NA,NA,NA,NA
AH8,NC,NA,NA,NA,NA
AH9,NC,NA,NA,NA,NA
AJ1,NC,NA,NA,NA,NA
AJ10,NC,NA,NA,NA,NA
AJ11,NC,NA,NA,NA,NA
AJ14,NC,NA,NA,NA,NA
AJ15,NC,NA,NA,NA,NA
AJ2,NC,NA,NA,NA,NA
AJ40,NC,NA,NA,NA,NA
AJ41,NC,NA,NA,NA,NA
AJ44,NC,NA,NA,NA,NA
AJ45,NC,NA,NA,NA,NA
AJ53,NC,NA,NA,NA,NA
AJ54,NC,NA,NA,NA,NA
AK3,NC,NA,NA,NA,NA
AK4,NC,NA,NA,NA,NA
AK46,NC,NA,NA,NA,NA
AK47,NC,NA,NA,NA,NA
AK51,NC,NA,NA,NA,NA
AK52,NC,NA,NA,NA,NA
AK8,NC,NA,NA,NA,NA
AK9,NC,NA,NA,NA,NA
AL49,NC,NA,NA,NA,NA
AL5,NC,NA,NA,NA,NA
AL50,NC,NA,NA,NA,NA
AL6,NC,NA,NA,NA,NA
AY41,NC,NA,NA,NA,NA
AY42,NC,NA,NA,NA,NA
BA41,NC,NA,NA,NA,NA
BA42,NC,NA,NA,NA,NA
BB41,NC,NA,NA,NA,NA
BB42,NC,NA,NA,NA,NA
D3,NC,NA,NA,NA,NA
D4,NC,NA,NA,NA,NA
D51,NC,NA,NA,NA,NA
D52,NC,NA,NA,NA,NA
F3,NC,NA,NA,NA,NA
F4,NC,NA,NA,NA,NA
F51,NC,NA,NA,NA,NA
F52,NC,NA,NA,NA,NA
H3,NC,NA,NA,NA,NA
H4,NC,NA,NA,NA,NA
H51,NC,NA,NA,NA,NA
H52,NC,NA,NA,NA,NA
K3,NC,NA,NA,NA,NA
K4,NC,NA,NA,NA,NA
K46,NC,NA,NA,NA,NA
K47,NC,NA,NA,NA,NA
K51,NC,NA,NA,NA,NA
K52,NC,NA,NA,NA,NA
K8,NC,NA,NA,NA,NA
K9,NC,NA,NA,NA,NA
L10,NC,NA,NA,NA,NA
L11,NC,NA,NA,NA,NA
L44,NC,NA,NA,NA,NA
L45,NC,NA,NA,NA,NA
M3,NC,NA,NA,NA,NA
M4,NC,NA,NA,NA,NA
M46,NC,NA,NA,NA,NA
M47,NC,NA,NA,NA,NA
M51,NC,NA,NA,NA,NA
M52,NC,NA,NA,NA,NA
M8,NC,NA,NA,NA,NA
M9,NC,NA,NA,NA,NA
N10,NC,NA,NA,NA,NA
N11,NC,NA,NA,NA,NA
N44,NC,NA,NA,NA,NA
N45,NC,NA,NA,NA,NA
P12,NC,NA,NA,NA,NA
P13,NC,NA,NA,NA,NA
P3,NC,NA,NA,NA,NA
P4,NC,NA,NA,NA,NA
P42,NC,NA,NA,NA,NA
P43,NC,NA,NA,NA,NA
P46,NC,NA,NA,NA,NA
P47,NC,NA,NA,NA,NA
P51,NC,NA,NA,NA,NA
P52,NC,NA,NA,NA,NA
P8,NC,NA,NA,NA,NA
P9,NC,NA,NA,NA,NA
R10,NC,NA,NA,NA,NA
R11,NC,NA,NA,NA,NA
R44,NC,NA,NA,NA,NA
R45,NC,NA,NA,NA,NA
T12,NC,NA,NA,NA,NA
T13,NC,NA,NA,NA,NA
T3,NC,NA,NA,NA,NA
T4,NC,NA,NA,NA,NA
T42,NC,NA,NA,NA,NA
T43,NC,NA,NA,NA,NA
T51,NC,NA,NA,NA,NA
T52,NC,NA,NA,NA,NA
U10,NC,NA,NA,NA,NA
U11,NC,NA,NA,NA,NA
U44,NC,NA,NA,NA,NA
U45,NC,NA,NA,NA,NA
V12,NC,NA,NA,NA,NA
V13,NC,NA,NA,NA,NA
V3,NC,NA,NA,NA,NA
V4,NC,NA,NA,NA,NA
V42,NC,NA,NA,NA,NA
V43,NC,NA,NA,NA,NA
V46,NC,NA,NA,NA,NA
V47,NC,NA,NA,NA,NA
V51,NC,NA,NA,NA,NA
V52,NC,NA,NA,NA,NA
V8,NC,NA,NA,NA,NA
V9,NC,NA,NA,NA,NA
Y12,NC,NA,NA,NA,NA
Y13,NC,NA,NA,NA,NA
Y3,NC,NA,NA,NA,NA
Y4,NC,NA,NA,NA,NA
Y42,NC,NA,NA,NA,NA
Y43,NC,NA,NA,NA,NA
Y46,NC,NA,NA,NA,NA
Y47,NC,NA,NA,NA,NA
Y51,NC,NA,NA,NA,NA
Y52,NC,NA,NA,NA,NA
Y8,NC,NA,NA,NA,NA
Y9,NC,NA,NA,NA,NA
,,,,,
Total Number of Pins,2892,,,,
