"# ////////////////////////////////////////////////////////////////////////////"
"#  Proprietary Note:"
"#  "
"# "
"#  Copyright 2020-2025 AMD, Inc. All rights reserved."
"#  This file contains proprietary information of AMD, Inc."
"#  and is protected under U.S. and international copyright and other"
"#  intellectual property laws."
"# "
"#  DISCLAIMER"
"#  This disclaimer is not a license and does not grant any"
"#  rights to the materials distributed herewith. Except as"
"#  otherwise provided in a valid license issued to you by"
"#  AMD, and to the maximum extent permitted by applicable"
"#  law: (1) THESE MATERIALS ARE MADE AVAILABLE "AS IS" AND"
"#  WITH ALL FAULTS, AND AMD HEREBY DISCLAIMS ALL WARRANTIES"
"#  AND CONDITIONS, EXPRESS, IMPLIED, OR STATUTORY, INCLUDING"
"#  BUT NOT LIMITED TO WARRANTIES OF MERCHANTABILITY, NON-"
"#  INFRINGEMENT, OR FITNESS FOR ANY PARTICULAR PURPOSE; and"
"#  (2) AMD shall not be liable (whether in contract or tort,"
"#  including negligence, or under any other theory of"
"#  liability) for any loss or damage of any kind or nature"
"#  related to, arising under or in connection with these"
"#  materials, including for any direct, or any indirect,"
"#  special, incidental, or consequential loss or damage"
"#  (including loss of data, profits, goodwill, or any type of"
"#  loss or damage suffered as a result of any action brought"
"#  by a third party) even if such damage or loss was"
"#  reasonably foreseeable or AMD had been advised of the"
"#  possibility of the same."
"# "
"#  CRITICAL APPLICATIONS"
"#  AMD products are not designed or intended to be fail-"
"#  safe, or for use in any application requiring fail-safe"
"#  performance, such as life-support or safety devices or"
"#  systems, Class III medical devices, nuclear facilities,"
"#  applications related to the deployment of airbags, or any"
"#  other applications that could lead to death, personal"
"#  injury, or severe property or environmental damage"
"#  (individually and collectively, "Critical"
"#  Applications"). Customer assumes the sole risk and"
"#  liability of any use of AMD products in Critical"
"#  Applications, subject only to applicable laws and"
"#  regulations governing limitations on product liability"
"#  "
"#  THIS COPYRIGHT NOTICE AND DISCLAIMER MUST BE RETAINED AS"
"#  PART OF THIS FILE AT ALL TIMES."
"#  "
"# ////////////////////////////////////////////////////////////////////////////"
"#-----------------------------------------------------------------------------"
"#-----------------------------------------------------------------------------"
"# Device            : xcvc2802vsvh1760"
"# Date              : Wed Aug 16 07:45:04 2023"
"# Revision          : 1.2"
"# Status            : Production "
"# Pkg Spec Revision : v4 "
"# "
"#-----------------------------------------------------------------------------"
"#  Production package specifications are released coincident"
"#  with production release of a particular device."
"#-----------------------------------------------------------------------------"
"#  Modification History"
"#-----------------------------------------------------------------------------"
"# | Date              : Wed Nov 17 10:00:16 2021"
"# | Revision          : 0.1 "
"# | Status            : Evaluation Only "
"# | Details           : Initial version for evaluation only "
"#-----------------------------------------------------------------------------"
"#-----------------------------------------------------------------------------"
"# | Date              : Fri Jan 21 19:45:04 2022"
"# | Revision          : 1.0 "
"# | Status            : Engineering Sample "
"# | Details           : Pin AK16 change from VCC_PSLP to VCC_SOC "
"#-----------------------------------------------------------------------------"
"#-----------------------------------------------------------------------------"
"# | Date              : Fri Feb 18 19:45:04 2022"
"# | Revision          : 1.1 "
"# | Status            : Engineering Sample "
"# | Details           : Change GTYP power group _RN bank number from 106 to NA "
"#-----------------------------------------------------------------------------"
"#-----------------------------------------------------------------------------"
"# | Date              : Thu Feb 24 19:45:04 2022"
"# | Revision          : 1.2"
"# | Status            : Engineering Sample "
"# | Details           : The package code change from VFVH1760 to VSVH1760"
"#-----------------------------------------------------------------------------"
"# | Date              : Wed Aug 16 07:45:04 2023"
"# | Revision          : 1.2"
"# | Status            : Production "
"# | Details           : The content in Production is the same as Engineering Sample and move to Production"
"#-----------------------------------------------------------------------------"
"#  ASCII Pinout File"
"
Pin,Pin Name,Bank,I/O Type,Super Logic Region,XPIOPerf,DDRMC ONLY
AE10,GTYP_LPD_REFCLKN0_102,102,GTYP,NA,NA,NA
AD8,GTYP_LPD_REFCLKN1_102,102,GTYP,NA,NA,NA
AE11,GTYP_LPD_REFCLKP0_102,102,GTYP,NA,NA,NA
AD9,GTYP_LPD_REFCLKP1_102,102,GTYP,NA,NA,NA
AE1,GTYP_LPD_RXN0_102,102,GTYP,NA,NA,NA
AC1,GTYP_LPD_RXN1_102,102,GTYP,NA,NA,NA
AA1,GTYP_LPD_RXN2_102,102,GTYP,NA,NA,NA
W1,GTYP_LPD_RXN3_102,102,GTYP,NA,NA,NA
AE2,GTYP_LPD_RXP0_102,102,GTYP,NA,NA,NA
AC2,GTYP_LPD_RXP1_102,102,GTYP,NA,NA,NA
AA2,GTYP_LPD_RXP2_102,102,GTYP,NA,NA,NA
W2,GTYP_LPD_RXP3_102,102,GTYP,NA,NA,NA
AE6,GTYP_LPD_TXN0_102,102,GTYP,NA,NA,NA
AD4,GTYP_LPD_TXN1_102,102,GTYP,NA,NA,NA
AC6,GTYP_LPD_TXN2_102,102,GTYP,NA,NA,NA
AB4,GTYP_LPD_TXN3_102,102,GTYP,NA,NA,NA
AE7,GTYP_LPD_TXP0_102,102,GTYP,NA,NA,NA
AD5,GTYP_LPD_TXP1_102,102,GTYP,NA,NA,NA
AC7,GTYP_LPD_TXP2_102,102,GTYP,NA,NA,NA
AB5,GTYP_LPD_TXP3_102,102,GTYP,NA,NA,NA
AB8,GTYP_LPD_REFCLKN0_103,103,GTYP,NA,NA,NA
Y8,GTYP_LPD_REFCLKN1_103,103,GTYP,NA,NA,NA
AB9,GTYP_LPD_REFCLKP0_103,103,GTYP,NA,NA,NA
Y9,GTYP_LPD_REFCLKP1_103,103,GTYP,NA,NA,NA
V3,GTYP_LPD_RXN0_103,103,GTYP,NA,NA,NA
U1,GTYP_LPD_RXN1_103,103,GTYP,NA,NA,NA
T3,GTYP_LPD_RXN2_103,103,GTYP,NA,NA,NA
R1,GTYP_LPD_RXN3_103,103,GTYP,NA,NA,NA
V4,GTYP_LPD_RXP0_103,103,GTYP,NA,NA,NA
U2,GTYP_LPD_RXP1_103,103,GTYP,NA,NA,NA
T4,GTYP_LPD_RXP2_103,103,GTYP,NA,NA,NA
R2,GTYP_LPD_RXP3_103,103,GTYP,NA,NA,NA
AA6,GTYP_LPD_TXN0_103,103,GTYP,NA,NA,NA
Y4,GTYP_LPD_TXN1_103,103,GTYP,NA,NA,NA
W6,GTYP_LPD_TXN2_103,103,GTYP,NA,NA,NA
U6,GTYP_LPD_TXN3_103,103,GTYP,NA,NA,NA
AA7,GTYP_LPD_TXP0_103,103,GTYP,NA,NA,NA
Y5,GTYP_LPD_TXP1_103,103,GTYP,NA,NA,NA
W7,GTYP_LPD_TXP2_103,103,GTYP,NA,NA,NA
U7,GTYP_LPD_TXP3_103,103,GTYP,NA,NA,NA
V8,GTYP_LPD_REFCLKN0_104,104,GTYP,NA,NA,NA
T8,GTYP_LPD_REFCLKN1_104,104,GTYP,NA,NA,NA
V9,GTYP_LPD_REFCLKP0_104,104,GTYP,NA,NA,NA
T9,GTYP_LPD_REFCLKP1_104,104,GTYP,NA,NA,NA
P3,GTYP_LPD_RXN0_104,104,GTYP,NA,NA,NA
N1,GTYP_LPD_RXN1_104,104,GTYP,NA,NA,NA
L1,GTYP_LPD_RXN2_104,104,GTYP,NA,NA,NA
K3,GTYP_LPD_RXN3_104,104,GTYP,NA,NA,NA
P4,GTYP_LPD_RXP0_104,104,GTYP,NA,NA,NA
N2,GTYP_LPD_RXP1_104,104,GTYP,NA,NA,NA
L2,GTYP_LPD_RXP2_104,104,GTYP,NA,NA,NA
K4,GTYP_LPD_RXP3_104,104,GTYP,NA,NA,NA
R6,GTYP_LPD_TXN0_104,104,GTYP,NA,NA,NA
N6,GTYP_LPD_TXN1_104,104,GTYP,NA,NA,NA
M4,GTYP_LPD_TXN2_104,104,GTYP,NA,NA,NA
L6,GTYP_LPD_TXN3_104,104,GTYP,NA,NA,NA
R7,GTYP_LPD_TXP0_104,104,GTYP,NA,NA,NA
N7,GTYP_LPD_TXP1_104,104,GTYP,NA,NA,NA
M5,GTYP_LPD_TXP2_104,104,GTYP,NA,NA,NA
L7,GTYP_LPD_TXP3_104,104,GTYP,NA,NA,NA
AC10,GTYP_LPD_AVTTRCAL_RS,105,NA,NA,NA,NA
P8,GTYP_LPD_REFCLKN0_105,105,GTYP,NA,NA,NA
M8,GTYP_LPD_REFCLKN1_105,105,GTYP,NA,NA,NA
P9,GTYP_LPD_REFCLKP0_105,105,GTYP,NA,NA,NA
M9,GTYP_LPD_REFCLKP1_105,105,GTYP,NA,NA,NA
AC11,GTYP_LPD_RREF_RS,105,GTYP,NA,NA,NA
J1,GTYP_LPD_RXN0_105,105,GTYP,NA,NA,NA
H3,GTYP_LPD_RXN1_105,105,GTYP,NA,NA,NA
G1,GTYP_LPD_RXN2_105,105,GTYP,NA,NA,NA
F3,GTYP_LPD_RXN3_105,105,GTYP,NA,NA,NA
J2,GTYP_LPD_RXP0_105,105,GTYP,NA,NA,NA
H4,GTYP_LPD_RXP1_105,105,GTYP,NA,NA,NA
G2,GTYP_LPD_RXP2_105,105,GTYP,NA,NA,NA
F4,GTYP_LPD_RXP3_105,105,GTYP,NA,NA,NA
J6,GTYP_LPD_TXN0_105,105,GTYP,NA,NA,NA
G6,GTYP_LPD_TXN1_105,105,GTYP,NA,NA,NA
F8,GTYP_LPD_TXN2_105,105,GTYP,NA,NA,NA
E6,GTYP_LPD_TXN3_105,105,GTYP,NA,NA,NA
J7,GTYP_LPD_TXP0_105,105,GTYP,NA,NA,NA
G7,GTYP_LPD_TXP1_105,105,GTYP,NA,NA,NA
F9,GTYP_LPD_TXP2_105,105,GTYP,NA,NA,NA
E7,GTYP_LPD_TXP3_105,105,GTYP,NA,NA,NA
U9,GTYP_AVCCAUX_RN,NA,NA,NA,NA,NA
W9,GTYP_AVCCAUX_RN,NA,NA,NA,NA,NA
N9,GTYP_AVCC_RN,NA,NA,NA,NA,NA
R9,GTYP_AVCC_RN,NA,NA,NA,NA,NA
AA10,GTYP_AVTTRCAL_RN,106,NA,NA,NA,NA
P7,GTYP_AVTT_RN,NA,NA,NA,NA,NA
T7,GTYP_AVTT_RN,NA,NA,NA,NA,NA
V7,GTYP_AVTT_RN,NA,NA,NA,NA,NA
K8,GTYP_REFCLKN0_106,106,GTYP,NA,NA,NA
H8,GTYP_REFCLKN1_106,106,GTYP,NA,NA,NA
K9,GTYP_REFCLKP0_106,106,GTYP,NA,NA,NA
H9,GTYP_REFCLKP1_106,106,GTYP,NA,NA,NA
AA11,GTYP_RREF_RN,106,GTYP,NA,NA,NA
E1,GTYP_RXN0_106,106,GTYP,NA,NA,NA
D3,GTYP_RXN1_106,106,GTYP,NA,NA,NA
C1,GTYP_RXN2_106,106,GTYP,NA,NA,NA
B3,GTYP_RXN3_106,106,GTYP,NA,NA,NA
E2,GTYP_RXP0_106,106,GTYP,NA,NA,NA
D4,GTYP_RXP1_106,106,GTYP,NA,NA,NA
C2,GTYP_RXP2_106,106,GTYP,NA,NA,NA
B4,GTYP_RXP3_106,106,GTYP,NA,NA,NA
D8,GTYP_TXN0_106,106,GTYP,NA,NA,NA
C6,GTYP_TXN1_106,106,GTYP,NA,NA,NA
B8,GTYP_TXN2_106,106,GTYP,NA,NA,NA
A6,GTYP_TXN3_106,106,GTYP,NA,NA,NA
D9,GTYP_TXP0_106,106,GTYP,NA,NA,NA
C7,GTYP_TXP1_106,106,GTYP,NA,NA,NA
B9,GTYP_TXP2_106,106,GTYP,NA,NA,NA
A7,GTYP_TXP3_106,106,GTYP,NA,NA,NA
AC33,GTYP_REFCLKN0_204,204,GTYP,NA,NA,NA
AB31,GTYP_REFCLKN1_204,204,GTYP,NA,NA,NA
AC32,GTYP_REFCLKP0_204,204,GTYP,NA,NA,NA
AB30,GTYP_REFCLKP1_204,204,GTYP,NA,NA,NA
P42,GTYP_RXN0_204,204,GTYP,NA,NA,NA
M42,GTYP_RXN1_204,204,GTYP,NA,NA,NA
L40,GTYP_RXN2_204,204,GTYP,NA,NA,NA
K42,GTYP_RXN3_204,204,GTYP,NA,NA,NA
P41,GTYP_RXP0_204,204,GTYP,NA,NA,NA
M41,GTYP_RXP1_204,204,GTYP,NA,NA,NA
L39,GTYP_RXP2_204,204,GTYP,NA,NA,NA
K41,GTYP_RXP3_204,204,GTYP,NA,NA,NA
R39,GTYP_TXN0_204,204,GTYP,NA,NA,NA
P37,GTYP_TXN1_204,204,GTYP,NA,NA,NA
N39,GTYP_TXN2_204,204,GTYP,NA,NA,NA
M37,GTYP_TXN3_204,204,GTYP,NA,NA,NA
R38,GTYP_TXP0_204,204,GTYP,NA,NA,NA
P36,GTYP_TXP1_204,204,GTYP,NA,NA,NA
N38,GTYP_TXP2_204,204,GTYP,NA,NA,NA
M36,GTYP_TXP3_204,204,GTYP,NA,NA,NA
AA33,GTYP_AVTTRCAL_L,205,NA,NA,NA,NA
Y31,GTYP_REFCLKN0_205,205,GTYP,NA,NA,NA
W33,GTYP_REFCLKN1_205,205,GTYP,NA,NA,NA
Y30,GTYP_REFCLKP0_205,205,GTYP,NA,NA,NA
W32,GTYP_REFCLKP1_205,205,GTYP,NA,NA,NA
AA32,GTYP_RREF_L,205,GTYP,NA,NA,NA
J40,GTYP_RXN0_205,205,GTYP,NA,NA,NA
H42,GTYP_RXN1_205,205,GTYP,NA,NA,NA
G40,GTYP_RXN2_205,205,GTYP,NA,NA,NA
F42,GTYP_RXN3_205,205,GTYP,NA,NA,NA
J39,GTYP_RXP0_205,205,GTYP,NA,NA,NA
H41,GTYP_RXP1_205,205,GTYP,NA,NA,NA
G39,GTYP_RXP2_205,205,GTYP,NA,NA,NA
F41,GTYP_RXP3_205,205,GTYP,NA,NA,NA
K37,GTYP_TXN0_205,205,GTYP,NA,NA,NA
H37,GTYP_TXN1_205,205,GTYP,NA,NA,NA
F37,GTYP_TXN2_205,205,GTYP,NA,NA,NA
E35,GTYP_TXN3_205,205,GTYP,NA,NA,NA
K36,GTYP_TXP0_205,205,GTYP,NA,NA,NA
H36,GTYP_TXP1_205,205,GTYP,NA,NA,NA
F36,GTYP_TXP2_205,205,GTYP,NA,NA,NA
E34,GTYP_TXP3_205,205,GTYP,NA,NA,NA
R35,GTYP_REFCLKN0_206,206,GTYP,NA,NA,NA
N35,GTYP_REFCLKN1_206,206,GTYP,NA,NA,NA
R34,GTYP_REFCLKP0_206,206,GTYP,NA,NA,NA
N34,GTYP_REFCLKP1_206,206,GTYP,NA,NA,NA
E40,GTYP_RXN0_206,206,GTYP,NA,NA,NA
D42,GTYP_RXN1_206,206,GTYP,NA,NA,NA
C40,GTYP_RXN2_206,206,GTYP,NA,NA,NA
A40,GTYP_RXN3_206,206,GTYP,NA,NA,NA
E39,GTYP_RXP0_206,206,GTYP,NA,NA,NA
D41,GTYP_RXP1_206,206,GTYP,NA,NA,NA
C39,GTYP_RXP2_206,206,GTYP,NA,NA,NA
A39,GTYP_RXP3_206,206,GTYP,NA,NA,NA
D37,GTYP_TXN0_206,206,GTYP,NA,NA,NA
C35,GTYP_TXN1_206,206,GTYP,NA,NA,NA
B37,GTYP_TXN2_206,206,GTYP,NA,NA,NA
A35,GTYP_TXN3_206,206,GTYP,NA,NA,NA
D36,GTYP_TXP0_206,206,GTYP,NA,NA,NA
C34,GTYP_TXP1_206,206,GTYP,NA,NA,NA
B36,GTYP_TXP2_206,206,GTYP,NA,NA,NA
A34,GTYP_TXP3_206,206,GTYP,NA,NA,NA
J29,IO_L0N_400,400,HDIO,NA,NA,NA
K29,IO_L0P_400,400,HDIO,NA,NA,NA
A28,IO_L10N_400,400,HDIO,NA,NA,NA
B28,IO_L10P_400,400,HDIO,NA,NA,NA
H28,IO_L1N_400,400,HDIO,NA,NA,NA
J28,IO_L1P_400,400,HDIO,NA,NA,NA
G30,IO_L2N_400,400,HDIO,NA,NA,NA
H30,IO_L2P_400,400,HDIO,NA,NA,NA
F29,IO_L3N_400,400,HDIO,NA,NA,NA
G29,IO_L3P_400,400,HDIO,NA,NA,NA
F28,IO_L4N_400,400,HDIO,NA,NA,NA
G28,IO_L4P_400,400,HDIO,NA,NA,NA
D29,IO_L5N_HDGC_400,400,HDIO,NA,NA,NA
E29,IO_L5P_HDGC_400,400,HDIO,NA,NA,NA
D30,IO_L6N_HDGC_400,400,HDIO,NA,NA,NA
E30,IO_L6P_HDGC_400,400,HDIO,NA,NA,NA
C28,IO_L7N_400,400,HDIO,NA,NA,NA
D28,IO_L7P_400,400,HDIO,NA,NA,NA
B30,IO_L8N_400,400,HDIO,NA,NA,NA
C30,IO_L8P_400,400,HDIO,NA,NA,NA
A29,IO_L9N_400,400,HDIO,NA,NA,NA
B29,IO_L9P_400,400,HDIO,NA,NA,NA
AG29,VCCO_400,400,NA,NA,NA,NA
AH30,VCCO_400,400,NA,NA,NA,NA
K30,IO_L0N_401,401,HDIO,NA,NA,NA
K31,IO_L0P_401,401,HDIO,NA,NA,NA
A31,IO_L10N_401,401,HDIO,NA,NA,NA
A32,IO_L10P_401,401,HDIO,NA,NA,NA
J32,IO_L1N_401,401,HDIO,NA,NA,NA
K32,IO_L1P_401,401,HDIO,NA,NA,NA
J33,IO_L2N_401,401,HDIO,NA,NA,NA
K33,IO_L2P_401,401,HDIO,NA,NA,NA
H31,IO_L3N_401,401,HDIO,NA,NA,NA
J30,IO_L3P_401,401,HDIO,NA,NA,NA
G31,IO_L4N_401,401,HDIO,NA,NA,NA
H32,IO_L4P_401,401,HDIO,NA,NA,NA
G33,IO_L5N_HDGC_401,401,HDIO,NA,NA,NA
H33,IO_L5P_HDGC_401,401,HDIO,NA,NA,NA
E32,IO_L6N_HDGC_401,401,HDIO,NA,NA,NA
F32,IO_L6P_HDGC_401,401,HDIO,NA,NA,NA
E31,IO_L7N_401,401,HDIO,NA,NA,NA
F31,IO_L7P_401,401,HDIO,NA,NA,NA
C32,IO_L8N_401,401,HDIO,NA,NA,NA
D32,IO_L8P_401,401,HDIO,NA,NA,NA
B31,IO_L9N_401,401,HDIO,NA,NA,NA
C31,IO_L9P_401,401,HDIO,NA,NA,NA
AE29,VCCO_401,401,NA,NA,NA,NA
AF30,VCCO_401,401,NA,NA,NA,NA
E22,PMC_MIO0_500,500,PMCMIO,NA,NA,NA
C21,PMC_MIO10_500,500,PMCMIO,NA,NA,NA
B21,PMC_MIO11_500,500,PMCMIO,NA,NA,NA
A21,PMC_MIO12_500,500,PMCMIO,NA,NA,NA
B20,PMC_MIO13_500,500,PMCMIO,NA,NA,NA
C20,PMC_MIO14_500,500,PMCMIO,NA,NA,NA
D20,PMC_MIO15_500,500,PMCMIO,NA,NA,NA
E20,PMC_MIO16_500,500,PMCMIO,NA,NA,NA
G20,PMC_MIO17_500,500,PMCMIO,NA,NA,NA
H20,PMC_MIO18_500,500,PMCMIO,NA,NA,NA
J20,PMC_MIO19_500,500,PMCMIO,NA,NA,NA
F22,PMC_MIO1_500,500,PMCMIO,NA,NA,NA
K20,PMC_MIO20_500,500,PMCMIO,NA,NA,NA
K19,PMC_MIO21_500,500,PMCMIO,NA,NA,NA
J19,PMC_MIO22_500,500,PMCMIO,NA,NA,NA
G19,PMC_MIO23_500,500,PMCMIO,NA,NA,NA
F19,PMC_MIO24_500,500,PMCMIO,NA,NA,NA
E19,PMC_MIO25_500,500,PMCMIO,NA,NA,NA
H22,PMC_MIO2_500,500,PMCMIO,NA,NA,NA
J22,PMC_MIO3_500,500,PMCMIO,NA,NA,NA
K22,PMC_MIO4_500,500,PMCMIO,NA,NA,NA
K21,PMC_MIO5_500,500,PMCMIO,NA,NA,NA
H21,PMC_MIO6_500,500,PMCMIO,NA,NA,NA
G21,PMC_MIO7_500,500,PMCMIO,NA,NA,NA
F21,PMC_MIO8_500,500,PMCMIO,NA,NA,NA
E21,PMC_MIO9_500,500,PMCMIO,NA,NA,NA
AJ10,VCCO_500,500,NA,NA,NA,NA
AJ11,VCCO_500,500,NA,NA,NA,NA
D19,PMC_MIO26_501,501,PMCMIO,NA,NA,NA
B19,PMC_MIO27_501,501,PMCMIO,NA,NA,NA
A19,PMC_MIO28_501,501,PMCMIO,NA,NA,NA
A18,PMC_MIO29_501,501,PMCMIO,NA,NA,NA
B18,PMC_MIO30_501,501,PMCMIO,NA,NA,NA
C18,PMC_MIO31_501,501,PMCMIO,NA,NA,NA
D18,PMC_MIO32_501,501,PMCMIO,NA,NA,NA
F18,PMC_MIO33_501,501,PMCMIO,NA,NA,NA
G18,PMC_MIO34_501,501,PMCMIO,NA,NA,NA
H18,PMC_MIO35_501,501,PMCMIO,NA,NA,NA
J18,PMC_MIO36_501,501,PMCMIO,NA,NA,NA
K17,PMC_MIO37_501,501,PMCMIO,NA,NA,NA
J17,PMC_MIO38_501,501,PMCMIO,NA,NA,NA
H17,PMC_MIO39_501,501,PMCMIO,NA,NA,NA
F17,PMC_MIO40_501,501,PMCMIO,NA,NA,NA
E17,PMC_MIO41_501,501,PMCMIO,NA,NA,NA
D17,PMC_MIO42_501,501,PMCMIO,NA,NA,NA
C17,PMC_MIO43_501,501,PMCMIO,NA,NA,NA
A17,PMC_MIO44_501,501,PMCMIO,NA,NA,NA
B16,PMC_MIO45_501,501,PMCMIO,NA,NA,NA
C16,PMC_MIO46_501,501,PMCMIO,NA,NA,NA
E16,PMC_MIO47_501,501,PMCMIO,NA,NA,NA
F16,PMC_MIO48_501,501,PMCMIO,NA,NA,NA
G16,PMC_MIO49_501,501,PMCMIO,NA,NA,NA
H16,PMC_MIO50_501,501,PMCMIO,NA,NA,NA
K16,PMC_MIO51_501,501,PMCMIO,NA,NA,NA
AL11,VCCO_501,501,NA,NA,NA,NA
AL12,VCCO_501,501,NA,NA,NA,NA
C15,LPD_MIO0_502,502,LPDMIO,NA,NA,NA
F14,LPD_MIO10_502,502,LPDMIO,NA,NA,NA
E14,LPD_MIO11_502,502,LPDMIO,NA,NA,NA
D14,LPD_MIO12_502,502,LPDMIO,NA,NA,NA
D13,LPD_MIO13_502,502,LPDMIO,NA,NA,NA
F13,LPD_MIO14_502,502,LPDMIO,NA,NA,NA
G13,LPD_MIO15_502,502,LPDMIO,NA,NA,NA
H13,LPD_MIO16_502,502,LPDMIO,NA,NA,NA
J13,LPD_MIO17_502,502,LPDMIO,NA,NA,NA
J12,LPD_MIO18_502,502,LPDMIO,NA,NA,NA
H12,LPD_MIO19_502,502,LPDMIO,NA,NA,NA
D15,LPD_MIO1_502,502,LPDMIO,NA,NA,NA
F12,LPD_MIO20_502,502,LPDMIO,NA,NA,NA
E12,LPD_MIO21_502,502,LPDMIO,NA,NA,NA
E11,LPD_MIO22_502,502,LPDMIO,NA,NA,NA
F11,LPD_MIO23_502,502,LPDMIO,NA,NA,NA
G11,LPD_MIO24_502,502,LPDMIO,NA,NA,NA
H11,LPD_MIO25_502,502,LPDMIO,NA,NA,NA
E15,LPD_MIO2_502,502,LPDMIO,NA,NA,NA
G15,LPD_MIO3_502,502,LPDMIO,NA,NA,NA
H15,LPD_MIO4_502,502,LPDMIO,NA,NA,NA
J15,LPD_MIO5_502,502,LPDMIO,NA,NA,NA
K15,LPD_MIO6_502,502,LPDMIO,NA,NA,NA
K14,LPD_MIO7_502,502,LPDMIO,NA,NA,NA
J14,LPD_MIO8_502,502,LPDMIO,NA,NA,NA
G14,LPD_MIO9_502,502,LPDMIO,NA,NA,NA
AG10,VCCO_502,502,NA,NA,NA,NA
AH11,VCCO_502,502,NA,NA,NA,NA
B15,DONE_503,503,PMCDIO,NA,NA,NA
D12,ERROR_OUT_503,503,PMCDIO,NA,NA,NA
B14,MODE0_503,503,PMCDIO,NA,NA,NA
B13,MODE1_503,503,PMCDIO,NA,NA,NA
C13,MODE2_503,503,PMCDIO,NA,NA,NA
C12,MODE3_503,503,PMCDIO,NA,NA,NA
AG16,POR_B_503,503,PMCDIO,NA,NA,NA
A16,PUDC_B_503,503,PMCDIO,NA,NA,NA
AG15,REF_CLK_503,503,PMCDIO,NA,NA,NA
A13,RTC_PADI_503,503,PMCDIO,NA,NA,NA
A14,RTC_PADO_503,503,PMCDIO,NA,NA,NA
C11,TCK_503,503,PMCDIO,NA,NA,NA
A12,TDI_503,503,PMCDIO,NA,NA,NA
A11,TDO_503,503,PMCDIO,NA,NA,NA
B11,TMS_503,503,PMCDIO,NA,NA,NA
AK12,VCCO_503,503,NA,NA,NA,NA
AK13,VCCO_503,503,NA,NA,NA,NA
AH1,IO_L0N_XCC_N0P1_M0P1_700,700,XPIO,NA,HIGH,YES
AG1,IO_L0P_XCC_N0P0_M0P0_700,700,XPIO,NA,HIGH,YES
AN2,IO_L10N_N3P3_M0P21_700,700,XPIO,NA,HIGH,YES
AN3,IO_L10P_N3P2_M0P20_700,700,XPIO,NA,HIGH,YES
AP2,IO_L11N_N3P5_M0P23_700,700,XPIO,NA,HIGH,YES
AP3,IO_L11P_N3P4_M0P22_700,700,XPIO,NA,HIGH,YES
AJ7,IO_L12N_GC_XCC_N4P1_M0P25_700,700,XPIO,NA,HIGH,YES_PLUS_GC
AJ8,IO_L12P_GC_XCC_N4P0_M0P24_700,700,XPIO,NA,HIGH,YES_PLUS_GC
AH7,IO_L13N_N4P3_M0P27_700,700,XPIO,NA,HIGH,YES
AH8,IO_L13P_N4P2_M0P26_700,700,XPIO,NA,HIGH,YES
AG5,IO_L14N_N4P5_M0P29_700,700,XPIO,NA,HIGH,YES
AG6,IO_L14P_N4P4_M0P28_700,700,XPIO,NA,HIGH,YES
AH5,IO_L15N_XCC_N5P1_M0P31_700,700,XPIO,NA,HIGH,YES
AH6,IO_L15P_XCC_N5P0_M0P30_700,700,XPIO,NA,HIGH,YES
AK6,IO_L16N_N5P3_M0P33_700,700,XPIO,NA,HIGH,YES
AK7,IO_L16P_N5P2_M0P32_700,700,XPIO,NA,HIGH,YES
AN6,IO_L17N_N5P5_M0P35_700,700,XPIO,NA,HIGH,YES
AN7,IO_L17P_N5P4_M0P34_700,700,XPIO,NA,HIGH,YES
AH9,IO_L18N_XCC_N6P1_M0P37_700,700,XPIO,NA,HIGH,YES
AG9,IO_L18P_XCC_N6P0_M0P36_700,700,XPIO,NA,HIGH,YES
AK9,IO_L19N_N6P3_M0P39_700,700,XPIO,NA,HIGH,YES
AK10,IO_L19P_N6P2_M0P38_700,700,XPIO,NA,HIGH,YES
AH2,IO_L1N_N0P3_M0P3_700,700,XPIO,NA,HIGH,YES
AH3,IO_L1P_N0P2_M0P2_700,700,XPIO,NA,HIGH,YES
AM10,IO_L20N_N6P5_M0P41_700,700,XPIO,NA,HIGH,YES
AM11,IO_L20P_N6P4_M0P40_700,700,XPIO,NA,HIGH,YES
AN9,IO_L21N_XCC_N7P1_M0P43_700,700,XPIO,NA,HIGH,YES
AN10,IO_L21P_XCC_N7P0_M0P42_700,700,XPIO,NA,HIGH,YES
AM8,IO_L22N_N7P3_M0P45_700,700,XPIO,NA,HIGH,YES
AL9,IO_L22P_N7P2_M0P44_700,700,XPIO,NA,HIGH,YES
AL7,IO_L23N_N7P5_M0P47_700,700,XPIO,NA,HIGH,YES
AL8,IO_L23P_N7P4_M0P46_700,700,XPIO,NA,HIGH,YES
AM5,IO_L24N_GC_XCC_N8P1_M0P49_700,700,XPIO,NA,HIGH,YES_PLUS_GC
AM6,IO_L24P_GC_XCC_N8P0_M0P48_700,700,XPIO,NA,HIGH,YES_PLUS_GC
AK5,IO_L25N_N8P3_M0P51_700,700,XPIO,NA,HIGH,YES
AL6,IO_L25P_N8P2_M0P50_700,700,XPIO,NA,HIGH,YES
AJ4,IO_L26N_N8P5_M0P53_700,700,XPIO,NA,HIGH,YES
AJ5,IO_L26P_N8P4_M0P52_700,700,XPIO,NA,HIGH,YES
AK1,IO_L2N_N0P5_M0P5_700,700,XPIO,NA,HIGH,YES
AJ2,IO_L2P_N0P4_M0P4_700,700,XPIO,NA,HIGH,YES
AK2,IO_L3N_XCC_N1P1_M0P7_700,700,XPIO,NA,HIGH,YES
AL3,IO_L3P_XCC_N1P0_M0P6_700,700,XPIO,NA,HIGH,YES
AL1,IO_L4N_N1P3_M0P9_700,700,XPIO,NA,HIGH,YES
AL2,IO_L4P_N1P2_M0P8_700,700,XPIO,NA,HIGH,YES
AN1,IO_L5N_N1P5_M0P11_700,700,XPIO,NA,HIGH,YES
AM1,IO_L5P_N1P4_M0P10_700,700,XPIO,NA,HIGH,YES
AG3,IO_L6N_GC_XCC_N2P1_M0P13_700,700,XPIO,NA,HIGH,YES_PLUS_GC
AG4,IO_L6P_GC_XCC_N2P0_M0P12_700,700,XPIO,NA,HIGH,YES_PLUS_GC
AJ3,IO_L7N_N2P3_M0P15_700,700,XPIO,NA,HIGH,YES
AK4,IO_L7P_N2P2_M0P14_700,700,XPIO,NA,HIGH,YES
AM3,IO_L8N_N2P5_M0P17_700,700,XPIO,NA,HIGH,YES
AL4,IO_L8P_N2P4_M0P16_700,700,XPIO,NA,HIGH,YES
AM4,IO_L9N_GC_XCC_N3P1_M0P19_700,700,XPIO,NA,HIGH,YES_PLUS_GC
AN5,IO_L9P_GC_XCC_N3P0_M0P18_700,700,XPIO,NA,HIGH,YES_PLUS_GC
AM13,IO_VR_700,700,XPIO,NA,HIGH,YES
AN12,VCCO_700,700,NA,NA,NA,NA
AP12,VCCO_700,700,NA,NA,NA,NA
AP13,VCCO_700,700,NA,NA,NA,NA
AW2,IO_L0N_XCC_N0P1_M0P55_701,701,XPIO,NA,HIGH,YES
AV2,IO_L0P_XCC_N0P0_M0P54_701,701,XPIO,NA,HIGH,YES
BB6,IO_L10N_N3P3_M0P75_701,701,XPIO,NA,HIGH,YES
BA7,IO_L10P_N3P2_M0P74_701,701,XPIO,NA,HIGH,YES
BB8,IO_L11N_N3P5_M0P77_701,701,XPIO,NA,HIGH,YES
BA8,IO_L11P_N3P4_M0P76_701,701,XPIO,NA,HIGH,YES
AP5,IO_L12N_GC_XCC_N4P1_M0P79_701,701,XPIO,NA,HIGH,YES_PLUS_GC
AP4,IO_L12P_GC_XCC_N4P0_M0P78_701,701,XPIO,NA,HIGH,YES_PLUS_GC
AT4,IO_L13N_N4P3_M0P81_701,701,XPIO,NA,HIGH,YES
AR4,IO_L13P_N4P2_M0P80_701,701,XPIO,NA,HIGH,YES
AU3,IO_L14N_N4P5_M0P83_701,701,XPIO,NA,HIGH,YES
AT3,IO_L14P_N4P4_M0P82_701,701,XPIO,NA,HIGH,YES
AT2,IO_L15N_XCC_N5P1_M0P85_701,701,XPIO,NA,HIGH,YES
AR2,IO_L15P_XCC_N5P0_M0P84_701,701,XPIO,NA,HIGH,YES
AT1,IO_L16N_N5P3_M0P87_701,701,XPIO,NA,HIGH,YES
AR1,IO_L16P_N5P2_M0P86_701,701,XPIO,NA,HIGH,YES
AV1,IO_L17N_N5P5_M0P89_701,701,XPIO,NA,HIGH,YES
AU1,IO_L17P_N5P4_M0P88_701,701,XPIO,NA,HIGH,YES
AP9,IO_L18N_XCC_N6P1_M0P91_701,701,XPIO,NA,HIGH,YES
AP8,IO_L18P_XCC_N6P0_M0P90_701,701,XPIO,NA,HIGH,YES
AR7,IO_L19N_N6P3_M0P93_701,701,XPIO,NA,HIGH,YES
AP7,IO_L19P_N6P2_M0P92_701,701,XPIO,NA,HIGH,YES
AY2,IO_L1N_N0P3_M0P57_701,701,XPIO,NA,HIGH,YES
AW3,IO_L1P_N0P2_M0P56_701,701,XPIO,NA,HIGH,YES
AR6,IO_L20N_N6P5_M0P95_701,701,XPIO,NA,HIGH,YES
AR5,IO_L20P_N6P4_M0P94_701,701,XPIO,NA,HIGH,YES
AU5,IO_L21N_XCC_N7P1_M0P97_701,701,XPIO,NA,HIGH,YES
AT6,IO_L21P_XCC_N7P0_M0P96_701,701,XPIO,NA,HIGH,YES
AU6,IO_L22N_N7P3_M0P99_701,701,XPIO,NA,HIGH,YES
AT7,IO_L22P_N7P2_M0P98_701,701,XPIO,NA,HIGH,YES
AU8,IO_L23N_N7P5_M0P101_701,701,XPIO,NA,HIGH,YES
AT8,IO_L23P_N7P4_M0P100_701,701,XPIO,NA,HIGH,YES
AV3,IO_L24N_GC_XCC_N8P1_M0P103_701,701,XPIO,NA,HIGH,YES_PLUS_GC
AU4,IO_L24P_GC_XCC_N8P0_M0P102_701,701,XPIO,NA,HIGH,YES_PLUS_GC
AW5,IO_L25N_N8P3_M0P105_701,701,XPIO,NA,HIGH,YES
AV5,IO_L25P_N8P2_M0P104_701,701,XPIO,NA,HIGH,YES
AV7,IO_L26N_N8P5_M0P107_701,701,XPIO,NA,HIGH,YES
AV6,IO_L26P_N8P4_M0P106_701,701,XPIO,NA,HIGH,YES
AY4,IO_L2N_N0P5_M0P59_701,701,XPIO,NA,HIGH,YES
AW4,IO_L2P_N0P4_M0P58_701,701,XPIO,NA,HIGH,YES
BB4,IO_L3N_XCC_N1P1_M0P61_701,701,XPIO,NA,HIGH,YES
BA4,IO_L3P_XCC_N1P0_M0P60_701,701,XPIO,NA,HIGH,YES
BB3,IO_L4N_N1P3_M0P63_701,701,XPIO,NA,HIGH,YES
BA3,IO_L4P_N1P2_M0P62_701,701,XPIO,NA,HIGH,YES
BA2,IO_L5N_N1P5_M0P65_701,701,XPIO,NA,HIGH,YES
AY1,IO_L5P_N1P4_M0P64_701,701,XPIO,NA,HIGH,YES
AW8,IO_L6N_GC_XCC_N2P1_M0P67_701,701,XPIO,NA,HIGH,YES_PLUS_GC
AV8,IO_L6P_GC_XCC_N2P0_M0P66_701,701,XPIO,NA,HIGH,YES_PLUS_GC
AY7,IO_L7N_N2P3_M0P69_701,701,XPIO,NA,HIGH,YES
AW7,IO_L7P_N2P2_M0P68_701,701,XPIO,NA,HIGH,YES
AY6,IO_L8N_N2P5_M0P71_701,701,XPIO,NA,HIGH,YES
AY5,IO_L8P_N2P4_M0P70_701,701,XPIO,NA,HIGH,YES
BB5,IO_L9N_GC_XCC_N3P1_M0P73_701,701,XPIO,NA,HIGH,YES_PLUS_GC
BA6,IO_L9P_GC_XCC_N3P0_M0P72_701,701,XPIO,NA,HIGH,YES_PLUS_GC
AT14,VCCO_701,701,NA,NA,NA,NA
AU14,VCCO_701,701,NA,NA,NA,NA
AU15,VCCO_701,701,NA,NA,NA,NA
BB9,IO_L0N_XCC_N0P1_M0P109_702,702,XPIO,NA,HIGH,YES
BA9,IO_L0P_XCC_N0P0_M0P108_702,702,XPIO,NA,HIGH,YES
AY12,IO_L10N_N3P3_M0P129_702,702,XPIO,NA,HIGH,YES
AW12,IO_L10P_N3P2_M0P128_702,702,XPIO,NA,HIGH,YES
AY14,IO_L11N_N3P5_M0P131_702,702,XPIO,NA,HIGH,YES
AW13,IO_L11P_N3P4_M0P130_702,702,XPIO,NA,HIGH,YES
AT9,IO_L12N_GC_XCC_N4P1_M0P133_702,702,XPIO,NA,HIGH,NO
AR9,IO_L12P_GC_XCC_N4P0_M0P132_702,702,XPIO,NA,HIGH,NO
AT12,IO_L13N_N4P3_M0P135_702,702,XPIO,NA,HIGH,NO
AT11,IO_L13P_N4P2_M0P134_702,702,XPIO,NA,HIGH,NO
AU13,IO_L14N_N4P5_M0P137_702,702,XPIO,NA,HIGH,NO
AT13,IO_L14P_N4P4_M0P136_702,702,XPIO,NA,HIGH,NO
AT16,IO_L15N_XCC_N5P1_M0P139_702,702,XPIO,NA,HIGH,NO
AR15,IO_L15P_XCC_N5P0_M0P138_702,702,XPIO,NA,HIGH,NO
AU16,IO_L16N_N5P3_M0P141_702,702,XPIO,NA,HIGH,NO
AT17,IO_L16P_N5P2_M0P140_702,702,XPIO,NA,HIGH,NO
AW15,IO_L17N_N5P5_M0P143_702,702,XPIO,NA,HIGH,NO
AV16,IO_L17P_N5P4_M0P142_702,702,XPIO,NA,HIGH,NO
AN13,IO_L18N_XCC_N6P1_M0P145_702,702,XPIO,NA,HIGH,NO
AM14,IO_L18P_XCC_N6P0_M0P144_702,702,XPIO,NA,HIGH,NO
AN16,IO_L19N_N6P3_M0P147_702,702,XPIO,NA,HIGH,NO
AM16,IO_L19P_N6P2_M0P146_702,702,XPIO,NA,HIGH,NO
BB10,IO_L1N_N0P3_M0P111_702,702,XPIO,NA,HIGH,YES
BA11,IO_L1P_N0P2_M0P110_702,702,XPIO,NA,HIGH,YES
AP15,IO_L20N_N6P5_M0P149_702,702,XPIO,NA,HIGH,NO
AN15,IO_L20P_N6P4_M0P148_702,702,XPIO,NA,HIGH,NO
AR14,IO_L21N_XCC_N7P1_M0P151_702,702,XPIO,NA,HIGH,NO
AP14,IO_L21P_XCC_N7P0_M0P150_702,702,XPIO,NA,HIGH,NO
AR12,IO_L22N_N7P3_M0P153_702,702,XPIO,NA,HIGH,NO
AR11,IO_L22P_N7P2_M0P152_702,702,XPIO,NA,HIGH,NO
AR10,IO_L23N_N7P5_M0P155_702,702,XPIO,NA,HIGH,NO
AP10,IO_L23P_N7P4_M0P154_702,702,XPIO,NA,HIGH,NO
AV11,IO_L24N_GC_XCC_N8P1_M0P157_702,702,XPIO,NA,HIGH,NO
AU11,IO_L24P_GC_XCC_N8P0_M0P156_702,702,XPIO,NA,HIGH,NO
AV13,IO_L25N_N8P3_M0P159_702,702,XPIO,NA,HIGH,NO
AV12,IO_L25P_N8P2_M0P158_702,702,XPIO,NA,HIGH,NO
AW14,IO_L26N_N8P5_M0P161_702,702,XPIO,NA,HIGH,NO
AV15,IO_L26P_N8P4_M0P160_702,702,XPIO,NA,HIGH,NO
BB11,IO_L2N_N0P5_M0P113_702,702,XPIO,NA,HIGH,YES
BA12,IO_L2P_N0P4_M0P112_702,702,XPIO,NA,HIGH,YES
BB13,IO_L3N_XCC_N1P1_M0P115_702,702,XPIO,NA,HIGH,YES
BA13,IO_L3P_XCC_N1P0_M0P114_702,702,XPIO,NA,HIGH,YES
BA14,IO_L4N_N1P3_M0P117_702,702,XPIO,NA,HIGH,YES
AY15,IO_L4P_N1P2_M0P116_702,702,XPIO,NA,HIGH,YES
BB15,IO_L5N_N1P5_M0P119_702,702,XPIO,NA,HIGH,YES
BB14,IO_L5P_N1P4_M0P118_702,702,XPIO,NA,HIGH,YES
AU10,IO_L6N_GC_XCC_N2P1_M0P121_702,702,XPIO,NA,HIGH,YES_PLUS_GC
AU9,IO_L6P_GC_XCC_N2P0_M0P120_702,702,XPIO,NA,HIGH,YES_PLUS_GC
AW10,IO_L7N_N2P3_M0P123_702,702,XPIO,NA,HIGH,YES
AV10,IO_L7P_N2P2_M0P122_702,702,XPIO,NA,HIGH,YES
AY9,IO_L8N_N2P5_M0P125_702,702,XPIO,NA,HIGH,YES
AW9,IO_L8P_N2P4_M0P124_702,702,XPIO,NA,HIGH,YES
AY11,IO_L9N_GC_XCC_N3P1_M0P127_702,702,XPIO,NA,HIGH,YES_PLUS_GC
AY10,IO_L9P_GC_XCC_N3P0_M0P126_702,702,XPIO,NA,HIGH,YES_PLUS_GC
AP17,VCCO_702,702,NA,NA,NA,NA
AR16,VCCO_702,702,NA,NA,NA,NA
AR17,VCCO_702,702,NA,NA,NA,NA
BB16,IO_L0N_XCC_N0P1_M1P1_703,703,XPIO,NA,HIGH,NO
BA16,IO_L0P_XCC_N0P0_M1P0_703,703,XPIO,NA,HIGH,NO
AY22,IO_L10N_N3P3_M1P21_703,703,XPIO,NA,HIGH,NO
AW22,IO_L10P_N3P2_M1P20_703,703,XPIO,NA,HIGH,NO
BA22,IO_L11N_N3P5_M1P23_703,703,XPIO,NA,HIGH,NO
AY21,IO_L11P_N3P4_M1P22_703,703,XPIO,NA,HIGH,NO
AP18,IO_L12N_GC_XCC_N4P1_M1P25_703,703,XPIO,NA,HIGH,NO
AN18,IO_L12P_GC_XCC_N4P0_M1P24_703,703,XPIO,NA,HIGH,NO
AP19,IO_L13N_N4P3_M1P27_703,703,XPIO,NA,HIGH,NO
AN19,IO_L13P_N4P2_M1P26_703,703,XPIO,NA,HIGH,NO
AP20,IO_L14N_N4P5_M1P29_703,703,XPIO,NA,HIGH,NO
AN21,IO_L14P_N4P4_M1P28_703,703,XPIO,NA,HIGH,NO
AT18,IO_L15N_XCC_N5P1_M1P31_703,703,XPIO,NA,HIGH,NO
AR19,IO_L15P_XCC_N5P0_M1P30_703,703,XPIO,NA,HIGH,NO
AT21,IO_L16N_N5P3_M1P33_703,703,XPIO,NA,HIGH,NO
AR20,IO_L16P_N5P2_M1P32_703,703,XPIO,NA,HIGH,NO
AT23,IO_L17N_N5P5_M1P35_703,703,XPIO,NA,HIGH,NO
AT22,IO_L17P_N5P4_M1P34_703,703,XPIO,NA,HIGH,NO
AM17,IO_L18N_XCC_N6P1_M1P37_703,703,XPIO,NA,HIGH,NO
AL17,IO_L18P_XCC_N6P0_M1P36_703,703,XPIO,NA,HIGH,NO
AM19,IO_L19N_N6P3_M1P39_703,703,XPIO,NA,HIGH,NO
AL18,IO_L19P_N6P2_M1P38_703,703,XPIO,NA,HIGH,NO
BA17,IO_L1N_N0P3_M1P3_703,703,XPIO,NA,HIGH,NO
AY16,IO_L1P_N0P2_M1P2_703,703,XPIO,NA,HIGH,NO
AM20,IO_L20N_N6P5_M1P41_703,703,XPIO,NA,HIGH,NO
AL20,IO_L20P_N6P4_M1P40_703,703,XPIO,NA,HIGH,NO
AM22,IO_L21N_XCC_N7P1_M1P43_703,703,XPIO,NA,HIGH,NO
AL21,IO_L21P_XCC_N7P0_M1P42_703,703,XPIO,NA,HIGH,NO
AM23,IO_L22N_N7P3_M1P45_703,703,XPIO,NA,HIGH,NO
AL23,IO_L22P_N7P2_M1P44_703,703,XPIO,NA,HIGH,NO
AP23,IO_L23N_N7P5_M1P47_703,703,XPIO,NA,HIGH,NO
AN22,IO_L23P_N7P4_M1P46_703,703,XPIO,NA,HIGH,NO
AW18,IO_L24N_GC_XCC_N8P1_M1P49_703,703,XPIO,NA,HIGH,NO
AV18,IO_L24P_GC_XCC_N8P0_M1P48_703,703,XPIO,NA,HIGH,NO
AV20,IO_L25N_N8P3_M1P51_703,703,XPIO,NA,HIGH,NO
AU20,IO_L25P_N8P2_M1P50_703,703,XPIO,NA,HIGH,NO
AV21,IO_L26N_N8P5_M1P53_703,703,XPIO,NA,HIGH,NO
AU21,IO_L26P_N8P4_M1P52_703,703,XPIO,NA,HIGH,NO
BA18,IO_L2N_N0P5_M1P5_703,703,XPIO,NA,HIGH,NO
AY17,IO_L2P_N0P4_M1P4_703,703,XPIO,NA,HIGH,NO
BB19,IO_L3N_XCC_N1P1_M1P7_703,703,XPIO,NA,HIGH,NO
BB18,IO_L3P_XCC_N1P0_M1P6_703,703,XPIO,NA,HIGH,NO
BB20,IO_L4N_N1P3_M1P9_703,703,XPIO,NA,HIGH,NO
BA19,IO_L4P_N1P2_M1P8_703,703,XPIO,NA,HIGH,NO
BB21,IO_L5N_N1P5_M1P11_703,703,XPIO,NA,HIGH,NO
BA21,IO_L5P_N1P4_M1P10_703,703,XPIO,NA,HIGH,NO
AW17,IO_L6N_GC_XCC_N2P1_M1P13_703,703,XPIO,NA,HIGH,NO
AV17,IO_L6P_GC_XCC_N2P0_M1P12_703,703,XPIO,NA,HIGH,NO
AY19,IO_L7N_N2P3_M1P15_703,703,XPIO,NA,HIGH,NO
AW19,IO_L7P_N2P2_M1P14_703,703,XPIO,NA,HIGH,NO
AY20,IO_L8N_N2P5_M1P17_703,703,XPIO,NA,HIGH,NO
AW20,IO_L8P_N2P4_M1P16_703,703,XPIO,NA,HIGH,NO
AV23,IO_L9N_GC_XCC_N3P1_M1P19_703,703,XPIO,NA,HIGH,NO
AV22,IO_L9P_GC_XCC_N3P0_M1P18_703,703,XPIO,NA,HIGH,NO
AT19,VCCO_703,703,NA,NA,NA,NA
AU18,VCCO_703,703,NA,NA,NA,NA
AU19,VCCO_703,703,NA,NA,NA,NA
AW24,IO_L0N_XCC_N0P1_M1P55_704,704,XPIO,NA,HIGH,NO
AW23,IO_L0P_XCC_N0P0_M1P54_704,704,XPIO,NA,HIGH,NO
BB28,IO_L10N_N3P3_M1P75_704,704,XPIO,NA,HIGH,NO
BA27,IO_L10P_N3P2_M1P74_704,704,XPIO,NA,HIGH,NO
BA29,IO_L11N_N3P5_M1P77_704,704,XPIO,NA,HIGH,NO
BA28,IO_L11P_N3P4_M1P76_704,704,XPIO,NA,HIGH,NO
AL24,IO_L12N_GC_XCC_N4P1_M1P79_704,704,XPIO,NA,HIGH,NO
AK24,IO_L12P_GC_XCC_N4P0_M1P78_704,704,XPIO,NA,HIGH,NO
AL26,IO_L13N_N4P3_M1P81_704,704,XPIO,NA,HIGH,NO
AK25,IO_L13P_N4P2_M1P80_704,704,XPIO,NA,HIGH,NO
AN25,IO_L14N_N4P5_M1P83_704,704,XPIO,NA,HIGH,NO
AM26,IO_L14P_N4P4_M1P82_704,704,XPIO,NA,HIGH,NO
AN24,IO_L15N_XCC_N5P1_M1P85_704,704,XPIO,NA,HIGH,NO
AM25,IO_L15P_XCC_N5P0_M1P84_704,704,XPIO,NA,HIGH,NO
AR24,IO_L16N_N5P3_M1P87_704,704,XPIO,NA,HIGH,NO
AP24,IO_L16P_N5P2_M1P86_704,704,XPIO,NA,HIGH,NO
AR25,IO_L17N_N5P5_M1P89_704,704,XPIO,NA,HIGH,NO
AP25,IO_L17P_N5P4_M1P88_704,704,XPIO,NA,HIGH,NO
AL27,IO_L18N_XCC_N6P1_M1P91_704,704,XPIO,NA,HIGH,NO
AK27,IO_L18P_XCC_N6P0_M1P90_704,704,XPIO,NA,HIGH,NO
AL29,IO_L19N_N6P3_M1P93_704,704,XPIO,NA,HIGH,NO
AK28,IO_L19P_N6P2_M1P92_704,704,XPIO,NA,HIGH,NO
AY25,IO_L1N_N0P3_M1P57_704,704,XPIO,NA,HIGH,NO
AW25,IO_L1P_N0P2_M1P56_704,704,XPIO,NA,HIGH,NO
AN28,IO_L20N_N6P5_M1P95_704,704,XPIO,NA,HIGH,NO
AM29,IO_L20P_N6P4_M1P94_704,704,XPIO,NA,HIGH,NO
AN27,IO_L21N_XCC_N7P1_M1P97_704,704,XPIO,NA,HIGH,NO
AM28,IO_L21P_XCC_N7P0_M1P96_704,704,XPIO,NA,HIGH,NO
AP29,IO_L22N_N7P3_M1P99_704,704,XPIO,NA,HIGH,NO
AP28,IO_L22P_N7P2_M1P98_704,704,XPIO,NA,HIGH,NO
AT28,IO_L23N_N7P5_M1P101_704,704,XPIO,NA,HIGH,NO
AR29,IO_L23P_N7P4_M1P100_704,704,XPIO,NA,HIGH,NO
AT27,IO_L24N_GC_XCC_N8P1_M1P103_704,704,XPIO,NA,HIGH,NO
AT26,IO_L24P_GC_XCC_N8P0_M1P102_704,704,XPIO,NA,HIGH,NO
AV25,IO_L25N_N8P3_M1P105_704,704,XPIO,NA,HIGH,NO
AU25,IO_L25P_N8P2_M1P104_704,704,XPIO,NA,HIGH,NO
AV26,IO_L26N_N8P5_M1P107_704,704,XPIO,NA,HIGH,NO
AU26,IO_L26P_N8P4_M1P106_704,704,XPIO,NA,HIGH,NO
BA24,IO_L2N_N0P5_M1P59_704,704,XPIO,NA,HIGH,NO
AY24,IO_L2P_N0P4_M1P58_704,704,XPIO,NA,HIGH,NO
BB23,IO_L3N_XCC_N1P1_M1P61_704,704,XPIO,NA,HIGH,NO
BA23,IO_L3P_XCC_N1P0_M1P60_704,704,XPIO,NA,HIGH,NO
BB25,IO_L4N_N1P3_M1P63_704,704,XPIO,NA,HIGH,NO
BB24,IO_L4P_N1P2_M1P62_704,704,XPIO,NA,HIGH,NO
BB26,IO_L5N_N1P5_M1P65_704,704,XPIO,NA,HIGH,NO
BA26,IO_L5P_N1P4_M1P64_704,704,XPIO,NA,HIGH,NO
AW27,IO_L6N_GC_XCC_N2P1_M1P67_704,704,XPIO,NA,HIGH,NO
AV27,IO_L6P_GC_XCC_N2P0_M1P66_704,704,XPIO,NA,HIGH,NO
AW28,IO_L7N_N2P3_M1P69_704,704,XPIO,NA,HIGH,NO
AV28,IO_L7P_N2P2_M1P68_704,704,XPIO,NA,HIGH,NO
AY29,IO_L8N_N2P5_M1P71_704,704,XPIO,NA,HIGH,NO
AW29,IO_L8P_N2P4_M1P70_704,704,XPIO,NA,HIGH,NO
AY27,IO_L9N_GC_XCC_N3P1_M1P73_704,704,XPIO,NA,HIGH,NO
AY26,IO_L9P_GC_XCC_N3P0_M1P72_704,704,XPIO,NA,HIGH,NO
AP22,VCCO_704,704,NA,NA,NA,NA
AR21,VCCO_704,704,NA,NA,NA,NA
AR22,VCCO_704,704,NA,NA,NA,NA
BB30,IO_L0N_XCC_N0P1_M1P109_705,705,XPIO,NA,HIGH,NO
BB29,IO_L0P_XCC_N0P0_M1P108_705,705,XPIO,NA,HIGH,NO
AW35,IO_L10N_N3P3_M1P129_705,705,XPIO,NA,HIGH,NO
AV35,IO_L10P_N3P2_M1P128_705,705,XPIO,NA,HIGH,NO
BA34,IO_L11N_N3P5_M1P131_705,705,XPIO,NA,HIGH,NO
AY35,IO_L11P_N3P4_M1P130_705,705,XPIO,NA,HIGH,NO
AR31,IO_L12N_GC_XCC_N4P1_M1P133_705,705,XPIO,NA,HIGH,NO
AR30,IO_L12P_GC_XCC_N4P0_M1P132_705,705,XPIO,NA,HIGH,NO
AR32,IO_L13N_N4P3_M1P135_705,705,XPIO,NA,HIGH,NO
AP32,IO_L13P_N4P2_M1P134_705,705,XPIO,NA,HIGH,NO
AT34,IO_L14N_N4P5_M1P137_705,705,XPIO,NA,HIGH,NO
AR34,IO_L14P_N4P4_M1P136_705,705,XPIO,NA,HIGH,NO
AT36,IO_L15N_XCC_N5P1_M1P139_705,705,XPIO,NA,HIGH,NO
AR36,IO_L15P_XCC_N5P0_M1P138_705,705,XPIO,NA,HIGH,NO
AU31,IO_L16N_N5P3_M1P141_705,705,XPIO,NA,HIGH,NO
AT32,IO_L16P_N5P2_M1P140_705,705,XPIO,NA,HIGH,NO
AU30,IO_L17N_N5P5_M1P143_705,705,XPIO,NA,HIGH,NO
AT31,IO_L17P_N5P4_M1P142_705,705,XPIO,NA,HIGH,NO
AM32,IO_L18N_XCC_N6P1_M1P145_705,705,XPIO,NA,HIGH,NO
AM31,IO_L18P_XCC_N6P0_M1P144_705,705,XPIO,NA,HIGH,NO
AN34,IO_L19N_N6P3_M1P147_705,705,XPIO,NA,HIGH,NO
AM34,IO_L19P_N6P2_M1P146_705,705,XPIO,NA,HIGH,NO
AY31,IO_L1N_N0P3_M1P111_705,705,XPIO,NA,HIGH,NO
AY30,IO_L1P_N0P2_M1P110_705,705,XPIO,NA,HIGH,NO
AN35,IO_L20N_N6P5_M1P149_705,705,XPIO,NA,HIGH,NO
AM35,IO_L20P_N6P4_M1P148_705,705,XPIO,NA,HIGH,NO
AN36,IO_L21N_XCC_N7P1_M1P151_705,705,XPIO,NA,HIGH,NO
AM36,IO_L21P_XCC_N7P0_M1P150_705,705,XPIO,NA,HIGH,NO
AR35,IO_L22N_N7P3_M1P153_705,705,XPIO,NA,HIGH,NO
AP35,IO_L22P_N7P2_M1P152_705,705,XPIO,NA,HIGH,NO
AP33,IO_L23N_N7P5_M1P155_705,705,XPIO,NA,HIGH,NO
AN33,IO_L23P_N7P4_M1P154_705,705,XPIO,NA,HIGH,NO
AV32,IO_L24N_GC_XCC_N8P1_M1P157_705,705,XPIO,NA,HIGH,NO
AV31,IO_L24P_GC_XCC_N8P0_M1P156_705,705,XPIO,NA,HIGH,NO
AU33,IO_L25N_N8P3_M1P159_705,705,XPIO,NA,HIGH,NO
AT33,IO_L25P_N8P2_M1P158_705,705,XPIO,NA,HIGH,NO
AV33,IO_L26N_N8P5_M1P161_705,705,XPIO,NA,HIGH,NO
AU34,IO_L26P_N8P4_M1P160_705,705,XPIO,NA,HIGH,NO
BB31,IO_L2N_N0P5_M1P113_705,705,XPIO,NA,HIGH,NO
BA31,IO_L2P_N0P4_M1P112_705,705,XPIO,NA,HIGH,NO
BA32,IO_L3N_XCC_N1P1_M1P115_705,705,XPIO,NA,HIGH,NO
AY32,IO_L3P_XCC_N1P0_M1P114_705,705,XPIO,NA,HIGH,NO
BB33,IO_L4N_N1P3_M1P117_705,705,XPIO,NA,HIGH,NO
BA33,IO_L4P_N1P2_M1P116_705,705,XPIO,NA,HIGH,NO
BB35,IO_L5N_N1P5_M1P119_705,705,XPIO,NA,HIGH,NO
BB34,IO_L5P_N1P4_M1P118_705,705,XPIO,NA,HIGH,NO
AW30,IO_L6N_GC_XCC_N2P1_M1P121_705,705,XPIO,NA,HIGH,NO
AV30,IO_L6P_GC_XCC_N2P0_M1P120_705,705,XPIO,NA,HIGH,NO
AW33,IO_L7N_N2P3_M1P123_705,705,XPIO,NA,HIGH,NO
AW32,IO_L7P_N2P2_M1P122_705,705,XPIO,NA,HIGH,NO
AY34,IO_L8N_N2P5_M1P125_705,705,XPIO,NA,HIGH,NO
AW34,IO_L8P_N2P4_M1P124_705,705,XPIO,NA,HIGH,NO
AU36,IO_L9N_GC_XCC_N3P1_M1P127_705,705,XPIO,NA,HIGH,NO
AU35,IO_L9P_GC_XCC_N3P0_M1P126_705,705,XPIO,NA,HIGH,NO
AT24,VCCO_705,705,NA,NA,NA,NA
AU23,VCCO_705,705,NA,NA,NA,NA
AU24,VCCO_705,705,NA,NA,NA,NA
BB36,IO_L0N_XCC_N0P1_M2P1_706,706,XPIO,NA,HIGH,NO
BA36,IO_L0P_XCC_N0P0_M2P0_706,706,XPIO,NA,HIGH,NO
AW42,IO_L10N_N3P3_M2P21_706,706,XPIO,NA,HIGH,NO
AV42,IO_L10P_N3P2_M2P20_706,706,XPIO,NA,HIGH,NO
AY42,IO_L11N_N3P5_M2P23_706,706,XPIO,NA,HIGH,NO
AY41,IO_L11P_N3P4_M2P22_706,706,XPIO,NA,HIGH,NO
AP38,IO_L12N_GC_XCC_N4P1_M2P25_706,706,XPIO,NA,HIGH,NO
AP37,IO_L12P_GC_XCC_N4P0_M2P24_706,706,XPIO,NA,HIGH,NO
AT37,IO_L13N_N4P3_M2P27_706,706,XPIO,NA,HIGH,NO
AR37,IO_L13P_N4P2_M2P26_706,706,XPIO,NA,HIGH,NO
AT38,IO_L14N_N4P5_M2P29_706,706,XPIO,NA,HIGH,NO
AR39,IO_L14P_N4P4_M2P28_706,706,XPIO,NA,HIGH,NO
AT39,IO_L15N_XCC_N5P1_M2P31_706,706,XPIO,NA,HIGH,NO
AR40,IO_L15P_XCC_N5P0_M2P30_706,706,XPIO,NA,HIGH,NO
AT41,IO_L16N_N5P3_M2P33_706,706,XPIO,NA,HIGH,NO
AR41,IO_L16P_N5P2_M2P32_706,706,XPIO,NA,HIGH,NO
AT42,IO_L17N_N5P5_M2P35_706,706,XPIO,NA,HIGH,NO
AR42,IO_L17P_N5P4_M2P34_706,706,XPIO,NA,HIGH,NO
AN37,IO_L18N_XCC_N6P1_M2P37_706,706,XPIO,NA,HIGH,NO
AM38,IO_L18P_XCC_N6P0_M2P36_706,706,XPIO,NA,HIGH,NO
AN38,IO_L19N_N6P3_M2P39_706,706,XPIO,NA,HIGH,NO
AM39,IO_L19P_N6P2_M2P38_706,706,XPIO,NA,HIGH,NO
BA37,IO_L1N_N0P3_M2P3_706,706,XPIO,NA,HIGH,NO
AY36,IO_L1P_N0P2_M2P2_706,706,XPIO,NA,HIGH,NO
AN40,IO_L20N_N6P5_M2P41_706,706,XPIO,NA,HIGH,NO
AM40,IO_L20P_N6P4_M2P40_706,706,XPIO,NA,HIGH,NO
AN41,IO_L21N_XCC_N7P1_M2P43_706,706,XPIO,NA,HIGH,NO
AM41,IO_L21P_XCC_N7P0_M2P42_706,706,XPIO,NA,HIGH,NO
AP42,IO_L22N_N7P3_M2P45_706,706,XPIO,NA,HIGH,NO
AN42,IO_L22P_N7P2_M2P44_706,706,XPIO,NA,HIGH,NO
AP40,IO_L23N_N7P5_M2P47_706,706,XPIO,NA,HIGH,NO
AP39,IO_L23P_N7P4_M2P46_706,706,XPIO,NA,HIGH,NO
AU39,IO_L24N_GC_XCC_N8P1_M2P49_706,706,XPIO,NA,HIGH,NO
AU38,IO_L24P_GC_XCC_N8P0_M2P48_706,706,XPIO,NA,HIGH,NO
AV40,IO_L25N_N8P3_M2P51_706,706,XPIO,NA,HIGH,NO
AU40,IO_L25P_N8P2_M2P50_706,706,XPIO,NA,HIGH,NO
AV41,IO_L26N_N8P5_M2P53_706,706,XPIO,NA,HIGH,NO
AU41,IO_L26P_N8P4_M2P52_706,706,XPIO,NA,HIGH,NO
BA38,IO_L2N_N0P5_M2P5_706,706,XPIO,NA,HIGH,NO
AY37,IO_L2P_N0P4_M2P4_706,706,XPIO,NA,HIGH,NO
BA39,IO_L3N_XCC_N1P1_M2P7_706,706,XPIO,NA,HIGH,NO
AY39,IO_L3P_XCC_N1P0_M2P6_706,706,XPIO,NA,HIGH,NO
BB40,IO_L4N_N1P3_M2P9_706,706,XPIO,NA,HIGH,NO
BA41,IO_L4P_N1P2_M2P8_706,706,XPIO,NA,HIGH,NO
BB39,IO_L5N_N1P5_M2P11_706,706,XPIO,NA,HIGH,NO
BB38,IO_L5P_N1P4_M2P10_706,706,XPIO,NA,HIGH,NO
AW37,IO_L6N_GC_XCC_N2P1_M2P13_706,706,XPIO,NA,HIGH,NO
AV36,IO_L6P_GC_XCC_N2P0_M2P12_706,706,XPIO,NA,HIGH,NO
AW38,IO_L7N_N2P3_M2P15_706,706,XPIO,NA,HIGH,NO
AV37,IO_L7P_N2P2_M2P14_706,706,XPIO,NA,HIGH,NO
AW39,IO_L8N_N2P5_M2P17_706,706,XPIO,NA,HIGH,NO
AV38,IO_L8P_N2P4_M2P16_706,706,XPIO,NA,HIGH,NO
AY40,IO_L9N_GC_XCC_N3P1_M2P19_706,706,XPIO,NA,HIGH,NO
AW40,IO_L9P_GC_XCC_N3P0_M2P18_706,706,XPIO,NA,HIGH,NO
AP27,VCCO_706,706,NA,NA,NA,NA
AR26,VCCO_706,706,NA,NA,NA,NA
AR27,VCCO_706,706,NA,NA,NA,NA
AL38,IO_L0N_XCC_N0P1_M2P55_707,707,XPIO,NA,HIGH,NO
AL37,IO_L0P_XCC_N0P0_M2P54_707,707,XPIO,NA,HIGH,NO
AF41,IO_L10N_N3P3_M2P75_707,707,XPIO,NA,HIGH,NO
AG41,IO_L10P_N3P2_M2P74_707,707,XPIO,NA,HIGH,NO
AH41,IO_L11N_N3P5_M2P77_707,707,XPIO,NA,HIGH,NO
AH40,IO_L11P_N3P4_M2P76_707,707,XPIO,NA,HIGH,NO
AK30,IO_L12N_GC_XCC_N4P1_M2P79_707,707,XPIO,NA,HIGH,NO
AL30,IO_L12P_GC_XCC_N4P0_M2P78_707,707,XPIO,NA,HIGH,NO
AL32,IO_L13N_N4P3_M2P81_707,707,XPIO,NA,HIGH,NO
AK31,IO_L13P_N4P2_M2P80_707,707,XPIO,NA,HIGH,NO
AK33,IO_L14N_N4P5_M2P83_707,707,XPIO,NA,HIGH,NO
AJ32,IO_L14P_N4P4_M2P82_707,707,XPIO,NA,HIGH,NO
AK34,IO_L15N_XCC_N5P1_M2P85_707,707,XPIO,NA,HIGH,NO
AL33,IO_L15P_XCC_N5P0_M2P84_707,707,XPIO,NA,HIGH,NO
AJ35,IO_L16N_N5P3_M2P87_707,707,XPIO,NA,HIGH,NO
AJ34,IO_L16P_N5P2_M2P86_707,707,XPIO,NA,HIGH,NO
AL36,IO_L17N_N5P5_M2P89_707,707,XPIO,NA,HIGH,NO
AK35,IO_L17P_N5P4_M2P88_707,707,XPIO,NA,HIGH,NO
AG33,IO_L18N_XCC_N6P1_M2P91_707,707,XPIO,NA,HIGH,NO
AH32,IO_L18P_XCC_N6P0_M2P90_707,707,XPIO,NA,HIGH,NO
AE32,IO_L19N_N6P3_M2P93_707,707,XPIO,NA,HIGH,NO
AF32,IO_L19P_N6P2_M2P92_707,707,XPIO,NA,HIGH,NO
AK40,IO_L1N_N0P3_M2P57_707,707,XPIO,NA,HIGH,NO
AL39,IO_L1P_N0P2_M2P56_707,707,XPIO,NA,HIGH,NO
AF34,IO_L20N_N6P5_M2P95_707,707,XPIO,NA,HIGH,NO
AE33,IO_L20P_N6P4_M2P94_707,707,XPIO,NA,HIGH,NO
AG34,IO_L21N_XCC_N7P1_M2P97_707,707,XPIO,NA,HIGH,NO
AH33,IO_L21P_XCC_N7P0_M2P96_707,707,XPIO,NA,HIGH,NO
AF36,IO_L22N_N7P3_M2P99_707,707,XPIO,NA,HIGH,NO
AG35,IO_L22P_N7P2_M2P98_707,707,XPIO,NA,HIGH,NO
AG36,IO_L23N_N7P5_M2P101_707,707,XPIO,NA,HIGH,NO
AH35,IO_L23P_N7P4_M2P100_707,707,XPIO,NA,HIGH,NO
AK37,IO_L24N_GC_XCC_N8P1_M2P103_707,707,XPIO,NA,HIGH,NO
AK36,IO_L24P_GC_XCC_N8P0_M2P102_707,707,XPIO,NA,HIGH,NO
AJ38,IO_L25N_N8P3_M2P105_707,707,XPIO,NA,HIGH,NO
AJ37,IO_L25P_N8P2_M2P104_707,707,XPIO,NA,HIGH,NO
AH37,IO_L26N_N8P5_M2P107_707,707,XPIO,NA,HIGH,NO
AH36,IO_L26P_N8P4_M2P106_707,707,XPIO,NA,HIGH,NO
AJ40,IO_L2N_N0P5_M2P59_707,707,XPIO,NA,HIGH,NO
AK39,IO_L2P_N0P4_M2P58_707,707,XPIO,NA,HIGH,NO
AH42,IO_L3N_XCC_N1P1_M2P61_707,707,XPIO,NA,HIGH,NO
AJ42,IO_L3P_XCC_N1P0_M2P60_707,707,XPIO,NA,HIGH,NO
AK42,IO_L4N_N1P3_M2P63_707,707,XPIO,NA,HIGH,NO
AK41,IO_L4P_N1P2_M2P62_707,707,XPIO,NA,HIGH,NO
AL42,IO_L5N_N1P5_M2P65_707,707,XPIO,NA,HIGH,NO
AL41,IO_L5P_N1P4_M2P64_707,707,XPIO,NA,HIGH,NO
AJ39,IO_L6N_GC_XCC_N2P1_M2P67_707,707,XPIO,NA,HIGH,NO
AH38,IO_L6P_GC_XCC_N2P0_M2P66_707,707,XPIO,NA,HIGH,NO
AG39,IO_L7N_N2P3_M2P69_707,707,XPIO,NA,HIGH,NO
AG38,IO_L7P_N2P2_M2P68_707,707,XPIO,NA,HIGH,NO
AF38,IO_L8N_N2P5_M2P71_707,707,XPIO,NA,HIGH,NO
AF37,IO_L8P_N2P4_M2P70_707,707,XPIO,NA,HIGH,NO
AG40,IO_L9N_GC_XCC_N3P1_M2P73_707,707,XPIO,NA,HIGH,NO
AF39,IO_L9P_GC_XCC_N3P0_M2P72_707,707,XPIO,NA,HIGH,NO
AT29,VCCO_707,707,NA,NA,NA,NA
AU28,VCCO_707,707,NA,NA,NA,NA
AU29,VCCO_707,707,NA,NA,NA,NA
T42,IO_L0N_XCC_N0P1_M2P109_708,708,XPIO,NA,HIGH,YES
T41,IO_L0P_XCC_N0P0_M2P108_708,708,XPIO,NA,HIGH,YES
Y41,IO_L10N_N3P3_M2P129_708,708,XPIO,NA,HIGH,YES
W40,IO_L10P_N3P2_M2P128_708,708,XPIO,NA,HIGH,YES
V41,IO_L11N_N3P5_M2P131_708,708,XPIO,NA,HIGH,YES
V40,IO_L11P_N3P4_M2P130_708,708,XPIO,NA,HIGH,YES
U40,IO_L12N_GC_XCC_N4P1_M2P133_708,708,XPIO,NA,HIGH,YES_PLUS_GC
U39,IO_L12P_GC_XCC_N4P0_M2P132_708,708,XPIO,NA,HIGH,YES_PLUS_GC
U38,IO_L13N_N4P3_M2P135_708,708,XPIO,NA,HIGH,YES
V38,IO_L13P_N4P2_M2P134_708,708,XPIO,NA,HIGH,YES
AA39,IO_L14N_N4P5_M2P137_708,708,XPIO,NA,HIGH,YES
AA38,IO_L14P_N4P4_M2P136_708,708,XPIO,NA,HIGH,YES
AB38,IO_L15N_XCC_N5P1_M2P139_708,708,XPIO,NA,HIGH,YES
AC37,IO_L15P_XCC_N5P0_M2P138_708,708,XPIO,NA,HIGH,YES
AC38,IO_L16N_N5P3_M2P141_708,708,XPIO,NA,HIGH,YES
AD37,IO_L16P_N5P2_M2P140_708,708,XPIO,NA,HIGH,YES
AD38,IO_L17N_N5P5_M2P143_708,708,XPIO,NA,HIGH,YES
AE37,IO_L17P_N5P4_M2P142_708,708,XPIO,NA,HIGH,YES
AE36,IO_L18N_XCC_N6P1_M2P145_708,708,XPIO,NA,HIGH,YES
AE35,IO_L18P_XCC_N6P0_M2P144_708,708,XPIO,NA,HIGH,YES
AB36,IO_L19N_N6P3_M2P147_708,708,XPIO,NA,HIGH,YES
AC36,IO_L19P_N6P2_M2P146_708,708,XPIO,NA,HIGH,YES
V42,IO_L1N_N0P3_M2P111_708,708,XPIO,NA,HIGH,YES
U41,IO_L1P_N0P2_M2P110_708,708,XPIO,NA,HIGH,YES
AA37,IO_L20N_N6P5_M2P149_708,708,XPIO,NA,HIGH,YES
AA36,IO_L20P_N6P4_M2P148_708,708,XPIO,NA,HIGH,YES
Y37,IO_L21N_XCC_N7P1_M2P151_708,708,XPIO,NA,HIGH,YES
Y36,IO_L21P_XCC_N7P0_M2P150_708,708,XPIO,NA,HIGH,YES
W37,IO_L22N_N7P3_M2P153_708,708,XPIO,NA,HIGH,YES
V36,IO_L22P_N7P2_M2P152_708,708,XPIO,NA,HIGH,YES
V37,IO_L23N_N7P5_M2P155_708,708,XPIO,NA,HIGH,YES
U36,IO_L23P_N7P4_M2P154_708,708,XPIO,NA,HIGH,YES
AB40,IO_L24N_GC_XCC_N8P1_M2P157_708,708,XPIO,NA,HIGH,YES_PLUS_GC
AB39,IO_L24P_GC_XCC_N8P0_M2P156_708,708,XPIO,NA,HIGH,YES_PLUS_GC
Y40,IO_L25N_N8P3_M2P159_708,708,XPIO,NA,HIGH,YES
Y39,IO_L25P_N8P2_M2P158_708,708,XPIO,NA,HIGH,YES
W39,IO_L26N_N8P5_M2P161_708,708,XPIO,NA,HIGH,YES
W38,IO_L26P_N8P4_M2P160_708,708,XPIO,NA,HIGH,YES
W42,IO_L2N_N0P5_M2P113_708,708,XPIO,NA,HIGH,YES
Y42,IO_L2P_N0P4_M2P112_708,708,XPIO,NA,HIGH,YES
AA42,IO_L3N_XCC_N1P1_M2P115_708,708,XPIO,NA,HIGH,YES
AA41,IO_L3P_XCC_N1P0_M2P114_708,708,XPIO,NA,HIGH,YES
AC42,IO_L4N_N1P3_M2P117_708,708,XPIO,NA,HIGH,YES
AB41,IO_L4P_N1P2_M2P116_708,708,XPIO,NA,HIGH,YES
AD42,IO_L5N_N1P5_M2P119_708,708,XPIO,NA,HIGH,YES
AC41,IO_L5P_N1P4_M2P118_708,708,XPIO,NA,HIGH,YES
AE42,IO_L6N_GC_XCC_N2P1_M2P121_708,708,XPIO,NA,HIGH,YES_PLUS_GC
AF42,IO_L6P_GC_XCC_N2P0_M2P120_708,708,XPIO,NA,HIGH,YES_PLUS_GC
AE41,IO_L7N_N2P3_M2P123_708,708,XPIO,NA,HIGH,YES
AE40,IO_L7P_N2P2_M2P122_708,708,XPIO,NA,HIGH,YES
AD40,IO_L8N_N2P5_M2P125_708,708,XPIO,NA,HIGH,YES
AE39,IO_L8P_N2P4_M2P124_708,708,XPIO,NA,HIGH,YES
AC40,IO_L9N_GC_XCC_N3P1_M2P127_708,708,XPIO,NA,HIGH,YES_PLUS_GC
AD39,IO_L9P_GC_XCC_N3P0_M2P126_708,708,XPIO,NA,HIGH,YES_PLUS_GC
AN30,VCCO_708,708,NA,NA,NA,NA
AN31,VCCO_708,708,NA,NA,NA,NA
AP30,VCCO_708,708,NA,NA,NA,NA
A10,GND,NA,NA,NA,NA,NA
A15,GND,NA,NA,NA,NA,NA
A2,GND,NA,NA,NA,NA,NA
A20,GND,NA,NA,NA,NA,NA
A22,GND,NA,NA,NA,NA,NA
A27,GND,NA,NA,NA,NA,NA
A3,GND,NA,NA,NA,NA,NA
A30,GND,NA,NA,NA,NA,NA
A33,GND,NA,NA,NA,NA,NA
A36,GND,NA,NA,NA,NA,NA
A37,GND,NA,NA,NA,NA,NA
A38,GND,NA,NA,NA,NA,NA
A4,GND,NA,NA,NA,NA,NA
A41,GND,NA,NA,NA,NA,NA
A5,GND,NA,NA,NA,NA,NA
A8,GND,NA,NA,NA,NA,NA
A9,GND,NA,NA,NA,NA,NA
AA13,GND,NA,NA,NA,NA,NA
AA14,GND,NA,NA,NA,NA,NA
AA18,GND,NA,NA,NA,NA,NA
AA26,GND,NA,NA,NA,NA,NA
AA28,GND,NA,NA,NA,NA,NA
AA29,GND,NA,NA,NA,NA,NA
AA3,GND,NA,NA,NA,NA,NA
AA31,GND,NA,NA,NA,NA,NA
AA35,GND,NA,NA,NA,NA,NA
AA4,GND,NA,NA,NA,NA,NA
AA40,GND,NA,NA,NA,NA,NA
AA8,GND,NA,NA,NA,NA,NA
AB1,GND,NA,NA,NA,NA,NA
AB10,GND,NA,NA,NA,NA,NA
AB12,GND,NA,NA,NA,NA,NA
AB13,GND,NA,NA,NA,NA,NA
AB15,GND,NA,NA,NA,NA,NA
AB2,GND,NA,NA,NA,NA,NA
AB25,GND,NA,NA,NA,NA,NA
AB27,GND,NA,NA,NA,NA,NA
AB29,GND,NA,NA,NA,NA,NA
AB3,GND,NA,NA,NA,NA,NA
AB33,GND,NA,NA,NA,NA,NA
AB35,GND,NA,NA,NA,NA,NA
AB37,GND,NA,NA,NA,NA,NA
AB42,GND,NA,NA,NA,NA,NA
AB6,GND,NA,NA,NA,NA,NA
AC13,GND,NA,NA,NA,NA,NA
AC14,GND,NA,NA,NA,NA,NA
AC18,GND,NA,NA,NA,NA,NA
AC26,GND,NA,NA,NA,NA,NA
AC28,GND,NA,NA,NA,NA,NA
AC29,GND,NA,NA,NA,NA,NA
AC3,GND,NA,NA,NA,NA,NA
AC31,GND,NA,NA,NA,NA,NA
AC35,GND,NA,NA,NA,NA,NA
AC39,GND,NA,NA,NA,NA,NA
AC4,GND,NA,NA,NA,NA,NA
AC8,GND,NA,NA,NA,NA,NA
AD1,GND,NA,NA,NA,NA,NA
AD10,GND,NA,NA,NA,NA,NA
AD12,GND,NA,NA,NA,NA,NA
AD13,GND,NA,NA,NA,NA,NA
AD15,GND,NA,NA,NA,NA,NA
AD2,GND,NA,NA,NA,NA,NA
AD25,GND,NA,NA,NA,NA,NA
AD27,GND,NA,NA,NA,NA,NA
AD29,GND,NA,NA,NA,NA,NA
AD3,GND,NA,NA,NA,NA,NA
AD30,GND,NA,NA,NA,NA,NA
AD31,GND,NA,NA,NA,NA,NA
AD32,GND,NA,NA,NA,NA,NA
AD33,GND,NA,NA,NA,NA,NA
AD34,GND,NA,NA,NA,NA,NA
AD35,GND,NA,NA,NA,NA,NA
AD36,GND,NA,NA,NA,NA,NA
AD41,GND,NA,NA,NA,NA,NA
AD6,GND,NA,NA,NA,NA,NA
AE13,GND,NA,NA,NA,NA,NA
AE14,GND,NA,NA,NA,NA,NA
AE16,GND,NA,NA,NA,NA,NA
AE18,GND,NA,NA,NA,NA,NA
AE20,GND,NA,NA,NA,NA,NA
AE22,GND,NA,NA,NA,NA,NA
AE24,GND,NA,NA,NA,NA,NA
AE26,GND,NA,NA,NA,NA,NA
AE28,GND,NA,NA,NA,NA,NA
AE3,GND,NA,NA,NA,NA,NA
AE30,GND,NA,NA,NA,NA,NA
AE34,GND,NA,NA,NA,NA,NA
AE38,GND,NA,NA,NA,NA,NA
AE4,GND,NA,NA,NA,NA,NA
AE8,GND,NA,NA,NA,NA,NA
AF1,GND,NA,NA,NA,NA,NA
AF10,GND,NA,NA,NA,NA,NA
AF11,GND,NA,NA,NA,NA,NA
AF12,GND,NA,NA,NA,NA,NA
AF13,GND,NA,NA,NA,NA,NA
AF15,GND,NA,NA,NA,NA,NA
AF17,GND,NA,NA,NA,NA,NA
AF19,GND,NA,NA,NA,NA,NA
AF2,GND,NA,NA,NA,NA,NA
AF21,GND,NA,NA,NA,NA,NA
AF23,GND,NA,NA,NA,NA,NA
AF25,GND,NA,NA,NA,NA,NA
AF27,GND,NA,NA,NA,NA,NA
AF29,GND,NA,NA,NA,NA,NA
AF3,GND,NA,NA,NA,NA,NA
AF31,GND,NA,NA,NA,NA,NA
AF33,GND,NA,NA,NA,NA,NA
AF35,GND,NA,NA,NA,NA,NA
AF4,GND,NA,NA,NA,NA,NA
AF40,GND,NA,NA,NA,NA,NA
AF5,GND,NA,NA,NA,NA,NA
AF6,GND,NA,NA,NA,NA,NA
AF7,GND,NA,NA,NA,NA,NA
AF8,GND,NA,NA,NA,NA,NA
AF9,GND,NA,NA,NA,NA,NA
AG11,GND,NA,NA,NA,NA,NA
AG14,GND,NA,NA,NA,NA,NA
AG17,GND,NA,NA,NA,NA,NA
AG18,GND,NA,NA,NA,NA,NA
AG2,GND,NA,NA,NA,NA,NA
AG20,GND,NA,NA,NA,NA,NA
AG22,GND,NA,NA,NA,NA,NA
AG24,GND,NA,NA,NA,NA,NA
AG26,GND,NA,NA,NA,NA,NA
AG28,GND,NA,NA,NA,NA,NA
AG30,GND,NA,NA,NA,NA,NA
AG32,GND,NA,NA,NA,NA,NA
AG37,GND,NA,NA,NA,NA,NA
AG42,GND,NA,NA,NA,NA,NA
AG7,GND,NA,NA,NA,NA,NA
AG8,GND,NA,NA,NA,NA,NA
AH10,GND,NA,NA,NA,NA,NA
AH13,GND,NA,NA,NA,NA,NA
AH16,GND,NA,NA,NA,NA,NA
AH19,GND,NA,NA,NA,NA,NA
AH21,GND,NA,NA,NA,NA,NA
AH23,GND,NA,NA,NA,NA,NA
AH25,GND,NA,NA,NA,NA,NA
AH27,GND,NA,NA,NA,NA,NA
AH29,GND,NA,NA,NA,NA,NA
AH31,GND,NA,NA,NA,NA,NA
AH34,GND,NA,NA,NA,NA,NA
AH39,GND,NA,NA,NA,NA,NA
AH4,GND,NA,NA,NA,NA,NA
AJ1,GND,NA,NA,NA,NA,NA
AJ12,GND,NA,NA,NA,NA,NA
AJ15,GND,NA,NA,NA,NA,NA
AJ18,GND,NA,NA,NA,NA,NA
AJ20,GND,NA,NA,NA,NA,NA
AJ22,GND,NA,NA,NA,NA,NA
AJ24,GND,NA,NA,NA,NA,NA
AJ26,GND,NA,NA,NA,NA,NA
AJ28,GND,NA,NA,NA,NA,NA
AJ30,GND,NA,NA,NA,NA,NA
AJ33,GND,NA,NA,NA,NA,NA
AJ36,GND,NA,NA,NA,NA,NA
AJ41,GND,NA,NA,NA,NA,NA
AJ6,GND,NA,NA,NA,NA,NA
AJ9,GND,NA,NA,NA,NA,NA
AK11,GND,NA,NA,NA,NA,NA
AK14,GND,NA,NA,NA,NA,NA
AK17,GND,NA,NA,NA,NA,NA
AK19,GND,NA,NA,NA,NA,NA
AK21,GND,NA,NA,NA,NA,NA
AK23,GND,NA,NA,NA,NA,NA
AK26,GND,NA,NA,NA,NA,NA
AK29,GND,NA,NA,NA,NA,NA
AK3,GND,NA,NA,NA,NA,NA
AK32,GND,NA,NA,NA,NA,NA
AK38,GND,NA,NA,NA,NA,NA
AK8,GND,NA,NA,NA,NA,NA
AL10,GND,NA,NA,NA,NA,NA
AL13,GND,NA,NA,NA,NA,NA
AL16,GND,NA,NA,NA,NA,NA
AL19,GND,NA,NA,NA,NA,NA
AL22,GND,NA,NA,NA,NA,NA
AL25,GND,NA,NA,NA,NA,NA
AL28,GND,NA,NA,NA,NA,NA
AL31,GND,NA,NA,NA,NA,NA
AL34,GND,NA,NA,NA,NA,NA
AL35,GND,NA,NA,NA,NA,NA
AL40,GND,NA,NA,NA,NA,NA
AL5,GND,NA,NA,NA,NA,NA
AM12,GND,NA,NA,NA,NA,NA
AM15,GND,NA,NA,NA,NA,NA
AM18,GND,NA,NA,NA,NA,NA
AM2,GND,NA,NA,NA,NA,NA
AM21,GND,NA,NA,NA,NA,NA
AM24,GND,NA,NA,NA,NA,NA
AM27,GND,NA,NA,NA,NA,NA
AM30,GND,NA,NA,NA,NA,NA
AM33,GND,NA,NA,NA,NA,NA
AM37,GND,NA,NA,NA,NA,NA
AM42,GND,NA,NA,NA,NA,NA
AM7,GND,NA,NA,NA,NA,NA
AM9,GND,NA,NA,NA,NA,NA
AN11,GND,NA,NA,NA,NA,NA
AN14,GND,NA,NA,NA,NA,NA
AN17,GND,NA,NA,NA,NA,NA
AN20,GND,NA,NA,NA,NA,NA
AN23,GND,NA,NA,NA,NA,NA
AN26,GND,NA,NA,NA,NA,NA
AN29,GND,NA,NA,NA,NA,NA
AN32,GND,NA,NA,NA,NA,NA
AN39,GND,NA,NA,NA,NA,NA
AN4,GND,NA,NA,NA,NA,NA
AN8,GND,NA,NA,NA,NA,NA
AP1,GND,NA,NA,NA,NA,NA
AP11,GND,NA,NA,NA,NA,NA
AP16,GND,NA,NA,NA,NA,NA
AP21,GND,NA,NA,NA,NA,NA
AP26,GND,NA,NA,NA,NA,NA
AP31,GND,NA,NA,NA,NA,NA
AP34,GND,NA,NA,NA,NA,NA
AP36,GND,NA,NA,NA,NA,NA
AP41,GND,NA,NA,NA,NA,NA
AP6,GND,NA,NA,NA,NA,NA
AR13,GND,NA,NA,NA,NA,NA
AR18,GND,NA,NA,NA,NA,NA
AR23,GND,NA,NA,NA,NA,NA
AR28,GND,NA,NA,NA,NA,NA
AR3,GND,NA,NA,NA,NA,NA
AR33,GND,NA,NA,NA,NA,NA
AR38,GND,NA,NA,NA,NA,NA
AR8,GND,NA,NA,NA,NA,NA
AT10,GND,NA,NA,NA,NA,NA
AT15,GND,NA,NA,NA,NA,NA
AT20,GND,NA,NA,NA,NA,NA
AT25,GND,NA,NA,NA,NA,NA
AT30,GND,NA,NA,NA,NA,NA
AT35,GND,NA,NA,NA,NA,NA
AT40,GND,NA,NA,NA,NA,NA
AT5,GND,NA,NA,NA,NA,NA
AU12,GND,NA,NA,NA,NA,NA
AU17,GND,NA,NA,NA,NA,NA
AU2,GND,NA,NA,NA,NA,NA
AU22,GND,NA,NA,NA,NA,NA
AU27,GND,NA,NA,NA,NA,NA
AU32,GND,NA,NA,NA,NA,NA
AU37,GND,NA,NA,NA,NA,NA
AU42,GND,NA,NA,NA,NA,NA
AU7,GND,NA,NA,NA,NA,NA
AV14,GND,NA,NA,NA,NA,NA
AV19,GND,NA,NA,NA,NA,NA
AV24,GND,NA,NA,NA,NA,NA
AV29,GND,NA,NA,NA,NA,NA
AV34,GND,NA,NA,NA,NA,NA
AV39,GND,NA,NA,NA,NA,NA
AV4,GND,NA,NA,NA,NA,NA
AV9,GND,NA,NA,NA,NA,NA
AW1,GND,NA,NA,NA,NA,NA
AW11,GND,NA,NA,NA,NA,NA
AW16,GND,NA,NA,NA,NA,NA
AW21,GND,NA,NA,NA,NA,NA
AW26,GND,NA,NA,NA,NA,NA
AW31,GND,NA,NA,NA,NA,NA
AW36,GND,NA,NA,NA,NA,NA
AW41,GND,NA,NA,NA,NA,NA
AW6,GND,NA,NA,NA,NA,NA
AY13,GND,NA,NA,NA,NA,NA
AY18,GND,NA,NA,NA,NA,NA
AY23,GND,NA,NA,NA,NA,NA
AY28,GND,NA,NA,NA,NA,NA
AY3,GND,NA,NA,NA,NA,NA
AY33,GND,NA,NA,NA,NA,NA
AY38,GND,NA,NA,NA,NA,NA
AY8,GND,NA,NA,NA,NA,NA
B1,GND,NA,NA,NA,NA,NA
B10,GND,NA,NA,NA,NA,NA
B12,GND,NA,NA,NA,NA,NA
B17,GND,NA,NA,NA,NA,NA
B2,GND,NA,NA,NA,NA,NA
B22,GND,NA,NA,NA,NA,NA
B27,GND,NA,NA,NA,NA,NA
B32,GND,NA,NA,NA,NA,NA
B33,GND,NA,NA,NA,NA,NA
B34,GND,NA,NA,NA,NA,NA
B35,GND,NA,NA,NA,NA,NA
B38,GND,NA,NA,NA,NA,NA
B39,GND,NA,NA,NA,NA,NA
B40,GND,NA,NA,NA,NA,NA
B41,GND,NA,NA,NA,NA,NA
B42,GND,NA,NA,NA,NA,NA
B5,GND,NA,NA,NA,NA,NA
B6,GND,NA,NA,NA,NA,NA
B7,GND,NA,NA,NA,NA,NA
BA1,GND,NA,NA,NA,NA,NA
BA10,GND,NA,NA,NA,NA,NA
BA15,GND,NA,NA,NA,NA,NA
BA20,GND,NA,NA,NA,NA,NA
BA25,GND,NA,NA,NA,NA,NA
BA30,GND,NA,NA,NA,NA,NA
BA35,GND,NA,NA,NA,NA,NA
BA40,GND,NA,NA,NA,NA,NA
BA42,GND,NA,NA,NA,NA,NA
BA5,GND,NA,NA,NA,NA,NA
BB12,GND,NA,NA,NA,NA,NA
BB17,GND,NA,NA,NA,NA,NA
BB2,GND,NA,NA,NA,NA,NA
BB22,GND,NA,NA,NA,NA,NA
BB27,GND,NA,NA,NA,NA,NA
BB32,GND,NA,NA,NA,NA,NA
BB37,GND,NA,NA,NA,NA,NA
BB41,GND,NA,NA,NA,NA,NA
BB7,GND,NA,NA,NA,NA,NA
C10,GND,NA,NA,NA,NA,NA
C14,GND,NA,NA,NA,NA,NA
C19,GND,NA,NA,NA,NA,NA
C22,GND,NA,NA,NA,NA,NA
C27,GND,NA,NA,NA,NA,NA
C29,GND,NA,NA,NA,NA,NA
C3,GND,NA,NA,NA,NA,NA
C33,GND,NA,NA,NA,NA,NA
C36,GND,NA,NA,NA,NA,NA
C37,GND,NA,NA,NA,NA,NA
C38,GND,NA,NA,NA,NA,NA
C4,GND,NA,NA,NA,NA,NA
C41,GND,NA,NA,NA,NA,NA
C42,GND,NA,NA,NA,NA,NA
C5,GND,NA,NA,NA,NA,NA
C8,GND,NA,NA,NA,NA,NA
C9,GND,NA,NA,NA,NA,NA
D1,GND,NA,NA,NA,NA,NA
D10,GND,NA,NA,NA,NA,NA
D11,GND,NA,NA,NA,NA,NA
D16,GND,NA,NA,NA,NA,NA
D2,GND,NA,NA,NA,NA,NA
D21,GND,NA,NA,NA,NA,NA
D22,GND,NA,NA,NA,NA,NA
D23,GND,NA,NA,NA,NA,NA
D27,GND,NA,NA,NA,NA,NA
D31,GND,NA,NA,NA,NA,NA
D33,GND,NA,NA,NA,NA,NA
D34,GND,NA,NA,NA,NA,NA
D35,GND,NA,NA,NA,NA,NA
D38,GND,NA,NA,NA,NA,NA
D39,GND,NA,NA,NA,NA,NA
D40,GND,NA,NA,NA,NA,NA
D5,GND,NA,NA,NA,NA,NA
D6,GND,NA,NA,NA,NA,NA
D7,GND,NA,NA,NA,NA,NA
E10,GND,NA,NA,NA,NA,NA
E13,GND,NA,NA,NA,NA,NA
E18,GND,NA,NA,NA,NA,NA
E23,GND,NA,NA,NA,NA,NA
E27,GND,NA,NA,NA,NA,NA
E28,GND,NA,NA,NA,NA,NA
E3,GND,NA,NA,NA,NA,NA
E33,GND,NA,NA,NA,NA,NA
E36,GND,NA,NA,NA,NA,NA
E37,GND,NA,NA,NA,NA,NA
E38,GND,NA,NA,NA,NA,NA
E4,GND,NA,NA,NA,NA,NA
E41,GND,NA,NA,NA,NA,NA
E42,GND,NA,NA,NA,NA,NA
E5,GND,NA,NA,NA,NA,NA
E8,GND,NA,NA,NA,NA,NA
E9,GND,NA,NA,NA,NA,NA
F1,GND,NA,NA,NA,NA,NA
F10,GND,NA,NA,NA,NA,NA
F15,GND,NA,NA,NA,NA,NA
F2,GND,NA,NA,NA,NA,NA
F20,GND,NA,NA,NA,NA,NA
F23,GND,NA,NA,NA,NA,NA
F27,GND,NA,NA,NA,NA,NA
F30,GND,NA,NA,NA,NA,NA
F33,GND,NA,NA,NA,NA,NA
F34,GND,NA,NA,NA,NA,NA
F35,GND,NA,NA,NA,NA,NA
F38,GND,NA,NA,NA,NA,NA
F39,GND,NA,NA,NA,NA,NA
F40,GND,NA,NA,NA,NA,NA
F5,GND,NA,NA,NA,NA,NA
F6,GND,NA,NA,NA,NA,NA
F7,GND,NA,NA,NA,NA,NA
G10,GND,NA,NA,NA,NA,NA
G12,GND,NA,NA,NA,NA,NA
G17,GND,NA,NA,NA,NA,NA
G22,GND,NA,NA,NA,NA,NA
G23,GND,NA,NA,NA,NA,NA
G27,GND,NA,NA,NA,NA,NA
G3,GND,NA,NA,NA,NA,NA
G32,GND,NA,NA,NA,NA,NA
G34,GND,NA,NA,NA,NA,NA
G35,GND,NA,NA,NA,NA,NA
G36,GND,NA,NA,NA,NA,NA
G37,GND,NA,NA,NA,NA,NA
G38,GND,NA,NA,NA,NA,NA
G4,GND,NA,NA,NA,NA,NA
G41,GND,NA,NA,NA,NA,NA
G42,GND,NA,NA,NA,NA,NA
G5,GND,NA,NA,NA,NA,NA
G8,GND,NA,NA,NA,NA,NA
G9,GND,NA,NA,NA,NA,NA
H1,GND,NA,NA,NA,NA,NA
H10,GND,NA,NA,NA,NA,NA
H14,GND,NA,NA,NA,NA,NA
H19,GND,NA,NA,NA,NA,NA
H2,GND,NA,NA,NA,NA,NA
H23,GND,NA,NA,NA,NA,NA
H27,GND,NA,NA,NA,NA,NA
H29,GND,NA,NA,NA,NA,NA
H34,GND,NA,NA,NA,NA,NA
H35,GND,NA,NA,NA,NA,NA
H38,GND,NA,NA,NA,NA,NA
H39,GND,NA,NA,NA,NA,NA
H40,GND,NA,NA,NA,NA,NA
H5,GND,NA,NA,NA,NA,NA
H6,GND,NA,NA,NA,NA,NA
H7,GND,NA,NA,NA,NA,NA
J10,GND,NA,NA,NA,NA,NA
J11,GND,NA,NA,NA,NA,NA
J16,GND,NA,NA,NA,NA,NA
J21,GND,NA,NA,NA,NA,NA
J23,GND,NA,NA,NA,NA,NA
J27,GND,NA,NA,NA,NA,NA
J3,GND,NA,NA,NA,NA,NA
J31,GND,NA,NA,NA,NA,NA
J34,GND,NA,NA,NA,NA,NA
J35,GND,NA,NA,NA,NA,NA
J36,GND,NA,NA,NA,NA,NA
J37,GND,NA,NA,NA,NA,NA
J38,GND,NA,NA,NA,NA,NA
J4,GND,NA,NA,NA,NA,NA
J41,GND,NA,NA,NA,NA,NA
J42,GND,NA,NA,NA,NA,NA
J5,GND,NA,NA,NA,NA,NA
J8,GND,NA,NA,NA,NA,NA
J9,GND,NA,NA,NA,NA,NA
K1,GND,NA,NA,NA,NA,NA
K10,GND,NA,NA,NA,NA,NA
K13,GND,NA,NA,NA,NA,NA
K18,GND,NA,NA,NA,NA,NA
K2,GND,NA,NA,NA,NA,NA
K23,GND,NA,NA,NA,NA,NA
K27,GND,NA,NA,NA,NA,NA
K28,GND,NA,NA,NA,NA,NA
K34,GND,NA,NA,NA,NA,NA
K35,GND,NA,NA,NA,NA,NA
K38,GND,NA,NA,NA,NA,NA
K39,GND,NA,NA,NA,NA,NA
K40,GND,NA,NA,NA,NA,NA
K5,GND,NA,NA,NA,NA,NA
K6,GND,NA,NA,NA,NA,NA
K7,GND,NA,NA,NA,NA,NA
L10,GND,NA,NA,NA,NA,NA
L12,GND,NA,NA,NA,NA,NA
L14,GND,NA,NA,NA,NA,NA
L16,GND,NA,NA,NA,NA,NA
L18,GND,NA,NA,NA,NA,NA
L20,GND,NA,NA,NA,NA,NA
L22,GND,NA,NA,NA,NA,NA
L24,GND,NA,NA,NA,NA,NA
L26,GND,NA,NA,NA,NA,NA
L28,GND,NA,NA,NA,NA,NA
L3,GND,NA,NA,NA,NA,NA
L30,GND,NA,NA,NA,NA,NA
L32,GND,NA,NA,NA,NA,NA
L33,GND,NA,NA,NA,NA,NA
L34,GND,NA,NA,NA,NA,NA
L35,GND,NA,NA,NA,NA,NA
L36,GND,NA,NA,NA,NA,NA
L37,GND,NA,NA,NA,NA,NA
L38,GND,NA,NA,NA,NA,NA
L4,GND,NA,NA,NA,NA,NA
L41,GND,NA,NA,NA,NA,NA
L42,GND,NA,NA,NA,NA,NA
L5,GND,NA,NA,NA,NA,NA
L8,GND,NA,NA,NA,NA,NA
L9,GND,NA,NA,NA,NA,NA
M1,GND,NA,NA,NA,NA,NA
M10,GND,NA,NA,NA,NA,NA
M11,GND,NA,NA,NA,NA,NA
M13,GND,NA,NA,NA,NA,NA
M15,GND,NA,NA,NA,NA,NA
M17,GND,NA,NA,NA,NA,NA
M19,GND,NA,NA,NA,NA,NA
M2,GND,NA,NA,NA,NA,NA
M21,GND,NA,NA,NA,NA,NA
M23,GND,NA,NA,NA,NA,NA
M25,GND,NA,NA,NA,NA,NA
M27,GND,NA,NA,NA,NA,NA
M29,GND,NA,NA,NA,NA,NA
M3,GND,NA,NA,NA,NA,NA
M31,GND,NA,NA,NA,NA,NA
M33,GND,NA,NA,NA,NA,NA
M34,GND,NA,NA,NA,NA,NA
M35,GND,NA,NA,NA,NA,NA
M38,GND,NA,NA,NA,NA,NA
M39,GND,NA,NA,NA,NA,NA
M40,GND,NA,NA,NA,NA,NA
M6,GND,NA,NA,NA,NA,NA
M7,GND,NA,NA,NA,NA,NA
N10,GND,NA,NA,NA,NA,NA
N12,GND,NA,NA,NA,NA,NA
N14,GND,NA,NA,NA,NA,NA
N16,GND,NA,NA,NA,NA,NA
N18,GND,NA,NA,NA,NA,NA
N20,GND,NA,NA,NA,NA,NA
N22,GND,NA,NA,NA,NA,NA
N24,GND,NA,NA,NA,NA,NA
N26,GND,NA,NA,NA,NA,NA
N28,GND,NA,NA,NA,NA,NA
N3,GND,NA,NA,NA,NA,NA
N30,GND,NA,NA,NA,NA,NA
N32,GND,NA,NA,NA,NA,NA
N33,GND,NA,NA,NA,NA,NA
N36,GND,NA,NA,NA,NA,NA
N37,GND,NA,NA,NA,NA,NA
N4,GND,NA,NA,NA,NA,NA
N40,GND,NA,NA,NA,NA,NA
N41,GND,NA,NA,NA,NA,NA
N42,GND,NA,NA,NA,NA,NA
N5,GND,NA,NA,NA,NA,NA
N8,GND,NA,NA,NA,NA,NA
P1,GND,NA,NA,NA,NA,NA
P10,GND,NA,NA,NA,NA,NA
P11,GND,NA,NA,NA,NA,NA
P13,GND,NA,NA,NA,NA,NA
P15,GND,NA,NA,NA,NA,NA
P17,GND,NA,NA,NA,NA,NA
P19,GND,NA,NA,NA,NA,NA
P2,GND,NA,NA,NA,NA,NA
P21,GND,NA,NA,NA,NA,NA
P23,GND,NA,NA,NA,NA,NA
P25,GND,NA,NA,NA,NA,NA
P27,GND,NA,NA,NA,NA,NA
P29,GND,NA,NA,NA,NA,NA
P31,GND,NA,NA,NA,NA,NA
P33,GND,NA,NA,NA,NA,NA
P34,GND,NA,NA,NA,NA,NA
P35,GND,NA,NA,NA,NA,NA
P38,GND,NA,NA,NA,NA,NA
P39,GND,NA,NA,NA,NA,NA
P40,GND,NA,NA,NA,NA,NA
P5,GND,NA,NA,NA,NA,NA
P6,GND,NA,NA,NA,NA,NA
R10,GND,NA,NA,NA,NA,NA
R12,GND,NA,NA,NA,NA,NA
R14,GND,NA,NA,NA,NA,NA
R16,GND,NA,NA,NA,NA,NA
R18,GND,NA,NA,NA,NA,NA
R20,GND,NA,NA,NA,NA,NA
R22,GND,NA,NA,NA,NA,NA
R24,GND,NA,NA,NA,NA,NA
R26,GND,NA,NA,NA,NA,NA
R28,GND,NA,NA,NA,NA,NA
R3,GND,NA,NA,NA,NA,NA
R30,GND,NA,NA,NA,NA,NA
R32,GND,NA,NA,NA,NA,NA
R33,GND,NA,NA,NA,NA,NA
R36,GND,NA,NA,NA,NA,NA
R37,GND,NA,NA,NA,NA,NA
R4,GND,NA,NA,NA,NA,NA
R40,GND,NA,NA,NA,NA,NA
R41,GND,NA,NA,NA,NA,NA
R42,GND,NA,NA,NA,NA,NA
R5,GND,NA,NA,NA,NA,NA
R8,GND,NA,NA,NA,NA,NA
T1,GND,NA,NA,NA,NA,NA
T10,GND,NA,NA,NA,NA,NA
T11,GND,NA,NA,NA,NA,NA
T13,GND,NA,NA,NA,NA,NA
T15,GND,NA,NA,NA,NA,NA
T17,GND,NA,NA,NA,NA,NA
T19,GND,NA,NA,NA,NA,NA
T2,GND,NA,NA,NA,NA,NA
T21,GND,NA,NA,NA,NA,NA
T23,GND,NA,NA,NA,NA,NA
T25,GND,NA,NA,NA,NA,NA
T27,GND,NA,NA,NA,NA,NA
T29,GND,NA,NA,NA,NA,NA
T31,GND,NA,NA,NA,NA,NA
T33,GND,NA,NA,NA,NA,NA
T34,GND,NA,NA,NA,NA,NA
T35,GND,NA,NA,NA,NA,NA
T36,GND,NA,NA,NA,NA,NA
T37,GND,NA,NA,NA,NA,NA
T38,GND,NA,NA,NA,NA,NA
T39,GND,NA,NA,NA,NA,NA
T40,GND,NA,NA,NA,NA,NA
T5,GND,NA,NA,NA,NA,NA
T6,GND,NA,NA,NA,NA,NA
U10,GND,NA,NA,NA,NA,NA
U12,GND,NA,NA,NA,NA,NA
U14,GND,NA,NA,NA,NA,NA
U16,GND,NA,NA,NA,NA,NA
U18,GND,NA,NA,NA,NA,NA
U20,GND,NA,NA,NA,NA,NA
U22,GND,NA,NA,NA,NA,NA
U24,GND,NA,NA,NA,NA,NA
U26,GND,NA,NA,NA,NA,NA
U28,GND,NA,NA,NA,NA,NA
U3,GND,NA,NA,NA,NA,NA
U30,GND,NA,NA,NA,NA,NA
U32,GND,NA,NA,NA,NA,NA
U33,GND,NA,NA,NA,NA,NA
U35,GND,NA,NA,NA,NA,NA
U37,GND,NA,NA,NA,NA,NA
U4,GND,NA,NA,NA,NA,NA
U42,GND,NA,NA,NA,NA,NA
U5,GND,NA,NA,NA,NA,NA
U8,GND,NA,NA,NA,NA,NA
V1,GND,NA,NA,NA,NA,NA
V10,GND,NA,NA,NA,NA,NA
V11,GND,NA,NA,NA,NA,NA
V13,GND,NA,NA,NA,NA,NA
V15,GND,NA,NA,NA,NA,NA
V17,GND,NA,NA,NA,NA,NA
V19,GND,NA,NA,NA,NA,NA
V2,GND,NA,NA,NA,NA,NA
V21,GND,NA,NA,NA,NA,NA
V23,GND,NA,NA,NA,NA,NA
V25,GND,NA,NA,NA,NA,NA
V27,GND,NA,NA,NA,NA,NA
V29,GND,NA,NA,NA,NA,NA
V30,GND,NA,NA,NA,NA,NA
V31,GND,NA,NA,NA,NA,NA
V32,GND,NA,NA,NA,NA,NA
V33,GND,NA,NA,NA,NA,NA
V35,GND,NA,NA,NA,NA,NA
V39,GND,NA,NA,NA,NA,NA
V5,GND,NA,NA,NA,NA,NA
V6,GND,NA,NA,NA,NA,NA
W10,GND,NA,NA,NA,NA,NA
W11,GND,NA,NA,NA,NA,NA
W12,GND,NA,NA,NA,NA,NA
W13,GND,NA,NA,NA,NA,NA
W14,GND,NA,NA,NA,NA,NA
W16,GND,NA,NA,NA,NA,NA
W18,GND,NA,NA,NA,NA,NA
W26,GND,NA,NA,NA,NA,NA
W28,GND,NA,NA,NA,NA,NA
W29,GND,NA,NA,NA,NA,NA
W3,GND,NA,NA,NA,NA,NA
W31,GND,NA,NA,NA,NA,NA
W35,GND,NA,NA,NA,NA,NA
W36,GND,NA,NA,NA,NA,NA
W4,GND,NA,NA,NA,NA,NA
W41,GND,NA,NA,NA,NA,NA
W5,GND,NA,NA,NA,NA,NA
W8,GND,NA,NA,NA,NA,NA
Y1,GND,NA,NA,NA,NA,NA
Y10,GND,NA,NA,NA,NA,NA
Y12,GND,NA,NA,NA,NA,NA
Y13,GND,NA,NA,NA,NA,NA
Y15,GND,NA,NA,NA,NA,NA
Y17,GND,NA,NA,NA,NA,NA
Y2,GND,NA,NA,NA,NA,NA
Y25,GND,NA,NA,NA,NA,NA
Y27,GND,NA,NA,NA,NA,NA
Y29,GND,NA,NA,NA,NA,NA
Y3,GND,NA,NA,NA,NA,NA
Y33,GND,NA,NA,NA,NA,NA
Y35,GND,NA,NA,NA,NA,NA
Y38,GND,NA,NA,NA,NA,NA
Y6,GND,NA,NA,NA,NA,NA
K11,GND_SENSE,NA,NA,NA,NA,NA
AA17,GND_SMON,NA,NA,NA,NA,NA
AA30,GTYP_AVCCAUX_L,NA,NA,NA,NA,NA
W30,GTYP_AVCCAUX_L,NA,NA,NA,NA,NA
AB32,GTYP_AVCC_L,NA,NA,NA,NA,NA
AC30,GTYP_AVCC_L,NA,NA,NA,NA,NA
Y32,GTYP_AVCC_L,NA,NA,NA,NA,NA
AA34,GTYP_AVTT_L,NA,NA,NA,NA,NA
AB34,GTYP_AVTT_L,NA,NA,NA,NA,NA
AC34,GTYP_AVTT_L,NA,NA,NA,NA,NA
U34,GTYP_AVTT_L,NA,NA,NA,NA,NA
V34,GTYP_AVTT_L,NA,NA,NA,NA,NA
W34,GTYP_AVTT_L,NA,NA,NA,NA,NA
Y34,GTYP_AVTT_L,NA,NA,NA,NA,NA
AC12,GTYP_LPD_AVCCAUX_RS,NA,NA,NA,NA,NA
AE12,GTYP_LPD_AVCCAUX_RS,NA,NA,NA,NA,NA
AA12,GTYP_LPD_AVCC_RS,NA,NA,NA,NA,NA
AA9,GTYP_LPD_AVCC_RS,NA,NA,NA,NA,NA
AB11,GTYP_LPD_AVCC_RS,NA,NA,NA,NA,NA
AC9,GTYP_LPD_AVCC_RS,NA,NA,NA,NA,NA
AD11,GTYP_LPD_AVCC_RS,NA,NA,NA,NA,NA
AE9,GTYP_LPD_AVCC_RS,NA,NA,NA,NA,NA
Y11,GTYP_LPD_AVCC_RS,NA,NA,NA,NA,NA
AA5,GTYP_LPD_AVTT_RS,NA,NA,NA,NA,NA
AB7,GTYP_LPD_AVTT_RS,NA,NA,NA,NA,NA
AC5,GTYP_LPD_AVTT_RS,NA,NA,NA,NA,NA
AD7,GTYP_LPD_AVTT_RS,NA,NA,NA,NA,NA
AE5,GTYP_LPD_AVTT_RS,NA,NA,NA,NA,NA
Y7,GTYP_LPD_AVTT_RS,NA,NA,NA,NA,NA
AD16,RSVDGND,NA,PMCDIO,NA,NA,NA
AD17,RSVDGND,NA,PMCDIO,NA,NA,NA
AG19,VCCAUX,NA,NA,NA,NA,NA
AG21,VCCAUX,NA,NA,NA,NA,NA
AG23,VCCAUX,NA,NA,NA,NA,NA
AG25,VCCAUX,NA,NA,NA,NA,NA
AG12,VCCAUX_PMC,NA,NA,NA,NA,NA
AG13,VCCAUX_PMC,NA,NA,NA,NA,NA
AA16,VCCAUX_SMON,NA,NA,NA,NA,NA
A23,VCCINT,NA,NA,NA,NA,NA
A24,VCCINT,NA,NA,NA,NA,NA
A25,VCCINT,NA,NA,NA,NA,NA
A26,VCCINT,NA,NA,NA,NA,NA
AA15,VCCINT,NA,NA,NA,NA,NA
AA25,VCCINT,NA,NA,NA,NA,NA
AA27,VCCINT,NA,NA,NA,NA,NA
AB18,VCCINT,NA,NA,NA,NA,NA
AB28,VCCINT,NA,NA,NA,NA,NA
AC15,VCCINT,NA,NA,NA,NA,NA
AC25,VCCINT,NA,NA,NA,NA,NA
AC27,VCCINT,NA,NA,NA,NA,NA
AD18,VCCINT,NA,NA,NA,NA,NA
AD28,VCCINT,NA,NA,NA,NA,NA
AE15,VCCINT,NA,NA,NA,NA,NA
AE17,VCCINT,NA,NA,NA,NA,NA
AE19,VCCINT,NA,NA,NA,NA,NA
AE21,VCCINT,NA,NA,NA,NA,NA
AE23,VCCINT,NA,NA,NA,NA,NA
AE25,VCCINT,NA,NA,NA,NA,NA
AE27,VCCINT,NA,NA,NA,NA,NA
AF16,VCCINT,NA,NA,NA,NA,NA
AF18,VCCINT,NA,NA,NA,NA,NA
AF20,VCCINT,NA,NA,NA,NA,NA
AF22,VCCINT,NA,NA,NA,NA,NA
AF24,VCCINT,NA,NA,NA,NA,NA
AF26,VCCINT,NA,NA,NA,NA,NA
AF28,VCCINT,NA,NA,NA,NA,NA
AG27,VCCINT,NA,NA,NA,NA,NA
AH18,VCCINT,NA,NA,NA,NA,NA
AH20,VCCINT,NA,NA,NA,NA,NA
AH22,VCCINT,NA,NA,NA,NA,NA
AH24,VCCINT,NA,NA,NA,NA,NA
AH26,VCCINT,NA,NA,NA,NA,NA
AH28,VCCINT,NA,NA,NA,NA,NA
B23,VCCINT,NA,NA,NA,NA,NA
B24,VCCINT,NA,NA,NA,NA,NA
B25,VCCINT,NA,NA,NA,NA,NA
B26,VCCINT,NA,NA,NA,NA,NA
C23,VCCINT,NA,NA,NA,NA,NA
C24,VCCINT,NA,NA,NA,NA,NA
C25,VCCINT,NA,NA,NA,NA,NA
C26,VCCINT,NA,NA,NA,NA,NA
D24,VCCINT,NA,NA,NA,NA,NA
D25,VCCINT,NA,NA,NA,NA,NA
D26,VCCINT,NA,NA,NA,NA,NA
E24,VCCINT,NA,NA,NA,NA,NA
E25,VCCINT,NA,NA,NA,NA,NA
E26,VCCINT,NA,NA,NA,NA,NA
F24,VCCINT,NA,NA,NA,NA,NA
F25,VCCINT,NA,NA,NA,NA,NA
F26,VCCINT,NA,NA,NA,NA,NA
G24,VCCINT,NA,NA,NA,NA,NA
G25,VCCINT,NA,NA,NA,NA,NA
G26,VCCINT,NA,NA,NA,NA,NA
H24,VCCINT,NA,NA,NA,NA,NA
H25,VCCINT,NA,NA,NA,NA,NA
H26,VCCINT,NA,NA,NA,NA,NA
J24,VCCINT,NA,NA,NA,NA,NA
J25,VCCINT,NA,NA,NA,NA,NA
J26,VCCINT,NA,NA,NA,NA,NA
K24,VCCINT,NA,NA,NA,NA,NA
K25,VCCINT,NA,NA,NA,NA,NA
K26,VCCINT,NA,NA,NA,NA,NA
L11,VCCINT,NA,NA,NA,NA,NA
L13,VCCINT,NA,NA,NA,NA,NA
L15,VCCINT,NA,NA,NA,NA,NA
L17,VCCINT,NA,NA,NA,NA,NA
L19,VCCINT,NA,NA,NA,NA,NA
L21,VCCINT,NA,NA,NA,NA,NA
L23,VCCINT,NA,NA,NA,NA,NA
L25,VCCINT,NA,NA,NA,NA,NA
L27,VCCINT,NA,NA,NA,NA,NA
L29,VCCINT,NA,NA,NA,NA,NA
L31,VCCINT,NA,NA,NA,NA,NA
M12,VCCINT,NA,NA,NA,NA,NA
M14,VCCINT,NA,NA,NA,NA,NA
M16,VCCINT,NA,NA,NA,NA,NA
M18,VCCINT,NA,NA,NA,NA,NA
M20,VCCINT,NA,NA,NA,NA,NA
M22,VCCINT,NA,NA,NA,NA,NA
M24,VCCINT,NA,NA,NA,NA,NA
M26,VCCINT,NA,NA,NA,NA,NA
M28,VCCINT,NA,NA,NA,NA,NA
M30,VCCINT,NA,NA,NA,NA,NA
M32,VCCINT,NA,NA,NA,NA,NA
N11,VCCINT,NA,NA,NA,NA,NA
N13,VCCINT,NA,NA,NA,NA,NA
N15,VCCINT,NA,NA,NA,NA,NA
N17,VCCINT,NA,NA,NA,NA,NA
N19,VCCINT,NA,NA,NA,NA,NA
N21,VCCINT,NA,NA,NA,NA,NA
N23,VCCINT,NA,NA,NA,NA,NA
N25,VCCINT,NA,NA,NA,NA,NA
N27,VCCINT,NA,NA,NA,NA,NA
N29,VCCINT,NA,NA,NA,NA,NA
N31,VCCINT,NA,NA,NA,NA,NA
P12,VCCINT,NA,NA,NA,NA,NA
P14,VCCINT,NA,NA,NA,NA,NA
P16,VCCINT,NA,NA,NA,NA,NA
P18,VCCINT,NA,NA,NA,NA,NA
P20,VCCINT,NA,NA,NA,NA,NA
P22,VCCINT,NA,NA,NA,NA,NA
P24,VCCINT,NA,NA,NA,NA,NA
P26,VCCINT,NA,NA,NA,NA,NA
P28,VCCINT,NA,NA,NA,NA,NA
P30,VCCINT,NA,NA,NA,NA,NA
P32,VCCINT,NA,NA,NA,NA,NA
R11,VCCINT,NA,NA,NA,NA,NA
R13,VCCINT,NA,NA,NA,NA,NA
R15,VCCINT,NA,NA,NA,NA,NA
R17,VCCINT,NA,NA,NA,NA,NA
R19,VCCINT,NA,NA,NA,NA,NA
R21,VCCINT,NA,NA,NA,NA,NA
R23,VCCINT,NA,NA,NA,NA,NA
R25,VCCINT,NA,NA,NA,NA,NA
R27,VCCINT,NA,NA,NA,NA,NA
R29,VCCINT,NA,NA,NA,NA,NA
R31,VCCINT,NA,NA,NA,NA,NA
T12,VCCINT,NA,NA,NA,NA,NA
T14,VCCINT,NA,NA,NA,NA,NA
T16,VCCINT,NA,NA,NA,NA,NA
T18,VCCINT,NA,NA,NA,NA,NA
T20,VCCINT,NA,NA,NA,NA,NA
T22,VCCINT,NA,NA,NA,NA,NA
T24,VCCINT,NA,NA,NA,NA,NA
T26,VCCINT,NA,NA,NA,NA,NA
T28,VCCINT,NA,NA,NA,NA,NA
T30,VCCINT,NA,NA,NA,NA,NA
T32,VCCINT,NA,NA,NA,NA,NA
U11,VCCINT,NA,NA,NA,NA,NA
U13,VCCINT,NA,NA,NA,NA,NA
U15,VCCINT,NA,NA,NA,NA,NA
U17,VCCINT,NA,NA,NA,NA,NA
U19,VCCINT,NA,NA,NA,NA,NA
U21,VCCINT,NA,NA,NA,NA,NA
U23,VCCINT,NA,NA,NA,NA,NA
U25,VCCINT,NA,NA,NA,NA,NA
U27,VCCINT,NA,NA,NA,NA,NA
U29,VCCINT,NA,NA,NA,NA,NA
U31,VCCINT,NA,NA,NA,NA,NA
V12,VCCINT,NA,NA,NA,NA,NA
V14,VCCINT,NA,NA,NA,NA,NA
V16,VCCINT,NA,NA,NA,NA,NA
V28,VCCINT,NA,NA,NA,NA,NA
W15,VCCINT,NA,NA,NA,NA,NA
W17,VCCINT,NA,NA,NA,NA,NA
W25,VCCINT,NA,NA,NA,NA,NA
W27,VCCINT,NA,NA,NA,NA,NA
Y16,VCCINT,NA,NA,NA,NA,NA
Y18,VCCINT,NA,NA,NA,NA,NA
Y28,VCCINT,NA,NA,NA,NA,NA
K12,VCCINT_SENSE,NA,NA,NA,NA,NA
AH14,VCC_BATT,NA,NA,NA,NA,NA
AB14,VCC_CPM5,NA,NA,NA,NA,NA
AD14,VCC_CPM5,NA,NA,NA,NA,NA
AF14,VCC_CPM5,NA,NA,NA,NA,NA
Y14,VCC_CPM5,NA,NA,NA,NA,NA
AH12,VCC_FUSE,NA,NA,NA,NA,NA
AK18,VCC_IO,NA,NA,NA,NA,NA
AK20,VCC_IO,NA,NA,NA,NA,NA
AK22,VCC_IO,NA,NA,NA,NA,NA
AH15,VCC_PMC,NA,NA,NA,NA,NA
AJ13,VCC_PMC,NA,NA,NA,NA,NA
AJ14,VCC_PMC,NA,NA,NA,NA,NA
AK15,VCC_PSFP,NA,NA,NA,NA,NA
AL14,VCC_PSFP,NA,NA,NA,NA,NA
AL15,VCC_PSFP,NA,NA,NA,NA,NA
AH17,VCC_PSLP,NA,NA,NA,NA,NA
AJ16,VCC_PSLP,NA,NA,NA,NA,NA
AJ17,VCC_PSLP,NA,NA,NA,NA,NA
AB26,VCC_RAM,NA,NA,NA,NA,NA
AD26,VCC_RAM,NA,NA,NA,NA,NA
Y26,VCC_RAM,NA,NA,NA,NA,NA
AE31,VCC_SOC,NA,NA,NA,NA,NA
AG31,VCC_SOC,NA,NA,NA,NA,NA
AJ19,VCC_SOC,NA,NA,NA,NA,NA
AJ21,VCC_SOC,NA,NA,NA,NA,NA
AJ23,VCC_SOC,NA,NA,NA,NA,NA
AJ25,VCC_SOC,NA,NA,NA,NA,NA
AJ27,VCC_SOC,NA,NA,NA,NA,NA
AJ29,VCC_SOC,NA,NA,NA,NA,NA
AJ31,VCC_SOC,NA,NA,NA,NA,NA
AK16,VCC_SOC,NA,NA,NA,NA,NA
V18,VCC_SOC,NA,NA,NA,NA,NA
V20,VCC_SOC,NA,NA,NA,NA,NA
V22,VCC_SOC,NA,NA,NA,NA,NA
V24,VCC_SOC,NA,NA,NA,NA,NA
V26,VCC_SOC,NA,NA,NA,NA,NA
AC17,VN_500,NA,PMCDIO,NA,NA,NA
AB16,VP_500,NA,PMCDIO,NA,NA,NA
AB17,VREFN_500,NA,PMCDIO,NA,NA,NA
AC16,VREFP_500,NA,PMCDIO,NA,NA,NA
"
"#Total Number of Pins 1724
""
