"# ////////////////////////////////////////////////////////////////////////////"
"#  Proprietary Note:"
"#  "
"# "
"#  Copyright 2020-2025 AMD, Inc. All rights reserved."
"#  This file contains proprietary information of AMD, Inc."
"#  and is protected under U.S. and international copyright and other"
"#  intellectual property laws."
"# "
"#  DISCLAIMER"
"#  This disclaimer is not a license and does not grant any"
"#  rights to the materials distributed herewith. Except as"
"#  otherwise provided in a valid license issued to you by"
"#  AMD, and to the maximum extent permitted by applicable"
"#  law: (1) THESE MATERIALS ARE MADE AVAILABLE "AS IS" AND"
"#  WITH ALL FAULTS, AND AMD HEREBY DISCLAIMS ALL WARRANTIES"
"#  AND CONDITIONS, EXPRESS, IMPLIED, OR STATUTORY, INCLUDING"
"#  BUT NOT LIMITED TO WARRANTIES OF MERCHANTABILITY, NON-"
"#  INFRINGEMENT, OR FITNESS FOR ANY PARTICULAR PURPOSE; and"
"#  (2) AMD shall not be liable (whether in contract or tort,"
"#  including negligence, or under any other theory of"
"#  liability) for any loss or damage of any kind or nature"
"#  related to, arising under or in connection with these"
"#  materials, including for any direct, or any indirect,"
"#  special, incidental, or consequential loss or damage"
"#  (including loss of data, profits, goodwill, or any type of"
"#  loss or damage suffered as a result of any action brought"
"#  by a third party) even if such damage or loss was"
"#  reasonably foreseeable or AMD had been advised of the"
"#  possibility of the same."
"# "
"#  CRITICAL APPLICATIONS"
"#  AMD products are not designed or intended to be fail-"
"#  safe, or for use in any application requiring fail-safe"
"#  performance, such as life-support or safety devices or"
"#  systems, Class III medical devices, nuclear facilities,"
"#  applications related to the deployment of airbags, or any"
"#  other applications that could lead to death, personal"
"#  injury, or severe property or environmental damage"
"#  (individually and collectively, "Critical"
"#  Applications"). Customer assumes the sole risk and"
"#  liability of any use of AMD products in Critical"
"#  Applications, subject only to applicable laws and"
"#  regulations governing limitations on product liability"
"#  "
"#  THIS COPYRIGHT NOTICE AND DISCLAIMER MUST BE RETAINED AS"
"#  PART OF THIS FILE AT ALL TIMES."
"#  "
"# ////////////////////////////////////////////////////////////////////////////"
"#-----------------------------------------------------------------------------"
"#-----------------------------------------------------------------------------"
"# Device            : xcvc1902vsvd1760"
"# Date              : Thu Jan 05 20:22:13 2023"
"# Revision          : 1.5"
"# Status            : Production "
"# Pkg Spec Revision : v4 "
"# "
"#-----------------------------------------------------------------------------"
"#  Production package specifications are released coincident"
"#  with production release of a particular device."
"#-----------------------------------------------------------------------------"
"#  Modification History"
"# | Date              : Fri Jun 15 2018"
"# | Revision          : 0.1 "
"# | Status            : Evaluation_Only "
"# | Details           : Initial Pkg file "
"#"
"# | Date              : Thu Jul 26 2018																"
"# | Revision          : 0.2																"
"# | Status            : Evaluation Only																"
"# | Details           : Add bank num to PS nets.																"
"#"
"# | Date              : Thu Sep 13 14:33:15 2018																"
"# | Revision          : 0.3													"
"# | Status            : Evaluation Only																"
"# | Details           : Update Pinmap																"
"#"
"# | Date              : Fri Nov 30 13:56:14 2018"
"# | Revision          : 0.4 "
"# | Status            : Evaluation_Only "
"# | Details           : XPIO naming change, Pinmap update"
"#"
"# | Date              : Mon Dec 31 15:40:49 2018"
"# | Revision          : 0.5 "
"# | Status            : Evaluation_Only "
"# | Details           : GT RREF/RCAL new Bank number update. Update pinmap for HDIO removal. "
"#"
"# | Date              : Sat Jan 26 16:59:04 2019"
"# | Revision          : 0.6 "
"# | Status            : Evaluation_Only "
"# | Details           : NP pins swap for 8 pair Refclk"
"# |                     NP pins swap for 6 pairs XPio"
"# |                     Swap TCK_503 & RTC_PADO_503"
"# |                     Label change > Add bank number to the IO_VR pin name in the package files. IO_VR-->IO_VR_700"
"# |                     Add new I/O type: PMCDIO"
"#"
"# | Date              : Wed Feb 27 00:04:00 2019"
"# | Revision          : 1.1 "
"# | Status            : Engineering_Sample "
"# | Details           : Switch to Engineering Sample "
"#"
"# | Date              : Thu Apr  4 16:19:53 2019"
"# | Revision          : 1.2 "
"# | Status            : Engineering_Sample "
"# | Details           : Change header to meet AMD's doc classification rules "
"#"
"# | Date              : Mon Jun  1 23:55:03 2020"
"# | Revision          : 1.3 "
"# | Status            : Production "
"# | Details           : Switch to production. "
"# |                     Change the pkg format to V4.(2 new columns for XPIO: XPIOPerf and DDRMC ONLY) "
"#"
"#-----------------------------------------------------------------------------"
"# | Date              : Mon Jul 27 10:30:00 2020"
"# | Revision          : 1.4 "
"# | Status            : Production "
"# | Details           : Change the 6 Sysmon pin labels: "
"# |                     	SYSMON_ROOT_DXN_500 	--> RSVDGND"
"# |                     	SYSMON_ROOT_DXP_500 	--> RSVDGND"
"# |                     	SYSMON_ROOT_VN_500 		--> VN_500"
"# |                     	SYSMON_ROOT_VP_500 		--> VP_500"
"# |                     	SYSMON_ROOT_VREFN_500 	--> VREFN_500"
"# |                     	SYSMON_ROOT_VREFP_500 	--> VREFP_500"
"#-----------------------------------------------------------------------------"
"# | Date              : Thu Jan 05 20:22:13 2023"
"# | Revision          : 1.5 "
"# | Status            : Production "
"# | Details           : Update XPIO performance grade"
"#-----------------------------------------------------------------------------"
"#  ASCII Pinout File"
,,,,,
Pin,Pin Name,Bank,I/O Type,Super Logic Region,XPIOPerf,DDRMC ONLY
AB35,GTY_REFCLKN0_103,103,GTY,NA,NA,NA
Y35,GTY_REFCLKN1_103,103,GTY,NA,NA,NA
AB34,GTY_REFCLKP0_103,103,GTY,NA,NA,NA
Y34,GTY_REFCLKP1_103,103,GTY,NA,NA,NA
AC42,GTY_RXN0_103,103,GTY,NA,NA,NA
AA42,GTY_RXN1_103,103,GTY,NA,NA,NA
W42,GTY_RXN2_103,103,GTY,NA,NA,NA
U42,GTY_RXN3_103,103,GTY,NA,NA,NA
AC41,GTY_RXP0_103,103,GTY,NA,NA,NA
AA41,GTY_RXP1_103,103,GTY,NA,NA,NA
W41,GTY_RXP2_103,103,GTY,NA,NA,NA
U41,GTY_RXP3_103,103,GTY,NA,NA,NA
AB39,GTY_TXN0_103,103,GTY,NA,NA,NA
AA37,GTY_TXN1_103,103,GTY,NA,NA,NA
Y39,GTY_TXN2_103,103,GTY,NA,NA,NA
V39,GTY_TXN3_103,103,GTY,NA,NA,NA
AB38,GTY_TXP0_103,103,GTY,NA,NA,NA
AA36,GTY_TXP1_103,103,GTY,NA,NA,NA
Y38,GTY_TXP2_103,103,GTY,NA,NA,NA
V38,GTY_TXP3_103,103,GTY,NA,NA,NA
W37,GTY_REFCLKN0_104,104,GTY,NA,NA,NA
U37,GTY_REFCLKN1_104,104,GTY,NA,NA,NA
W36,GTY_REFCLKP0_104,104,GTY,NA,NA,NA
U36,GTY_REFCLKP1_104,104,GTY,NA,NA,NA
R42,GTY_RXN0_104,104,GTY,NA,NA,NA
N42,GTY_RXN1_104,104,GTY,NA,NA,NA
L42,GTY_RXN2_104,104,GTY,NA,NA,NA
K40,GTY_RXN3_104,104,GTY,NA,NA,NA
R41,GTY_RXP0_104,104,GTY,NA,NA,NA
N41,GTY_RXP1_104,104,GTY,NA,NA,NA
L41,GTY_RXP2_104,104,GTY,NA,NA,NA
K39,GTY_RXP3_104,104,GTY,NA,NA,NA
T39,GTY_TXN0_104,104,GTY,NA,NA,NA
P39,GTY_TXN1_104,104,GTY,NA,NA,NA
M39,GTY_TXN2_104,104,GTY,NA,NA,NA
J37,GTY_TXN3_104,104,GTY,NA,NA,NA
T38,GTY_TXP0_104,104,GTY,NA,NA,NA
P38,GTY_TXP1_104,104,GTY,NA,NA,NA
M38,GTY_TXP2_104,104,GTY,NA,NA,NA
J36,GTY_TXP3_104,104,GTY,NA,NA,NA
V35,GTY_AVTTRCAL_L,105,NA,NA,NA,NA
R37,GTY_REFCLKN0_105,105,GTY,NA,NA,NA
N37,GTY_REFCLKN1_105,105,GTY,NA,NA,NA
R36,GTY_REFCLKP0_105,105,GTY,NA,NA,NA
N36,GTY_REFCLKP1_105,105,GTY,NA,NA,NA
V34,GTY_RREF_L,105,NA,NA,NA,NA
J42,GTY_RXN0_105,105,GTY,NA,NA,NA
H40,GTY_RXN1_105,105,GTY,NA,NA,NA
G42,GTY_RXN2_105,105,GTY,NA,NA,NA
F40,GTY_RXN3_105,105,GTY,NA,NA,NA
J41,GTY_RXP0_105,105,GTY,NA,NA,NA
H39,GTY_RXP1_105,105,GTY,NA,NA,NA
G41,GTY_RXP2_105,105,GTY,NA,NA,NA
F39,GTY_RXP3_105,105,GTY,NA,NA,NA
H35,GTY_TXN0_105,105,GTY,NA,NA,NA
G37,GTY_TXN1_105,105,GTY,NA,NA,NA
F35,GTY_TXN2_105,105,GTY,NA,NA,NA
E37,GTY_TXN3_105,105,GTY,NA,NA,NA
H34,GTY_TXP0_105,105,GTY,NA,NA,NA
G36,GTY_TXP1_105,105,GTY,NA,NA,NA
F34,GTY_TXP2_105,105,GTY,NA,NA,NA
E36,GTY_TXP3_105,105,GTY,NA,NA,NA
L37,GTY_REFCLKN0_106,106,GTY,NA,NA,NA
K35,GTY_REFCLKN1_106,106,GTY,NA,NA,NA
L36,GTY_REFCLKP0_106,106,GTY,NA,NA,NA
K34,GTY_REFCLKP1_106,106,GTY,NA,NA,NA
E42,GTY_RXN0_106,106,GTY,NA,NA,NA
D40,GTY_RXN1_106,106,GTY,NA,NA,NA
C42,GTY_RXN2_106,106,GTY,NA,NA,NA
B40,GTY_RXN3_106,106,GTY,NA,NA,NA
E41,GTY_RXP0_106,106,GTY,NA,NA,NA
D39,GTY_RXP1_106,106,GTY,NA,NA,NA
C41,GTY_RXP2_106,106,GTY,NA,NA,NA
B39,GTY_RXP3_106,106,GTY,NA,NA,NA
D35,GTY_TXN0_106,106,GTY,NA,NA,NA
C37,GTY_TXN1_106,106,GTY,NA,NA,NA
B35,GTY_TXN2_106,106,GTY,NA,NA,NA
A37,GTY_TXN3_106,106,GTY,NA,NA,NA
D34,GTY_TXP0_106,106,GTY,NA,NA,NA
C36,GTY_TXP1_106,106,GTY,NA,NA,NA
B34,GTY_TXP2_106,106,GTY,NA,NA,NA
A36,GTY_TXP3_106,106,GTY,NA,NA,NA
C16,GTY_AVTTRCAL_R,203,NA,NA,NA,NA
A15,GTY_REFCLKN0_203,203,GTY,NA,NA,NA
A17,GTY_REFCLKN1_203,203,GTY,NA,NA,NA
B15,GTY_REFCLKP0_203,203,GTY,NA,NA,NA
B17,GTY_REFCLKP1_203,203,GTY,NA,NA,NA
D16,GTY_RREF_R,203,NA,NA,NA,NA
C2,GTY_RXN0_203,203,GTY,NA,NA,NA
A3,GTY_RXN1_203,203,GTY,NA,NA,NA
C4,GTY_RXN2_203,203,GTY,NA,NA,NA
A5,GTY_RXN3_203,203,GTY,NA,NA,NA
D2,GTY_RXP0_203,203,GTY,NA,NA,NA
B3,GTY_RXP1_203,203,GTY,NA,NA,NA
D4,GTY_RXP2_203,203,GTY,NA,NA,NA
B5,GTY_RXP3_203,203,GTY,NA,NA,NA
F1,GTY_TXN0_203,203,GTY,NA,NA,NA
F3,GTY_TXN1_203,203,GTY,NA,NA,NA
F5,GTY_TXN2_203,203,GTY,NA,NA,NA
D6,GTY_TXN3_203,203,GTY,NA,NA,NA
G1,GTY_TXP0_203,203,GTY,NA,NA,NA
G3,GTY_TXP1_203,203,GTY,NA,NA,NA
G5,GTY_TXP2_203,203,GTY,NA,NA,NA
E6,GTY_TXP3_203,203,GTY,NA,NA,NA
C18,GTY_REFCLKN0_204,204,GTY,NA,NA,NA
A19,GTY_REFCLKN1_204,204,GTY,NA,NA,NA
D18,GTY_REFCLKP0_204,204,GTY,NA,NA,NA
B19,GTY_REFCLKP1_204,204,GTY,NA,NA,NA
A7,GTY_RXN0_204,204,GTY,NA,NA,NA
A9,GTY_RXN1_204,204,GTY,NA,NA,NA
A11,GTY_RXN2_204,204,GTY,NA,NA,NA
A13,GTY_RXN3_204,204,GTY,NA,NA,NA
B7,GTY_RXP0_204,204,GTY,NA,NA,NA
B9,GTY_RXP1_204,204,GTY,NA,NA,NA
B11,GTY_RXP2_204,204,GTY,NA,NA,NA
B13,GTY_RXP3_204,204,GTY,NA,NA,NA
D8,GTY_TXN0_204,204,GTY,NA,NA,NA
D10,GTY_TXN1_204,204,GTY,NA,NA,NA
D12,GTY_TXN2_204,204,GTY,NA,NA,NA
D14,GTY_TXN3_204,204,GTY,NA,NA,NA
E8,GTY_TXP0_204,204,GTY,NA,NA,NA
E10,GTY_TXP1_204,204,GTY,NA,NA,NA
E12,GTY_TXP2_204,204,GTY,NA,NA,NA
E14,GTY_TXP3_204,204,GTY,NA,NA,NA
J32,PMC_MIO0_500,500,PMCMIO,NA,NA,NA
H29,PMC_MIO10_500,500,PMCMIO,NA,NA,NA
J28,PMC_MIO11_500,500,PMCMIO,NA,NA,NA
K28,PMC_MIO12_500,500,PMCMIO,NA,NA,NA
L28,PMC_MIO13_500,500,PMCMIO,NA,NA,NA
K27,PMC_MIO14_500,500,PMCMIO,NA,NA,NA
J27,PMC_MIO15_500,500,PMCMIO,NA,NA,NA
H27,PMC_MIO16_500,500,PMCMIO,NA,NA,NA
G27,PMC_MIO17_500,500,PMCMIO,NA,NA,NA
G26,PMC_MIO18_500,500,PMCMIO,NA,NA,NA
H26,PMC_MIO19_500,500,PMCMIO,NA,NA,NA
K32,PMC_MIO1_500,500,PMCMIO,NA,NA,NA
K26,PMC_MIO20_500,500,PMCMIO,NA,NA,NA
L26,PMC_MIO21_500,500,PMCMIO,NA,NA,NA
L25,PMC_MIO22_500,500,PMCMIO,NA,NA,NA
K25,PMC_MIO23_500,500,PMCMIO,NA,NA,NA
J25,PMC_MIO24_500,500,PMCMIO,NA,NA,NA
H25,PMC_MIO25_500,500,PMCMIO,NA,NA,NA
K31,PMC_MIO2_500,500,PMCMIO,NA,NA,NA
H31,PMC_MIO3_500,500,PMCMIO,NA,NA,NA
H30,PMC_MIO4_500,500,PMCMIO,NA,NA,NA
J30,PMC_MIO5_500,500,PMCMIO,NA,NA,NA
K30,PMC_MIO6_500,500,PMCMIO,NA,NA,NA
L30,PMC_MIO7_500,500,PMCMIO,NA,NA,NA
L29,PMC_MIO8_500,500,PMCMIO,NA,NA,NA
J29,PMC_MIO9_500,500,PMCMIO,NA,NA,NA
Y30,RSVDGND,500,PMCDIO,NA,NA,NA
Y31,RSVDGND,500,PMCDIO,NA,NA,NA
W30,VN_500,500,PMCDIO,NA,NA,NA
V31,VP_500,500,PMCDIO,NA,NA,NA
V30,VREFN_500,500,PMCDIO,NA,NA,NA
W31,VREFP_500,500,PMCDIO,NA,NA,NA
AD31,VCCO_500,500,NA,NA,NA,NA
AE31,VCCO_500,500,NA,NA,NA,NA
D20,PMC_MIO26_501,501,PMCMIO,NA,NA,NA
E20,PMC_MIO27_501,501,PMCMIO,NA,NA,NA
F20,PMC_MIO28_501,501,PMCMIO,NA,NA,NA
H20,PMC_MIO29_501,501,PMCMIO,NA,NA,NA
J20,PMC_MIO30_501,501,PMCMIO,NA,NA,NA
K20,PMC_MIO31_501,501,PMCMIO,NA,NA,NA
L20,PMC_MIO32_501,501,PMCMIO,NA,NA,NA
L19,PMC_MIO33_501,501,PMCMIO,NA,NA,NA
J19,PMC_MIO34_501,501,PMCMIO,NA,NA,NA
H19,PMC_MIO35_501,501,PMCMIO,NA,NA,NA
G19,PMC_MIO36_501,501,PMCMIO,NA,NA,NA
F19,PMC_MIO37_501,501,PMCMIO,NA,NA,NA
F18,PMC_MIO38_501,501,PMCMIO,NA,NA,NA
G18,PMC_MIO39_501,501,PMCMIO,NA,NA,NA
J18,PMC_MIO40_501,501,PMCMIO,NA,NA,NA
K18,PMC_MIO41_501,501,PMCMIO,NA,NA,NA
L18,PMC_MIO42_501,501,PMCMIO,NA,NA,NA
L17,PMC_MIO43_501,501,PMCMIO,NA,NA,NA
K17,PMC_MIO44_501,501,PMCMIO,NA,NA,NA
J17,PMC_MIO45_501,501,PMCMIO,NA,NA,NA
H17,PMC_MIO46_501,501,PMCMIO,NA,NA,NA
G17,PMC_MIO47_501,501,PMCMIO,NA,NA,NA
F17,PMC_MIO48_501,501,PMCMIO,NA,NA,NA
F16,PMC_MIO49_501,501,PMCMIO,NA,NA,NA
G16,PMC_MIO50_501,501,PMCMIO,NA,NA,NA
H16,PMC_MIO51_501,501,PMCMIO,NA,NA,NA
AG31,VCCO_501,501,NA,NA,NA,NA
AH31,VCCO_501,501,NA,NA,NA,NA
A32,LPD_MIO0_502,502,LPDMIO,NA,NA,NA
C31,LPD_MIO10_502,502,LPDMIO,NA,NA,NA
B31,LPD_MIO11_502,502,LPDMIO,NA,NA,NA
A31,LPD_MIO12_502,502,LPDMIO,NA,NA,NA
A30,LPD_MIO13_502,502,LPDMIO,NA,NA,NA
C30,LPD_MIO14_502,502,LPDMIO,NA,NA,NA
D30,LPD_MIO15_502,502,LPDMIO,NA,NA,NA
E30,LPD_MIO16_502,502,LPDMIO,NA,NA,NA
F30,LPD_MIO17_502,502,LPDMIO,NA,NA,NA
G29,LPD_MIO18_502,502,LPDMIO,NA,NA,NA
F29,LPD_MIO19_502,502,LPDMIO,NA,NA,NA
B32,LPD_MIO1_502,502,LPDMIO,NA,NA,NA
D29,LPD_MIO20_502,502,LPDMIO,NA,NA,NA
C29,LPD_MIO21_502,502,LPDMIO,NA,NA,NA
B29,LPD_MIO22_502,502,LPDMIO,NA,NA,NA
A29,LPD_MIO23_502,502,LPDMIO,NA,NA,NA
F28,LPD_MIO24_502,502,LPDMIO,NA,NA,NA
G28,LPD_MIO25_502,502,LPDMIO,NA,NA,NA
C32,LPD_MIO2_502,502,LPDMIO,NA,NA,NA
D32,LPD_MIO3_502,502,LPDMIO,NA,NA,NA
E32,LPD_MIO4_502,502,LPDMIO,NA,NA,NA
G32,LPD_MIO5_502,502,LPDMIO,NA,NA,NA
H32,LPD_MIO6_502,502,LPDMIO,NA,NA,NA
G31,LPD_MIO7_502,502,LPDMIO,NA,NA,NA
F31,LPD_MIO8_502,502,LPDMIO,NA,NA,NA
E31,LPD_MIO9_502,502,LPDMIO,NA,NA,NA
AC32,VCCO_502,502,NA,NA,NA,NA
AD33,VCCO_502,502,NA,NA,NA,NA
E26,DONE_503,503,PMCDIO,NA,NA,NA
F26,ERROR_OUT_503,503,PMCDIO,NA,NA,NA
A28,MODE0_503,503,PMCDIO,NA,NA,NA
B28,MODE1_503,503,PMCDIO,NA,NA,NA
D28,MODE2_503,503,PMCDIO,NA,NA,NA
E28,MODE3_503,503,PMCDIO,NA,NA,NA
AB28,POR_B_503,503,PMCDIO,NA,NA,NA
E27,PUDC_B_503,503,PMCDIO,NA,NA,NA
AD28,REF_CLK_503,503,PMCDIO,NA,NA,NA
A26,RTC_PADI_503,503,PMCDIO,NA,NA,NA
B26,RTC_PADO_503,503,PMCDIO,NA,NA,NA
B27,TCK_503,503,PMCDIO,NA,NA,NA
C26,TDI_503,503,PMCDIO,NA,NA,NA
C27,TDO_503,503,PMCDIO,NA,NA,NA
D27,TMS_503,503,PMCDIO,NA,NA,NA
AB31,VCCO_503,503,NA,NA,NA,NA
AB32,VCCO_503,503,NA,NA,NA,NA
AG40,IO_L0N_XCC_N0P1_M0P1_700,700,XPIO,NA,HIGH,YES
AF41,IO_L0P_XCC_N0P0_M0P0_700,700,XPIO,NA,HIGH,YES
AJ38,IO_L10N_N3P3_M0P21_700,700,XPIO,NA,HIGH,YES
AK37,IO_L10P_N3P2_M0P20_700,700,XPIO,NA,HIGH,YES
AE39,IO_L11N_N3P5_M0P23_700,700,XPIO,NA,HIGH,YES
AF38,IO_L11P_N3P4_M0P22_700,700,XPIO,NA,HIGH,YES
AF34,IO_L12N_GC_XCC_N4P1_M0P25_700,700,XPIO,NA,HIGH,YES_PLUS_GC
AF35,IO_L12P_GC_XCC_N4P0_M0P24_700,700,XPIO,NA,HIGH,YES_PLUS_GC
AD36,IO_L13N_N4P3_M0P27_700,700,XPIO,NA,HIGH,YES
AD35,IO_L13P_N4P2_M0P26_700,700,XPIO,NA,HIGH,YES
AH35,IO_L14N_N4P5_M0P29_700,700,XPIO,NA,HIGH,YES
AJ34,IO_L14P_N4P4_M0P28_700,700,XPIO,NA,HIGH,YES
AG35,IO_L15N_XCC_N5P1_M0P31_700,700,XPIO,NA,HIGH,YES
AH34,IO_L15P_XCC_N5P0_M0P30_700,700,XPIO,NA,HIGH,YES
AK35,IO_L16N_N5P3_M0P33_700,700,XPIO,NA,HIGH,YES
AK34,IO_L16P_N5P2_M0P32_700,700,XPIO,NA,HIGH,YES
AE34,IO_L17N_N5P5_M0P35_700,700,XPIO,NA,HIGH,YES
AD34,IO_L17P_N5P4_M0P34_700,700,XPIO,NA,HIGH,YES
AH32,IO_L18N_XCC_N6P1_M0P37_700,700,XPIO,NA,HIGH,YES
AG33,IO_L18P_XCC_N6P0_M0P36_700,700,XPIO,NA,HIGH,YES
AE33,IO_L19N_N6P3_M0P39_700,700,XPIO,NA,HIGH,YES
AE32,IO_L19P_N6P2_M0P38_700,700,XPIO,NA,HIGH,YES
AE41,IO_L1N_N0P3_M0P3_700,700,XPIO,NA,HIGH,YES
AE40,IO_L1P_N0P2_M0P2_700,700,XPIO,NA,HIGH,YES
AK33,IO_L20N_N6P5_M0P41_700,700,XPIO,NA,HIGH,YES
AJ33,IO_L20P_N6P4_M0P40_700,700,XPIO,NA,HIGH,YES
AJ31,IO_L21N_XCC_N7P1_M0P43_700,700,XPIO,NA,HIGH,YES
AK32,IO_L21P_XCC_N7P0_M0P42_700,700,XPIO,NA,HIGH,YES
AK30,IO_L22N_N7P3_M0P45_700,700,XPIO,NA,HIGH,YES
AJ30,IO_L22P_N7P2_M0P44_700,700,XPIO,NA,HIGH,YES
AF33,IO_L23N_N7P5_M0P47_700,700,XPIO,NA,HIGH,YES
AF32,IO_L23P_N7P4_M0P46_700,700,XPIO,NA,HIGH,YES
AF37,IO_L24N_GC_XCC_N8P1_M0P49_700,700,XPIO,NA,HIGH,YES_PLUS_GC
AF36,IO_L24P_GC_XCC_N8P0_M0P48_700,700,XPIO,NA,HIGH,YES_PLUS_GC
AD37,IO_L25N_N8P3_M0P51_700,700,XPIO,NA,HIGH,YES
AE36,IO_L25P_N8P2_M0P50_700,700,XPIO,NA,HIGH,YES
AG37,IO_L26N_N8P5_M0P53_700,700,XPIO,NA,HIGH,YES
AH36,IO_L26P_N8P4_M0P52_700,700,XPIO,NA,HIGH,YES
AH41,IO_L2N_N0P5_M0P5_700,700,XPIO,NA,HIGH,YES
AH40,IO_L2P_N0P4_M0P4_700,700,XPIO,NA,HIGH,YES
AG41,IO_L3N_XCC_N1P1_M0P7_700,700,XPIO,NA,HIGH,YES
AH42,IO_L3P_XCC_N1P0_M0P6_700,700,XPIO,NA,HIGH,YES
AK42,IO_L4N_N1P3_M0P9_700,700,XPIO,NA,HIGH,YES
AJ42,IO_L4P_N1P2_M0P8_700,700,XPIO,NA,HIGH,YES
AF42,IO_L5N_N1P5_M0P11_700,700,XPIO,NA,HIGH,YES
AE42,IO_L5P_N1P4_M0P10_700,700,XPIO,NA,HIGH,YES
AG38,IO_L6N_GC_XCC_N2P1_M0P13_700,700,XPIO,NA,HIGH,YES_PLUS_GC
AF39,IO_L6P_GC_XCC_N2P0_M0P12_700,700,XPIO,NA,HIGH,YES_PLUS_GC
AD39,IO_L7N_N2P3_M0P15_700,700,XPIO,NA,HIGH,YES
AD38,IO_L7P_N2P2_M0P14_700,700,XPIO,NA,HIGH,YES
AJ40,IO_L8N_N2P5_M0P17_700,700,XPIO,NA,HIGH,YES
AJ39,IO_L8P_N2P4_M0P16_700,700,XPIO,NA,HIGH,YES
AG39,IO_L9N_GC_XCC_N3P1_M0P19_700,700,XPIO,NA,HIGH,YES_PLUS_GC
AH38,IO_L9P_GC_XCC_N3P0_M0P18_700,700,XPIO,NA,HIGH,YES_PLUS_GC
AH23,IO_VR_700,700,XPIO,NA,HIGH,YES
AH37,VCCO_700,700,NA,NA,HIGH,NA
AJ36,VCCO_700,700,NA,NA,HIGH,NA
AK36,VCCO_700,700,NA,NA,HIGH,NA
AN41,IO_L0N_XCC_N0P1_M0P55_701,701,XPIO,NA,HIGH,YES
AM40,IO_L0P_XCC_N0P0_M0P54_701,701,XPIO,NA,HIGH,YES
AR42,IO_L10N_N3P3_M0P75_701,701,XPIO,NA,HIGH,YES
AR41,IO_L10P_N3P2_M0P74_701,701,XPIO,NA,HIGH,YES
AR39,IO_L11N_N3P5_M0P77_701,701,XPIO,NA,HIGH,YES
AP39,IO_L11P_N3P4_M0P76_701,701,XPIO,NA,HIGH,YES
AM33,IO_L12N_GC_XCC_N4P1_M0P79_701,701,XPIO,NA,HIGH,YES_PLUS_GC
AL32,IO_L12P_GC_XCC_N4P0_M0P78_701,701,XPIO,NA,HIGH,YES_PLUS_GC
AL31,IO_L13N_N4P3_M0P81_701,701,XPIO,NA,HIGH,YES
AM30,IO_L13P_N4P2_M0P80_701,701,XPIO,NA,HIGH,YES
AN33,IO_L14N_N4P5_M0P83_701,701,XPIO,NA,HIGH,YES
AN32,IO_L14P_N4P4_M0P82_701,701,XPIO,NA,HIGH,YES
AM34,IO_L15N_XCC_N5P1_M0P85_701,701,XPIO,NA,HIGH,YES
AL35,IO_L15P_XCC_N5P0_M0P84_701,701,XPIO,NA,HIGH,YES
AM36,IO_L16N_N5P3_M0P87_701,701,XPIO,NA,HIGH,YES
AM35,IO_L16P_N5P2_M0P86_701,701,XPIO,NA,HIGH,YES
AN31,IO_L17N_N5P5_M0P89_701,701,XPIO,NA,HIGH,YES
AM31,IO_L17P_N5P4_M0P88_701,701,XPIO,NA,HIGH,YES
AR33,IO_L18N_XCC_N6P1_M0P91_701,701,XPIO,NA,HIGH,YES
AT33,IO_L18P_XCC_N6P0_M0P90_701,701,XPIO,NA,HIGH,YES
AR31,IO_L19N_N6P3_M0P93_701,701,XPIO,NA,HIGH,YES
AP31,IO_L19P_N6P2_M0P92_701,701,XPIO,NA,HIGH,YES
AL41,IO_L1N_N0P3_M0P57_701,701,XPIO,NA,HIGH,YES
AK41,IO_L1P_N0P2_M0P56_701,701,XPIO,NA,HIGH,YES
AR35,IO_L20N_N6P5_M0P95_701,701,XPIO,NA,HIGH,YES
AP35,IO_L20P_N6P4_M0P94_701,701,XPIO,NA,HIGH,YES
AP33,IO_L21N_XCC_N7P1_M0P97_701,701,XPIO,NA,HIGH,YES
AP34,IO_L21P_XCC_N7P0_M0P96_701,701,XPIO,NA,HIGH,YES
AT35,IO_L22N_N7P3_M0P99_701,701,XPIO,NA,HIGH,YES
AT34,IO_L22P_N7P2_M0P98_701,701,XPIO,NA,HIGH,YES
AR32,IO_L23N_N7P5_M0P101_701,701,XPIO,NA,HIGH,YES
AT31,IO_L23P_N7P4_M0P100_701,701,XPIO,NA,HIGH,YES
AN36,IO_L24N_GC_XCC_N8P1_M0P103_701,701,XPIO,NA,HIGH,YES_PLUS_GC
AN35,IO_L24P_GC_XCC_N8P0_M0P102_701,701,XPIO,NA,HIGH,YES_PLUS_GC
AM37,IO_L25N_N8P3_M0P105_701,701,XPIO,NA,HIGH,YES
AL37,IO_L25P_N8P2_M0P104_701,701,XPIO,NA,HIGH,YES
AP37,IO_L26N_N8P5_M0P107_701,701,XPIO,NA,HIGH,YES
AR36,IO_L26P_N8P4_M0P106_701,701,XPIO,NA,HIGH,YES
AM39,IO_L2N_N0P5_M0P59_701,701,XPIO,NA,HIGH,YES
AL39,IO_L2P_N0P4_M0P58_701,701,XPIO,NA,HIGH,YES
AK40,IO_L3N_XCC_N1P1_M0P61_701,701,XPIO,NA,HIGH,YES
AK39,IO_L3P_XCC_N1P0_M0P60_701,701,XPIO,NA,HIGH,YES
AM38,IO_L4N_N1P3_M0P63_701,701,XPIO,NA,HIGH,YES
AL38,IO_L4P_N1P2_M0P62_701,701,XPIO,NA,HIGH,YES
AL42,IO_L5N_N1P5_M0P65_701,701,XPIO,NA,HIGH,YES
AM41,IO_L5P_N1P4_M0P64_701,701,XPIO,NA,HIGH,YES
AP40,IO_L6N_GC_XCC_N2P1_M0P67_701,701,XPIO,NA,HIGH,YES_PLUS_GC
AN40,IO_L6P_GC_XCC_N2P0_M0P66_701,701,XPIO,NA,HIGH,YES_PLUS_GC
AP38,IO_L7N_N2P3_M0P69_701,701,XPIO,NA,HIGH,YES
AN38,IO_L7P_N2P2_M0P68_701,701,XPIO,NA,HIGH,YES
AR40,IO_L8N_N2P5_M0P71_701,701,XPIO,NA,HIGH,YES
AT39,IO_L8P_N2P4_M0P70_701,701,XPIO,NA,HIGH,YES
AN42,IO_L9N_GC_XCC_N3P1_M0P73_701,701,XPIO,NA,HIGH,YES_PLUS_GC
AP42,IO_L9P_GC_XCC_N3P0_M0P72_701,701,XPIO,NA,HIGH,YES_PLUS_GC
AR37,VCCO_701,701,NA,NA,HIGH,NA
AT37,VCCO_701,701,NA,NA,HIGH,NA
AT38,VCCO_701,701,NA,NA,HIGH,NA
AW42,IO_L0N_XCC_N0P1_M0P109_702,702,XPIO,NA,HIGH,YES
AV41,IO_L0P_XCC_N0P0_M0P108_702,702,XPIO,NA,HIGH,YES
BB39,IO_L10N_N3P3_M0P129_702,702,XPIO,NA,HIGH,YES
BB38,IO_L10P_N3P2_M0P128_702,702,XPIO,NA,HIGH,YES
AV40,IO_L11N_N3P5_M0P131_702,702,XPIO,NA,HIGH,YES
AU40,IO_L11P_N3P4_M0P130_702,702,XPIO,NA,HIGH,YES
AW35,IO_L12N_GC_XCC_N4P1_M0P133_702,702,XPIO,NA,HIGH,NO
AW34,IO_L12P_GC_XCC_N4P0_M0P132_702,702,XPIO,NA,HIGH,NO
AV33,IO_L13N_N4P3_M0P135_702,702,XPIO,NA,HIGH,NO
AU33,IO_L13P_N4P2_M0P134_702,702,XPIO,NA,HIGH,NO
BA34,IO_L14N_N4P5_M0P137_702,702,XPIO,NA,HIGH,NO
BA33,IO_L14P_N4P4_M0P136_702,702,XPIO,NA,HIGH,NO
AY34,IO_L15N_XCC_N5P1_M0P139_702,702,XPIO,NA,HIGH,NO
AY35,IO_L15P_XCC_N5P0_M0P138_702,702,XPIO,NA,HIGH,NO
BB35,IO_L16N_N5P3_M0P141_702,702,XPIO,NA,HIGH,NO
BB34,IO_L16P_N5P2_M0P140_702,702,XPIO,NA,HIGH,NO
AV35,IO_L17N_N5P5_M0P143_702,702,XPIO,NA,HIGH,NO
AU35,IO_L17P_N5P4_M0P142_702,702,XPIO,NA,HIGH,NO
AW32,IO_L18N_XCC_N6P1_M0P145_702,702,XPIO,NA,HIGH,NO
AW33,IO_L18P_XCC_N6P0_M0P144_702,702,XPIO,NA,HIGH,NO
AU32,IO_L19N_N6P3_M0P147_702,702,XPIO,NA,HIGH,NO
AU31,IO_L19P_N6P2_M0P146_702,702,XPIO,NA,HIGH,NO
AT42,IO_L1N_N0P3_M0P111_702,702,XPIO,NA,HIGH,YES
AT41,IO_L1P_N0P2_M0P110_702,702,XPIO,NA,HIGH,YES
BB33,IO_L20N_N6P5_M0P149_702,702,XPIO,NA,HIGH,NO
BA32,IO_L20P_N6P4_M0P148_702,702,XPIO,NA,HIGH,NO
AY32,IO_L21N_XCC_N7P1_M0P151_702,702,XPIO,NA,HIGH,NO
AY31,IO_L21P_XCC_N7P0_M0P150_702,702,XPIO,NA,HIGH,NO
BB31,IO_L22N_N7P3_M0P153_702,702,XPIO,NA,HIGH,NO
BA31,IO_L22P_N7P2_M0P152_702,702,XPIO,NA,HIGH,NO
AV32,IO_L23N_N7P5_M0P155_702,702,XPIO,NA,HIGH,NO
AV31,IO_L23P_N7P4_M0P154_702,702,XPIO,NA,HIGH,NO
AW37,IO_L24N_GC_XCC_N8P1_M0P157_702,702,XPIO,NA,HIGH,NO
AV36,IO_L24P_GC_XCC_N8P0_M0P156_702,702,XPIO,NA,HIGH,NO
AV37,IO_L25N_N8P3_M0P159_702,702,XPIO,NA,HIGH,NO
AU36,IO_L25P_N8P2_M0P158_702,702,XPIO,NA,HIGH,NO
AY37,IO_L26N_N8P5_M0P161_702,702,XPIO,NA,HIGH,NO
AY36,IO_L26P_N8P4_M0P160_702,702,XPIO,NA,HIGH,NO
AY42,IO_L2N_N0P5_M0P113_702,702,XPIO,NA,HIGH,YES
AY41,IO_L2P_N0P4_M0P112_702,702,XPIO,NA,HIGH,YES
AW40,IO_L3N_XCC_N1P1_M0P115_702,702,XPIO,NA,HIGH,YES
AY40,IO_L3P_XCC_N1P0_M0P114_702,702,XPIO,NA,HIGH,YES
BA41,IO_L4N_N1P3_M0P117_702,702,XPIO,NA,HIGH,YES
BB40,IO_L4P_N1P2_M0P116_702,702,XPIO,NA,HIGH,YES
AV42,IO_L5N_N1P5_M0P119_702,702,XPIO,NA,HIGH,YES
AU41,IO_L5P_N1P4_M0P118_702,702,XPIO,NA,HIGH,YES
AW39,IO_L6N_GC_XCC_N2P1_M0P121_702,702,XPIO,NA,HIGH,YES_PLUS_GC
AV38,IO_L6P_GC_XCC_N2P0_M0P120_702,702,XPIO,NA,HIGH,YES_PLUS_GC
AU39,IO_L7N_N2P3_M0P123_702,702,XPIO,NA,HIGH,YES
AU38,IO_L7P_N2P2_M0P122_702,702,XPIO,NA,HIGH,YES
BA39,IO_L8N_N2P5_M0P125_702,702,XPIO,NA,HIGH,YES
BA38,IO_L8P_N2P4_M0P124_702,702,XPIO,NA,HIGH,YES
AW38,IO_L9N_GC_XCC_N3P1_M0P127_702,702,XPIO,NA,HIGH,YES_PLUS_GC
AY39,IO_L9P_GC_XCC_N3P0_M0P126_702,702,XPIO,NA,HIGH,YES_PLUS_GC
BA36,VCCO_702,702,NA,NA,HIGH,NA
BA37,VCCO_702,702,NA,NA,HIGH,NA
BB36,VCCO_702,702,NA,NA,HIGH,NA
BB28,IO_L0N_XCC_N0P1_M1P1_703,703,XPIO,NA,HIGH,NO
BA29,IO_L0P_XCC_N0P0_M1P0_703,703,XPIO,NA,HIGH,NO
AV26,IO_L10N_N3P3_M1P21_703,703,XPIO,NA,HIGH,NO
AU25,IO_L10P_N3P2_M1P20_703,703,XPIO,NA,HIGH,NO
AW29,IO_L11N_N3P5_M1P23_703,703,XPIO,NA,HIGH,NO
AW30,IO_L11P_N3P4_M1P22_703,703,XPIO,NA,HIGH,NO
AP27,IO_L12N_GC_XCC_N4P1_M1P25_703,703,XPIO,NA,HIGH,NO
AN28,IO_L12P_GC_XCC_N4P0_M1P24_703,703,XPIO,NA,HIGH,NO
AP29,IO_L13N_N4P3_M1P27_703,703,XPIO,NA,HIGH,NO
AP30,IO_L13P_N4P2_M1P26_703,703,XPIO,NA,HIGH,NO
AP25,IO_L14N_N4P5_M1P29_703,703,XPIO,NA,HIGH,NO
AP26,IO_L14P_N4P4_M1P28_703,703,XPIO,NA,HIGH,NO
AN27,IO_L15N_XCC_N5P1_M1P31_703,703,XPIO,NA,HIGH,NO
AM27,IO_L15P_XCC_N5P0_M1P30_703,703,XPIO,NA,HIGH,NO
AN25,IO_L16N_N5P3_M1P33_703,703,XPIO,NA,HIGH,NO
AM25,IO_L16P_N5P2_M1P32_703,703,XPIO,NA,HIGH,NO
AN29,IO_L17N_N5P5_M1P35_703,703,XPIO,NA,HIGH,NO
AM28,IO_L17P_N5P4_M1P34_703,703,XPIO,NA,HIGH,NO
AJ27,IO_L18N_XCC_N6P1_M1P37_703,703,XPIO,NA,HIGH,NO
AH26,IO_L18P_XCC_N6P0_M1P36_703,703,XPIO,NA,HIGH,NO
AK29,IO_L19N_N6P3_M1P39_703,703,XPIO,NA,HIGH,NO
AJ28,IO_L19P_N6P2_M1P38_703,703,XPIO,NA,HIGH,NO
AY29,IO_L1N_N0P3_M1P3_703,703,XPIO,NA,HIGH,NO
AY30,IO_L1P_N0P2_M1P2_703,703,XPIO,NA,HIGH,NO
AL25,IO_L20N_N6P5_M1P41_703,703,XPIO,NA,HIGH,NO
AK26,IO_L20P_N6P4_M1P40_703,703,XPIO,NA,HIGH,NO
AK27,IO_L21N_XCC_N7P1_M1P43_703,703,XPIO,NA,HIGH,NO
AL26,IO_L21P_XCC_N7P0_M1P42_703,703,XPIO,NA,HIGH,NO
AJ25,IO_L22N_N7P3_M1P45_703,703,XPIO,NA,HIGH,NO
AH25,IO_L22P_N7P2_M1P44_703,703,XPIO,NA,HIGH,NO
AL28,IO_L23N_N7P5_M1P47_703,703,XPIO,NA,HIGH,NO
AL29,IO_L23P_N7P4_M1P46_703,703,XPIO,NA,HIGH,NO
AT29,IO_L24N_GC_XCC_N8P1_M1P49_703,703,XPIO,NA,HIGH,NO
AR28,IO_L24P_GC_XCC_N8P0_M1P48_703,703,XPIO,NA,HIGH,NO
AT30,IO_L25N_N8P3_M1P51_703,703,XPIO,NA,HIGH,NO
AR29,IO_L25P_N8P2_M1P50_703,703,XPIO,NA,HIGH,NO
AT27,IO_L26N_N8P5_M1P53_703,703,XPIO,NA,HIGH,NO
AR27,IO_L26P_N8P4_M1P52_703,703,XPIO,NA,HIGH,NO
BB26,IO_L2N_N0P5_M1P5_703,703,XPIO,NA,HIGH,NO
BA27,IO_L2P_N0P4_M1P4_703,703,XPIO,NA,HIGH,NO
BA28,IO_L3N_XCC_N1P1_M1P7_703,703,XPIO,NA,HIGH,NO
AY27,IO_L3P_XCC_N1P0_M1P6_703,703,XPIO,NA,HIGH,NO
BA26,IO_L4N_N1P3_M1P9_703,703,XPIO,NA,HIGH,NO
AY26,IO_L4P_N1P2_M1P8_703,703,XPIO,NA,HIGH,NO
BB29,IO_L5N_N1P5_M1P11_703,703,XPIO,NA,HIGH,NO
BB30,IO_L5P_N1P4_M1P10_703,703,XPIO,NA,HIGH,NO
AW28,IO_L6N_GC_XCC_N2P1_M1P13_703,703,XPIO,NA,HIGH,NO
AV28,IO_L6P_GC_XCC_N2P0_M1P12_703,703,XPIO,NA,HIGH,NO
AV30,IO_L7N_N2P3_M1P15_703,703,XPIO,NA,HIGH,NO
AU29,IO_L7P_N2P2_M1P14_703,703,XPIO,NA,HIGH,NO
AW27,IO_L8N_N2P5_M1P17_703,703,XPIO,NA,HIGH,NO
AV27,IO_L8P_N2P4_M1P16_703,703,XPIO,NA,HIGH,NO
AU28,IO_L9N_GC_XCC_N3P1_M1P19_703,703,XPIO,NA,HIGH,NO
AU27,IO_L9P_GC_XCC_N3P0_M1P18_703,703,XPIO,NA,HIGH,NO
AR25,VCCO_703,703,NA,NA,HIGH,NA
AT25,VCCO_703,703,NA,NA,HIGH,NA
AT26,VCCO_703,703,NA,NA,HIGH,NA
BB23,IO_L0N_XCC_N0P1_M1P55_704,704,XPIO,NA,HIGH,NO
BA23,IO_L0P_XCC_N0P0_M1P54_704,704,XPIO,NA,HIGH,NO
BB20,IO_L10N_N3P3_M1P75_704,704,XPIO,NA,HIGH,NO
BA21,IO_L10P_N3P2_M1P74_704,704,XPIO,NA,HIGH,NO
AW22,IO_L11N_N3P5_M1P77_704,704,XPIO,NA,HIGH,NO
AV22,IO_L11P_N3P4_M1P76_704,704,XPIO,NA,HIGH,NO
AL23,IO_L12N_GC_XCC_N4P1_M1P79_704,704,XPIO,NA,HIGH,NO
AK24,IO_L12P_GC_XCC_N4P0_M1P78_704,704,XPIO,NA,HIGH,NO
AJ22,IO_L13N_N4P3_M1P81_704,704,XPIO,NA,HIGH,NO
AH22,IO_L13P_N4P2_M1P80_704,704,XPIO,NA,HIGH,NO
AP23,IO_L14N_N4P5_M1P83_704,704,XPIO,NA,HIGH,NO
AN23,IO_L14P_N4P4_M1P82_704,704,XPIO,NA,HIGH,NO
AM24,IO_L15N_XCC_N5P1_M1P85_704,704,XPIO,NA,HIGH,NO
AN24,IO_L15P_XCC_N5P0_M1P84_704,704,XPIO,NA,HIGH,NO
AR23,IO_L16N_N5P3_M1P87_704,704,XPIO,NA,HIGH,NO
AR24,IO_L16P_N5P2_M1P86_704,704,XPIO,NA,HIGH,NO
AK23,IO_L17N_N5P5_M1P89_704,704,XPIO,NA,HIGH,NO
AJ24,IO_L17P_N5P4_M1P88_704,704,XPIO,NA,HIGH,NO
AM21,IO_L18N_XCC_N6P1_M1P91_704,704,XPIO,NA,HIGH,NO
AM22,IO_L18P_XCC_N6P0_M1P90_704,704,XPIO,NA,HIGH,NO
AJ21,IO_L19N_N6P3_M1P93_704,704,XPIO,NA,HIGH,NO
AH20,IO_L19P_N6P2_M1P92_704,704,XPIO,NA,HIGH,NO
BB24,IO_L1N_N0P3_M1P57_704,704,XPIO,NA,HIGH,NO
BB25,IO_L1P_N0P2_M1P56_704,704,XPIO,NA,HIGH,NO
AP21,IO_L20N_N6P5_M1P95_704,704,XPIO,NA,HIGH,NO
AN20,IO_L20P_N6P4_M1P94_704,704,XPIO,NA,HIGH,NO
AP22,IO_L21N_XCC_N7P1_M1P97_704,704,XPIO,NA,HIGH,NO
AN21,IO_L21P_XCC_N7P0_M1P96_704,704,XPIO,NA,HIGH,NO
AL20,IO_L22N_N7P3_M1P99_704,704,XPIO,NA,HIGH,NO
AK20,IO_L22P_N7P2_M1P98_704,704,XPIO,NA,HIGH,NO
AL22,IO_L23N_N7P5_M1P101_704,704,XPIO,NA,HIGH,NO
AK21,IO_L23P_N7P4_M1P100_704,704,XPIO,NA,HIGH,NO
AU20,IO_L24N_GC_XCC_N8P1_M1P103_704,704,XPIO,NA,HIGH,NO
AT21,IO_L24P_GC_XCC_N8P0_M1P102_704,704,XPIO,NA,HIGH,NO
AU21,IO_L25N_N8P3_M1P105_704,704,XPIO,NA,HIGH,NO
AT22,IO_L25P_N8P2_M1P104_704,704,XPIO,NA,HIGH,NO
AR20,IO_L26N_N8P5_M1P107_704,704,XPIO,NA,HIGH,NO
AR21,IO_L26P_N8P4_M1P106_704,704,XPIO,NA,HIGH,NO
AW23,IO_L2N_N0P5_M1P59_704,704,XPIO,NA,HIGH,NO
AW24,IO_L2P_N0P4_M1P58_704,704,XPIO,NA,HIGH,NO
AY25,IO_L3N_XCC_N1P1_M1P61_704,704,XPIO,NA,HIGH,NO
AW25,IO_L3P_XCC_N1P0_M1P60_704,704,XPIO,NA,HIGH,NO
AV25,IO_L4N_N1P3_M1P63_704,704,XPIO,NA,HIGH,NO
AU24,IO_L4P_N1P2_M1P62_704,704,XPIO,NA,HIGH,NO
BA24,IO_L5N_N1P5_M1P65_704,704,XPIO,NA,HIGH,NO
AY24,IO_L5P_N1P4_M1P64_704,704,XPIO,NA,HIGH,NO
AW20,IO_L6N_GC_XCC_N2P1_M1P67_704,704,XPIO,NA,HIGH,NO
AY20,IO_L6P_GC_XCC_N2P0_M1P66_704,704,XPIO,NA,HIGH,NO
AV20,IO_L7N_N2P3_M1P69_704,704,XPIO,NA,HIGH,NO
AV21,IO_L7P_N2P2_M1P68_704,704,XPIO,NA,HIGH,NO
BB21,IO_L8N_N2P5_M1P71_704,704,XPIO,NA,HIGH,NO
BA22,IO_L8P_N2P4_M1P70_704,704,XPIO,NA,HIGH,NO
AY22,IO_L9N_GC_XCC_N3P1_M1P73_704,704,XPIO,NA,HIGH,NO
AY21,IO_L9P_GC_XCC_N3P0_M1P72_704,704,XPIO,NA,HIGH,NO
AT23,VCCO_704,704,NA,NA,HIGH,NA
AU23,VCCO_704,704,NA,NA,HIGH,NA
AV23,VCCO_704,704,NA,NA,HIGH,NA
BA17,IO_L0N_XCC_N0P1_M1P109_705,705,XPIO,NA,HIGH,NO
BB18,IO_L0P_XCC_N0P0_M1P108_705,705,XPIO,NA,HIGH,NO
AU15,IO_L10N_N3P3_M1P129_705,705,XPIO,NA,HIGH,NO
AU16,IO_L10P_N3P2_M1P128_705,705,XPIO,NA,HIGH,NO
AV18,IO_L11N_N3P5_M1P131_705,705,XPIO,NA,HIGH,NO
AU19,IO_L11P_N3P4_M1P130_705,705,XPIO,NA,HIGH,NO
AP17,IO_L12N_GC_XCC_N4P1_M1P133_705,705,XPIO,NA,HIGH,NO
AP18,IO_L12P_GC_XCC_N4P0_M1P132_705,705,XPIO,NA,HIGH,NO
AM19,IO_L13N_N4P3_M1P135_705,705,XPIO,NA,HIGH,NO
AL19,IO_L13P_N4P2_M1P134_705,705,XPIO,NA,HIGH,NO
AP15,IO_L14N_N4P5_M1P137_705,705,XPIO,NA,HIGH,NO
AN16,IO_L14P_N4P4_M1P136_705,705,XPIO,NA,HIGH,NO
AN17,IO_L15N_XCC_N5P1_M1P139_705,705,XPIO,NA,HIGH,NO
AM16,IO_L15P_XCC_N5P0_M1P138_705,705,XPIO,NA,HIGH,NO
AN15,IO_L16N_N5P3_M1P141_705,705,XPIO,NA,HIGH,NO
AM15,IO_L16P_N5P2_M1P140_705,705,XPIO,NA,HIGH,NO
AN19,IO_L17N_N5P5_M1P143_705,705,XPIO,NA,HIGH,NO
AM18,IO_L17P_N5P4_M1P142_705,705,XPIO,NA,HIGH,NO
AL17,IO_L18N_XCC_N6P1_M1P145_705,705,XPIO,NA,HIGH,NO
AK18,IO_L18P_XCC_N6P0_M1P144_705,705,XPIO,NA,HIGH,NO
AJ19,IO_L19N_N6P3_M1P147_705,705,XPIO,NA,HIGH,NO
AH19,IO_L19P_N6P2_M1P146_705,705,XPIO,NA,HIGH,NO
BA19,IO_L1N_N0P3_M1P111_705,705,XPIO,NA,HIGH,NO
AY19,IO_L1P_N0P2_M1P110_705,705,XPIO,NA,HIGH,NO
AJ16,IO_L20N_N6P5_M1P149_705,705,XPIO,NA,HIGH,NO
AH16,IO_L20P_N6P4_M1P148_705,705,XPIO,NA,HIGH,NO
AK17,IO_L21N_XCC_N7P1_M1P151_705,705,XPIO,NA,HIGH,NO
AL16,IO_L21P_XCC_N7P0_M1P150_705,705,XPIO,NA,HIGH,NO
AK15,IO_L22N_N7P3_M1P153_705,705,XPIO,NA,HIGH,NO
AJ15,IO_L22P_N7P2_M1P152_705,705,XPIO,NA,HIGH,NO
AJ18,IO_L23N_N7P5_M1P155_705,705,XPIO,NA,HIGH,NO
AH17,IO_L23P_N7P4_M1P154_705,705,XPIO,NA,HIGH,NO
AR16,IO_L24N_GC_XCC_N8P1_M1P157_705,705,XPIO,NA,HIGH,NO
AR17,IO_L24P_GC_XCC_N8P0_M1P156_705,705,XPIO,NA,HIGH,NO
AT17,IO_L25N_N8P3_M1P159_705,705,XPIO,NA,HIGH,NO
AT18,IO_L25P_N8P2_M1P158_705,705,XPIO,NA,HIGH,NO
AT15,IO_L26N_N8P5_M1P161_705,705,XPIO,NA,HIGH,NO
AR15,IO_L26P_N8P4_M1P160_705,705,XPIO,NA,HIGH,NO
BB15,IO_L2N_N0P5_M1P113_705,705,XPIO,NA,HIGH,NO
BB16,IO_L2P_N0P4_M1P112_705,705,XPIO,NA,HIGH,NO
AY17,IO_L3N_XCC_N1P1_M1P115_705,705,XPIO,NA,HIGH,NO
AY16,IO_L3P_XCC_N1P0_M1P114_705,705,XPIO,NA,HIGH,NO
BA16,IO_L4N_N1P3_M1P117_705,705,XPIO,NA,HIGH,NO
AY15,IO_L4P_N1P2_M1P116_705,705,XPIO,NA,HIGH,NO
BB19,IO_L5N_N1P5_M1P119_705,705,XPIO,NA,HIGH,NO
BA18,IO_L5P_N1P4_M1P118_705,705,XPIO,NA,HIGH,NO
AV17,IO_L6N_GC_XCC_N2P1_M1P121_705,705,XPIO,NA,HIGH,NO
AW17,IO_L6P_GC_XCC_N2P0_M1P120_705,705,XPIO,NA,HIGH,NO
AW18,IO_L7N_N2P3_M1P123_705,705,XPIO,NA,HIGH,NO
AW19,IO_L7P_N2P2_M1P122_705,705,XPIO,NA,HIGH,NO
AW15,IO_L8N_N2P5_M1P125_705,705,XPIO,NA,HIGH,NO
AV15,IO_L8P_N2P4_M1P124_705,705,XPIO,NA,HIGH,NO
AU17,IO_L9N_GC_XCC_N3P1_M1P127_705,705,XPIO,NA,HIGH,NO
AV16,IO_L9P_GC_XCC_N3P0_M1P126_705,705,XPIO,NA,HIGH,NO
AP19,VCCO_705,705,NA,NA,HIGH,NA
AR19,VCCO_705,705,NA,NA,HIGH,NA
AT19,VCCO_705,705,NA,NA,HIGH,NA
AW3,IO_L0N_XCC_N0P1_M2P1_706,706,XPIO,NA,HIGH,NO
AY2,IO_L0P_XCC_N0P0_M2P0_706,706,XPIO,NA,HIGH,NO
AU4,IO_L10N_N3P3_M2P21_706,706,XPIO,NA,HIGH,NO
AV5,IO_L10P_N3P2_M2P20_706,706,XPIO,NA,HIGH,NO
BB4,IO_L11N_N3P5_M2P23_706,706,XPIO,NA,HIGH,NO
BB5,IO_L11P_N3P4_M2P22_706,706,XPIO,NA,HIGH,NO
AY11,IO_L12N_GC_XCC_N4P1_M2P25_706,706,XPIO,NA,HIGH,NO
BA11,IO_L12P_GC_XCC_N4P0_M2P24_706,706,XPIO,NA,HIGH,NO
BB10,IO_L13N_N4P3_M2P27_706,706,XPIO,NA,HIGH,NO
BB11,IO_L13P_N4P2_M2P26_706,706,XPIO,NA,HIGH,NO
AW9,IO_L14N_N4P5_M2P29_706,706,XPIO,NA,HIGH,NO
AW10,IO_L14P_N4P4_M2P28_706,706,XPIO,NA,HIGH,NO
AY9,IO_L15N_XCC_N5P1_M2P31_706,706,XPIO,NA,HIGH,NO
AY10,IO_L15P_XCC_N5P0_M2P30_706,706,XPIO,NA,HIGH,NO
AV10,IO_L16N_N5P3_M2P33_706,706,XPIO,NA,HIGH,NO
AV11,IO_L16P_N5P2_M2P32_706,706,XPIO,NA,HIGH,NO
BA9,IO_L17N_N5P5_M2P35_706,706,XPIO,NA,HIGH,NO
BB9,IO_L17P_N5P4_M2P34_706,706,XPIO,NA,HIGH,NO
AY12,IO_L18N_XCC_N6P1_M2P37_706,706,XPIO,NA,HIGH,NO
BA12,IO_L18P_XCC_N6P0_M2P36_706,706,XPIO,NA,HIGH,NO
BB13,IO_L19N_N6P3_M2P39_706,706,XPIO,NA,HIGH,NO
BB14,IO_L19P_N6P2_M2P38_706,706,XPIO,NA,HIGH,NO
BA3,IO_L1N_N0P3_M2P3_706,706,XPIO,NA,HIGH,NO
BB3,IO_L1P_N0P2_M2P2_706,706,XPIO,NA,HIGH,NO
AW12,IO_L20N_N6P5_M2P41_706,706,XPIO,NA,HIGH,NO
AW13,IO_L20P_N6P4_M2P40_706,706,XPIO,NA,HIGH,NO
AY14,IO_L21N_XCC_N7P1_M2P43_706,706,XPIO,NA,HIGH,NO
AW14,IO_L21P_XCC_N7P0_M2P42_706,706,XPIO,NA,HIGH,NO
AV12,IO_L22N_N7P3_M2P45_706,706,XPIO,NA,HIGH,NO
AV13,IO_L22P_N7P2_M2P44_706,706,XPIO,NA,HIGH,NO
BA13,IO_L23N_N7P5_M2P47_706,706,XPIO,NA,HIGH,NO
BA14,IO_L23P_N7P4_M2P46_706,706,XPIO,NA,HIGH,NO
AW7,IO_L24N_GC_XCC_N8P1_M2P49_706,706,XPIO,NA,HIGH,NO
AW8,IO_L24P_GC_XCC_N8P0_M2P48_706,706,XPIO,NA,HIGH,NO
AY7,IO_L25N_N8P3_M2P51_706,706,XPIO,NA,HIGH,NO
BA7,IO_L25P_N8P2_M2P50_706,706,XPIO,NA,HIGH,NO
AV7,IO_L26N_N8P5_M2P53_706,706,XPIO,NA,HIGH,NO
AV8,IO_L26P_N8P4_M2P52_706,706,XPIO,NA,HIGH,NO
AU1,IO_L2N_N0P5_M2P5_706,706,XPIO,NA,HIGH,NO
AV2,IO_L2P_N0P4_M2P4_706,706,XPIO,NA,HIGH,NO
AW2,IO_L3N_XCC_N1P1_M2P7_706,706,XPIO,NA,HIGH,NO
AV1,IO_L3P_XCC_N1P0_M2P6_706,706,XPIO,NA,HIGH,NO
AU3,IO_L4N_N1P3_M2P9_706,706,XPIO,NA,HIGH,NO
AV3,IO_L4P_N1P2_M2P8_706,706,XPIO,NA,HIGH,NO
AY1,IO_L5N_N1P5_M2P11_706,706,XPIO,NA,HIGH,NO
BA2,IO_L5P_N1P4_M2P10_706,706,XPIO,NA,HIGH,NO
BA4,IO_L6N_GC_XCC_N2P1_M2P13_706,706,XPIO,NA,HIGH,NO
AY5,IO_L6P_GC_XCC_N2P0_M2P12_706,706,XPIO,NA,HIGH,NO
AY6,IO_L7N_N2P3_M2P15_706,706,XPIO,NA,HIGH,NO
BA6,IO_L7P_N2P2_M2P14_706,706,XPIO,NA,HIGH,NO
AW5,IO_L8N_N2P5_M2P17_706,706,XPIO,NA,HIGH,NO
AV6,IO_L8P_N2P4_M2P16_706,706,XPIO,NA,HIGH,NO
AY4,IO_L9N_GC_XCC_N3P1_M2P19_706,706,XPIO,NA,HIGH,NO
AW4,IO_L9P_GC_XCC_N3P0_M2P18_706,706,XPIO,NA,HIGH,NO
BA8,VCCO_706,706,NA,NA,HIGH,NA
BB6,VCCO_706,706,NA,NA,HIGH,NA
BB8,VCCO_706,706,NA,NA,HIGH,NA
AR4,IO_L0N_XCC_N0P1_M2P55_707,707,XPIO,NA,HIGH,NO
AT3,IO_L0P_XCC_N0P0_M2P54_707,707,XPIO,NA,HIGH,NO
AM1,IO_L10N_N3P3_M2P75_707,707,XPIO,NA,HIGH,NO
AN2,IO_L10P_N3P2_M2P74_707,707,XPIO,NA,HIGH,NO
AP4,IO_L11N_N3P5_M2P77_707,707,XPIO,NA,HIGH,NO
AP5,IO_L11P_N3P4_M2P76_707,707,XPIO,NA,HIGH,NO
AT11,IO_L12N_GC_XCC_N4P1_M2P79_707,707,XPIO,NA,HIGH,NO
AU11,IO_L12P_GC_XCC_N4P0_M2P78_707,707,XPIO,NA,HIGH,NO
AT13,IO_L13N_N4P3_M2P81_707,707,XPIO,NA,HIGH,NO
AT14,IO_L13P_N4P2_M2P80_707,707,XPIO,NA,HIGH,NO
AU8,IO_L14N_N4P5_M2P83_707,707,XPIO,NA,HIGH,NO
AU9,IO_L14P_N4P4_M2P82_707,707,XPIO,NA,HIGH,NO
AT10,IO_L15N_XCC_N5P1_M2P85_707,707,XPIO,NA,HIGH,NO
AR11,IO_L15P_XCC_N5P0_M2P84_707,707,XPIO,NA,HIGH,NO
AR9,IO_L16N_N5P3_M2P87_707,707,XPIO,NA,HIGH,NO
AT9,IO_L16P_N5P2_M2P86_707,707,XPIO,NA,HIGH,NO
AU12,IO_L17N_N5P5_M2P89_707,707,XPIO,NA,HIGH,NO
AU13,IO_L17P_N5P4_M2P88_707,707,XPIO,NA,HIGH,NO
AP11,IO_L18N_XCC_N6P1_M2P91_707,707,XPIO,NA,HIGH,NO
AR12,IO_L18P_XCC_N6P0_M2P90_707,707,XPIO,NA,HIGH,NO
AN13,IO_L19N_N6P3_M2P93_707,707,XPIO,NA,HIGH,NO
AP14,IO_L19P_N6P2_M2P92_707,707,XPIO,NA,HIGH,NO
AT1,IO_L1N_N0P3_M2P57_707,707,XPIO,NA,HIGH,NO
AT2,IO_L1P_N0P2_M2P56_707,707,XPIO,NA,HIGH,NO
AN11,IO_L20N_N6P5_M2P95_707,707,XPIO,NA,HIGH,NO
AN12,IO_L20P_N6P4_M2P94_707,707,XPIO,NA,HIGH,NO
AP10,IO_L21N_XCC_N7P1_M2P97_707,707,XPIO,NA,HIGH,NO
AP9,IO_L21P_XCC_N7P0_M2P96_707,707,XPIO,NA,HIGH,NO
AN9,IO_L22N_N7P3_M2P99_707,707,XPIO,NA,HIGH,NO
AM10,IO_L22P_N7P2_M2P98_707,707,XPIO,NA,HIGH,NO
AP13,IO_L23N_N7P5_M2P101_707,707,XPIO,NA,HIGH,NO
AR13,IO_L23P_N7P4_M2P100_707,707,XPIO,NA,HIGH,NO
AN6,IO_L24N_GC_XCC_N8P1_M2P103_707,707,XPIO,NA,HIGH,NO
AP7,IO_L24P_GC_XCC_N8P0_M2P102_707,707,XPIO,NA,HIGH,NO
AR7,IO_L25N_N8P3_M2P105_707,707,XPIO,NA,HIGH,NO
AT7,IO_L25P_N8P2_M2P104_707,707,XPIO,NA,HIGH,NO
AM6,IO_L26N_N8P5_M2P107_707,707,XPIO,NA,HIGH,NO
AN7,IO_L26P_N8P4_M2P106_707,707,XPIO,NA,HIGH,NO
AU5,IO_L2N_N0P5_M2P59_707,707,XPIO,NA,HIGH,NO
AU6,IO_L2P_N0P4_M2P58_707,707,XPIO,NA,HIGH,NO
AT4,IO_L3N_XCC_N1P1_M2P61_707,707,XPIO,NA,HIGH,NO
AR5,IO_L3P_XCC_N1P0_M2P60_707,707,XPIO,NA,HIGH,NO
AR6,IO_L4N_N1P3_M2P63_707,707,XPIO,NA,HIGH,NO
AT6,IO_L4P_N1P2_M2P62_707,707,XPIO,NA,HIGH,NO
AR1,IO_L5N_N1P5_M2P65_707,707,XPIO,NA,HIGH,NO
AR2,IO_L5P_N1P4_M2P64_707,707,XPIO,NA,HIGH,NO
AM3,IO_L6N_GC_XCC_N2P1_M2P67_707,707,XPIO,NA,HIGH,NO
AM4,IO_L6P_GC_XCC_N2P0_M2P66_707,707,XPIO,NA,HIGH,NO
AM5,IO_L7N_N2P3_M2P69_707,707,XPIO,NA,HIGH,NO
AN5,IO_L7P_N2P2_M2P68_707,707,XPIO,NA,HIGH,NO
AN1,IO_L8N_N2P5_M2P71_707,707,XPIO,NA,HIGH,NO
AP2,IO_L8P_N2P4_M2P70_707,707,XPIO,NA,HIGH,NO
AP3,IO_L9N_GC_XCC_N3P1_M2P73_707,707,XPIO,NA,HIGH,NO
AN3,IO_L9P_GC_XCC_N3P0_M2P72_707,707,XPIO,NA,HIGH,NO
AM8,VCCO_707,707,NA,NA,HIGH,NA
AN8,VCCO_707,707,NA,NA,HIGH,NA
AR8,VCCO_707,707,NA,NA,HIGH,NA
AH1,IO_L0N_XCC_N0P1_M2P109_708,708,XPIO,NA,HIGH,NO
AJ2,IO_L0P_XCC_N0P0_M2P108_708,708,XPIO,NA,HIGH,NO
AG4,IO_L10N_N3P3_M2P129_708,708,XPIO,NA,HIGH,NO
AG5,IO_L10P_N3P2_M2P128_708,708,XPIO,NA,HIGH,NO
AK4,IO_L11N_N3P5_M2P131_708,708,XPIO,NA,HIGH,NO
AK5,IO_L11P_N3P4_M2P130_708,708,XPIO,NA,HIGH,NO
AJ8,IO_L12N_GC_XCC_N4P1_M2P133_708,708,XPIO,NA,HIGH,NO
AJ9,IO_L12P_GC_XCC_N4P0_M2P132_708,708,XPIO,NA,HIGH,NO
AL10,IO_L13N_N4P3_M2P135_708,708,XPIO,NA,HIGH,NO
AK11,IO_L13P_N4P2_M2P134_708,708,XPIO,NA,HIGH,NO
AH8,IO_L14N_N4P5_M2P137_708,708,XPIO,NA,HIGH,NO
AG9,IO_L14P_N4P4_M2P136_708,708,XPIO,NA,HIGH,NO
AJ10,IO_L15N_XCC_N5P1_M2P139_708,708,XPIO,NA,HIGH,NO
AH11,IO_L15P_XCC_N5P0_M2P138_708,708,XPIO,NA,HIGH,NO
AH10,IO_L16N_N5P3_M2P141_708,708,XPIO,NA,HIGH,NO
AG11,IO_L16P_N5P2_M2P140_708,708,XPIO,NA,HIGH,NO
AK9,IO_L17N_N5P5_M2P143_708,708,XPIO,NA,HIGH,NO
AL9,IO_L17P_N5P4_M2P142_708,708,XPIO,NA,HIGH,NO
AK14,IO_L18N_XCC_N6P1_M2P145_708,708,XPIO,NA,HIGH,NO
AL14,IO_L18P_XCC_N6P0_M2P144_708,708,XPIO,NA,HIGH,NO
AL13,IO_L19N_N6P3_M2P147_708,708,XPIO,NA,HIGH,NO
AM13,IO_L19P_N6P2_M2P146_708,708,XPIO,NA,HIGH,NO
AL1,IO_L1N_N0P3_M2P111_708,708,XPIO,NA,HIGH,NO
AL2,IO_L1P_N0P2_M2P110_708,708,XPIO,NA,HIGH,NO
AJ13,IO_L20N_N6P5_M2P149_708,708,XPIO,NA,HIGH,NO
AH14,IO_L20P_N6P4_M2P148_708,708,XPIO,NA,HIGH,NO
AK12,IO_L21N_XCC_N7P1_M2P151_708,708,XPIO,NA,HIGH,NO
AJ12,IO_L21P_XCC_N7P0_M2P150_708,708,XPIO,NA,HIGH,NO
AG12,IO_L22N_N7P3_M2P153_708,708,XPIO,NA,HIGH,NO
AH13,IO_L22P_N7P2_M2P152_708,708,XPIO,NA,HIGH,NO
AL11,IO_L23N_N7P5_M2P155_708,708,XPIO,NA,HIGH,NO
AM12,IO_L23P_N7P4_M2P154_708,708,XPIO,NA,HIGH,NO
AH6,IO_L24N_GC_XCC_N8P1_M2P157_708,708,XPIO,NA,HIGH,NO
AJ7,IO_L24P_GC_XCC_N8P0_M2P156_708,708,XPIO,NA,HIGH,NO
AK6,IO_L25N_N8P3_M2P159_708,708,XPIO,NA,HIGH,NO
AK7,IO_L25P_N8P2_M2P158_708,708,XPIO,NA,HIGH,NO
AG7,IO_L26N_N8P5_M2P161_708,708,XPIO,NA,HIGH,NO
AG8,IO_L26P_N8P4_M2P160_708,708,XPIO,NA,HIGH,NO
AF3,IO_L2N_N0P5_M2P113_708,708,XPIO,NA,HIGH,NO
AG3,IO_L2P_N0P4_M2P112_708,708,XPIO,NA,HIGH,NO
AH2,IO_L3N_XCC_N1P1_M2P115_708,708,XPIO,NA,HIGH,NO
AG1,IO_L3P_XCC_N1P0_M2P114_708,708,XPIO,NA,HIGH,NO
AF1,IO_L4N_N1P3_M2P117_708,708,XPIO,NA,HIGH,NO
AF2,IO_L4P_N1P2_M2P116_708,708,XPIO,NA,HIGH,NO
AK1,IO_L5N_N1P5_M2P119_708,708,XPIO,NA,HIGH,NO
AK2,IO_L5P_N1P4_M2P118_708,708,XPIO,NA,HIGH,NO
AJ4,IO_L6N_GC_XCC_N2P1_M2P121_708,708,XPIO,NA,HIGH,NO
AJ5,IO_L6P_GC_XCC_N2P0_M2P120_708,708,XPIO,NA,HIGH,NO
AL3,IO_L7N_N2P3_M2P123_708,708,XPIO,NA,HIGH,NO
AL4,IO_L7P_N2P2_M2P122_708,708,XPIO,NA,HIGH,NO
AH5,IO_L8N_N2P5_M2P125_708,708,XPIO,NA,HIGH,NO
AG6,IO_L8P_N2P4_M2P124_708,708,XPIO,NA,HIGH,NO
AJ3,IO_L9N_GC_XCC_N3P1_M2P127_708,708,XPIO,NA,HIGH,NO
AH3,IO_L9P_GC_XCC_N3P0_M2P126_708,708,XPIO,NA,HIGH,NO
AL6,VCCO_708,708,NA,NA,HIGH,NA
AL7,VCCO_708,708,NA,NA,HIGH,NA
AL8,VCCO_708,708,NA,NA,HIGH,NA
AC1,IO_L0N_XCC_N0P1_M3P1_709,709,XPIO,NA,MEDIUM,NO
AC2,IO_L0P_XCC_N0P0_M3P0_709,709,XPIO,NA,MEDIUM,NO
AA3,IO_L10N_N3P3_M3P21_709,709,XPIO,NA,MEDIUM,NO
AA4,IO_L10P_N3P2_M3P20_709,709,XPIO,NA,MEDIUM,NO
AD4,IO_L11N_N3P5_M3P23_709,709,XPIO,NA,MEDIUM,NO
AE5,IO_L11P_N3P4_M3P22_709,709,XPIO,NA,MEDIUM,NO
AC8,IO_L12N_GC_XCC_N4P1_M3P25_709,709,XPIO,NA,MEDIUM,NO
AD8,IO_L12P_GC_XCC_N4P0_M3P24_709,709,XPIO,NA,MEDIUM,NO
AF9,IO_L13N_N4P3_M3P27_709,709,XPIO,NA,MEDIUM,NO
AF10,IO_L13P_N4P2_M3P26_709,709,XPIO,NA,MEDIUM,NO
AB9,IO_L14N_N4P5_M3P29_709,709,XPIO,NA,MEDIUM,NO
AB10,IO_L14P_N4P4_M3P28_709,709,XPIO,NA,MEDIUM,NO
AC9,IO_L15N_XCC_N5P1_M3P31_709,709,XPIO,NA,MEDIUM,NO
AC10,IO_L15P_XCC_N5P0_M3P30_709,709,XPIO,NA,MEDIUM,NO
AA8,IO_L16N_N5P3_M3P33_709,709,XPIO,NA,MEDIUM,NO
AA9,IO_L16P_N5P2_M3P32_709,709,XPIO,NA,MEDIUM,NO
AE9,IO_L17N_N5P5_M3P35_709,709,XPIO,NA,MEDIUM,NO
AE10,IO_L17P_N5P4_M3P34_709,709,XPIO,NA,MEDIUM,NO
AD12,IO_L18N_XCC_N6P1_M3P37_709,709,XPIO,NA,MEDIUM,NO
AD11,IO_L18P_XCC_N6P0_M3P36_709,709,XPIO,NA,MEDIUM,NO
AE11,IO_L19N_N6P3_M3P39_709,709,XPIO,NA,MEDIUM,NO
AF12,IO_L19P_N6P2_M3P38_709,709,XPIO,NA,MEDIUM,NO
AE1,IO_L1N_N0P3_M3P3_709,709,XPIO,NA,MEDIUM,NO
AE2,IO_L1P_N0P2_M3P2_709,709,XPIO,NA,MEDIUM,NO
AA11,IO_L20N_N6P5_M3P41_709,709,XPIO,NA,MEDIUM,NO
AB11,IO_L20P_N6P4_M3P40_709,709,XPIO,NA,MEDIUM,NO
AC12,IO_L21N_XCC_N7P1_M3P43_709,709,XPIO,NA,MEDIUM,NO
AC13,IO_L21P_XCC_N7P0_M3P42_709,709,XPIO,NA,MEDIUM,NO
AA12,IO_L22N_N7P3_M3P45_709,709,XPIO,NA,MEDIUM,NO
AB13,IO_L22P_N7P2_M3P44_709,709,XPIO,NA,MEDIUM,NO
AE13,IO_L23N_N7P5_M3P47_709,709,XPIO,NA,MEDIUM,NO
AF13,IO_L23P_N7P4_M3P46_709,709,XPIO,NA,MEDIUM,NO
AC6,IO_L24N_GC_XCC_N8P1_M3P49_709,709,XPIO,NA,MEDIUM,NO
AC7,IO_L24P_GC_XCC_N8P0_M3P48_709,709,XPIO,NA,MEDIUM,NO
AE6,IO_L25N_N8P3_M3P51_709,709,XPIO,NA,MEDIUM,NO
AE7,IO_L25P_N8P2_M3P50_709,709,XPIO,NA,MEDIUM,NO
AA7,IO_L26N_N8P5_M3P53_709,709,XPIO,NA,MEDIUM,NO
AB7,IO_L26P_N8P4_M3P52_709,709,XPIO,NA,MEDIUM,NO
AA1,IO_L2N_N0P5_M3P5_709,709,XPIO,NA,MEDIUM,NO
AB1,IO_L2P_N0P4_M3P4_709,709,XPIO,NA,MEDIUM,NO
AC3,IO_L3N_XCC_N1P1_M3P7_709,709,XPIO,NA,MEDIUM,NO
AB3,IO_L3P_XCC_N1P0_M3P6_709,709,XPIO,NA,MEDIUM,NO
Y1,IO_L4N_N1P3_M3P9_709,709,XPIO,NA,MEDIUM,NO
AA2,IO_L4P_N1P2_M3P8_709,709,XPIO,NA,MEDIUM,NO
AD2,IO_L5N_N1P5_M3P11_709,709,XPIO,NA,MEDIUM,NO
AD3,IO_L5P_N1P4_M3P10_709,709,XPIO,NA,MEDIUM,NO
AC5,IO_L6N_GC_XCC_N2P1_M3P13_709,709,XPIO,NA,MEDIUM,NO
AD5,IO_L6P_GC_XCC_N2P0_M3P12_709,709,XPIO,NA,MEDIUM,NO
AE4,IO_L7N_N2P3_M3P15_709,709,XPIO,NA,MEDIUM,NO
AF4,IO_L7P_N2P2_M3P14_709,709,XPIO,NA,MEDIUM,NO
AA6,IO_L8N_N2P5_M3P17_709,709,XPIO,NA,MEDIUM,NO
AB6,IO_L8P_N2P4_M3P16_709,709,XPIO,NA,MEDIUM,NO
AB5,IO_L9N_GC_XCC_N3P1_M3P19_709,709,XPIO,NA,MEDIUM,NO
AB4,IO_L9P_GC_XCC_N3P0_M3P18_709,709,XPIO,NA,MEDIUM,NO
AE8,VCCO_709,709,NA,NA,MEDIUM,NA
AF6,VCCO_709,709,NA,NA,MEDIUM,NA
AF7,VCCO_709,709,NA,NA,MEDIUM,NA
V3,IO_L0N_XCC_N0P1_M3P55_710,710,XPIO,NA,MEDIUM,NO
V2,IO_L0P_XCC_N0P0_M3P54_710,710,XPIO,NA,MEDIUM,NO
N1,IO_L10N_N3P3_M3P75_710,710,XPIO,NA,MEDIUM,NO
N2,IO_L10P_N3P2_M3P74_710,710,XPIO,NA,MEDIUM,NO
N3,IO_L11N_N3P5_M3P77_710,710,XPIO,NA,MEDIUM,NO
P4,IO_L11P_N3P4_M3P76_710,710,XPIO,NA,MEDIUM,NO
W7,IO_L12N_GC_XCC_N4P1_M3P79_710,710,XPIO,NA,MEDIUM,NO
W8,IO_L12P_GC_XCC_N4P0_M3P78_710,710,XPIO,NA,MEDIUM,NO
U9,IO_L13N_N4P3_M3P81_710,710,XPIO,NA,MEDIUM,NO
V9,IO_L13P_N4P2_M3P80_710,710,XPIO,NA,MEDIUM,NO
U5,IO_L14N_N4P5_M3P83_710,710,XPIO,NA,MEDIUM,NO
V6,IO_L14P_N4P4_M3P82_710,710,XPIO,NA,MEDIUM,NO
U7,IO_L15N_XCC_N5P1_M3P85_710,710,XPIO,NA,MEDIUM,NO
U6,IO_L15P_XCC_N5P0_M3P84_710,710,XPIO,NA,MEDIUM,NO
V5,IO_L16N_N5P3_M3P87_710,710,XPIO,NA,MEDIUM,NO
W5,IO_L16P_N5P2_M3P86_710,710,XPIO,NA,MEDIUM,NO
V7,IO_L17N_N5P5_M3P89_710,710,XPIO,NA,MEDIUM,NO
U8,IO_L17P_N5P4_M3P88_710,710,XPIO,NA,MEDIUM,NO
W10,IO_L18N_XCC_N6P1_M3P91_710,710,XPIO,NA,MEDIUM,NO
W11,IO_L18P_XCC_N6P0_M3P90_710,710,XPIO,NA,MEDIUM,NO
Y12,IO_L19N_N6P3_M3P93_710,710,XPIO,NA,MEDIUM,NO
Y13,IO_L19P_N6P2_M3P92_710,710,XPIO,NA,MEDIUM,NO
Y2,IO_L1N_N0P3_M3P57_710,710,XPIO,NA,MEDIUM,NO
W3,IO_L1P_N0P2_M3P56_710,710,XPIO,NA,MEDIUM,NO
U10,IO_L20N_N6P5_M3P95_710,710,XPIO,NA,MEDIUM,NO
V11,IO_L20P_N6P4_M3P94_710,710,XPIO,NA,MEDIUM,NO
W13,IO_L21N_XCC_N7P1_M3P97_710,710,XPIO,NA,MEDIUM,NO
V12,IO_L21P_XCC_N7P0_M3P96_710,710,XPIO,NA,MEDIUM,NO
U12,IO_L22N_N7P3_M3P99_710,710,XPIO,NA,MEDIUM,NO
U13,IO_L22P_N7P2_M3P98_710,710,XPIO,NA,MEDIUM,NO
W9,IO_L23N_N7P5_M3P101_710,710,XPIO,NA,MEDIUM,NO
Y10,IO_L23P_N7P4_M3P100_710,710,XPIO,NA,MEDIUM,NO
P5,IO_L24N_GC_XCC_N8P1_M3P103_710,710,XPIO,NA,MEDIUM,NO
R5,IO_L24P_GC_XCC_N8P0_M3P102_710,710,XPIO,NA,MEDIUM,NO
T6,IO_L25N_N8P3_M3P105_710,710,XPIO,NA,MEDIUM,NO
R7,IO_L25P_N8P2_M3P104_710,710,XPIO,NA,MEDIUM,NO
R6,IO_L26N_N8P5_M3P107_710,710,XPIO,NA,MEDIUM,NO
P7,IO_L26P_N8P4_M3P106_710,710,XPIO,NA,MEDIUM,NO
U3,IO_L2N_N0P5_M3P59_710,710,XPIO,NA,MEDIUM,NO
U4,IO_L2P_N0P4_M3P58_710,710,XPIO,NA,MEDIUM,NO
U1,IO_L3N_XCC_N1P1_M3P61_710,710,XPIO,NA,MEDIUM,NO
T1,IO_L3P_XCC_N1P0_M3P60_710,710,XPIO,NA,MEDIUM,NO
W4,IO_L4N_N1P3_M3P63_710,710,XPIO,NA,MEDIUM,NO
Y4,IO_L4P_N1P2_M3P62_710,710,XPIO,NA,MEDIUM,NO
V1,IO_L5N_N1P5_M3P65_710,710,XPIO,NA,MEDIUM,NO
W2,IO_L5P_N1P4_M3P64_710,710,XPIO,NA,MEDIUM,NO
T3,IO_L6N_GC_XCC_N2P1_M3P67_710,710,XPIO,NA,MEDIUM,NO
T2,IO_L6P_GC_XCC_N2P0_M3P66_710,710,XPIO,NA,MEDIUM,NO
R4,IO_L7N_N2P3_M3P69_710,710,XPIO,NA,MEDIUM,NO
T4,IO_L7P_N2P2_M3P68_710,710,XPIO,NA,MEDIUM,NO
P2,IO_L8N_N2P5_M3P71_710,710,XPIO,NA,MEDIUM,NO
P3,IO_L8P_N2P4_M3P70_710,710,XPIO,NA,MEDIUM,NO
R2,IO_L9N_GC_XCC_N3P1_M3P73_710,710,XPIO,NA,MEDIUM,NO
R1,IO_L9P_GC_XCC_N3P0_M3P72_710,710,XPIO,NA,MEDIUM,NO
Y5,VCCO_710,710,NA,NA,MEDIUM,NA
Y6,VCCO_710,710,NA,NA,MEDIUM,NA
Y8,VCCO_710,710,NA,NA,MEDIUM,NA
L1,IO_L0N_XCC_N0P1_M3P109_711,711,XPIO,NA,MEDIUM,YES
M1,IO_L0P_XCC_N0P0_M3P108_711,711,XPIO,NA,MEDIUM,YES
H7,IO_L10N_N3P3_M3P129_711,711,XPIO,NA,MEDIUM,YES
G8,IO_L10P_N3P2_M3P128_711,711,XPIO,NA,MEDIUM,YES
M5,IO_L11N_N3P5_M3P131_711,711,XPIO,NA,MEDIUM,YES
M6,IO_L11P_N3P4_M3P130_711,711,XPIO,NA,MEDIUM,YES
J11,IO_L12N_GC_XCC_N4P1_M3P133_711,711,XPIO,NA,MEDIUM,YES_PLUS_GC
J12,IO_L12P_GC_XCC_N4P0_M3P132_711,711,XPIO,NA,MEDIUM,YES_PLUS_GC
K11,IO_L13N_N4P3_M3P135_711,711,XPIO,NA,MEDIUM,YES
L12,IO_L13P_N4P2_M3P134_711,711,XPIO,NA,MEDIUM,YES
G11,IO_L14N_N4P5_M3P137_711,711,XPIO,NA,MEDIUM,YES
H12,IO_L14P_N4P4_M3P136_711,711,XPIO,NA,MEDIUM,YES
J10,IO_L15N_XCC_N5P1_M3P139_711,711,XPIO,NA,MEDIUM,YES
H10,IO_L15P_XCC_N5P0_M3P138_711,711,XPIO,NA,MEDIUM,YES
G9,IO_L16N_N5P3_M3P141_711,711,XPIO,NA,MEDIUM,YES
G10,IO_L16P_N5P2_M3P140_711,711,XPIO,NA,MEDIUM,YES
L10,IO_L17N_N5P5_M3P143_711,711,XPIO,NA,MEDIUM,YES
L11,IO_L17P_N5P4_M3P142_711,711,XPIO,NA,MEDIUM,YES
L15,IO_L18N_XCC_N6P1_M3P145_711,711,XPIO,NA,MEDIUM,YES
K14,IO_L18P_XCC_N6P0_M3P144_711,711,XPIO,NA,MEDIUM,YES
K16,IO_L19N_N6P3_M3P147_711,711,XPIO,NA,MEDIUM,YES
L16,IO_L19P_N6P2_M3P146_711,711,XPIO,NA,MEDIUM,YES
M3,IO_L1N_N0P3_M3P111_711,711,XPIO,NA,MEDIUM,YES
M4,IO_L1P_N0P2_M3P110_711,711,XPIO,NA,MEDIUM,YES
J15,IO_L20N_N6P5_M3P149_711,711,XPIO,NA,MEDIUM,YES
H15,IO_L20P_N6P4_M3P148_711,711,XPIO,NA,MEDIUM,YES
J14,IO_L21N_XCC_N7P1_M3P151_711,711,XPIO,NA,MEDIUM,YES
H13,IO_L21P_XCC_N7P0_M3P150_711,711,XPIO,NA,MEDIUM,YES
G13,IO_L22N_N7P3_M3P153_711,711,XPIO,NA,MEDIUM,YES
G14,IO_L22P_N7P2_M3P152_711,711,XPIO,NA,MEDIUM,YES
K13,IO_L23N_N7P5_M3P155_711,711,XPIO,NA,MEDIUM,YES
L13,IO_L23P_N7P4_M3P154_711,711,XPIO,NA,MEDIUM,YES
J8,IO_L24N_GC_XCC_N8P1_M3P157_711,711,XPIO,NA,MEDIUM,YES_PLUS_GC
K9,IO_L24P_GC_XCC_N8P0_M3P156_711,711,XPIO,NA,MEDIUM,YES_PLUS_GC
L8,IO_L25N_N8P3_M3P159_711,711,XPIO,NA,MEDIUM,YES
L9,IO_L25P_N8P2_M3P158_711,711,XPIO,NA,MEDIUM,YES
H8,IO_L26N_N8P5_M3P161_711,711,XPIO,NA,MEDIUM,YES
J9,IO_L26P_N8P4_M3P160_711,711,XPIO,NA,MEDIUM,YES
K1,IO_L2N_N0P5_M3P113_711,711,XPIO,NA,MEDIUM,YES
K2,IO_L2P_N0P4_M3P112_711,711,XPIO,NA,MEDIUM,YES
L4,IO_L3N_XCC_N1P1_M3P115_711,711,XPIO,NA,MEDIUM,YES
K4,IO_L3P_XCC_N1P0_M3P114_711,711,XPIO,NA,MEDIUM,YES
J2,IO_L4N_N1P3_M3P117_711,711,XPIO,NA,MEDIUM,YES
J3,IO_L4P_N1P2_M3P116_711,711,XPIO,NA,MEDIUM,YES
L2,IO_L5N_N1P5_M3P119_711,711,XPIO,NA,MEDIUM,YES
L3,IO_L5P_N1P4_M3P118_711,711,XPIO,NA,MEDIUM,YES
J7,IO_L6N_GC_XCC_N2P1_M3P121_711,711,XPIO,NA,MEDIUM,YES_PLUS_GC
K7,IO_L6P_GC_XCC_N2P0_M3P120_711,711,XPIO,NA,MEDIUM,YES_PLUS_GC
L6,IO_L7N_N2P3_M3P123_711,711,XPIO,NA,MEDIUM,YES
L7,IO_L7P_N2P2_M3P122_711,711,XPIO,NA,MEDIUM,YES
J4,IO_L8N_N2P5_M3P125_711,711,XPIO,NA,MEDIUM,YES
J5,IO_L8P_N2P4_M3P124_711,711,XPIO,NA,MEDIUM,YES
K5,IO_L9N_GC_XCC_N3P1_M3P127_711,711,XPIO,NA,MEDIUM,YES_PLUS_GC
K6,IO_L9P_GC_XCC_N3P0_M3P126_711,711,XPIO,NA,MEDIUM,YES_PLUS_GC
N5,VCCO_711,711,NA,NA,MEDIUM,NA
N6,VCCO_711,711,NA,NA,MEDIUM,NA
N7,VCCO_711,711,NA,NA,MEDIUM,NA
A10,GND,NA,NA,NA,NA,NA
A12,GND,NA,NA,NA,NA,NA
A14,GND,NA,NA,NA,NA,NA
A16,GND,NA,NA,NA,NA,NA
A18,GND,NA,NA,NA,NA,NA
A2,GND,NA,NA,NA,NA,NA
A20,GND,NA,NA,NA,NA,NA
A27,GND,NA,NA,NA,NA,NA
A33,GND,NA,NA,NA,NA,NA
A35,GND,NA,NA,NA,NA,NA
A38,GND,NA,NA,NA,NA,NA
A39,GND,NA,NA,NA,NA,NA
A4,GND,NA,NA,NA,NA,NA
A40,GND,NA,NA,NA,NA,NA
A41,GND,NA,NA,NA,NA,NA
A6,GND,NA,NA,NA,NA,NA
A8,GND,NA,NA,NA,NA,NA
AA10,GND,NA,NA,NA,NA,NA
AA13,GND,NA,NA,NA,NA,NA
AA16,GND,NA,NA,NA,NA,NA
AA18,GND,NA,NA,NA,NA,NA
AA26,GND,NA,NA,NA,NA,NA
AA28,GND,NA,NA,NA,NA,NA
AA30,GND,NA,NA,NA,NA,NA
AA32,GND,NA,NA,NA,NA,NA
AA33,GND,NA,NA,NA,NA,NA
AA35,GND,NA,NA,NA,NA,NA
AA38,GND,NA,NA,NA,NA,NA
AA40,GND,NA,NA,NA,NA,NA
AA5,GND,NA,NA,NA,NA,NA
AB12,GND,NA,NA,NA,NA,NA
AB15,GND,NA,NA,NA,NA,NA
AB17,GND,NA,NA,NA,NA,NA
AB2,GND,NA,NA,NA,NA,NA
AB25,GND,NA,NA,NA,NA,NA
AB27,GND,NA,NA,NA,NA,NA
AB30,GND,NA,NA,NA,NA,NA
AB33,GND,NA,NA,NA,NA,NA
AB36,GND,NA,NA,NA,NA,NA
AB40,GND,NA,NA,NA,NA,NA
AB41,GND,NA,NA,NA,NA,NA
AB42,GND,NA,NA,NA,NA,NA
AB8,GND,NA,NA,NA,NA,NA
AC11,GND,NA,NA,NA,NA,NA
AC14,GND,NA,NA,NA,NA,NA
AC16,GND,NA,NA,NA,NA,NA
AC18,GND,NA,NA,NA,NA,NA
AC26,GND,NA,NA,NA,NA,NA
AC28,GND,NA,NA,NA,NA,NA
AC31,GND,NA,NA,NA,NA,NA
AC33,GND,NA,NA,NA,NA,NA
AC34,GND,NA,NA,NA,NA,NA
AC35,GND,NA,NA,NA,NA,NA
AC36,GND,NA,NA,NA,NA,NA
AC37,GND,NA,NA,NA,NA,NA
AC38,GND,NA,NA,NA,NA,NA
AC39,GND,NA,NA,NA,NA,NA
AC4,GND,NA,NA,NA,NA,NA
AC40,GND,NA,NA,NA,NA,NA
AD1,GND,NA,NA,NA,NA,NA
AD10,GND,NA,NA,NA,NA,NA
AD13,GND,NA,NA,NA,NA,NA
AD15,GND,NA,NA,NA,NA,NA
AD17,GND,NA,NA,NA,NA,NA
AD25,GND,NA,NA,NA,NA,NA
AD27,GND,NA,NA,NA,NA,NA
AD29,GND,NA,NA,NA,NA,NA
AD32,GND,NA,NA,NA,NA,NA
AD40,GND,NA,NA,NA,NA,NA
AD41,GND,NA,NA,NA,NA,NA
AD42,GND,NA,NA,NA,NA,NA
AD6,GND,NA,NA,NA,NA,NA
AD7,GND,NA,NA,NA,NA,NA
AD9,GND,NA,NA,NA,NA,NA
AE12,GND,NA,NA,NA,NA,NA
AE14,GND,NA,NA,NA,NA,NA
AE16,GND,NA,NA,NA,NA,NA
AE18,GND,NA,NA,NA,NA,NA
AE21,GND,NA,NA,NA,NA,NA
AE23,GND,NA,NA,NA,NA,NA
AE26,GND,NA,NA,NA,NA,NA
AE3,GND,NA,NA,NA,NA,NA
AE30,GND,NA,NA,NA,NA,NA
AE35,GND,NA,NA,NA,NA,NA
AE37,GND,NA,NA,NA,NA,NA
AE38,GND,NA,NA,NA,NA,NA
AF11,GND,NA,NA,NA,NA,NA
AF15,GND,NA,NA,NA,NA,NA
AF17,GND,NA,NA,NA,NA,NA
AF21,GND,NA,NA,NA,NA,NA
AF23,GND,NA,NA,NA,NA,NA
AF26,GND,NA,NA,NA,NA,NA
AF28,GND,NA,NA,NA,NA,NA
AF31,GND,NA,NA,NA,NA,NA
AF40,GND,NA,NA,NA,NA,NA
AF5,GND,NA,NA,NA,NA,NA
AF8,GND,NA,NA,NA,NA,NA
AG10,GND,NA,NA,NA,NA,NA
AG13,GND,NA,NA,NA,NA,NA
AG14,GND,NA,NA,NA,NA,NA
AG16,GND,NA,NA,NA,NA,NA
AG18,GND,NA,NA,NA,NA,NA
AG2,GND,NA,NA,NA,NA,NA
AG20,GND,NA,NA,NA,NA,NA
AG22,GND,NA,NA,NA,NA,NA
AG24,GND,NA,NA,NA,NA,NA
AG26,GND,NA,NA,NA,NA,NA
AG29,GND,NA,NA,NA,NA,NA
AG32,GND,NA,NA,NA,NA,NA
AG34,GND,NA,NA,NA,NA,NA
AG36,GND,NA,NA,NA,NA,NA
AG42,GND,NA,NA,NA,NA,NA
AH12,GND,NA,NA,NA,NA,NA
AH15,GND,NA,NA,NA,NA,NA
AH18,GND,NA,NA,NA,NA,NA
AH21,GND,NA,NA,NA,NA,NA
AH24,GND,NA,NA,NA,NA,NA
AH27,GND,NA,NA,NA,NA,NA
AH30,GND,NA,NA,NA,NA,NA
AH33,GND,NA,NA,NA,NA,NA
AH39,GND,NA,NA,NA,NA,NA
AH4,GND,NA,NA,NA,NA,NA
AH7,GND,NA,NA,NA,NA,NA
AH9,GND,NA,NA,NA,NA,NA
AJ1,GND,NA,NA,NA,NA,NA
AJ11,GND,NA,NA,NA,NA,NA
AJ14,GND,NA,NA,NA,NA,NA
AJ17,GND,NA,NA,NA,NA,NA
AJ20,GND,NA,NA,NA,NA,NA
AJ23,GND,NA,NA,NA,NA,NA
AJ26,GND,NA,NA,NA,NA,NA
AJ29,GND,NA,NA,NA,NA,NA
AJ32,GND,NA,NA,NA,NA,NA
AJ35,GND,NA,NA,NA,NA,NA
AJ37,GND,NA,NA,NA,NA,NA
AJ41,GND,NA,NA,NA,NA,NA
AJ6,GND,NA,NA,NA,NA,NA
AK10,GND,NA,NA,NA,NA,NA
AK13,GND,NA,NA,NA,NA,NA
AK16,GND,NA,NA,NA,NA,NA
AK19,GND,NA,NA,NA,NA,NA
AK22,GND,NA,NA,NA,NA,NA
AK25,GND,NA,NA,NA,NA,NA
AK28,GND,NA,NA,NA,NA,NA
AK3,GND,NA,NA,NA,NA,NA
AK31,GND,NA,NA,NA,NA,NA
AK38,GND,NA,NA,NA,NA,NA
AK8,GND,NA,NA,NA,NA,NA
AL12,GND,NA,NA,NA,NA,NA
AL15,GND,NA,NA,NA,NA,NA
AL18,GND,NA,NA,NA,NA,NA
AL21,GND,NA,NA,NA,NA,NA
AL24,GND,NA,NA,NA,NA,NA
AL27,GND,NA,NA,NA,NA,NA
AL30,GND,NA,NA,NA,NA,NA
AL33,GND,NA,NA,NA,NA,NA
AL34,GND,NA,NA,NA,NA,NA
AL36,GND,NA,NA,NA,NA,NA
AL40,GND,NA,NA,NA,NA,NA
AL5,GND,NA,NA,NA,NA,NA
AM11,GND,NA,NA,NA,NA,NA
AM14,GND,NA,NA,NA,NA,NA
AM17,GND,NA,NA,NA,NA,NA
AM2,GND,NA,NA,NA,NA,NA
AM20,GND,NA,NA,NA,NA,NA
AM23,GND,NA,NA,NA,NA,NA
AM26,GND,NA,NA,NA,NA,NA
AM29,GND,NA,NA,NA,NA,NA
AM32,GND,NA,NA,NA,NA,NA
AM42,GND,NA,NA,NA,NA,NA
AM7,GND,NA,NA,NA,NA,NA
AM9,GND,NA,NA,NA,NA,NA
AN10,GND,NA,NA,NA,NA,NA
AN14,GND,NA,NA,NA,NA,NA
AN18,GND,NA,NA,NA,NA,NA
AN22,GND,NA,NA,NA,NA,NA
AN26,GND,NA,NA,NA,NA,NA
AN30,GND,NA,NA,NA,NA,NA
AN34,GND,NA,NA,NA,NA,NA
AN37,GND,NA,NA,NA,NA,NA
AN39,GND,NA,NA,NA,NA,NA
AN4,GND,NA,NA,NA,NA,NA
AP1,GND,NA,NA,NA,NA,NA
AP12,GND,NA,NA,NA,NA,NA
AP16,GND,NA,NA,NA,NA,NA
AP20,GND,NA,NA,NA,NA,NA
AP24,GND,NA,NA,NA,NA,NA
AP28,GND,NA,NA,NA,NA,NA
AP32,GND,NA,NA,NA,NA,NA
AP36,GND,NA,NA,NA,NA,NA
AP41,GND,NA,NA,NA,NA,NA
AP6,GND,NA,NA,NA,NA,NA
AP8,GND,NA,NA,NA,NA,NA
AR10,GND,NA,NA,NA,NA,NA
AR14,GND,NA,NA,NA,NA,NA
AR18,GND,NA,NA,NA,NA,NA
AR22,GND,NA,NA,NA,NA,NA
AR26,GND,NA,NA,NA,NA,NA
AR3,GND,NA,NA,NA,NA,NA
AR30,GND,NA,NA,NA,NA,NA
AR34,GND,NA,NA,NA,NA,NA
AR38,GND,NA,NA,NA,NA,NA
AT12,GND,NA,NA,NA,NA,NA
AT16,GND,NA,NA,NA,NA,NA
AT20,GND,NA,NA,NA,NA,NA
AT24,GND,NA,NA,NA,NA,NA
AT28,GND,NA,NA,NA,NA,NA
AT32,GND,NA,NA,NA,NA,NA
AT36,GND,NA,NA,NA,NA,NA
AT40,GND,NA,NA,NA,NA,NA
AT5,GND,NA,NA,NA,NA,NA
AT8,GND,NA,NA,NA,NA,NA
AU10,GND,NA,NA,NA,NA,NA
AU14,GND,NA,NA,NA,NA,NA
AU18,GND,NA,NA,NA,NA,NA
AU2,GND,NA,NA,NA,NA,NA
AU22,GND,NA,NA,NA,NA,NA
AU26,GND,NA,NA,NA,NA,NA
AU30,GND,NA,NA,NA,NA,NA
AU34,GND,NA,NA,NA,NA,NA
AU37,GND,NA,NA,NA,NA,NA
AU42,GND,NA,NA,NA,NA,NA
AU7,GND,NA,NA,NA,NA,NA
AV14,GND,NA,NA,NA,NA,NA
AV19,GND,NA,NA,NA,NA,NA
AV24,GND,NA,NA,NA,NA,NA
AV29,GND,NA,NA,NA,NA,NA
AV34,GND,NA,NA,NA,NA,NA
AV39,GND,NA,NA,NA,NA,NA
AV4,GND,NA,NA,NA,NA,NA
AV9,GND,NA,NA,NA,NA,NA
AW1,GND,NA,NA,NA,NA,NA
AW11,GND,NA,NA,NA,NA,NA
AW16,GND,NA,NA,NA,NA,NA
AW21,GND,NA,NA,NA,NA,NA
AW26,GND,NA,NA,NA,NA,NA
AW31,GND,NA,NA,NA,NA,NA
AW36,GND,NA,NA,NA,NA,NA
AW41,GND,NA,NA,NA,NA,NA
AW6,GND,NA,NA,NA,NA,NA
AY13,GND,NA,NA,NA,NA,NA
AY18,GND,NA,NA,NA,NA,NA
AY23,GND,NA,NA,NA,NA,NA
AY28,GND,NA,NA,NA,NA,NA
AY3,GND,NA,NA,NA,NA,NA
AY33,GND,NA,NA,NA,NA,NA
AY38,GND,NA,NA,NA,NA,NA
AY8,GND,NA,NA,NA,NA,NA
B1,GND,NA,NA,NA,NA,NA
B10,GND,NA,NA,NA,NA,NA
B12,GND,NA,NA,NA,NA,NA
B14,GND,NA,NA,NA,NA,NA
B2,GND,NA,NA,NA,NA,NA
B20,GND,NA,NA,NA,NA,NA
B30,GND,NA,NA,NA,NA,NA
B33,GND,NA,NA,NA,NA,NA
B36,GND,NA,NA,NA,NA,NA
B37,GND,NA,NA,NA,NA,NA
B38,GND,NA,NA,NA,NA,NA
B4,GND,NA,NA,NA,NA,NA
B41,GND,NA,NA,NA,NA,NA
B42,GND,NA,NA,NA,NA,NA
B6,GND,NA,NA,NA,NA,NA
B8,GND,NA,NA,NA,NA,NA
BA1,GND,NA,NA,NA,NA,NA
BA10,GND,NA,NA,NA,NA,NA
BA15,GND,NA,NA,NA,NA,NA
BA20,GND,NA,NA,NA,NA,NA
BA25,GND,NA,NA,NA,NA,NA
BA30,GND,NA,NA,NA,NA,NA
BA35,GND,NA,NA,NA,NA,NA
BA40,GND,NA,NA,NA,NA,NA
BA42,GND,NA,NA,NA,NA,NA
BA5,GND,NA,NA,NA,NA,NA
BB12,GND,NA,NA,NA,NA,NA
BB17,GND,NA,NA,NA,NA,NA
BB2,GND,NA,NA,NA,NA,NA
BB22,GND,NA,NA,NA,NA,NA
BB27,GND,NA,NA,NA,NA,NA
BB32,GND,NA,NA,NA,NA,NA
BB37,GND,NA,NA,NA,NA,NA
BB41,GND,NA,NA,NA,NA,NA
BB7,GND,NA,NA,NA,NA,NA
C1,GND,NA,NA,NA,NA,NA
C10,GND,NA,NA,NA,NA,NA
C11,GND,NA,NA,NA,NA,NA
C12,GND,NA,NA,NA,NA,NA
C13,GND,NA,NA,NA,NA,NA
C14,GND,NA,NA,NA,NA,NA
C15,GND,NA,NA,NA,NA,NA
C17,GND,NA,NA,NA,NA,NA
C19,GND,NA,NA,NA,NA,NA
C20,GND,NA,NA,NA,NA,NA
C28,GND,NA,NA,NA,NA,NA
C3,GND,NA,NA,NA,NA,NA
C33,GND,NA,NA,NA,NA,NA
C34,GND,NA,NA,NA,NA,NA
C38,GND,NA,NA,NA,NA,NA
C39,GND,NA,NA,NA,NA,NA
C40,GND,NA,NA,NA,NA,NA
C5,GND,NA,NA,NA,NA,NA
C6,GND,NA,NA,NA,NA,NA
C7,GND,NA,NA,NA,NA,NA
C8,GND,NA,NA,NA,NA,NA
C9,GND,NA,NA,NA,NA,NA
D1,GND,NA,NA,NA,NA,NA
D13,GND,NA,NA,NA,NA,NA
D19,GND,NA,NA,NA,NA,NA
D26,GND,NA,NA,NA,NA,NA
D3,GND,NA,NA,NA,NA,NA
D31,GND,NA,NA,NA,NA,NA
D33,GND,NA,NA,NA,NA,NA
D36,GND,NA,NA,NA,NA,NA
D38,GND,NA,NA,NA,NA,NA
D41,GND,NA,NA,NA,NA,NA
D42,GND,NA,NA,NA,NA,NA
D5,GND,NA,NA,NA,NA,NA
D9,GND,NA,NA,NA,NA,NA
E1,GND,NA,NA,NA,NA,NA
E11,GND,NA,NA,NA,NA,NA
E15,GND,NA,NA,NA,NA,NA
E16,GND,NA,NA,NA,NA,NA
E17,GND,NA,NA,NA,NA,NA
E18,GND,NA,NA,NA,NA,NA
E19,GND,NA,NA,NA,NA,NA
E2,GND,NA,NA,NA,NA,NA
E29,GND,NA,NA,NA,NA,NA
E3,GND,NA,NA,NA,NA,NA
E33,GND,NA,NA,NA,NA,NA
E35,GND,NA,NA,NA,NA,NA
E38,GND,NA,NA,NA,NA,NA
E39,GND,NA,NA,NA,NA,NA
E4,GND,NA,NA,NA,NA,NA
E40,GND,NA,NA,NA,NA,NA
E5,GND,NA,NA,NA,NA,NA
E7,GND,NA,NA,NA,NA,NA
F10,GND,NA,NA,NA,NA,NA
F11,GND,NA,NA,NA,NA,NA
F12,GND,NA,NA,NA,NA,NA
F13,GND,NA,NA,NA,NA,NA
F14,GND,NA,NA,NA,NA,NA
F15,GND,NA,NA,NA,NA,NA
F2,GND,NA,NA,NA,NA,NA
F27,GND,NA,NA,NA,NA,NA
F32,GND,NA,NA,NA,NA,NA
F33,GND,NA,NA,NA,NA,NA
F36,GND,NA,NA,NA,NA,NA
F37,GND,NA,NA,NA,NA,NA
F38,GND,NA,NA,NA,NA,NA
F4,GND,NA,NA,NA,NA,NA
F41,GND,NA,NA,NA,NA,NA
F42,GND,NA,NA,NA,NA,NA
F7,GND,NA,NA,NA,NA,NA
F8,GND,NA,NA,NA,NA,NA
F9,GND,NA,NA,NA,NA,NA
G12,GND,NA,NA,NA,NA,NA
G15,GND,NA,NA,NA,NA,NA
G2,GND,NA,NA,NA,NA,NA
G20,GND,NA,NA,NA,NA,NA
G30,GND,NA,NA,NA,NA,NA
G33,GND,NA,NA,NA,NA,NA
G34,GND,NA,NA,NA,NA,NA
G38,GND,NA,NA,NA,NA,NA
G39,GND,NA,NA,NA,NA,NA
G40,GND,NA,NA,NA,NA,NA
G6,GND,NA,NA,NA,NA,NA
G7,GND,NA,NA,NA,NA,NA
H1,GND,NA,NA,NA,NA,NA
H11,GND,NA,NA,NA,NA,NA
H14,GND,NA,NA,NA,NA,NA
H18,GND,NA,NA,NA,NA,NA
H2,GND,NA,NA,NA,NA,NA
H28,GND,NA,NA,NA,NA,NA
H3,GND,NA,NA,NA,NA,NA
H33,GND,NA,NA,NA,NA,NA
H36,GND,NA,NA,NA,NA,NA
H38,GND,NA,NA,NA,NA,NA
H4,GND,NA,NA,NA,NA,NA
H41,GND,NA,NA,NA,NA,NA
H42,GND,NA,NA,NA,NA,NA
H5,GND,NA,NA,NA,NA,NA
H6,GND,NA,NA,NA,NA,NA
H9,GND,NA,NA,NA,NA,NA
J1,GND,NA,NA,NA,NA,NA
J13,GND,NA,NA,NA,NA,NA
J16,GND,NA,NA,NA,NA,NA
J26,GND,NA,NA,NA,NA,NA
J31,GND,NA,NA,NA,NA,NA
J33,GND,NA,NA,NA,NA,NA
J35,GND,NA,NA,NA,NA,NA
J38,GND,NA,NA,NA,NA,NA
J39,GND,NA,NA,NA,NA,NA
J40,GND,NA,NA,NA,NA,NA
J6,GND,NA,NA,NA,NA,NA
K10,GND,NA,NA,NA,NA,NA
K12,GND,NA,NA,NA,NA,NA
K15,GND,NA,NA,NA,NA,NA
K19,GND,NA,NA,NA,NA,NA
K29,GND,NA,NA,NA,NA,NA
K3,GND,NA,NA,NA,NA,NA
K33,GND,NA,NA,NA,NA,NA
K37,GND,NA,NA,NA,NA,NA
K38,GND,NA,NA,NA,NA,NA
K41,GND,NA,NA,NA,NA,NA
K42,GND,NA,NA,NA,NA,NA
K8,GND,NA,NA,NA,NA,NA
L14,GND,NA,NA,NA,NA,NA
L27,GND,NA,NA,NA,NA,NA
L32,GND,NA,NA,NA,NA,NA
L33,GND,NA,NA,NA,NA,NA
L34,GND,NA,NA,NA,NA,NA
L35,GND,NA,NA,NA,NA,NA
L38,GND,NA,NA,NA,NA,NA
L39,GND,NA,NA,NA,NA,NA
L40,GND,NA,NA,NA,NA,NA
L5,GND,NA,NA,NA,NA,NA
M11,GND,NA,NA,NA,NA,NA
M13,GND,NA,NA,NA,NA,NA
M15,GND,NA,NA,NA,NA,NA
M17,GND,NA,NA,NA,NA,NA
M19,GND,NA,NA,NA,NA,NA
M2,GND,NA,NA,NA,NA,NA
M21,GND,NA,NA,NA,NA,NA
M23,GND,NA,NA,NA,NA,NA
M25,GND,NA,NA,NA,NA,NA
M27,GND,NA,NA,NA,NA,NA
M29,GND,NA,NA,NA,NA,NA
M31,GND,NA,NA,NA,NA,NA
M33,GND,NA,NA,NA,NA,NA
M35,GND,NA,NA,NA,NA,NA
M37,GND,NA,NA,NA,NA,NA
M40,GND,NA,NA,NA,NA,NA
M41,GND,NA,NA,NA,NA,NA
M42,GND,NA,NA,NA,NA,NA
M7,GND,NA,NA,NA,NA,NA
M9,GND,NA,NA,NA,NA,NA
N10,GND,NA,NA,NA,NA,NA
N12,GND,NA,NA,NA,NA,NA
N14,GND,NA,NA,NA,NA,NA
N16,GND,NA,NA,NA,NA,NA
N18,GND,NA,NA,NA,NA,NA
N20,GND,NA,NA,NA,NA,NA
N22,GND,NA,NA,NA,NA,NA
N24,GND,NA,NA,NA,NA,NA
N26,GND,NA,NA,NA,NA,NA
N28,GND,NA,NA,NA,NA,NA
N30,GND,NA,NA,NA,NA,NA
N32,GND,NA,NA,NA,NA,NA
N35,GND,NA,NA,NA,NA,NA
N38,GND,NA,NA,NA,NA,NA
N4,GND,NA,NA,NA,NA,NA
N40,GND,NA,NA,NA,NA,NA
N8,GND,NA,NA,NA,NA,NA
P1,GND,NA,NA,NA,NA,NA
P11,GND,NA,NA,NA,NA,NA
P13,GND,NA,NA,NA,NA,NA
P15,GND,NA,NA,NA,NA,NA
P17,GND,NA,NA,NA,NA,NA
P19,GND,NA,NA,NA,NA,NA
P21,GND,NA,NA,NA,NA,NA
P23,GND,NA,NA,NA,NA,NA
P25,GND,NA,NA,NA,NA,NA
P27,GND,NA,NA,NA,NA,NA
P29,GND,NA,NA,NA,NA,NA
P31,GND,NA,NA,NA,NA,NA
P33,GND,NA,NA,NA,NA,NA
P35,GND,NA,NA,NA,NA,NA
P37,GND,NA,NA,NA,NA,NA
P40,GND,NA,NA,NA,NA,NA
P41,GND,NA,NA,NA,NA,NA
P42,GND,NA,NA,NA,NA,NA
P6,GND,NA,NA,NA,NA,NA
P9,GND,NA,NA,NA,NA,NA
R10,GND,NA,NA,NA,NA,NA
R12,GND,NA,NA,NA,NA,NA
R14,GND,NA,NA,NA,NA,NA
R16,GND,NA,NA,NA,NA,NA
R18,GND,NA,NA,NA,NA,NA
R20,GND,NA,NA,NA,NA,NA
R22,GND,NA,NA,NA,NA,NA
R24,GND,NA,NA,NA,NA,NA
R26,GND,NA,NA,NA,NA,NA
R28,GND,NA,NA,NA,NA,NA
R3,GND,NA,NA,NA,NA,NA
R30,GND,NA,NA,NA,NA,NA
R32,GND,NA,NA,NA,NA,NA
R35,GND,NA,NA,NA,NA,NA
R39,GND,NA,NA,NA,NA,NA
R40,GND,NA,NA,NA,NA,NA
R8,GND,NA,NA,NA,NA,NA
T11,GND,NA,NA,NA,NA,NA
T13,GND,NA,NA,NA,NA,NA
T15,GND,NA,NA,NA,NA,NA
T17,GND,NA,NA,NA,NA,NA
T19,GND,NA,NA,NA,NA,NA
T21,GND,NA,NA,NA,NA,NA
T23,GND,NA,NA,NA,NA,NA
T25,GND,NA,NA,NA,NA,NA
T27,GND,NA,NA,NA,NA,NA
T29,GND,NA,NA,NA,NA,NA
T31,GND,NA,NA,NA,NA,NA
T33,GND,NA,NA,NA,NA,NA
T34,GND,NA,NA,NA,NA,NA
T35,GND,NA,NA,NA,NA,NA
T37,GND,NA,NA,NA,NA,NA
T40,GND,NA,NA,NA,NA,NA
T41,GND,NA,NA,NA,NA,NA
T42,GND,NA,NA,NA,NA,NA
T5,GND,NA,NA,NA,NA,NA
T7,GND,NA,NA,NA,NA,NA
T9,GND,NA,NA,NA,NA,NA
U11,GND,NA,NA,NA,NA,NA
U14,GND,NA,NA,NA,NA,NA
U16,GND,NA,NA,NA,NA,NA
U18,GND,NA,NA,NA,NA,NA
U2,GND,NA,NA,NA,NA,NA
U21,GND,NA,NA,NA,NA,NA
U22,GND,NA,NA,NA,NA,NA
U25,GND,NA,NA,NA,NA,NA
U26,GND,NA,NA,NA,NA,NA
U28,GND,NA,NA,NA,NA,NA
U32,GND,NA,NA,NA,NA,NA
U33,GND,NA,NA,NA,NA,NA
U35,GND,NA,NA,NA,NA,NA
U38,GND,NA,NA,NA,NA,NA
U40,GND,NA,NA,NA,NA,NA
V10,GND,NA,NA,NA,NA,NA
V13,GND,NA,NA,NA,NA,NA
V15,GND,NA,NA,NA,NA,NA
V17,GND,NA,NA,NA,NA,NA
V21,GND,NA,NA,NA,NA,NA
V22,GND,NA,NA,NA,NA,NA
V25,GND,NA,NA,NA,NA,NA
V27,GND,NA,NA,NA,NA,NA
V29,GND,NA,NA,NA,NA,NA
V33,GND,NA,NA,NA,NA,NA
V37,GND,NA,NA,NA,NA,NA
V4,GND,NA,NA,NA,NA,NA
V40,GND,NA,NA,NA,NA,NA
V41,GND,NA,NA,NA,NA,NA
V42,GND,NA,NA,NA,NA,NA
V8,GND,NA,NA,NA,NA,NA
W1,GND,NA,NA,NA,NA,NA
W12,GND,NA,NA,NA,NA,NA
W14,GND,NA,NA,NA,NA,NA
W16,GND,NA,NA,NA,NA,NA
W18,GND,NA,NA,NA,NA,NA
W26,GND,NA,NA,NA,NA,NA
W28,GND,NA,NA,NA,NA,NA
W32,GND,NA,NA,NA,NA,NA
W33,GND,NA,NA,NA,NA,NA
W35,GND,NA,NA,NA,NA,NA
W39,GND,NA,NA,NA,NA,NA
W40,GND,NA,NA,NA,NA,NA
W6,GND,NA,NA,NA,NA,NA
Y11,GND,NA,NA,NA,NA,NA
Y15,GND,NA,NA,NA,NA,NA
Y17,GND,NA,NA,NA,NA,NA
Y25,GND,NA,NA,NA,NA,NA
Y27,GND,NA,NA,NA,NA,NA
Y29,GND,NA,NA,NA,NA,NA
Y3,GND,NA,NA,NA,NA,NA
Y33,GND,NA,NA,NA,NA,NA
Y37,GND,NA,NA,NA,NA,NA
Y40,GND,NA,NA,NA,NA,NA
Y41,GND,NA,NA,NA,NA,NA
Y42,GND,NA,NA,NA,NA,NA
Y7,GND,NA,NA,NA,NA,NA
Y9,GND,NA,NA,NA,NA,NA
U30,GND_SMON,NA,NA,NA,NA,NA
M36,GTY_AVCCAUX_L,NA,NA,NA,NA,NA
P36,GTY_AVCCAUX_L,NA,NA,NA,NA,NA
B18,GTY_AVCCAUX_R,NA,NA,NA,NA,NA
D17,GTY_AVCCAUX_R,NA,NA,NA,NA,NA
AA34,GTY_AVCC_L,NA,NA,NA,NA,NA
T36,GTY_AVCC_L,NA,NA,NA,NA,NA
U34,GTY_AVCC_L,NA,NA,NA,NA,NA
V36,GTY_AVCC_L,NA,NA,NA,NA,NA
W34,GTY_AVCC_L,NA,NA,NA,NA,NA
Y36,GTY_AVCC_L,NA,NA,NA,NA,NA
B16,GTY_AVCC_R,NA,NA,NA,NA,NA
D15,GTY_AVCC_R,NA,NA,NA,NA,NA
E13,GTY_AVCC_R,NA,NA,NA,NA,NA
A34,GTY_AVTT_L,NA,NA,NA,NA,NA
AA39,GTY_AVTT_L,NA,NA,NA,NA,NA
AB37,GTY_AVTT_L,NA,NA,NA,NA,NA
C35,GTY_AVTT_L,NA,NA,NA,NA,NA
D37,GTY_AVTT_L,NA,NA,NA,NA,NA
E34,GTY_AVTT_L,NA,NA,NA,NA,NA
G35,GTY_AVTT_L,NA,NA,NA,NA,NA
H37,GTY_AVTT_L,NA,NA,NA,NA,NA
J34,GTY_AVTT_L,NA,NA,NA,NA,NA
K36,GTY_AVTT_L,NA,NA,NA,NA,NA
N39,GTY_AVTT_L,NA,NA,NA,NA,NA
R38,GTY_AVTT_L,NA,NA,NA,NA,NA
U39,GTY_AVTT_L,NA,NA,NA,NA,NA
W38,GTY_AVTT_L,NA,NA,NA,NA,NA
D11,GTY_AVTT_R,NA,NA,NA,NA,NA
D7,GTY_AVTT_R,NA,NA,NA,NA,NA
E9,GTY_AVTT_R,NA,NA,NA,NA,NA
F6,GTY_AVTT_R,NA,NA,NA,NA,NA
G4,GTY_AVTT_R,NA,NA,NA,NA,NA
AA14,VCCAUX,NA,NA,NA,NA,NA
AB14,VCCAUX,NA,NA,NA,NA,NA
AD14,VCCAUX,NA,NA,NA,NA,NA
AF14,VCCAUX,NA,NA,NA,NA,NA
Y14,VCCAUX,NA,NA,NA,NA,NA
AE28,VCCAUX_PMC,NA,NA,NA,NA,NA
AF27,VCCAUX_PMC,NA,NA,NA,NA,NA
U31,VCCAUX_SMON,NA,NA,NA,NA,NA
A21,VCCINT,NA,NA,NA,NA,NA
A22,VCCINT,NA,NA,NA,NA,NA
A23,VCCINT,NA,NA,NA,NA,NA
A24,VCCINT,NA,NA,NA,NA,NA
A25,VCCINT,NA,NA,NA,NA,NA
AA15,VCCINT,NA,NA,NA,NA,NA
AA17,VCCINT,NA,NA,NA,NA,NA
AA25,VCCINT,NA,NA,NA,NA,NA
AA27,VCCINT,NA,NA,NA,NA,NA
AA29,VCCINT,NA,NA,NA,NA,NA
AA31,VCCINT,NA,NA,NA,NA,NA
AB16,VCCINT,NA,NA,NA,NA,NA
AB26,VCCINT,NA,NA,NA,NA,NA
AC15,VCCINT,NA,NA,NA,NA,NA
AC17,VCCINT,NA,NA,NA,NA,NA
AC25,VCCINT,NA,NA,NA,NA,NA
AC27,VCCINT,NA,NA,NA,NA,NA
AD16,VCCINT,NA,NA,NA,NA,NA
AD26,VCCINT,NA,NA,NA,NA,NA
AE15,VCCINT,NA,NA,NA,NA,NA
AE17,VCCINT,NA,NA,NA,NA,NA
AE27,VCCINT,NA,NA,NA,NA,NA
AF16,VCCINT,NA,NA,NA,NA,NA
AG15,VCCINT,NA,NA,NA,NA,NA
AG17,VCCINT,NA,NA,NA,NA,NA
B21,VCCINT,NA,NA,NA,NA,NA
B22,VCCINT,NA,NA,NA,NA,NA
B23,VCCINT,NA,NA,NA,NA,NA
B24,VCCINT,NA,NA,NA,NA,NA
B25,VCCINT,NA,NA,NA,NA,NA
C21,VCCINT,NA,NA,NA,NA,NA
C22,VCCINT,NA,NA,NA,NA,NA
C23,VCCINT,NA,NA,NA,NA,NA
C24,VCCINT,NA,NA,NA,NA,NA
C25,VCCINT,NA,NA,NA,NA,NA
D21,VCCINT,NA,NA,NA,NA,NA
D22,VCCINT,NA,NA,NA,NA,NA
D23,VCCINT,NA,NA,NA,NA,NA
D24,VCCINT,NA,NA,NA,NA,NA
D25,VCCINT,NA,NA,NA,NA,NA
E21,VCCINT,NA,NA,NA,NA,NA
E22,VCCINT,NA,NA,NA,NA,NA
E23,VCCINT,NA,NA,NA,NA,NA
E24,VCCINT,NA,NA,NA,NA,NA
E25,VCCINT,NA,NA,NA,NA,NA
F21,VCCINT,NA,NA,NA,NA,NA
F22,VCCINT,NA,NA,NA,NA,NA
F23,VCCINT,NA,NA,NA,NA,NA
F24,VCCINT,NA,NA,NA,NA,NA
F25,VCCINT,NA,NA,NA,NA,NA
G21,VCCINT,NA,NA,NA,NA,NA
G22,VCCINT,NA,NA,NA,NA,NA
G23,VCCINT,NA,NA,NA,NA,NA
G24,VCCINT,NA,NA,NA,NA,NA
G25,VCCINT,NA,NA,NA,NA,NA
H21,VCCINT,NA,NA,NA,NA,NA
H22,VCCINT,NA,NA,NA,NA,NA
H23,VCCINT,NA,NA,NA,NA,NA
H24,VCCINT,NA,NA,NA,NA,NA
J21,VCCINT,NA,NA,NA,NA,NA
J22,VCCINT,NA,NA,NA,NA,NA
J23,VCCINT,NA,NA,NA,NA,NA
J24,VCCINT,NA,NA,NA,NA,NA
K21,VCCINT,NA,NA,NA,NA,NA
K22,VCCINT,NA,NA,NA,NA,NA
K23,VCCINT,NA,NA,NA,NA,NA
K24,VCCINT,NA,NA,NA,NA,NA
L21,VCCINT,NA,NA,NA,NA,NA
L22,VCCINT,NA,NA,NA,NA,NA
L23,VCCINT,NA,NA,NA,NA,NA
L24,VCCINT,NA,NA,NA,NA,NA
L31,VCCINT,NA,NA,NA,NA,NA
M10,VCCINT,NA,NA,NA,NA,NA
M12,VCCINT,NA,NA,NA,NA,NA
M14,VCCINT,NA,NA,NA,NA,NA
M16,VCCINT,NA,NA,NA,NA,NA
M18,VCCINT,NA,NA,NA,NA,NA
M20,VCCINT,NA,NA,NA,NA,NA
M22,VCCINT,NA,NA,NA,NA,NA
M24,VCCINT,NA,NA,NA,NA,NA
M26,VCCINT,NA,NA,NA,NA,NA
M28,VCCINT,NA,NA,NA,NA,NA
M30,VCCINT,NA,NA,NA,NA,NA
M32,VCCINT,NA,NA,NA,NA,NA
M34,VCCINT,NA,NA,NA,NA,NA
M8,VCCINT,NA,NA,NA,NA,NA
N11,VCCINT,NA,NA,NA,NA,NA
N13,VCCINT,NA,NA,NA,NA,NA
N15,VCCINT,NA,NA,NA,NA,NA
N17,VCCINT,NA,NA,NA,NA,NA
N19,VCCINT,NA,NA,NA,NA,NA
N21,VCCINT,NA,NA,NA,NA,NA
N23,VCCINT,NA,NA,NA,NA,NA
N25,VCCINT,NA,NA,NA,NA,NA
N27,VCCINT,NA,NA,NA,NA,NA
N29,VCCINT,NA,NA,NA,NA,NA
N31,VCCINT,NA,NA,NA,NA,NA
N33,VCCINT,NA,NA,NA,NA,NA
N34,VCCINT,NA,NA,NA,NA,NA
N9,VCCINT,NA,NA,NA,NA,NA
P10,VCCINT,NA,NA,NA,NA,NA
P12,VCCINT,NA,NA,NA,NA,NA
P14,VCCINT,NA,NA,NA,NA,NA
P16,VCCINT,NA,NA,NA,NA,NA
P18,VCCINT,NA,NA,NA,NA,NA
P20,VCCINT,NA,NA,NA,NA,NA
P22,VCCINT,NA,NA,NA,NA,NA
P24,VCCINT,NA,NA,NA,NA,NA
P26,VCCINT,NA,NA,NA,NA,NA
P28,VCCINT,NA,NA,NA,NA,NA
P30,VCCINT,NA,NA,NA,NA,NA
P32,VCCINT,NA,NA,NA,NA,NA
P34,VCCINT,NA,NA,NA,NA,NA
P8,VCCINT,NA,NA,NA,NA,NA
R11,VCCINT,NA,NA,NA,NA,NA
R13,VCCINT,NA,NA,NA,NA,NA
R15,VCCINT,NA,NA,NA,NA,NA
R17,VCCINT,NA,NA,NA,NA,NA
R19,VCCINT,NA,NA,NA,NA,NA
R21,VCCINT,NA,NA,NA,NA,NA
R23,VCCINT,NA,NA,NA,NA,NA
R25,VCCINT,NA,NA,NA,NA,NA
R27,VCCINT,NA,NA,NA,NA,NA
R29,VCCINT,NA,NA,NA,NA,NA
R31,VCCINT,NA,NA,NA,NA,NA
R33,VCCINT,NA,NA,NA,NA,NA
R34,VCCINT,NA,NA,NA,NA,NA
R9,VCCINT,NA,NA,NA,NA,NA
T10,VCCINT,NA,NA,NA,NA,NA
T12,VCCINT,NA,NA,NA,NA,NA
T14,VCCINT,NA,NA,NA,NA,NA
T16,VCCINT,NA,NA,NA,NA,NA
T18,VCCINT,NA,NA,NA,NA,NA
T20,VCCINT,NA,NA,NA,NA,NA
T22,VCCINT,NA,NA,NA,NA,NA
T24,VCCINT,NA,NA,NA,NA,NA
T26,VCCINT,NA,NA,NA,NA,NA
T28,VCCINT,NA,NA,NA,NA,NA
T30,VCCINT,NA,NA,NA,NA,NA
T32,VCCINT,NA,NA,NA,NA,NA
T8,VCCINT,NA,NA,NA,NA,NA
U15,VCCINT,NA,NA,NA,NA,NA
U17,VCCINT,NA,NA,NA,NA,NA
U27,VCCINT,NA,NA,NA,NA,NA
U29,VCCINT,NA,NA,NA,NA,NA
V14,VCCINT,NA,NA,NA,NA,NA
V16,VCCINT,NA,NA,NA,NA,NA
V26,VCCINT,NA,NA,NA,NA,NA
V28,VCCINT,NA,NA,NA,NA,NA
V32,VCCINT,NA,NA,NA,NA,NA
W15,VCCINT,NA,NA,NA,NA,NA
W17,VCCINT,NA,NA,NA,NA,NA
W25,VCCINT,NA,NA,NA,NA,NA
W27,VCCINT,NA,NA,NA,NA,NA
W29,VCCINT,NA,NA,NA,NA,NA
Y16,VCCINT,NA,NA,NA,NA,NA
Y26,VCCINT,NA,NA,NA,NA,NA
Y28,VCCINT,NA,NA,NA,NA,NA
Y32,VCCINT,NA,NA,NA,NA,NA
AB29,VCC_BATT,NA,NA,NA,NA,NA
AC29,VCC_FUSE,NA,NA,NA,NA,NA
AG19,VCC_IO,NA,NA,NA,NA,NA
AG21,VCC_IO,NA,NA,NA,NA,NA
AG23,VCC_IO,NA,NA,NA,NA,NA
AG25,VCC_IO,NA,NA,NA,NA,NA
AF29,VCC_PMC,NA,NA,NA,NA,NA
AG27,VCC_PMC,NA,NA,NA,NA,NA
AG28,VCC_PMC,NA,NA,NA,NA,NA
AF30,VCC_PSFP,NA,NA,NA,NA,NA
AG30,VCC_PSFP,NA,NA,NA,NA,NA
AH28,VCC_PSFP,NA,NA,NA,NA,NA
AH29,VCC_PSFP,NA,NA,NA,NA,NA
AC30,VCC_PSLP,NA,NA,NA,NA,NA
AD30,VCC_PSLP,NA,NA,NA,NA,NA
AE29,VCC_PSLP,NA,NA,NA,NA,NA
AB18,VCC_RAM,NA,NA,NA,NA,NA
AD18,VCC_RAM,NA,NA,NA,NA,NA
AF18,VCC_RAM,NA,NA,NA,NA,NA
V18,VCC_RAM,NA,NA,NA,NA,NA
Y18,VCC_RAM,NA,NA,NA,NA,NA
AE19,VCC_SOC,NA,NA,NA,NA,NA
AE20,VCC_SOC,NA,NA,NA,NA,NA
AE22,VCC_SOC,NA,NA,NA,NA,NA
AE24,VCC_SOC,NA,NA,NA,NA,NA
AE25,VCC_SOC,NA,NA,NA,NA,NA
AF19,VCC_SOC,NA,NA,NA,NA,NA
AF20,VCC_SOC,NA,NA,NA,NA,NA
AF22,VCC_SOC,NA,NA,NA,NA,NA
AF24,VCC_SOC,NA,NA,NA,NA,NA
AF25,VCC_SOC,NA,NA,NA,NA,NA
U19,VCC_SOC,NA,NA,NA,NA,NA
U20,VCC_SOC,NA,NA,NA,NA,NA
U23,VCC_SOC,NA,NA,NA,NA,NA
U24,VCC_SOC,NA,NA,NA,NA,NA
V19,VCC_SOC,NA,NA,NA,NA,NA
V20,VCC_SOC,NA,NA,NA,NA,NA
V23,VCC_SOC,NA,NA,NA,NA,NA
V24,VCC_SOC,NA,NA,NA,NA,NA

"#Total Number of Pins 1724
