"# ////////////////////////////////////////////////////////////////////////////"
"#  Proprietary Note:"
"#  "
"# "
"#  Copyright 2020-2025 AMD, Inc. All rights reserved."
"#  This file contains proprietary information of AMD, Inc."
"#  and is protected under U.S. and international copyright and other"
"#  intellectual property laws."
"# "
"#  DISCLAIMER"
"#  This disclaimer is not a license and does not grant any"
"#  rights to the materials distributed herewith. Except as"
"#  otherwise provided in a valid license issued to you by"
"#  AMD, and to the maximum extent permitted by applicable"
"#  law: (1) THESE MATERIALS ARE MADE AVAILABLE "AS IS" AND"
"#  WITH ALL FAULTS, AND AMD HEREBY DISCLAIMS ALL WARRANTIES"
"#  AND CONDITIONS, EXPRESS, IMPLIED, OR STATUTORY, INCLUDING"
"#  BUT NOT LIMITED TO WARRANTIES OF MERCHANTABILITY, NON-"
"#  INFRINGEMENT, OR FITNESS FOR ANY PARTICULAR PURPOSE; and"
"#  (2) AMD shall not be liable (whether in contract or tort,"
"#  including negligence, or under any other theory of"
"#  liability) for any loss or damage of any kind or nature"
"#  related to, arising under or in connection with these"
"#  materials, including for any direct, or any indirect,"
"#  special, incidental, or consequential loss or damage"
"#  (including loss of data, profits, goodwill, or any type of"
"#  loss or damage suffered as a result of any action brought"
"#  by a third party) even if such damage or loss was"
"#  reasonably foreseeable or AMD had been advised of the"
"#  possibility of the same."
"# "
"#  CRITICAL APPLICATIONS"
"#  AMD products are not designed or intended to be fail-"
"#  safe, or for use in any application requiring fail-safe"
"#  performance, such as life-support or safety devices or"
"#  systems, Class III medical devices, nuclear facilities,"
"#  applications related to the deployment of airbags, or any"
"#  other applications that could lead to death, personal"
"#  injury, or severe property or environmental damage"
"#  (individually and collectively, "Critical"
"#  Applications"). Customer assumes the sole risk and"
"#  liability of any use of AMD products in Critical"
"#  Applications, subject only to applicable laws and"
"#  regulations governing limitations on product liability"
"#  "
"#  THIS COPYRIGHT NOTICE AND DISCLAIMER MUST BE RETAINED AS"
"#  PART OF THIS FILE AT ALL TIMES."
"#  "
"# ////////////////////////////////////////////////////////////////////////////"
"#-----------------------------------------------------------------------------"
"#-----------------------------------------------------------------------------"
"# Device            : xcvm1502vfvc1760"
"# Date              : Thu Jan 05 20:22:13 2023"
"# Revision          : 1.1"
"# Status            : Production "
"# Pkg Spec Revision : v4 "
"# "
"#-----------------------------------------------------------------------------"
"#  Production package specifications are released coincident"
"#  with production release of a particular device."
"#-----------------------------------------------------------------------------"
"#-----------------------------------------------------------------------------"
"#  Modification History"
"#-----------------------------------------------------------------------------"
"# | Date              : Wed Jun 16 13:09:18 2021"
"# | Revision          : 0.1 "
"# | Status            : Evaluation_Only "
"# | Details           : Initial PKG file "
"#-----------------------------------------------------------------------------"
"# | Date              : Wed Sep 29 15:47:32 2021"
"# | Revision          : 1.0 "
"# | Status            : Engineering_Sample "
"# | Details           : Move to Engineering_Sample "
"#-----------------------------------------------------------------------------"
"# | Date              : Mon May 09 15:47:32 2022"
"# | Revision          : 1.0 "
"# | Status            : Production "
"# | Details           : The content in Production is the same as Engineering Sample and move to Production"
"#-----------------------------------------------------------------------------"
"# | Date              : Thu Jan 05 20:22:13 2023"
"# | Revision          : 1.1 "
"# | Status            : Production "
"# | Details           : Update XPIO performance grade"
"#-----------------------------------------------------------------------------"
"#  ASCII Pinout File"
,,,,,
Pin,Pin Name,Bank,I/O Type,Super Logic Region,XPIOPerf,DDRMC ONLY
AE33,GTY_REFCLKN0_103,103,GTY,NA,NA,NA
AD35,GTY_REFCLKN1_103,103,GTY,NA,NA,NA
AE32,GTY_REFCLKP0_103,103,GTY,NA,NA,NA
AD34,GTY_REFCLKP1_103,103,GTY,NA,NA,NA
AR42,GTY_RXN0_103,103,GTY,NA,NA,NA
AN42,GTY_RXN1_103,103,GTY,NA,NA,NA
AL42,GTY_RXN2_103,103,GTY,NA,NA,NA
AJ42,GTY_RXN3_103,103,GTY,NA,NA,NA
AR41,GTY_RXP0_103,103,GTY,NA,NA,NA
AN41,GTY_RXP1_103,103,GTY,NA,NA,NA
AL41,GTY_RXP2_103,103,GTY,NA,NA,NA
AJ41,GTY_RXP3_103,103,GTY,NA,NA,NA
AT39,GTY_TXN0_103,103,GTY,NA,NA,NA
AP39,GTY_TXN1_103,103,GTY,NA,NA,NA
AM39,GTY_TXN2_103,103,GTY,NA,NA,NA
AK39,GTY_TXN3_103,103,GTY,NA,NA,NA
AT38,GTY_TXP0_103,103,GTY,NA,NA,NA
AP38,GTY_TXP1_103,103,GTY,NA,NA,NA
AM38,GTY_TXP2_103,103,GTY,NA,NA,NA
AK38,GTY_TXP3_103,103,GTY,NA,NA,NA
AC33,GTY_REFCLKN0_104,104,GTY,NA,NA,NA
AB35,GTY_REFCLKN1_104,104,GTY,NA,NA,NA
AC32,GTY_REFCLKP0_104,104,GTY,NA,NA,NA
AB34,GTY_REFCLKP1_104,104,GTY,NA,NA,NA
AG42,GTY_RXN0_104,104,GTY,NA,NA,NA
AE42,GTY_RXN1_104,104,GTY,NA,NA,NA
AC42,GTY_RXN2_104,104,GTY,NA,NA,NA
AB40,GTY_RXN3_104,104,GTY,NA,NA,NA
AG41,GTY_RXP0_104,104,GTY,NA,NA,NA
AE41,GTY_RXP1_104,104,GTY,NA,NA,NA
AC41,GTY_RXP2_104,104,GTY,NA,NA,NA
AB39,GTY_RXP3_104,104,GTY,NA,NA,NA
AH39,GTY_TXN0_104,104,GTY,NA,NA,NA
AF39,GTY_TXN1_104,104,GTY,NA,NA,NA
AE37,GTY_TXN2_104,104,GTY,NA,NA,NA
AD39,GTY_TXN3_104,104,GTY,NA,NA,NA
AH38,GTY_TXP0_104,104,GTY,NA,NA,NA
AF38,GTY_TXP1_104,104,GTY,NA,NA,NA
AE36,GTY_TXP2_104,104,GTY,NA,NA,NA
AD38,GTY_TXP3_104,104,GTY,NA,NA,NA
AG37,GTY_AVTTRCAL_LS,105,NA,NA,NA,NA
AA33,GTY_REFCLKN0_105,105,GTY,NA,NA,NA
Y35,GTY_REFCLKN1_105,105,GTY,NA,NA,NA
AA32,GTY_REFCLKP0_105,105,GTY,NA,NA,NA
Y34,GTY_REFCLKP1_105,105,GTY,NA,NA,NA
AG36,GTY_RREF_LS,105,NA,NA,NA,NA
AA42,GTY_RXN0_105,105,GTY,NA,NA,NA
Y40,GTY_RXN1_105,105,GTY,NA,NA,NA
W42,GTY_RXN2_105,105,GTY,NA,NA,NA
V40,GTY_RXN3_105,105,GTY,NA,NA,NA
AA41,GTY_RXP0_105,105,GTY,NA,NA,NA
Y39,GTY_RXP1_105,105,GTY,NA,NA,NA
W41,GTY_RXP2_105,105,GTY,NA,NA,NA
V39,GTY_RXP3_105,105,GTY,NA,NA,NA
AC37,GTY_TXN0_105,105,GTY,NA,NA,NA
AA37,GTY_TXN1_105,105,GTY,NA,NA,NA
W37,GTY_TXN2_105,105,GTY,NA,NA,NA
U37,GTY_TXN3_105,105,GTY,NA,NA,NA
AC36,GTY_TXP0_105,105,GTY,NA,NA,NA
AA36,GTY_TXP1_105,105,GTY,NA,NA,NA
W36,GTY_TXP2_105,105,GTY,NA,NA,NA
U36,GTY_TXP3_105,105,GTY,NA,NA,NA
W33,GTY_REFCLKN0_106,106,GTY,NA,NA,NA
V35,GTY_REFCLKN1_106,106,GTY,NA,NA,NA
W32,GTY_REFCLKP0_106,106,GTY,NA,NA,NA
V34,GTY_REFCLKP1_106,106,GTY,NA,NA,NA
U42,GTY_RXN0_106,106,GTY,NA,NA,NA
R42,GTY_RXN1_106,106,GTY,NA,NA,NA
N42,GTY_RXN2_106,106,GTY,NA,NA,NA
M40,GTY_RXN3_106,106,GTY,NA,NA,NA
U41,GTY_RXP0_106,106,GTY,NA,NA,NA
R41,GTY_RXP1_106,106,GTY,NA,NA,NA
N41,GTY_RXP2_106,106,GTY,NA,NA,NA
M39,GTY_RXP3_106,106,GTY,NA,NA,NA
T39,GTY_TXN0_106,106,GTY,NA,NA,NA
R37,GTY_TXN1_106,106,GTY,NA,NA,NA
P39,GTY_TXN2_106,106,GTY,NA,NA,NA
N37,GTY_TXN3_106,106,GTY,NA,NA,NA
T38,GTY_TXP0_106,106,GTY,NA,NA,NA
R36,GTY_TXP1_106,106,GTY,NA,NA,NA
P38,GTY_TXP2_106,106,GTY,NA,NA,NA
N36,GTY_TXP3_106,106,GTY,NA,NA,NA
AU10,GTY_REFCLKN0_200,200,GTY,NA,NA,NA
AR10,GTY_REFCLKN1_200,200,GTY,NA,NA,NA
AU11,GTY_REFCLKP0_200,200,GTY,NA,NA,NA
AR11,GTY_REFCLKP1_200,200,GTY,NA,NA,NA
BB3,GTY_RXN0_200,200,GTY,NA,NA,NA
AY3,GTY_RXN1_200,200,GTY,NA,NA,NA
AW1,GTY_RXN2_200,200,GTY,NA,NA,NA
AV3,GTY_RXN3_200,200,GTY,NA,NA,NA
BB4,GTY_RXP0_200,200,GTY,NA,NA,NA
AY4,GTY_RXP1_200,200,GTY,NA,NA,NA
AW2,GTY_RXP2_200,200,GTY,NA,NA,NA
AV4,GTY_RXP3_200,200,GTY,NA,NA,NA
BB8,GTY_TXN0_200,200,GTY,NA,NA,NA
BA6,GTY_TXN1_200,200,GTY,NA,NA,NA
AY8,GTY_TXN2_200,200,GTY,NA,NA,NA
AW6,GTY_TXN3_200,200,GTY,NA,NA,NA
BB9,GTY_TXP0_200,200,GTY,NA,NA,NA
BA7,GTY_TXP1_200,200,GTY,NA,NA,NA
AY9,GTY_TXP2_200,200,GTY,NA,NA,NA
AW7,GTY_TXP3_200,200,GTY,NA,NA,NA
AP8,GTY_REFCLKN0_201,201,GTY,NA,NA,NA
AN10,GTY_REFCLKN1_201,201,GTY,NA,NA,NA
AP9,GTY_REFCLKP0_201,201,GTY,NA,NA,NA
AN11,GTY_REFCLKP1_201,201,GTY,NA,NA,NA
AU1,GTY_RXN0_201,201,GTY,NA,NA,NA
AT3,GTY_RXN1_201,201,GTY,NA,NA,NA
AR1,GTY_RXN2_201,201,GTY,NA,NA,NA
AP3,GTY_RXN3_201,201,GTY,NA,NA,NA
AU2,GTY_RXP0_201,201,GTY,NA,NA,NA
AT4,GTY_RXP1_201,201,GTY,NA,NA,NA
AR2,GTY_RXP2_201,201,GTY,NA,NA,NA
AP4,GTY_RXP3_201,201,GTY,NA,NA,NA
AV8,GTY_TXN0_201,201,GTY,NA,NA,NA
AU6,GTY_TXN1_201,201,GTY,NA,NA,NA
AR6,GTY_TXN2_201,201,GTY,NA,NA,NA
AN6,GTY_TXN3_201,201,GTY,NA,NA,NA
AV9,GTY_TXP0_201,201,GTY,NA,NA,NA
AU7,GTY_TXP1_201,201,GTY,NA,NA,NA
AR7,GTY_TXP2_201,201,GTY,NA,NA,NA
AN7,GTY_TXP3_201,201,GTY,NA,NA,NA
AM8,GTY_REFCLKN0_202,202,GTY,NA,NA,NA
AK8,GTY_REFCLKN1_202,202,GTY,NA,NA,NA
AM9,GTY_REFCLKP0_202,202,GTY,NA,NA,NA
AK9,GTY_REFCLKP1_202,202,GTY,NA,NA,NA
AN1,GTY_RXN0_202,202,GTY,NA,NA,NA
AL1,GTY_RXN1_202,202,GTY,NA,NA,NA
AJ1,GTY_RXN2_202,202,GTY,NA,NA,NA
AH3,GTY_RXN3_202,202,GTY,NA,NA,NA
AN2,GTY_RXP0_202,202,GTY,NA,NA,NA
AL2,GTY_RXP1_202,202,GTY,NA,NA,NA
AJ2,GTY_RXP2_202,202,GTY,NA,NA,NA
AH4,GTY_RXP3_202,202,GTY,NA,NA,NA
AM4,GTY_TXN0_202,202,GTY,NA,NA,NA
AL6,GTY_TXN1_202,202,GTY,NA,NA,NA
AK4,GTY_TXN2_202,202,GTY,NA,NA,NA
AJ6,GTY_TXN3_202,202,GTY,NA,NA,NA
AM5,GTY_TXP0_202,202,GTY,NA,NA,NA
AL7,GTY_TXP1_202,202,GTY,NA,NA,NA
AK5,GTY_TXP2_202,202,GTY,NA,NA,NA
AJ7,GTY_TXP3_202,202,GTY,NA,NA,NA
AT8,GTY_AVTTRCAL_RS,203,NA,NA,NA,NA
AH8,GTY_REFCLKN0_203,203,GTY,NA,NA,NA
AF8,GTY_REFCLKN1_203,203,GTY,NA,NA,NA
AH9,GTY_REFCLKP0_203,203,GTY,NA,NA,NA
AF9,GTY_REFCLKP1_203,203,GTY,NA,NA,NA
AT9,GTY_RREF_RS,203,NA,NA,NA,NA
AG1,GTY_RXN0_203,203,GTY,NA,NA,NA
AF3,GTY_RXN1_203,203,GTY,NA,NA,NA
AE1,GTY_RXN2_203,203,GTY,NA,NA,NA
AC1,GTY_RXN3_203,203,GTY,NA,NA,NA
AG2,GTY_RXP0_203,203,GTY,NA,NA,NA
AF4,GTY_RXP1_203,203,GTY,NA,NA,NA
AE2,GTY_RXP2_203,203,GTY,NA,NA,NA
AC2,GTY_RXP3_203,203,GTY,NA,NA,NA
AG6,GTY_TXN0_203,203,GTY,NA,NA,NA
AE6,GTY_TXN1_203,203,GTY,NA,NA,NA
AD4,GTY_TXN2_203,203,GTY,NA,NA,NA
AC6,GTY_TXN3_203,203,GTY,NA,NA,NA
AG7,GTY_TXP0_203,203,GTY,NA,NA,NA
AE7,GTY_TXP1_203,203,GTY,NA,NA,NA
AD5,GTY_TXP2_203,203,GTY,NA,NA,NA
AC7,GTY_TXP3_203,203,GTY,NA,NA,NA
AD8,GTY_REFCLKN0_204,204,GTY,NA,NA,NA
AB8,GTY_REFCLKN1_204,204,GTY,NA,NA,NA
AD9,GTY_REFCLKP0_204,204,GTY,NA,NA,NA
AB9,GTY_REFCLKP1_204,204,GTY,NA,NA,NA
AA1,GTY_RXN0_204,204,GTY,NA,NA,NA
Y3,GTY_RXN1_204,204,GTY,NA,NA,NA
W1,GTY_RXN2_204,204,GTY,NA,NA,NA
V3,GTY_RXN3_204,204,GTY,NA,NA,NA
AA2,GTY_RXP0_204,204,GTY,NA,NA,NA
Y4,GTY_RXP1_204,204,GTY,NA,NA,NA
W2,GTY_RXP2_204,204,GTY,NA,NA,NA
V4,GTY_RXP3_204,204,GTY,NA,NA,NA
AB4,GTY_TXN0_204,204,GTY,NA,NA,NA
AA6,GTY_TXN1_204,204,GTY,NA,NA,NA
W6,GTY_TXN2_204,204,GTY,NA,NA,NA
U6,GTY_TXN3_204,204,GTY,NA,NA,NA
AB5,GTY_TXP0_204,204,GTY,NA,NA,NA
AA7,GTY_TXP1_204,204,GTY,NA,NA,NA
W7,GTY_TXP2_204,204,GTY,NA,NA,NA
U7,GTY_TXP3_204,204,GTY,NA,NA,NA
Y8,GTY_REFCLKN0_205,205,GTY,NA,NA,NA
V8,GTY_REFCLKN1_205,205,GTY,NA,NA,NA
Y9,GTY_REFCLKP0_205,205,GTY,NA,NA,NA
V9,GTY_REFCLKP1_205,205,GTY,NA,NA,NA
U1,GTY_RXN0_205,205,GTY,NA,NA,NA
R1,GTY_RXN1_205,205,GTY,NA,NA,NA
N1,GTY_RXN2_205,205,GTY,NA,NA,NA
M3,GTY_RXN3_205,205,GTY,NA,NA,NA
U2,GTY_RXP0_205,205,GTY,NA,NA,NA
R2,GTY_RXP1_205,205,GTY,NA,NA,NA
N2,GTY_RXP2_205,205,GTY,NA,NA,NA
M4,GTY_RXP3_205,205,GTY,NA,NA,NA
T4,GTY_TXN0_205,205,GTY,NA,NA,NA
R6,GTY_TXN1_205,205,GTY,NA,NA,NA
P4,GTY_TXN2_205,205,GTY,NA,NA,NA
N6,GTY_TXN3_205,205,GTY,NA,NA,NA
T5,GTY_TXP0_205,205,GTY,NA,NA,NA
R7,GTY_TXP1_205,205,GTY,NA,NA,NA
P5,GTY_TXP2_205,205,GTY,NA,NA,NA
N7,GTY_TXP3_205,205,GTY,NA,NA,NA
T8,GTY_REFCLKN0_206,206,GTY,NA,NA,NA
P8,GTY_REFCLKN1_206,206,GTY,NA,NA,NA
T9,GTY_REFCLKP0_206,206,GTY,NA,NA,NA
P9,GTY_REFCLKP1_206,206,GTY,NA,NA,NA
L1,GTY_RXN0_206,206,GTY,NA,NA,NA
K3,GTY_RXN1_206,206,GTY,NA,NA,NA
J1,GTY_RXN2_206,206,GTY,NA,NA,NA
G1,GTY_RXN3_206,206,GTY,NA,NA,NA
L2,GTY_RXP0_206,206,GTY,NA,NA,NA
K4,GTY_RXP1_206,206,GTY,NA,NA,NA
J2,GTY_RXP2_206,206,GTY,NA,NA,NA
G2,GTY_RXP3_206,206,GTY,NA,NA,NA
L6,GTY_TXN0_206,206,GTY,NA,NA,NA
J6,GTY_TXN1_206,206,GTY,NA,NA,NA
H4,GTY_TXN2_206,206,GTY,NA,NA,NA
G6,GTY_TXN3_206,206,GTY,NA,NA,NA
L7,GTY_TXP0_206,206,GTY,NA,NA,NA
J7,GTY_TXP1_206,206,GTY,NA,NA,NA
H5,GTY_TXP2_206,206,GTY,NA,NA,NA
G7,GTY_TXP3_206,206,GTY,NA,NA,NA
M30,IO_L0N_306,306,HDIO,NA,NA,NA
N30,IO_L0P_306,306,HDIO,NA,NA,NA
N23,IO_L10N_306,306,HDIO,NA,NA,NA
P22,IO_L10P_306,306,HDIO,NA,NA,NA
P30,IO_L1N_306,306,HDIO,NA,NA,NA
R30,IO_L1P_306,306,HDIO,NA,NA,NA
M29,IO_L2N_306,306,HDIO,NA,NA,NA
N29,IO_L2P_306,306,HDIO,NA,NA,NA
R29,IO_L3N_306,306,HDIO,NA,NA,NA
R28,IO_L3P_306,306,HDIO,NA,NA,NA
N28,IO_L4N_306,306,HDIO,NA,NA,NA
P28,IO_L4P_306,306,HDIO,NA,NA,NA
M27,IO_L5N_HDGC_306,306,HDIO,NA,NA,NA
N27,IO_L5P_HDGC_306,306,HDIO,NA,NA,NA
P27,IO_L6N_HDGC_306,306,HDIO,NA,NA,NA
P26,IO_L6P_HDGC_306,306,HDIO,NA,NA,NA
M26,IO_L7N_306,306,HDIO,NA,NA,NA
M25,IO_L7P_306,306,HDIO,NA,NA,NA
N25,IO_L8N_306,306,HDIO,NA,NA,NA
P25,IO_L8P_306,306,HDIO,NA,NA,NA
N24,IO_L9N_306,306,HDIO,NA,NA,NA
P23,IO_L9P_306,306,HDIO,NA,NA,NA
P24,VCCO_306,306,NA,NA,NA,NA
T30,VCCO_306,306,NA,NA,NA,NA
P13,IO_L0N_406,406,HDIO,NA,NA,NA
R13,IO_L0P_406,406,HDIO,NA,NA,NA
N22,IO_L10N_406,406,HDIO,NA,NA,NA
P21,IO_L10P_406,406,HDIO,NA,NA,NA
N14,IO_L1N_406,406,HDIO,NA,NA,NA
P15,IO_L1P_406,406,HDIO,NA,NA,NA
M14,IO_L2N_406,406,HDIO,NA,NA,NA
N13,IO_L2P_406,406,HDIO,NA,NA,NA
N15,IO_L3N_406,406,HDIO,NA,NA,NA
P16,IO_L3P_406,406,HDIO,NA,NA,NA
M16,IO_L4N_406,406,HDIO,NA,NA,NA
M15,IO_L4P_406,406,HDIO,NA,NA,NA
P18,IO_L5N_HDGC_406,406,HDIO,NA,NA,NA
P17,IO_L5P_HDGC_406,406,HDIO,NA,NA,NA
M17,IO_L6N_HDGC_406,406,HDIO,NA,NA,NA
N17,IO_L6P_HDGC_406,406,HDIO,NA,NA,NA
N19,IO_L7N_406,406,HDIO,NA,NA,NA
N18,IO_L7P_406,406,HDIO,NA,NA,NA
M20,IO_L8N_406,406,HDIO,NA,NA,NA
M19,IO_L8P_406,406,HDIO,NA,NA,NA
N20,IO_L9N_406,406,HDIO,NA,NA,NA
P20,IO_L9P_406,406,HDIO,NA,NA,NA
P14,VCCO_406,406,NA,NA,NA,NA
P19,VCCO_406,406,NA,NA,NA,NA
AY39,PMC_MIO0_500,500,PMCMIO,NA,NA,NA
BB37,PMC_MIO10_500,500,PMCMIO,NA,NA,NA
BA36,PMC_MIO11_500,500,PMCMIO,NA,NA,NA
AY36,PMC_MIO12_500,500,PMCMIO,NA,NA,NA
AW36,PMC_MIO13_500,500,PMCMIO,NA,NA,NA
AV36,PMC_MIO14_500,500,PMCMIO,NA,NA,NA
AT36,PMC_MIO15_500,500,PMCMIO,NA,NA,NA
AR36,PMC_MIO16_500,500,PMCMIO,NA,NA,NA
AT35,PMC_MIO17_500,500,PMCMIO,NA,NA,NA
AU35,PMC_MIO18_500,500,PMCMIO,NA,NA,NA
AV35,PMC_MIO19_500,500,PMCMIO,NA,NA,NA
BA39,PMC_MIO1_500,500,PMCMIO,NA,NA,NA
AW35,PMC_MIO20_500,500,PMCMIO,NA,NA,NA
BA35,PMC_MIO21_500,500,PMCMIO,NA,NA,NA
BB35,PMC_MIO22_500,500,PMCMIO,NA,NA,NA
BB34,PMC_MIO23_500,500,PMCMIO,NA,NA,NA
BA34,PMC_MIO24_500,500,PMCMIO,NA,NA,NA
AY34,PMC_MIO25_500,500,PMCMIO,NA,NA,NA
BB39,PMC_MIO2_500,500,PMCMIO,NA,NA,NA
BB38,PMC_MIO3_500,500,PMCMIO,NA,NA,NA
AY38,PMC_MIO4_500,500,PMCMIO,NA,NA,NA
AW38,PMC_MIO5_500,500,PMCMIO,NA,NA,NA
AV38,PMC_MIO6_500,500,PMCMIO,NA,NA,NA
AV37,PMC_MIO7_500,500,PMCMIO,NA,NA,NA
AY37,PMC_MIO8_500,500,PMCMIO,NA,NA,NA
BA37,PMC_MIO9_500,500,PMCMIO,NA,NA,NA
AJ32,VCCO_500,500,NA,NA,NA,NA
AK32,VCCO_500,500,NA,NA,NA,NA
AW34,PMC_MIO26_501,501,PMCMIO,NA,NA,NA
AU34,PMC_MIO27_501,501,PMCMIO,NA,NA,NA
AT34,PMC_MIO28_501,501,PMCMIO,NA,NA,NA
AR34,PMC_MIO29_501,501,PMCMIO,NA,NA,NA
AR33,PMC_MIO30_501,501,PMCMIO,NA,NA,NA
AU33,PMC_MIO31_501,501,PMCMIO,NA,NA,NA
AV33,PMC_MIO32_501,501,PMCMIO,NA,NA,NA
AW33,PMC_MIO33_501,501,PMCMIO,NA,NA,NA
AY33,PMC_MIO34_501,501,PMCMIO,NA,NA,NA
BB33,PMC_MIO35_501,501,PMCMIO,NA,NA,NA
BB32,PMC_MIO36_501,501,PMCMIO,NA,NA,NA
BA32,PMC_MIO37_501,501,PMCMIO,NA,NA,NA
AY32,PMC_MIO38_501,501,PMCMIO,NA,NA,NA
AV32,PMC_MIO39_501,501,PMCMIO,NA,NA,NA
AU32,PMC_MIO40_501,501,PMCMIO,NA,NA,NA
AT32,PMC_MIO41_501,501,PMCMIO,NA,NA,NA
AR32,PMC_MIO42_501,501,PMCMIO,NA,NA,NA
AR31,PMC_MIO43_501,501,PMCMIO,NA,NA,NA
AT31,PMC_MIO44_501,501,PMCMIO,NA,NA,NA
AV31,PMC_MIO45_501,501,PMCMIO,NA,NA,NA
AW31,PMC_MIO46_501,501,PMCMIO,NA,NA,NA
AY31,PMC_MIO47_501,501,PMCMIO,NA,NA,NA
BA31,PMC_MIO48_501,501,PMCMIO,NA,NA,NA
AV30,PMC_MIO49_501,501,PMCMIO,NA,NA,NA
AU30,PMC_MIO50_501,501,PMCMIO,NA,NA,NA
AT30,PMC_MIO51_501,501,PMCMIO,NA,NA,NA
AK33,VCCO_501,501,NA,NA,NA,NA
AL33,VCCO_501,501,NA,NA,NA,NA
AJ36,LPD_MIO0_502,502,LPDMIO,NA,NA,NA
AH34,LPD_MIO10_502,502,LPDMIO,NA,NA,NA
AJ34,LPD_MIO11_502,502,LPDMIO,NA,NA,NA
AK34,LPD_MIO12_502,502,LPDMIO,NA,NA,NA
AL34,LPD_MIO13_502,502,LPDMIO,NA,NA,NA
AM34,LPD_MIO14_502,502,LPDMIO,NA,NA,NA
AP34,LPD_MIO15_502,502,LPDMIO,NA,NA,NA
AP33,LPD_MIO16_502,502,LPDMIO,NA,NA,NA
AN33,LPD_MIO17_502,502,LPDMIO,NA,NA,NA
AM33,LPD_MIO18_502,502,LPDMIO,NA,NA,NA
AM32,LPD_MIO19_502,502,LPDMIO,NA,NA,NA
AK36,LPD_MIO1_502,502,LPDMIO,NA,NA,NA
AN32,LPD_MIO20_502,502,LPDMIO,NA,NA,NA
AP31,LPD_MIO21_502,502,LPDMIO,NA,NA,NA
AN31,LPD_MIO22_502,502,LPDMIO,NA,NA,NA
AM31,LPD_MIO23_502,502,LPDMIO,NA,NA,NA
AN30,LPD_MIO24_502,502,LPDMIO,NA,NA,NA
AP30,LPD_MIO25_502,502,LPDMIO,NA,NA,NA
AL36,LPD_MIO2_502,502,LPDMIO,NA,NA,NA
AN36,LPD_MIO3_502,502,LPDMIO,NA,NA,NA
AP36,LPD_MIO4_502,502,LPDMIO,NA,NA,NA
AP35,LPD_MIO5_502,502,LPDMIO,NA,NA,NA
AN35,LPD_MIO6_502,502,LPDMIO,NA,NA,NA
AM35,LPD_MIO7_502,502,LPDMIO,NA,NA,NA
AL35,LPD_MIO8_502,502,LPDMIO,NA,NA,NA
AJ35,LPD_MIO9_502,502,LPDMIO,NA,NA,NA
AG34,VCCO_502,502,NA,NA,NA,NA
AH33,VCCO_502,502,NA,NA,NA,NA
AU41,DONE_503,503,PMCDIO,NA,NA,NA
AV40,ERROR_OUT_503,503,PMCDIO,NA,NA,NA
AW39,MODE0_503,503,PMCDIO,NA,NA,NA
AW40,MODE1_503,503,PMCDIO,NA,NA,NA
BA40,MODE2_503,503,PMCDIO,NA,NA,NA
BB40,MODE3_503,503,PMCDIO,NA,NA,NA
AJ29,POR_B_503,503,PMCDIO,NA,NA,NA
AV41,PUDC_B_503,503,PMCDIO,NA,NA,NA
AF28,REF_CLK_503,503,PMCDIO,NA,NA,NA
AU42,RTC_PADI_503,503,PMCDIO,NA,NA,NA
AV42,RTC_PADO_503,503,PMCDIO,NA,NA,NA
AY42,TCK_503,503,PMCDIO,NA,NA,NA
BA41,TDI_503,503,PMCDIO,NA,NA,NA
AY41,TDO_503,503,PMCDIO,NA,NA,NA
AW41,TMS_503,503,PMCDIO,NA,NA,NA
AG32,VCCO_503,503,NA,NA,NA,NA
AG33,VCCO_503,503,NA,NA,NA,NA
BA27,IO_L0N_XCC_N0P1_M0P1_700,700,XPIO,NA,HIGH,YES
BB28,IO_L0P_XCC_N0P0_M0P0_700,700,XPIO,NA,HIGH,YES
AY24,IO_L10N_N3P3_M0P21_700,700,XPIO,NA,HIGH,YES
AW24,IO_L10P_N3P2_M0P20_700,700,XPIO,NA,HIGH,YES
AY28,IO_L11N_N3P5_M0P23_700,700,XPIO,NA,HIGH,YES
AW29,IO_L11P_N3P4_M0P22_700,700,XPIO,NA,HIGH,YES
AP27,IO_L12N_GC_XCC_N4P1_M0P25_700,700,XPIO,NA,HIGH,YES_PLUS_GC
AP28,IO_L12P_GC_XCC_N4P0_M0P24_700,700,XPIO,NA,HIGH,YES_PLUS_GC
AR29,IO_L13N_N4P3_M0P27_700,700,XPIO,NA,HIGH,YES
AP29,IO_L13P_N4P2_M0P26_700,700,XPIO,NA,HIGH,YES
AR26,IO_L14N_N4P5_M0P29_700,700,XPIO,NA,HIGH,YES
AP25,IO_L14P_N4P4_M0P28_700,700,XPIO,NA,HIGH,YES
AT27,IO_L15N_XCC_N5P1_M0P31_700,700,XPIO,NA,HIGH,YES
AR27,IO_L15P_XCC_N5P0_M0P30_700,700,XPIO,NA,HIGH,YES
AR25,IO_L16N_N5P3_M0P33_700,700,XPIO,NA,HIGH,YES
AP24,IO_L16P_N5P2_M0P32_700,700,XPIO,NA,HIGH,YES
AT28,IO_L17N_N5P5_M0P35_700,700,XPIO,NA,HIGH,YES
AT29,IO_L17P_N5P4_M0P34_700,700,XPIO,NA,HIGH,YES
AN26,IO_L18N_XCC_N6P1_M0P37_700,700,XPIO,NA,HIGH,YES
AM26,IO_L18P_XCC_N6P0_M0P36_700,700,XPIO,NA,HIGH,YES
AN29,IO_L19N_N6P3_M0P39_700,700,XPIO,NA,HIGH,YES
AM29,IO_L19P_N6P2_M0P38_700,700,XPIO,NA,HIGH,YES
BB30,IO_L1N_N0P3_M0P3_700,700,XPIO,NA,HIGH,YES
BA30,IO_L1P_N0P2_M0P2_700,700,XPIO,NA,HIGH,YES
AN24,IO_L20N_N6P5_M0P41_700,700,XPIO,NA,HIGH,YES
AM25,IO_L20P_N6P4_M0P40_700,700,XPIO,NA,HIGH,YES
AK26,IO_L21N_XCC_N7P1_M0P43_700,700,XPIO,NA,HIGH,YES
AL25,IO_L21P_XCC_N7P0_M0P42_700,700,XPIO,NA,HIGH,YES
AL24,IO_L22N_N7P3_M0P45_700,700,XPIO,NA,HIGH,YES
AK24,IO_L22P_N7P2_M0P44_700,700,XPIO,NA,HIGH,YES
AN27,IO_L23N_N7P5_M0P47_700,700,XPIO,NA,HIGH,YES
AM28,IO_L23P_N7P4_M0P46_700,700,XPIO,NA,HIGH,YES
AU26,IO_L24N_GC_XCC_N8P1_M0P49_700,700,XPIO,NA,HIGH,YES_PLUS_GC
AT25,IO_L24P_GC_XCC_N8P0_M0P48_700,700,XPIO,NA,HIGH,YES_PLUS_GC
AV26,IO_L25N_N8P3_M0P51_700,700,XPIO,NA,HIGH,YES
AU27,IO_L25P_N8P2_M0P50_700,700,XPIO,NA,HIGH,YES
AU25,IO_L26N_N8P5_M0P53_700,700,XPIO,NA,HIGH,YES
AT24,IO_L26P_N8P4_M0P52_700,700,XPIO,NA,HIGH,YES
BB25,IO_L2N_N0P5_M0P5_700,700,XPIO,NA,HIGH,YES
BA25,IO_L2P_N0P4_M0P4_700,700,XPIO,NA,HIGH,YES
BB27,IO_L3N_XCC_N1P1_M0P7_700,700,XPIO,NA,HIGH,YES
BA26,IO_L3P_XCC_N1P0_M0P6_700,700,XPIO,NA,HIGH,YES
BB24,IO_L4N_N1P3_M0P9_700,700,XPIO,NA,HIGH,YES
BA24,IO_L4P_N1P2_M0P8_700,700,XPIO,NA,HIGH,YES
BB29,IO_L5N_N1P5_M0P11_700,700,XPIO,NA,HIGH,YES
BA29,IO_L5P_N1P4_M0P10_700,700,XPIO,NA,HIGH,YES
AY27,IO_L6N_GC_XCC_N2P1_M0P13_700,700,XPIO,NA,HIGH,YES_PLUS_GC
AW28,IO_L6P_GC_XCC_N2P0_M0P12_700,700,XPIO,NA,HIGH,YES_PLUS_GC
AY29,IO_L7N_N2P3_M0P15_700,700,XPIO,NA,HIGH,YES
AW30,IO_L7P_N2P2_M0P14_700,700,XPIO,NA,HIGH,YES
AW25,IO_L8N_N2P5_M0P17_700,700,XPIO,NA,HIGH,YES
AV25,IO_L8P_N2P4_M0P16_700,700,XPIO,NA,HIGH,YES
AW26,IO_L9N_GC_XCC_N3P1_M0P19_700,700,XPIO,NA,HIGH,YES_PLUS_GC
AY26,IO_L9P_GC_XCC_N3P0_M0P18_700,700,XPIO,NA,HIGH,YES_PLUS_GC
AK23,IO_VR_700,700,XPIO,NA,HIGH,YES
AU29,VCCO_700,700,NA,NA,HIGH,NA
AV27,VCCO_700,700,NA,NA,HIGH,NA
AV28,VCCO_700,700,NA,NA,HIGH,NA
BA21,IO_L0N_XCC_N0P1_M0P55_701,701,XPIO,NA,HIGH,YES
BB22,IO_L0P_XCC_N0P0_M0P54_701,701,XPIO,NA,HIGH,YES
AY18,IO_L10N_N3P3_M0P75_701,701,XPIO,NA,HIGH,YES
AW18,IO_L10P_N3P2_M0P74_701,701,XPIO,NA,HIGH,YES
AW19,IO_L11N_N3P5_M0P77_701,701,XPIO,NA,HIGH,YES
AV18,IO_L11P_N3P4_M0P76_701,701,XPIO,NA,HIGH,YES
AN23,IO_L12N_GC_XCC_N4P1_M0P79_701,701,XPIO,NA,HIGH,YES_PLUS_GC
AM23,IO_L12P_GC_XCC_N4P0_M0P78_701,701,XPIO,NA,HIGH,YES_PLUS_GC
AL21,IO_L13N_N4P3_M0P81_701,701,XPIO,NA,HIGH,YES
AK21,IO_L13P_N4P2_M0P80_701,701,XPIO,NA,HIGH,YES
AR23,IO_L14N_N4P5_M0P83_701,701,XPIO,NA,HIGH,YES
AP23,IO_L14P_N4P4_M0P82_701,701,XPIO,NA,HIGH,YES
AN21,IO_L15N_XCC_N5P1_M0P85_701,701,XPIO,NA,HIGH,YES
AP21,IO_L15P_XCC_N5P0_M0P84_701,701,XPIO,NA,HIGH,YES
AR21,IO_L16N_N5P3_M0P87_701,701,XPIO,NA,HIGH,YES
AR22,IO_L16P_N5P2_M0P86_701,701,XPIO,NA,HIGH,YES
AM22,IO_L17N_N5P5_M0P89_701,701,XPIO,NA,HIGH,YES
AL22,IO_L17P_N5P4_M0P88_701,701,XPIO,NA,HIGH,YES
AM19,IO_L18N_XCC_N6P1_M0P91_701,701,XPIO,NA,HIGH,YES
AM20,IO_L18P_XCC_N6P0_M0P90_701,701,XPIO,NA,HIGH,YES
AL19,IO_L19N_N6P3_M0P93_701,701,XPIO,NA,HIGH,YES
AK20,IO_L19P_N6P2_M0P92_701,701,XPIO,NA,HIGH,YES
AY23,IO_L1N_N0P3_M0P57_701,701,XPIO,NA,HIGH,YES
AW23,IO_L1P_N0P2_M0P56_701,701,XPIO,NA,HIGH,YES
AP19,IO_L20N_N6P5_M0P95_701,701,XPIO,NA,HIGH,YES
AN18,IO_L20P_N6P4_M0P94_701,701,XPIO,NA,HIGH,YES
AN20,IO_L21N_XCC_N7P1_M0P97_701,701,XPIO,NA,HIGH,YES
AP20,IO_L21P_XCC_N7P0_M0P96_701,701,XPIO,NA,HIGH,YES
AR18,IO_L22N_N7P3_M0P99_701,701,XPIO,NA,HIGH,YES
AR19,IO_L22P_N7P2_M0P98_701,701,XPIO,NA,HIGH,YES
AL18,IO_L23N_N7P5_M0P101_701,701,XPIO,NA,HIGH,YES
AK18,IO_L23P_N7P4_M0P100_701,701,XPIO,NA,HIGH,YES
AU19,IO_L24N_GC_XCC_N8P1_M0P103_701,701,XPIO,NA,HIGH,YES_PLUS_GC
AT20,IO_L24P_GC_XCC_N8P0_M0P102_701,701,XPIO,NA,HIGH,YES_PLUS_GC
AU21,IO_L25N_N8P3_M0P105_701,701,XPIO,NA,HIGH,YES
AT21,IO_L25P_N8P2_M0P104_701,701,XPIO,NA,HIGH,YES
AU18,IO_L26N_N8P5_M0P107_701,701,XPIO,NA,HIGH,YES
AT19,IO_L26P_N8P4_M0P106_701,701,XPIO,NA,HIGH,YES
AV22,IO_L2N_N0P5_M0P59_701,701,XPIO,NA,HIGH,YES
AV23,IO_L2P_N0P4_M0P58_701,701,XPIO,NA,HIGH,YES
AY22,IO_L3N_XCC_N1P1_M0P61_701,701,XPIO,NA,HIGH,YES
AY21,IO_L3P_XCC_N1P0_M0P60_701,701,XPIO,NA,HIGH,YES
AW21,IO_L4N_N1P3_M0P63_701,701,XPIO,NA,HIGH,YES
AV21,IO_L4P_N1P2_M0P62_701,701,XPIO,NA,HIGH,YES
BB23,IO_L5N_N1P5_M0P65_701,701,XPIO,NA,HIGH,YES
BA22,IO_L5P_N1P4_M0P64_701,701,XPIO,NA,HIGH,YES
BA20,IO_L6N_GC_XCC_N2P1_M0P67_701,701,XPIO,NA,HIGH,YES_PLUS_GC
AY19,IO_L6P_GC_XCC_N2P0_M0P66_701,701,XPIO,NA,HIGH,YES_PLUS_GC
AW20,IO_L7N_N2P3_M0P69_701,701,XPIO,NA,HIGH,YES
AV20,IO_L7P_N2P2_M0P68_701,701,XPIO,NA,HIGH,YES
BB18,IO_L8N_N2P5_M0P71_701,701,XPIO,NA,HIGH,YES
BB19,IO_L8P_N2P4_M0P70_701,701,XPIO,NA,HIGH,YES
BB20,IO_L9N_GC_XCC_N3P1_M0P73_701,701,XPIO,NA,HIGH,YES_PLUS_GC
BA19,IO_L9P_GC_XCC_N3P0_M0P72_701,701,XPIO,NA,HIGH,YES_PLUS_GC
AT23,VCCO_701,701,NA,NA,HIGH,NA
AU22,VCCO_701,701,NA,NA,HIGH,NA
AU23,VCCO_701,701,NA,NA,HIGH,NA
BB14,IO_L0N_XCC_N0P1_M0P109_702,702,XPIO,NA,HIGH,YES
BA15,IO_L0P_XCC_N0P0_M0P108_702,702,XPIO,NA,HIGH,YES
AW13,IO_L10N_N3P3_M0P129_702,702,XPIO,NA,HIGH,YES
AV13,IO_L10P_N3P2_M0P128_702,702,XPIO,NA,HIGH,YES
AW16,IO_L11N_N3P5_M0P131_702,702,XPIO,NA,HIGH,YES
AV16,IO_L11P_N3P4_M0P130_702,702,XPIO,NA,HIGH,YES
AP15,IO_L12N_GC_XCC_N4P1_M0P133_702,702,XPIO,NA,HIGH,NO
AN15,IO_L12P_GC_XCC_N4P0_M0P132_702,702,XPIO,NA,HIGH,NO
AR17,IO_L13N_N4P3_M0P135_702,702,XPIO,NA,HIGH,NO
AP17,IO_L13P_N4P2_M0P134_702,702,XPIO,NA,HIGH,NO
AN14,IO_L14N_N4P5_M0P137_702,702,XPIO,NA,HIGH,NO
AM14,IO_L14P_N4P4_M0P136_702,702,XPIO,NA,HIGH,NO
AR15,IO_L15N_XCC_N5P1_M0P139_702,702,XPIO,NA,HIGH,NO
AR14,IO_L15P_XCC_N5P0_M0P138_702,702,XPIO,NA,HIGH,NO
AR13,IO_L16N_N5P3_M0P141_702,702,XPIO,NA,HIGH,NO
AP13,IO_L16P_N5P2_M0P140_702,702,XPIO,NA,HIGH,NO
AP16,IO_L17N_N5P5_M0P143_702,702,XPIO,NA,HIGH,NO
AN17,IO_L17P_N5P4_M0P142_702,702,XPIO,NA,HIGH,NO
AL15,IO_L18N_XCC_N6P1_M0P145_702,702,XPIO,NA,HIGH,NO
AM16,IO_L18P_XCC_N6P0_M0P144_702,702,XPIO,NA,HIGH,NO
AK17,IO_L19N_N6P3_M0P147_702,702,XPIO,NA,HIGH,NO
AJ17,IO_L19P_N6P2_M0P146_702,702,XPIO,NA,HIGH,NO
BB17,IO_L1N_N0P3_M0P111_702,702,XPIO,NA,HIGH,YES
BA17,IO_L1P_N0P2_M0P110_702,702,XPIO,NA,HIGH,YES
AM13,IO_L20N_N6P5_M0P149_702,702,XPIO,NA,HIGH,NO
AL13,IO_L20P_N6P4_M0P148_702,702,XPIO,NA,HIGH,NO
AK15,IO_L21N_XCC_N7P1_M0P151_702,702,XPIO,NA,HIGH,NO
AJ16,IO_L21P_XCC_N7P0_M0P150_702,702,XPIO,NA,HIGH,NO
AK14,IO_L22N_N7P3_M0P153_702,702,XPIO,NA,HIGH,NO
AJ14,IO_L22P_N7P2_M0P152_702,702,XPIO,NA,HIGH,NO
AM17,IO_L23N_N7P5_M0P155_702,702,XPIO,NA,HIGH,NO
AL16,IO_L23P_N7P4_M0P154_702,702,XPIO,NA,HIGH,NO
AU14,IO_L24N_GC_XCC_N8P1_M0P157_702,702,XPIO,NA,HIGH,NO
AT15,IO_L24P_GC_XCC_N8P0_M0P156_702,702,XPIO,NA,HIGH,NO
AU15,IO_L25N_N8P3_M0P159_702,702,XPIO,NA,HIGH,NO
AT16,IO_L25P_N8P2_M0P158_702,702,XPIO,NA,HIGH,NO
AU13,IO_L26N_N8P5_M0P161_702,702,XPIO,NA,HIGH,NO
AT13,IO_L26P_N8P4_M0P160_702,702,XPIO,NA,HIGH,NO
BB12,IO_L2N_N0P5_M0P113_702,702,XPIO,NA,HIGH,YES
BA12,IO_L2P_N0P4_M0P112_702,702,XPIO,NA,HIGH,YES
BA14,IO_L3N_XCC_N1P1_M0P115_702,702,XPIO,NA,HIGH,YES
BB13,IO_L3P_XCC_N1P0_M0P114_702,702,XPIO,NA,HIGH,YES
BA11,IO_L4N_N1P3_M0P117_702,702,XPIO,NA,HIGH,YES
AY11,IO_L4P_N1P2_M0P116_702,702,XPIO,NA,HIGH,YES
BB15,IO_L5N_N1P5_M0P119_702,702,XPIO,NA,HIGH,YES
BA16,IO_L5P_N1P4_M0P118_702,702,XPIO,NA,HIGH,YES
AV15,IO_L6N_GC_XCC_N2P1_M0P121_702,702,XPIO,NA,HIGH,YES_PLUS_GC
AW15,IO_L6P_GC_XCC_N2P0_M0P120_702,702,XPIO,NA,HIGH,YES_PLUS_GC
AY16,IO_L7N_N2P3_M0P123_702,702,XPIO,NA,HIGH,YES
AY17,IO_L7P_N2P2_M0P122_702,702,XPIO,NA,HIGH,YES
AY12,IO_L8N_N2P5_M0P125_702,702,XPIO,NA,HIGH,YES
AY13,IO_L8P_N2P4_M0P124_702,702,XPIO,NA,HIGH,YES
AY14,IO_L9N_GC_XCC_N3P1_M0P127_702,702,XPIO,NA,HIGH,YES_PLUS_GC
AW14,IO_L9P_GC_XCC_N3P0_M0P126_702,702,XPIO,NA,HIGH,YES_PLUS_GC
AT17,VCCO_702,702,NA,NA,HIGH,NA
AU17,VCCO_702,702,NA,NA,HIGH,NA
AV17,VCCO_702,702,NA,NA,HIGH,NA
A32,IO_L0N_XCC_N0P1_M1P1_703,703,XPIO,NA,MEDIUM,NO
B31,IO_L0P_XCC_N0P0_M1P0_703,703,XPIO,NA,MEDIUM,NO
D30,IO_L10N_N3P3_M1P21_703,703,XPIO,NA,MEDIUM,NO
E30,IO_L10P_N3P2_M1P20_703,703,XPIO,NA,MEDIUM,NO
E34,IO_L11N_N3P5_M1P23_703,703,XPIO,NA,MEDIUM,NO
F34,IO_L11P_N3P4_M1P22_703,703,XPIO,NA,MEDIUM,NO
J30,IO_L12N_GC_XCC_N4P1_M1P25_703,703,XPIO,NA,MEDIUM,NO
H30,IO_L12P_GC_XCC_N4P0_M1P24_703,703,XPIO,NA,MEDIUM,NO
H32,IO_L13N_N4P3_M1P27_703,703,XPIO,NA,MEDIUM,NO
J33,IO_L13P_N4P2_M1P26_703,703,XPIO,NA,MEDIUM,NO
K29,IO_L14N_N4P5_M1P29_703,703,XPIO,NA,MEDIUM,NO
K28,IO_L14P_N4P4_M1P28_703,703,XPIO,NA,MEDIUM,NO
J31,IO_L15N_XCC_N5P1_M1P31_703,703,XPIO,NA,MEDIUM,NO
J32,IO_L15P_XCC_N5P0_M1P30_703,703,XPIO,NA,MEDIUM,NO
G29,IO_L16N_N5P3_M1P33_703,703,XPIO,NA,MEDIUM,NO
H29,IO_L16P_N5P2_M1P32_703,703,XPIO,NA,MEDIUM,NO
H34,IO_L17N_N5P5_M1P35_703,703,XPIO,NA,MEDIUM,NO
H33,IO_L17P_N5P4_M1P34_703,703,XPIO,NA,MEDIUM,NO
M31,IO_L18N_XCC_N6P1_M1P37_703,703,XPIO,NA,MEDIUM,NO
L31,IO_L18P_XCC_N6P0_M1P36_703,703,XPIO,NA,MEDIUM,NO
K33,IO_L19N_N6P3_M1P39_703,703,XPIO,NA,MEDIUM,NO
L33,IO_L19P_N6P2_M1P38_703,703,XPIO,NA,MEDIUM,NO
A34,IO_L1N_N0P3_M1P3_703,703,XPIO,NA,MEDIUM,NO
A33,IO_L1P_N0P2_M1P2_703,703,XPIO,NA,MEDIUM,NO
L29,IO_L20N_N6P5_M1P41_703,703,XPIO,NA,MEDIUM,NO
L28,IO_L20P_N6P4_M1P40_703,703,XPIO,NA,MEDIUM,NO
L32,IO_L21N_XCC_N7P1_M1P43_703,703,XPIO,NA,MEDIUM,NO
M32,IO_L21P_XCC_N7P0_M1P42_703,703,XPIO,NA,MEDIUM,NO
K31,IO_L22N_N7P3_M1P45_703,703,XPIO,NA,MEDIUM,NO
K30,IO_L22P_N7P2_M1P44_703,703,XPIO,NA,MEDIUM,NO
K34,IO_L23N_N7P5_M1P47_703,703,XPIO,NA,MEDIUM,NO
L34,IO_L23P_N7P4_M1P46_703,703,XPIO,NA,MEDIUM,NO
F32,IO_L24N_GC_XCC_N8P1_M1P49_703,703,XPIO,NA,MEDIUM,NO
G32,IO_L24P_GC_XCC_N8P0_M1P48_703,703,XPIO,NA,MEDIUM,NO
F33,IO_L25N_N8P3_M1P51_703,703,XPIO,NA,MEDIUM,NO
G34,IO_L25P_N8P2_M1P50_703,703,XPIO,NA,MEDIUM,NO
F31,IO_L26N_N8P5_M1P53_703,703,XPIO,NA,MEDIUM,NO
G31,IO_L26P_N8P4_M1P52_703,703,XPIO,NA,MEDIUM,NO
A29,IO_L2N_N0P5_M1P5_703,703,XPIO,NA,MEDIUM,NO
B29,IO_L2P_N0P4_M1P4_703,703,XPIO,NA,MEDIUM,NO
B32,IO_L3N_XCC_N1P1_M1P7_703,703,XPIO,NA,MEDIUM,NO
C33,IO_L3P_XCC_N1P0_M1P6_703,703,XPIO,NA,MEDIUM,NO
A31,IO_L4N_N1P3_M1P9_703,703,XPIO,NA,MEDIUM,NO
B30,IO_L4P_N1P2_M1P8_703,703,XPIO,NA,MEDIUM,NO
B34,IO_L5N_N1P5_M1P11_703,703,XPIO,NA,MEDIUM,NO
C34,IO_L5P_N1P4_M1P10_703,703,XPIO,NA,MEDIUM,NO
E31,IO_L6N_GC_XCC_N2P1_M1P13_703,703,XPIO,NA,MEDIUM,NO
D31,IO_L6P_GC_XCC_N2P0_M1P12_703,703,XPIO,NA,MEDIUM,NO
D33,IO_L7N_N2P3_M1P15_703,703,XPIO,NA,MEDIUM,NO
E33,IO_L7P_N2P2_M1P14_703,703,XPIO,NA,MEDIUM,NO
C30,IO_L8N_N2P5_M1P17_703,703,XPIO,NA,MEDIUM,NO
C29,IO_L8P_N2P4_M1P16_703,703,XPIO,NA,MEDIUM,NO
C32,IO_L9N_GC_XCC_N3P1_M1P19_703,703,XPIO,NA,MEDIUM,NO
D32,IO_L9P_GC_XCC_N3P0_M1P18_703,703,XPIO,NA,MEDIUM,NO
E29,VCCO_703,703,NA,NA,MEDIUM,NA
F29,VCCO_703,703,NA,NA,MEDIUM,NA
G30,VCCO_703,703,NA,NA,MEDIUM,NA
B26,IO_L0N_XCC_N0P1_M1P55_704,704,XPIO,NA,MEDIUM,NO
C27,IO_L0P_XCC_N0P0_M1P54_704,704,XPIO,NA,MEDIUM,NO
D25,IO_L10N_N3P3_M1P75_704,704,XPIO,NA,MEDIUM,NO
E25,IO_L10P_N3P2_M1P74_704,704,XPIO,NA,MEDIUM,NO
A23,IO_L11N_N3P5_M1P77_704,704,XPIO,NA,MEDIUM,NO
B24,IO_L11P_N3P4_M1P76_704,704,XPIO,NA,MEDIUM,NO
J28,IO_L12N_GC_XCC_N4P1_M1P79_704,704,XPIO,NA,MEDIUM,NO
H27,IO_L12P_GC_XCC_N4P0_M1P78_704,704,XPIO,NA,MEDIUM,NO
H25,IO_L13N_N4P3_M1P81_704,704,XPIO,NA,MEDIUM,NO
J25,IO_L13P_N4P2_M1P80_704,704,XPIO,NA,MEDIUM,NO
K26,IO_L14N_N4P5_M1P83_704,704,XPIO,NA,MEDIUM,NO
K25,IO_L14P_N4P4_M1P82_704,704,XPIO,NA,MEDIUM,NO
J27,IO_L15N_XCC_N5P1_M1P85_704,704,XPIO,NA,MEDIUM,NO
J26,IO_L15P_XCC_N5P0_M1P84_704,704,XPIO,NA,MEDIUM,NO
L27,IO_L16N_N5P3_M1P87_704,704,XPIO,NA,MEDIUM,NO
L26,IO_L16P_N5P2_M1P86_704,704,XPIO,NA,MEDIUM,NO
G27,IO_L17N_N5P5_M1P89_704,704,XPIO,NA,MEDIUM,NO
H28,IO_L17P_N5P4_M1P88_704,704,XPIO,NA,MEDIUM,NO
K24,IO_L18N_XCC_N6P1_M1P91_704,704,XPIO,NA,MEDIUM,NO
J23,IO_L18P_XCC_N6P0_M1P90_704,704,XPIO,NA,MEDIUM,NO
H22,IO_L19N_N6P3_M1P93_704,704,XPIO,NA,MEDIUM,NO
J22,IO_L19P_N6P2_M1P92_704,704,XPIO,NA,MEDIUM,NO
D26,IO_L1N_N0P3_M1P57_704,704,XPIO,NA,MEDIUM,NO
E26,IO_L1P_N0P2_M1P56_704,704,XPIO,NA,MEDIUM,NO
L23,IO_L20N_N6P5_M1P95_704,704,XPIO,NA,MEDIUM,NO
M24,IO_L20P_N6P4_M1P94_704,704,XPIO,NA,MEDIUM,NO
K23,IO_L21N_XCC_N7P1_M1P97_704,704,XPIO,NA,MEDIUM,NO
L24,IO_L21P_XCC_N7P0_M1P96_704,704,XPIO,NA,MEDIUM,NO
L22,IO_L22N_N7P3_M1P99_704,704,XPIO,NA,MEDIUM,NO
M22,IO_L22P_N7P2_M1P98_704,704,XPIO,NA,MEDIUM,NO
H24,IO_L23N_N7P5_M1P101_704,704,XPIO,NA,MEDIUM,NO
H23,IO_L23P_N7P4_M1P100_704,704,XPIO,NA,MEDIUM,NO
F26,IO_L24N_GC_XCC_N8P1_M1P103_704,704,XPIO,NA,MEDIUM,NO
G26,IO_L24P_GC_XCC_N8P0_M1P102_704,704,XPIO,NA,MEDIUM,NO
G25,IO_L25N_N8P3_M1P105_704,704,XPIO,NA,MEDIUM,NO
G24,IO_L25P_N8P2_M1P104_704,704,XPIO,NA,MEDIUM,NO
F28,IO_L26N_N8P5_M1P107_704,704,XPIO,NA,MEDIUM,NO
F27,IO_L26P_N8P4_M1P106_704,704,XPIO,NA,MEDIUM,NO
A28,IO_L2N_N0P5_M1P59_704,704,XPIO,NA,MEDIUM,NO
A27,IO_L2P_N0P4_M1P58_704,704,XPIO,NA,MEDIUM,NO
A26,IO_L3N_XCC_N1P1_M1P61_704,704,XPIO,NA,MEDIUM,NO
B27,IO_L3P_XCC_N1P0_M1P60_704,704,XPIO,NA,MEDIUM,NO
D28,IO_L4N_N1P3_M1P63_704,704,XPIO,NA,MEDIUM,NO
E28,IO_L4P_N1P2_M1P62_704,704,XPIO,NA,MEDIUM,NO
C28,IO_L5N_N1P5_M1P65_704,704,XPIO,NA,MEDIUM,NO
D27,IO_L5P_N1P4_M1P64_704,704,XPIO,NA,MEDIUM,NO
B25,IO_L6N_GC_XCC_N2P1_M1P67_704,704,XPIO,NA,MEDIUM,NO
A24,IO_L6P_GC_XCC_N2P0_M1P66_704,704,XPIO,NA,MEDIUM,NO
C23,IO_L7N_N2P3_M1P69_704,704,XPIO,NA,MEDIUM,NO
D23,IO_L7P_N2P2_M1P68_704,704,XPIO,NA,MEDIUM,NO
E24,IO_L8N_N2P5_M1P71_704,704,XPIO,NA,MEDIUM,NO
E23,IO_L8P_N2P4_M1P70_704,704,XPIO,NA,MEDIUM,NO
C24,IO_L9N_GC_XCC_N3P1_M1P73_704,704,XPIO,NA,MEDIUM,NO
C25,IO_L9P_GC_XCC_N3P0_M1P72_704,704,XPIO,NA,MEDIUM,NO
F23,VCCO_704,704,NA,NA,MEDIUM,NA
F24,VCCO_704,704,NA,NA,MEDIUM,NA
G22,VCCO_704,704,NA,NA,MEDIUM,NA
B19,IO_L0N_XCC_N0P1_M1P109_705,705,XPIO,NA,MEDIUM,NO
A18,IO_L0P_XCC_N0P0_M1P108_705,705,XPIO,NA,MEDIUM,NO
C22,IO_L10N_N3P3_M1P129_705,705,XPIO,NA,MEDIUM,NO
D22,IO_L10P_N3P2_M1P128_705,705,XPIO,NA,MEDIUM,NO
C17,IO_L11N_N3P5_M1P131_705,705,XPIO,NA,MEDIUM,NO
D17,IO_L11P_N3P4_M1P130_705,705,XPIO,NA,MEDIUM,NO
G19,IO_L12N_GC_XCC_N4P1_M1P133_705,705,XPIO,NA,MEDIUM,NO
H19,IO_L12P_GC_XCC_N4P0_M1P132_705,705,XPIO,NA,MEDIUM,NO
G17,IO_L13N_N4P3_M1P135_705,705,XPIO,NA,MEDIUM,NO
H17,IO_L13P_N4P2_M1P134_705,705,XPIO,NA,MEDIUM,NO
J21,IO_L14N_N4P5_M1P137_705,705,XPIO,NA,MEDIUM,NO
J20,IO_L14P_N4P4_M1P136_705,705,XPIO,NA,MEDIUM,NO
H20,IO_L15N_XCC_N5P1_M1P139_705,705,XPIO,NA,MEDIUM,NO
G20,IO_L15P_XCC_N5P0_M1P138_705,705,XPIO,NA,MEDIUM,NO
F22,IO_L16N_N5P3_M1P141_705,705,XPIO,NA,MEDIUM,NO
G21,IO_L16P_N5P2_M1P140_705,705,XPIO,NA,MEDIUM,NO
H18,IO_L17N_N5P5_M1P143_705,705,XPIO,NA,MEDIUM,NO
J18,IO_L17P_N5P4_M1P142_705,705,XPIO,NA,MEDIUM,NO
L18,IO_L18N_XCC_N6P1_M1P145_705,705,XPIO,NA,MEDIUM,NO
K18,IO_L18P_XCC_N6P0_M1P144_705,705,XPIO,NA,MEDIUM,NO
J17,IO_L19N_N6P3_M1P147_705,705,XPIO,NA,MEDIUM,NO
K16,IO_L19P_N6P2_M1P146_705,705,XPIO,NA,MEDIUM,NO
A16,IO_L1N_N0P3_M1P111_705,705,XPIO,NA,MEDIUM,NO
B16,IO_L1P_N0P2_M1P110_705,705,XPIO,NA,MEDIUM,NO
K21,IO_L20N_N6P5_M1P149_705,705,XPIO,NA,MEDIUM,NO
K20,IO_L20P_N6P4_M1P148_705,705,XPIO,NA,MEDIUM,NO
K19,IO_L21N_XCC_N7P1_M1P151_705,705,XPIO,NA,MEDIUM,NO
L19,IO_L21P_XCC_N7P0_M1P150_705,705,XPIO,NA,MEDIUM,NO
L21,IO_L22N_N7P3_M1P153_705,705,XPIO,NA,MEDIUM,NO
M21,IO_L22P_N7P2_M1P152_705,705,XPIO,NA,MEDIUM,NO
L17,IO_L23N_N7P5_M1P155_705,705,XPIO,NA,MEDIUM,NO
L16,IO_L23P_N7P4_M1P154_705,705,XPIO,NA,MEDIUM,NO
E19,IO_L24N_GC_XCC_N8P1_M1P157_705,705,XPIO,NA,MEDIUM,NO
E18,IO_L24P_GC_XCC_N8P0_M1P156_705,705,XPIO,NA,MEDIUM,NO
F17,IO_L25N_N8P3_M1P159_705,705,XPIO,NA,MEDIUM,NO
F16,IO_L25P_N8P2_M1P158_705,705,XPIO,NA,MEDIUM,NO
E21,IO_L26N_N8P5_M1P161_705,705,XPIO,NA,MEDIUM,NO
E20,IO_L26P_N8P4_M1P160_705,705,XPIO,NA,MEDIUM,NO
A21,IO_L2N_N0P5_M1P113_705,705,XPIO,NA,MEDIUM,NO
B21,IO_L2P_N0P4_M1P112_705,705,XPIO,NA,MEDIUM,NO
A19,IO_L3N_XCC_N1P1_M1P115_705,705,XPIO,NA,MEDIUM,NO
B20,IO_L3P_XCC_N1P0_M1P114_705,705,XPIO,NA,MEDIUM,NO
A22,IO_L4N_N1P3_M1P117_705,705,XPIO,NA,MEDIUM,NO
B22,IO_L4P_N1P2_M1P116_705,705,XPIO,NA,MEDIUM,NO
A17,IO_L5N_N1P5_M1P119_705,705,XPIO,NA,MEDIUM,NO
B17,IO_L5P_N1P4_M1P118_705,705,XPIO,NA,MEDIUM,NO
D18,IO_L6N_GC_XCC_N2P1_M1P121_705,705,XPIO,NA,MEDIUM,NO
C18,IO_L6P_GC_XCC_N2P0_M1P120_705,705,XPIO,NA,MEDIUM,NO
D16,IO_L7N_N2P3_M1P123_705,705,XPIO,NA,MEDIUM,NO
E16,IO_L7P_N2P2_M1P122_705,705,XPIO,NA,MEDIUM,NO
C20,IO_L8N_N2P5_M1P125_705,705,XPIO,NA,MEDIUM,NO
D21,IO_L8P_N2P4_M1P124_705,705,XPIO,NA,MEDIUM,NO
C19,IO_L9N_GC_XCC_N3P1_M1P127_705,705,XPIO,NA,MEDIUM,NO
D20,IO_L9P_GC_XCC_N3P0_M1P126_705,705,XPIO,NA,MEDIUM,NO
F18,VCCO_705,705,NA,NA,MEDIUM,NA
F19,VCCO_705,705,NA,NA,MEDIUM,NA
F21,VCCO_705,705,NA,NA,MEDIUM,NA
A11,IO_L0N_XCC_N0P1_M2P1_706,706,XPIO,NA,MEDIUM,NO
B11,IO_L0P_XCC_N0P0_M2P0_706,706,XPIO,NA,MEDIUM,NO
C12,IO_L10N_N3P3_M2P21_706,706,XPIO,NA,MEDIUM,NO
D11,IO_L10P_N3P2_M2P20_706,706,XPIO,NA,MEDIUM,NO
E15,IO_L11N_N3P5_M2P23_706,706,XPIO,NA,MEDIUM,NO
E14,IO_L11P_N3P4_M2P22_706,706,XPIO,NA,MEDIUM,NO
H13,IO_L12N_GC_XCC_N4P1_M2P25_706,706,XPIO,NA,MEDIUM,NO
G12,IO_L12P_GC_XCC_N4P0_M2P24_706,706,XPIO,NA,MEDIUM,NO
H15,IO_L13N_N4P3_M2P27_706,706,XPIO,NA,MEDIUM,NO
J16,IO_L13P_N4P2_M2P26_706,706,XPIO,NA,MEDIUM,NO
G10,IO_L14N_N4P5_M2P29_706,706,XPIO,NA,MEDIUM,NO
G9,IO_L14P_N4P4_M2P28_706,706,XPIO,NA,MEDIUM,NO
H14,IO_L15N_XCC_N5P1_M2P31_706,706,XPIO,NA,MEDIUM,NO
G14,IO_L15P_XCC_N5P0_M2P30_706,706,XPIO,NA,MEDIUM,NO
G11,IO_L16N_N5P3_M2P33_706,706,XPIO,NA,MEDIUM,NO
H12,IO_L16P_N5P2_M2P32_706,706,XPIO,NA,MEDIUM,NO
G16,IO_L17N_N5P5_M2P35_706,706,XPIO,NA,MEDIUM,NO
G15,IO_L17P_N5P4_M2P34_706,706,XPIO,NA,MEDIUM,NO
K13,IO_L18N_XCC_N6P1_M2P37_706,706,XPIO,NA,MEDIUM,NO
J12,IO_L18P_XCC_N6P0_M2P36_706,706,XPIO,NA,MEDIUM,NO
L14,IO_L19N_N6P3_M2P39_706,706,XPIO,NA,MEDIUM,NO
L13,IO_L19P_N6P2_M2P38_706,706,XPIO,NA,MEDIUM,NO
A13,IO_L1N_N0P3_M2P3_706,706,XPIO,NA,MEDIUM,NO
B14,IO_L1P_N0P2_M2P2_706,706,XPIO,NA,MEDIUM,NO
L12,IO_L20N_N6P5_M2P41_706,706,XPIO,NA,MEDIUM,NO
L11,IO_L20P_N6P4_M2P40_706,706,XPIO,NA,MEDIUM,NO
J13,IO_L21N_XCC_N7P1_M2P43_706,706,XPIO,NA,MEDIUM,NO
K14,IO_L21P_XCC_N7P0_M2P42_706,706,XPIO,NA,MEDIUM,NO
J11,IO_L22N_N7P3_M2P45_706,706,XPIO,NA,MEDIUM,NO
K11,IO_L22P_N7P2_M2P44_706,706,XPIO,NA,MEDIUM,NO
J15,IO_L23N_N7P5_M2P47_706,706,XPIO,NA,MEDIUM,NO
K15,IO_L23P_N7P4_M2P46_706,706,XPIO,NA,MEDIUM,NO
E10,IO_L24N_GC_XCC_N8P1_M2P49_706,706,XPIO,NA,MEDIUM,NO
F11,IO_L24P_GC_XCC_N8P0_M2P48_706,706,XPIO,NA,MEDIUM,NO
E11,IO_L25N_N8P3_M2P51_706,706,XPIO,NA,MEDIUM,NO
F12,IO_L25P_N8P2_M2P50_706,706,XPIO,NA,MEDIUM,NO
E9,IO_L26N_N8P5_M2P53_706,706,XPIO,NA,MEDIUM,NO
F9,IO_L26P_N8P4_M2P52_706,706,XPIO,NA,MEDIUM,NO
A9,IO_L2N_N0P5_M2P5_706,706,XPIO,NA,MEDIUM,NO
B9,IO_L2P_N0P4_M2P4_706,706,XPIO,NA,MEDIUM,NO
B12,IO_L3N_XCC_N1P1_M2P7_706,706,XPIO,NA,MEDIUM,NO
A12,IO_L3P_XCC_N1P0_M2P6_706,706,XPIO,NA,MEDIUM,NO
B10,IO_L4N_N1P3_M2P9_706,706,XPIO,NA,MEDIUM,NO
C9,IO_L4P_N1P2_M2P8_706,706,XPIO,NA,MEDIUM,NO
A14,IO_L5N_N1P5_M2P11_706,706,XPIO,NA,MEDIUM,NO
B15,IO_L5P_N1P4_M2P10_706,706,XPIO,NA,MEDIUM,NO
C13,IO_L6N_GC_XCC_N2P1_M2P13_706,706,XPIO,NA,MEDIUM,NO
D12,IO_L6P_GC_XCC_N2P0_M2P12_706,706,XPIO,NA,MEDIUM,NO
C15,IO_L7N_N2P3_M2P15_706,706,XPIO,NA,MEDIUM,NO
D15,IO_L7P_N2P2_M2P14_706,706,XPIO,NA,MEDIUM,NO
C10,IO_L8N_N2P5_M2P17_706,706,XPIO,NA,MEDIUM,NO
D10,IO_L8P_N2P4_M2P16_706,706,XPIO,NA,MEDIUM,NO
D13,IO_L9N_GC_XCC_N3P1_M2P19_706,706,XPIO,NA,MEDIUM,NO
C14,IO_L9P_GC_XCC_N3P0_M2P18_706,706,XPIO,NA,MEDIUM,NO
E13,VCCO_706,706,NA,NA,MEDIUM,NA
F13,VCCO_706,706,NA,NA,MEDIUM,NA
F14,VCCO_706,706,NA,NA,MEDIUM,NA
A10,GND,NA,NA,NA,NA,NA
A15,GND,NA,NA,NA,NA,NA
A2,GND,NA,NA,NA,NA,NA
A20,GND,NA,NA,NA,NA,NA
A25,GND,NA,NA,NA,NA,NA
A3,GND,NA,NA,NA,NA,NA
A30,GND,NA,NA,NA,NA,NA
A35,GND,NA,NA,NA,NA,NA
A38,GND,NA,NA,NA,NA,NA
A39,GND,NA,NA,NA,NA,NA
A4,GND,NA,NA,NA,NA,NA
A40,GND,NA,NA,NA,NA,NA
A41,GND,NA,NA,NA,NA,NA
A5,GND,NA,NA,NA,NA,NA
A8,GND,NA,NA,NA,NA,NA
AA10,GND,NA,NA,NA,NA,NA
AA12,GND,NA,NA,NA,NA,NA
AA14,GND,NA,NA,NA,NA,NA
AA16,GND,NA,NA,NA,NA,NA
AA18,GND,NA,NA,NA,NA,NA
AA26,GND,NA,NA,NA,NA,NA
AA3,GND,NA,NA,NA,NA,NA
AA30,GND,NA,NA,NA,NA,NA
AA31,GND,NA,NA,NA,NA,NA
AA35,GND,NA,NA,NA,NA,NA
AA38,GND,NA,NA,NA,NA,NA
AA39,GND,NA,NA,NA,NA,NA
AA4,GND,NA,NA,NA,NA,NA
AA40,GND,NA,NA,NA,NA,NA
AA5,GND,NA,NA,NA,NA,NA
AA8,GND,NA,NA,NA,NA,NA
AB1,GND,NA,NA,NA,NA,NA
AB12,GND,NA,NA,NA,NA,NA
AB13,GND,NA,NA,NA,NA,NA
AB15,GND,NA,NA,NA,NA,NA
AB17,GND,NA,NA,NA,NA,NA
AB2,GND,NA,NA,NA,NA,NA
AB25,GND,NA,NA,NA,NA,NA
AB29,GND,NA,NA,NA,NA,NA
AB3,GND,NA,NA,NA,NA,NA
AB31,GND,NA,NA,NA,NA,NA
AB33,GND,NA,NA,NA,NA,NA
AB37,GND,NA,NA,NA,NA,NA
AB38,GND,NA,NA,NA,NA,NA
AB41,GND,NA,NA,NA,NA,NA
AB42,GND,NA,NA,NA,NA,NA
AB6,GND,NA,NA,NA,NA,NA
AB7,GND,NA,NA,NA,NA,NA
AC10,GND,NA,NA,NA,NA,NA
AC12,GND,NA,NA,NA,NA,NA
AC14,GND,NA,NA,NA,NA,NA
AC16,GND,NA,NA,NA,NA,NA
AC18,GND,NA,NA,NA,NA,NA
AC26,GND,NA,NA,NA,NA,NA
AC3,GND,NA,NA,NA,NA,NA
AC31,GND,NA,NA,NA,NA,NA
AC35,GND,NA,NA,NA,NA,NA
AC38,GND,NA,NA,NA,NA,NA
AC39,GND,NA,NA,NA,NA,NA
AC4,GND,NA,NA,NA,NA,NA
AC40,GND,NA,NA,NA,NA,NA
AC5,GND,NA,NA,NA,NA,NA
AC8,GND,NA,NA,NA,NA,NA
AD1,GND,NA,NA,NA,NA,NA
AD12,GND,NA,NA,NA,NA,NA
AD13,GND,NA,NA,NA,NA,NA
AD15,GND,NA,NA,NA,NA,NA
AD17,GND,NA,NA,NA,NA,NA
AD2,GND,NA,NA,NA,NA,NA
AD25,GND,NA,NA,NA,NA,NA
AD27,GND,NA,NA,NA,NA,NA
AD29,GND,NA,NA,NA,NA,NA
AD3,GND,NA,NA,NA,NA,NA
AD31,GND,NA,NA,NA,NA,NA
AD33,GND,NA,NA,NA,NA,NA
AD36,GND,NA,NA,NA,NA,NA
AD40,GND,NA,NA,NA,NA,NA
AD41,GND,NA,NA,NA,NA,NA
AD42,GND,NA,NA,NA,NA,NA
AD6,GND,NA,NA,NA,NA,NA
AD7,GND,NA,NA,NA,NA,NA
AE10,GND,NA,NA,NA,NA,NA
AE12,GND,NA,NA,NA,NA,NA
AE14,GND,NA,NA,NA,NA,NA
AE16,GND,NA,NA,NA,NA,NA
AE18,GND,NA,NA,NA,NA,NA
AE19,GND,NA,NA,NA,NA,NA
AE22,GND,NA,NA,NA,NA,NA
AE24,GND,NA,NA,NA,NA,NA
AE27,GND,NA,NA,NA,NA,NA
AE28,GND,NA,NA,NA,NA,NA
AE3,GND,NA,NA,NA,NA,NA
AE31,GND,NA,NA,NA,NA,NA
AE35,GND,NA,NA,NA,NA,NA
AE38,GND,NA,NA,NA,NA,NA
AE4,GND,NA,NA,NA,NA,NA
AE40,GND,NA,NA,NA,NA,NA
AE5,GND,NA,NA,NA,NA,NA
AE8,GND,NA,NA,NA,NA,NA
AF1,GND,NA,NA,NA,NA,NA
AF12,GND,NA,NA,NA,NA,NA
AF13,GND,NA,NA,NA,NA,NA
AF15,GND,NA,NA,NA,NA,NA
AF17,GND,NA,NA,NA,NA,NA
AF19,GND,NA,NA,NA,NA,NA
AF2,GND,NA,NA,NA,NA,NA
AF22,GND,NA,NA,NA,NA,NA
AF24,GND,NA,NA,NA,NA,NA
AF27,GND,NA,NA,NA,NA,NA
AF31,GND,NA,NA,NA,NA,NA
AF32,GND,NA,NA,NA,NA,NA
AF33,GND,NA,NA,NA,NA,NA
AF34,GND,NA,NA,NA,NA,NA
AF35,GND,NA,NA,NA,NA,NA
AF37,GND,NA,NA,NA,NA,NA
AF40,GND,NA,NA,NA,NA,NA
AF41,GND,NA,NA,NA,NA,NA
AF42,GND,NA,NA,NA,NA,NA
AF5,GND,NA,NA,NA,NA,NA
AF6,GND,NA,NA,NA,NA,NA
AF7,GND,NA,NA,NA,NA,NA
AG10,GND,NA,NA,NA,NA,NA
AG12,GND,NA,NA,NA,NA,NA
AG14,GND,NA,NA,NA,NA,NA
AG16,GND,NA,NA,NA,NA,NA
AG18,GND,NA,NA,NA,NA,NA
AG20,GND,NA,NA,NA,NA,NA
AG22,GND,NA,NA,NA,NA,NA
AG24,GND,NA,NA,NA,NA,NA
AG26,GND,NA,NA,NA,NA,NA
AG28,GND,NA,NA,NA,NA,NA
AG3,GND,NA,NA,NA,NA,NA
AG31,GND,NA,NA,NA,NA,NA
AG35,GND,NA,NA,NA,NA,NA
AG38,GND,NA,NA,NA,NA,NA
AG39,GND,NA,NA,NA,NA,NA
AG4,GND,NA,NA,NA,NA,NA
AG40,GND,NA,NA,NA,NA,NA
AG5,GND,NA,NA,NA,NA,NA
AG8,GND,NA,NA,NA,NA,NA
AH1,GND,NA,NA,NA,NA,NA
AH12,GND,NA,NA,NA,NA,NA
AH13,GND,NA,NA,NA,NA,NA
AH15,GND,NA,NA,NA,NA,NA
AH17,GND,NA,NA,NA,NA,NA
AH19,GND,NA,NA,NA,NA,NA
AH2,GND,NA,NA,NA,NA,NA
AH21,GND,NA,NA,NA,NA,NA
AH23,GND,NA,NA,NA,NA,NA
AH25,GND,NA,NA,NA,NA,NA
AH27,GND,NA,NA,NA,NA,NA
AH29,GND,NA,NA,NA,NA,NA
AH32,GND,NA,NA,NA,NA,NA
AH35,GND,NA,NA,NA,NA,NA
AH36,GND,NA,NA,NA,NA,NA
AH37,GND,NA,NA,NA,NA,NA
AH40,GND,NA,NA,NA,NA,NA
AH41,GND,NA,NA,NA,NA,NA
AH42,GND,NA,NA,NA,NA,NA
AH5,GND,NA,NA,NA,NA,NA
AH6,GND,NA,NA,NA,NA,NA
AH7,GND,NA,NA,NA,NA,NA
AJ10,GND,NA,NA,NA,NA,NA
AJ12,GND,NA,NA,NA,NA,NA
AJ15,GND,NA,NA,NA,NA,NA
AJ18,GND,NA,NA,NA,NA,NA
AJ20,GND,NA,NA,NA,NA,NA
AJ22,GND,NA,NA,NA,NA,NA
AJ24,GND,NA,NA,NA,NA,NA
AJ26,GND,NA,NA,NA,NA,NA
AJ3,GND,NA,NA,NA,NA,NA
AJ30,GND,NA,NA,NA,NA,NA
AJ33,GND,NA,NA,NA,NA,NA
AJ37,GND,NA,NA,NA,NA,NA
AJ39,GND,NA,NA,NA,NA,NA
AJ4,GND,NA,NA,NA,NA,NA
AJ40,GND,NA,NA,NA,NA,NA
AJ5,GND,NA,NA,NA,NA,NA
AJ8,GND,NA,NA,NA,NA,NA
AK1,GND,NA,NA,NA,NA,NA
AK12,GND,NA,NA,NA,NA,NA
AK13,GND,NA,NA,NA,NA,NA
AK16,GND,NA,NA,NA,NA,NA
AK19,GND,NA,NA,NA,NA,NA
AK2,GND,NA,NA,NA,NA,NA
AK22,GND,NA,NA,NA,NA,NA
AK25,GND,NA,NA,NA,NA,NA
AK28,GND,NA,NA,NA,NA,NA
AK3,GND,NA,NA,NA,NA,NA
AK31,GND,NA,NA,NA,NA,NA
AK35,GND,NA,NA,NA,NA,NA
AK37,GND,NA,NA,NA,NA,NA
AK40,GND,NA,NA,NA,NA,NA
AK41,GND,NA,NA,NA,NA,NA
AK42,GND,NA,NA,NA,NA,NA
AK6,GND,NA,NA,NA,NA,NA
AK7,GND,NA,NA,NA,NA,NA
AL10,GND,NA,NA,NA,NA,NA
AL12,GND,NA,NA,NA,NA,NA
AL14,GND,NA,NA,NA,NA,NA
AL17,GND,NA,NA,NA,NA,NA
AL20,GND,NA,NA,NA,NA,NA
AL23,GND,NA,NA,NA,NA,NA
AL26,GND,NA,NA,NA,NA,NA
AL29,GND,NA,NA,NA,NA,NA
AL3,GND,NA,NA,NA,NA,NA
AL32,GND,NA,NA,NA,NA,NA
AL37,GND,NA,NA,NA,NA,NA
AL38,GND,NA,NA,NA,NA,NA
AL4,GND,NA,NA,NA,NA,NA
AL40,GND,NA,NA,NA,NA,NA
AL5,GND,NA,NA,NA,NA,NA
AL8,GND,NA,NA,NA,NA,NA
AM1,GND,NA,NA,NA,NA,NA
AM10,GND,NA,NA,NA,NA,NA
AM11,GND,NA,NA,NA,NA,NA
AM12,GND,NA,NA,NA,NA,NA
AM15,GND,NA,NA,NA,NA,NA
AM18,GND,NA,NA,NA,NA,NA
AM2,GND,NA,NA,NA,NA,NA
AM21,GND,NA,NA,NA,NA,NA
AM24,GND,NA,NA,NA,NA,NA
AM27,GND,NA,NA,NA,NA,NA
AM3,GND,NA,NA,NA,NA,NA
AM30,GND,NA,NA,NA,NA,NA
AM36,GND,NA,NA,NA,NA,NA
AM37,GND,NA,NA,NA,NA,NA
AM40,GND,NA,NA,NA,NA,NA
AM41,GND,NA,NA,NA,NA,NA
AM42,GND,NA,NA,NA,NA,NA
AM6,GND,NA,NA,NA,NA,NA
AM7,GND,NA,NA,NA,NA,NA
AN12,GND,NA,NA,NA,NA,NA
AN13,GND,NA,NA,NA,NA,NA
AN16,GND,NA,NA,NA,NA,NA
AN19,GND,NA,NA,NA,NA,NA
AN22,GND,NA,NA,NA,NA,NA
AN25,GND,NA,NA,NA,NA,NA
AN28,GND,NA,NA,NA,NA,NA
AN3,GND,NA,NA,NA,NA,NA
AN34,GND,NA,NA,NA,NA,NA
AN37,GND,NA,NA,NA,NA,NA
AN39,GND,NA,NA,NA,NA,NA
AN4,GND,NA,NA,NA,NA,NA
AN40,GND,NA,NA,NA,NA,NA
AN5,GND,NA,NA,NA,NA,NA
AN8,GND,NA,NA,NA,NA,NA
AP1,GND,NA,NA,NA,NA,NA
AP10,GND,NA,NA,NA,NA,NA
AP12,GND,NA,NA,NA,NA,NA
AP14,GND,NA,NA,NA,NA,NA
AP18,GND,NA,NA,NA,NA,NA
AP2,GND,NA,NA,NA,NA,NA
AP22,GND,NA,NA,NA,NA,NA
AP26,GND,NA,NA,NA,NA,NA
AP32,GND,NA,NA,NA,NA,NA
AP37,GND,NA,NA,NA,NA,NA
AP40,GND,NA,NA,NA,NA,NA
AP41,GND,NA,NA,NA,NA,NA
AP42,GND,NA,NA,NA,NA,NA
AP5,GND,NA,NA,NA,NA,NA
AP6,GND,NA,NA,NA,NA,NA
AP7,GND,NA,NA,NA,NA,NA
AR12,GND,NA,NA,NA,NA,NA
AR16,GND,NA,NA,NA,NA,NA
AR20,GND,NA,NA,NA,NA,NA
AR24,GND,NA,NA,NA,NA,NA
AR28,GND,NA,NA,NA,NA,NA
AR3,GND,NA,NA,NA,NA,NA
AR30,GND,NA,NA,NA,NA,NA
AR35,GND,NA,NA,NA,NA,NA
AR37,GND,NA,NA,NA,NA,NA
AR38,GND,NA,NA,NA,NA,NA
AR4,GND,NA,NA,NA,NA,NA
AR40,GND,NA,NA,NA,NA,NA
AR5,GND,NA,NA,NA,NA,NA
AR8,GND,NA,NA,NA,NA,NA
AT1,GND,NA,NA,NA,NA,NA
AT10,GND,NA,NA,NA,NA,NA
AT12,GND,NA,NA,NA,NA,NA
AT14,GND,NA,NA,NA,NA,NA
AT18,GND,NA,NA,NA,NA,NA
AT2,GND,NA,NA,NA,NA,NA
AT22,GND,NA,NA,NA,NA,NA
AT26,GND,NA,NA,NA,NA,NA
AT33,GND,NA,NA,NA,NA,NA
AT37,GND,NA,NA,NA,NA,NA
AT40,GND,NA,NA,NA,NA,NA
AT41,GND,NA,NA,NA,NA,NA
AT42,GND,NA,NA,NA,NA,NA
AT5,GND,NA,NA,NA,NA,NA
AT6,GND,NA,NA,NA,NA,NA
AT7,GND,NA,NA,NA,NA,NA
AU12,GND,NA,NA,NA,NA,NA
AU16,GND,NA,NA,NA,NA,NA
AU20,GND,NA,NA,NA,NA,NA
AU24,GND,NA,NA,NA,NA,NA
AU28,GND,NA,NA,NA,NA,NA
AU3,GND,NA,NA,NA,NA,NA
AU31,GND,NA,NA,NA,NA,NA
AU36,GND,NA,NA,NA,NA,NA
AU37,GND,NA,NA,NA,NA,NA
AU38,GND,NA,NA,NA,NA,NA
AU39,GND,NA,NA,NA,NA,NA
AU4,GND,NA,NA,NA,NA,NA
AU40,GND,NA,NA,NA,NA,NA
AU5,GND,NA,NA,NA,NA,NA
AU8,GND,NA,NA,NA,NA,NA
AU9,GND,NA,NA,NA,NA,NA
AV1,GND,NA,NA,NA,NA,NA
AV10,GND,NA,NA,NA,NA,NA
AV12,GND,NA,NA,NA,NA,NA
AV14,GND,NA,NA,NA,NA,NA
AV19,GND,NA,NA,NA,NA,NA
AV2,GND,NA,NA,NA,NA,NA
AV24,GND,NA,NA,NA,NA,NA
AV29,GND,NA,NA,NA,NA,NA
AV34,GND,NA,NA,NA,NA,NA
AV39,GND,NA,NA,NA,NA,NA
AV5,GND,NA,NA,NA,NA,NA
AV6,GND,NA,NA,NA,NA,NA
AV7,GND,NA,NA,NA,NA,NA
AW10,GND,NA,NA,NA,NA,NA
AW11,GND,NA,NA,NA,NA,NA
AW12,GND,NA,NA,NA,NA,NA
AW17,GND,NA,NA,NA,NA,NA
AW22,GND,NA,NA,NA,NA,NA
AW27,GND,NA,NA,NA,NA,NA
AW3,GND,NA,NA,NA,NA,NA
AW32,GND,NA,NA,NA,NA,NA
AW37,GND,NA,NA,NA,NA,NA
AW4,GND,NA,NA,NA,NA,NA
AW42,GND,NA,NA,NA,NA,NA
AW5,GND,NA,NA,NA,NA,NA
AW8,GND,NA,NA,NA,NA,NA
AW9,GND,NA,NA,NA,NA,NA
AY1,GND,NA,NA,NA,NA,NA
AY10,GND,NA,NA,NA,NA,NA
AY15,GND,NA,NA,NA,NA,NA
AY2,GND,NA,NA,NA,NA,NA
AY20,GND,NA,NA,NA,NA,NA
AY25,GND,NA,NA,NA,NA,NA
AY30,GND,NA,NA,NA,NA,NA
AY35,GND,NA,NA,NA,NA,NA
AY40,GND,NA,NA,NA,NA,NA
AY5,GND,NA,NA,NA,NA,NA
AY6,GND,NA,NA,NA,NA,NA
AY7,GND,NA,NA,NA,NA,NA
B1,GND,NA,NA,NA,NA,NA
B13,GND,NA,NA,NA,NA,NA
B18,GND,NA,NA,NA,NA,NA
B2,GND,NA,NA,NA,NA,NA
B23,GND,NA,NA,NA,NA,NA
B28,GND,NA,NA,NA,NA,NA
B33,GND,NA,NA,NA,NA,NA
B35,GND,NA,NA,NA,NA,NA
B36,GND,NA,NA,NA,NA,NA
B37,GND,NA,NA,NA,NA,NA
B38,GND,NA,NA,NA,NA,NA
B41,GND,NA,NA,NA,NA,NA
B42,GND,NA,NA,NA,NA,NA
B5,GND,NA,NA,NA,NA,NA
B6,GND,NA,NA,NA,NA,NA
B7,GND,NA,NA,NA,NA,NA
B8,GND,NA,NA,NA,NA,NA
BA1,GND,NA,NA,NA,NA,NA
BA10,GND,NA,NA,NA,NA,NA
BA13,GND,NA,NA,NA,NA,NA
BA18,GND,NA,NA,NA,NA,NA
BA2,GND,NA,NA,NA,NA,NA
BA23,GND,NA,NA,NA,NA,NA
BA28,GND,NA,NA,NA,NA,NA
BA3,GND,NA,NA,NA,NA,NA
BA33,GND,NA,NA,NA,NA,NA
BA38,GND,NA,NA,NA,NA,NA
BA4,GND,NA,NA,NA,NA,NA
BA42,GND,NA,NA,NA,NA,NA
BA5,GND,NA,NA,NA,NA,NA
BA8,GND,NA,NA,NA,NA,NA
BA9,GND,NA,NA,NA,NA,NA
BB10,GND,NA,NA,NA,NA,NA
BB11,GND,NA,NA,NA,NA,NA
BB16,GND,NA,NA,NA,NA,NA
BB2,GND,NA,NA,NA,NA,NA
BB21,GND,NA,NA,NA,NA,NA
BB26,GND,NA,NA,NA,NA,NA
BB31,GND,NA,NA,NA,NA,NA
BB36,GND,NA,NA,NA,NA,NA
BB41,GND,NA,NA,NA,NA,NA
BB5,GND,NA,NA,NA,NA,NA
BB6,GND,NA,NA,NA,NA,NA
BB7,GND,NA,NA,NA,NA,NA
C11,GND,NA,NA,NA,NA,NA
C16,GND,NA,NA,NA,NA,NA
C21,GND,NA,NA,NA,NA,NA
C26,GND,NA,NA,NA,NA,NA
C3,GND,NA,NA,NA,NA,NA
C31,GND,NA,NA,NA,NA,NA
C35,GND,NA,NA,NA,NA,NA
C38,GND,NA,NA,NA,NA,NA
C39,GND,NA,NA,NA,NA,NA
C4,GND,NA,NA,NA,NA,NA
C40,GND,NA,NA,NA,NA,NA
C5,GND,NA,NA,NA,NA,NA
C8,GND,NA,NA,NA,NA,NA
D1,GND,NA,NA,NA,NA,NA
D14,GND,NA,NA,NA,NA,NA
D19,GND,NA,NA,NA,NA,NA
D2,GND,NA,NA,NA,NA,NA
D24,GND,NA,NA,NA,NA,NA
D29,GND,NA,NA,NA,NA,NA
D34,GND,NA,NA,NA,NA,NA
D35,GND,NA,NA,NA,NA,NA
D36,GND,NA,NA,NA,NA,NA
D38,GND,NA,NA,NA,NA,NA
D41,GND,NA,NA,NA,NA,NA
D42,GND,NA,NA,NA,NA,NA
D5,GND,NA,NA,NA,NA,NA
D6,GND,NA,NA,NA,NA,NA
D7,GND,NA,NA,NA,NA,NA
D8,GND,NA,NA,NA,NA,NA
D9,GND,NA,NA,NA,NA,NA
E12,GND,NA,NA,NA,NA,NA
E17,GND,NA,NA,NA,NA,NA
E22,GND,NA,NA,NA,NA,NA
E27,GND,NA,NA,NA,NA,NA
E3,GND,NA,NA,NA,NA,NA
E32,GND,NA,NA,NA,NA,NA
E35,GND,NA,NA,NA,NA,NA
E38,GND,NA,NA,NA,NA,NA
E39,GND,NA,NA,NA,NA,NA
E4,GND,NA,NA,NA,NA,NA
E40,GND,NA,NA,NA,NA,NA
E5,GND,NA,NA,NA,NA,NA
E8,GND,NA,NA,NA,NA,NA
F1,GND,NA,NA,NA,NA,NA
F10,GND,NA,NA,NA,NA,NA
F15,GND,NA,NA,NA,NA,NA
F2,GND,NA,NA,NA,NA,NA
F20,GND,NA,NA,NA,NA,NA
F25,GND,NA,NA,NA,NA,NA
F3,GND,NA,NA,NA,NA,NA
F30,GND,NA,NA,NA,NA,NA
F35,GND,NA,NA,NA,NA,NA
F37,GND,NA,NA,NA,NA,NA
F40,GND,NA,NA,NA,NA,NA
F41,GND,NA,NA,NA,NA,NA
F42,GND,NA,NA,NA,NA,NA
F6,GND,NA,NA,NA,NA,NA
F7,GND,NA,NA,NA,NA,NA
F8,GND,NA,NA,NA,NA,NA
G13,GND,NA,NA,NA,NA,NA
G18,GND,NA,NA,NA,NA,NA
G23,GND,NA,NA,NA,NA,NA
G28,GND,NA,NA,NA,NA,NA
G3,GND,NA,NA,NA,NA,NA
G33,GND,NA,NA,NA,NA,NA
G35,GND,NA,NA,NA,NA,NA
G38,GND,NA,NA,NA,NA,NA
G4,GND,NA,NA,NA,NA,NA
G40,GND,NA,NA,NA,NA,NA
G5,GND,NA,NA,NA,NA,NA
G8,GND,NA,NA,NA,NA,NA
H1,GND,NA,NA,NA,NA,NA
H10,GND,NA,NA,NA,NA,NA
H11,GND,NA,NA,NA,NA,NA
H16,GND,NA,NA,NA,NA,NA
H2,GND,NA,NA,NA,NA,NA
H21,GND,NA,NA,NA,NA,NA
H26,GND,NA,NA,NA,NA,NA
H3,GND,NA,NA,NA,NA,NA
H31,GND,NA,NA,NA,NA,NA
H35,GND,NA,NA,NA,NA,NA
H36,GND,NA,NA,NA,NA,NA
H40,GND,NA,NA,NA,NA,NA
H41,GND,NA,NA,NA,NA,NA
H42,GND,NA,NA,NA,NA,NA
H6,GND,NA,NA,NA,NA,NA
H7,GND,NA,NA,NA,NA,NA
H8,GND,NA,NA,NA,NA,NA
H9,GND,NA,NA,NA,NA,NA
J10,GND,NA,NA,NA,NA,NA
J14,GND,NA,NA,NA,NA,NA
J19,GND,NA,NA,NA,NA,NA
J24,GND,NA,NA,NA,NA,NA
J29,GND,NA,NA,NA,NA,NA
J3,GND,NA,NA,NA,NA,NA
J34,GND,NA,NA,NA,NA,NA
J35,GND,NA,NA,NA,NA,NA
J38,GND,NA,NA,NA,NA,NA
J39,GND,NA,NA,NA,NA,NA
J4,GND,NA,NA,NA,NA,NA
J40,GND,NA,NA,NA,NA,NA
J5,GND,NA,NA,NA,NA,NA
J8,GND,NA,NA,NA,NA,NA
K1,GND,NA,NA,NA,NA,NA
K10,GND,NA,NA,NA,NA,NA
K12,GND,NA,NA,NA,NA,NA
K17,GND,NA,NA,NA,NA,NA
K2,GND,NA,NA,NA,NA,NA
K22,GND,NA,NA,NA,NA,NA
K27,GND,NA,NA,NA,NA,NA
K32,GND,NA,NA,NA,NA,NA
K35,GND,NA,NA,NA,NA,NA
K37,GND,NA,NA,NA,NA,NA
K38,GND,NA,NA,NA,NA,NA
K41,GND,NA,NA,NA,NA,NA
K42,GND,NA,NA,NA,NA,NA
K5,GND,NA,NA,NA,NA,NA
K6,GND,NA,NA,NA,NA,NA
K7,GND,NA,NA,NA,NA,NA
L10,GND,NA,NA,NA,NA,NA
L15,GND,NA,NA,NA,NA,NA
L20,GND,NA,NA,NA,NA,NA
L25,GND,NA,NA,NA,NA,NA
L3,GND,NA,NA,NA,NA,NA
L30,GND,NA,NA,NA,NA,NA
L35,GND,NA,NA,NA,NA,NA
L38,GND,NA,NA,NA,NA,NA
L39,GND,NA,NA,NA,NA,NA
L4,GND,NA,NA,NA,NA,NA
L40,GND,NA,NA,NA,NA,NA
L5,GND,NA,NA,NA,NA,NA
L8,GND,NA,NA,NA,NA,NA
M1,GND,NA,NA,NA,NA,NA
M10,GND,NA,NA,NA,NA,NA
M11,GND,NA,NA,NA,NA,NA
M12,GND,NA,NA,NA,NA,NA
M13,GND,NA,NA,NA,NA,NA
M18,GND,NA,NA,NA,NA,NA
M2,GND,NA,NA,NA,NA,NA
M23,GND,NA,NA,NA,NA,NA
M28,GND,NA,NA,NA,NA,NA
M33,GND,NA,NA,NA,NA,NA
M34,GND,NA,NA,NA,NA,NA
M35,GND,NA,NA,NA,NA,NA
M36,GND,NA,NA,NA,NA,NA
M38,GND,NA,NA,NA,NA,NA
M41,GND,NA,NA,NA,NA,NA
M42,GND,NA,NA,NA,NA,NA
M5,GND,NA,NA,NA,NA,NA
M6,GND,NA,NA,NA,NA,NA
M7,GND,NA,NA,NA,NA,NA
N10,GND,NA,NA,NA,NA,NA
N12,GND,NA,NA,NA,NA,NA
N16,GND,NA,NA,NA,NA,NA
N21,GND,NA,NA,NA,NA,NA
N26,GND,NA,NA,NA,NA,NA
N3,GND,NA,NA,NA,NA,NA
N31,GND,NA,NA,NA,NA,NA
N32,GND,NA,NA,NA,NA,NA
N33,GND,NA,NA,NA,NA,NA
N35,GND,NA,NA,NA,NA,NA
N38,GND,NA,NA,NA,NA,NA
N39,GND,NA,NA,NA,NA,NA
N4,GND,NA,NA,NA,NA,NA
N40,GND,NA,NA,NA,NA,NA
N5,GND,NA,NA,NA,NA,NA
N8,GND,NA,NA,NA,NA,NA
P1,GND,NA,NA,NA,NA,NA
P12,GND,NA,NA,NA,NA,NA
P2,GND,NA,NA,NA,NA,NA
P29,GND,NA,NA,NA,NA,NA
P3,GND,NA,NA,NA,NA,NA
P31,GND,NA,NA,NA,NA,NA
P37,GND,NA,NA,NA,NA,NA
P40,GND,NA,NA,NA,NA,NA
P41,GND,NA,NA,NA,NA,NA
P42,GND,NA,NA,NA,NA,NA
P6,GND,NA,NA,NA,NA,NA
P7,GND,NA,NA,NA,NA,NA
R10,GND,NA,NA,NA,NA,NA
R12,GND,NA,NA,NA,NA,NA
R14,GND,NA,NA,NA,NA,NA
R16,GND,NA,NA,NA,NA,NA
R18,GND,NA,NA,NA,NA,NA
R20,GND,NA,NA,NA,NA,NA
R22,GND,NA,NA,NA,NA,NA
R24,GND,NA,NA,NA,NA,NA
R26,GND,NA,NA,NA,NA,NA
R3,GND,NA,NA,NA,NA,NA
R31,GND,NA,NA,NA,NA,NA
R35,GND,NA,NA,NA,NA,NA
R38,GND,NA,NA,NA,NA,NA
R4,GND,NA,NA,NA,NA,NA
R40,GND,NA,NA,NA,NA,NA
R5,GND,NA,NA,NA,NA,NA
R8,GND,NA,NA,NA,NA,NA
T1,GND,NA,NA,NA,NA,NA
T12,GND,NA,NA,NA,NA,NA
T13,GND,NA,NA,NA,NA,NA
T15,GND,NA,NA,NA,NA,NA
T17,GND,NA,NA,NA,NA,NA
T19,GND,NA,NA,NA,NA,NA
T2,GND,NA,NA,NA,NA,NA
T21,GND,NA,NA,NA,NA,NA
T23,GND,NA,NA,NA,NA,NA
T25,GND,NA,NA,NA,NA,NA
T27,GND,NA,NA,NA,NA,NA
T29,GND,NA,NA,NA,NA,NA
T3,GND,NA,NA,NA,NA,NA
T31,GND,NA,NA,NA,NA,NA
T33,GND,NA,NA,NA,NA,NA
T36,GND,NA,NA,NA,NA,NA
T40,GND,NA,NA,NA,NA,NA
T41,GND,NA,NA,NA,NA,NA
T42,GND,NA,NA,NA,NA,NA
T6,GND,NA,NA,NA,NA,NA
T7,GND,NA,NA,NA,NA,NA
U10,GND,NA,NA,NA,NA,NA
U12,GND,NA,NA,NA,NA,NA
U14,GND,NA,NA,NA,NA,NA
U16,GND,NA,NA,NA,NA,NA
U18,GND,NA,NA,NA,NA,NA
U19,GND,NA,NA,NA,NA,NA
U22,GND,NA,NA,NA,NA,NA
U23,GND,NA,NA,NA,NA,NA
U26,GND,NA,NA,NA,NA,NA
U28,GND,NA,NA,NA,NA,NA
U3,GND,NA,NA,NA,NA,NA
U30,GND,NA,NA,NA,NA,NA
U31,GND,NA,NA,NA,NA,NA
U35,GND,NA,NA,NA,NA,NA
U38,GND,NA,NA,NA,NA,NA
U39,GND,NA,NA,NA,NA,NA
U4,GND,NA,NA,NA,NA,NA
U40,GND,NA,NA,NA,NA,NA
U5,GND,NA,NA,NA,NA,NA
U8,GND,NA,NA,NA,NA,NA
V1,GND,NA,NA,NA,NA,NA
V12,GND,NA,NA,NA,NA,NA
V13,GND,NA,NA,NA,NA,NA
V15,GND,NA,NA,NA,NA,NA
V17,GND,NA,NA,NA,NA,NA
V19,GND,NA,NA,NA,NA,NA
V2,GND,NA,NA,NA,NA,NA
V22,GND,NA,NA,NA,NA,NA
V23,GND,NA,NA,NA,NA,NA
V26,GND,NA,NA,NA,NA,NA
V27,GND,NA,NA,NA,NA,NA
V29,GND,NA,NA,NA,NA,NA
V31,GND,NA,NA,NA,NA,NA
V33,GND,NA,NA,NA,NA,NA
V37,GND,NA,NA,NA,NA,NA
V38,GND,NA,NA,NA,NA,NA
V41,GND,NA,NA,NA,NA,NA
V42,GND,NA,NA,NA,NA,NA
V5,GND,NA,NA,NA,NA,NA
V6,GND,NA,NA,NA,NA,NA
V7,GND,NA,NA,NA,NA,NA
W10,GND,NA,NA,NA,NA,NA
W12,GND,NA,NA,NA,NA,NA
W14,GND,NA,NA,NA,NA,NA
W16,GND,NA,NA,NA,NA,NA
W18,GND,NA,NA,NA,NA,NA
W26,GND,NA,NA,NA,NA,NA
W28,GND,NA,NA,NA,NA,NA
W3,GND,NA,NA,NA,NA,NA
W30,GND,NA,NA,NA,NA,NA
W31,GND,NA,NA,NA,NA,NA
W35,GND,NA,NA,NA,NA,NA
W38,GND,NA,NA,NA,NA,NA
W39,GND,NA,NA,NA,NA,NA
W4,GND,NA,NA,NA,NA,NA
W40,GND,NA,NA,NA,NA,NA
W5,GND,NA,NA,NA,NA,NA
W8,GND,NA,NA,NA,NA,NA
Y1,GND,NA,NA,NA,NA,NA
Y12,GND,NA,NA,NA,NA,NA
Y13,GND,NA,NA,NA,NA,NA
Y15,GND,NA,NA,NA,NA,NA
Y17,GND,NA,NA,NA,NA,NA
Y2,GND,NA,NA,NA,NA,NA
Y25,GND,NA,NA,NA,NA,NA
Y29,GND,NA,NA,NA,NA,NA
Y31,GND,NA,NA,NA,NA,NA
Y33,GND,NA,NA,NA,NA,NA
Y36,GND,NA,NA,NA,NA,NA
Y38,GND,NA,NA,NA,NA,NA
Y41,GND,NA,NA,NA,NA,NA
Y42,GND,NA,NA,NA,NA,NA
Y5,GND,NA,NA,NA,NA,NA
Y6,GND,NA,NA,NA,NA,NA
Y7,GND,NA,NA,NA,NA,NA
Y27,GND_SMON,NA,NA,NA,NA,NA
AB32,GTY_AVCCAUX_LS,NA,NA,NA,NA,NA
AD32,GTY_AVCCAUX_LS,NA,NA,NA,NA,NA
N11,GTY_AVCCAUX_RN,NA,NA,NA,NA,NA
P11,GTY_AVCCAUX_RN,NA,NA,NA,NA,NA
AK11,GTY_AVCCAUX_RS,NA,NA,NA,NA,NA
AL11,GTY_AVCCAUX_RS,NA,NA,NA,NA,NA
AA34,GTY_AVCC_LS,NA,NA,NA,NA,NA
AC34,GTY_AVCC_LS,NA,NA,NA,NA,NA
AE34,GTY_AVCC_LS,NA,NA,NA,NA,NA
W34,GTY_AVCC_LS,NA,NA,NA,NA,NA
Y32,GTY_AVCC_LS,NA,NA,NA,NA,NA
AA9,GTY_AVCC_RN,NA,NA,NA,NA,NA
J9,GTY_AVCC_RN,NA,NA,NA,NA,NA
L9,GTY_AVCC_RN,NA,NA,NA,NA,NA
N9,GTY_AVCC_RN,NA,NA,NA,NA,NA
R9,GTY_AVCC_RN,NA,NA,NA,NA,NA
U9,GTY_AVCC_RN,NA,NA,NA,NA,NA
W9,GTY_AVCC_RN,NA,NA,NA,NA,NA
AC9,GTY_AVCC_RS,NA,NA,NA,NA,NA
AE9,GTY_AVCC_RS,NA,NA,NA,NA,NA
AG9,GTY_AVCC_RS,NA,NA,NA,NA,NA
AJ9,GTY_AVCC_RS,NA,NA,NA,NA,NA
AL9,GTY_AVCC_RS,NA,NA,NA,NA,NA
AN9,GTY_AVCC_RS,NA,NA,NA,NA,NA
AP11,GTY_AVCC_RS,NA,NA,NA,NA,NA
AR9,GTY_AVCC_RS,NA,NA,NA,NA,NA
AT11,GTY_AVCC_RS,NA,NA,NA,NA,NA
AV11,GTY_AVCC_RS,NA,NA,NA,NA,NA
AB36,GTY_AVTT_LS,NA,NA,NA,NA,NA
AD37,GTY_AVTT_LS,NA,NA,NA,NA,NA
AE39,GTY_AVTT_LS,NA,NA,NA,NA,NA
AF36,GTY_AVTT_LS,NA,NA,NA,NA,NA
AJ38,GTY_AVTT_LS,NA,NA,NA,NA,NA
AL39,GTY_AVTT_LS,NA,NA,NA,NA,NA
AN38,GTY_AVTT_LS,NA,NA,NA,NA,NA
AR39,GTY_AVTT_LS,NA,NA,NA,NA,NA
P36,GTY_AVTT_LS,NA,NA,NA,NA,NA
R39,GTY_AVTT_LS,NA,NA,NA,NA,NA
T37,GTY_AVTT_LS,NA,NA,NA,NA,NA
V36,GTY_AVTT_LS,NA,NA,NA,NA,NA
Y37,GTY_AVTT_LS,NA,NA,NA,NA,NA
AA11,GTY_AVTT_RN,NA,NA,NA,NA,NA
P10,GTY_AVTT_RN,NA,NA,NA,NA,NA
R11,GTY_AVTT_RN,NA,NA,NA,NA,NA
T10,GTY_AVTT_RN,NA,NA,NA,NA,NA
T11,GTY_AVTT_RN,NA,NA,NA,NA,NA
U11,GTY_AVTT_RN,NA,NA,NA,NA,NA
V10,GTY_AVTT_RN,NA,NA,NA,NA,NA
V11,GTY_AVTT_RN,NA,NA,NA,NA,NA
W11,GTY_AVTT_RN,NA,NA,NA,NA,NA
Y10,GTY_AVTT_RN,NA,NA,NA,NA,NA
Y11,GTY_AVTT_RN,NA,NA,NA,NA,NA
AB10,GTY_AVTT_RS,NA,NA,NA,NA,NA
AB11,GTY_AVTT_RS,NA,NA,NA,NA,NA
AC11,GTY_AVTT_RS,NA,NA,NA,NA,NA
AD10,GTY_AVTT_RS,NA,NA,NA,NA,NA
AD11,GTY_AVTT_RS,NA,NA,NA,NA,NA
AE11,GTY_AVTT_RS,NA,NA,NA,NA,NA
AF10,GTY_AVTT_RS,NA,NA,NA,NA,NA
AF11,GTY_AVTT_RS,NA,NA,NA,NA,NA
AG11,GTY_AVTT_RS,NA,NA,NA,NA,NA
AH10,GTY_AVTT_RS,NA,NA,NA,NA,NA
AH11,GTY_AVTT_RS,NA,NA,NA,NA,NA
AJ11,GTY_AVTT_RS,NA,NA,NA,NA,NA
AK10,GTY_AVTT_RS,NA,NA,NA,NA,NA
A36,NC,NA,NA ,NA,NA,NA
A37,NC,NA,NA ,NA,NA,NA
A6,NC,NA,NA ,NA,NA,NA
A7,NC,NA,NA ,NA,NA,NA
AB14,NC,NA,NA ,NA,NA,NA
AB30,NC,NA,NA ,NA,NA,NA
AC30,NC,NA,NA ,NA,NA,NA
AD14,NC,NA,NA ,NA,NA,NA
AD30,NC,NA,NA ,NA,NA,NA
AE30,NC,NA,NA ,NA,NA,NA
AF14,NC,NA,NA ,NA,NA,NA
AF30,NC,NA,NA ,NA,NA,NA
AG13,NC,NA,NA ,NA,NA,NA
B3,NC,NA,NA ,NA,NA,NA
B39,NC,NA,NA ,NA,NA,NA
B4,NC,NA,NA ,NA,NA,NA
B40,NC,NA,NA ,NA,NA,NA
C1,NC,NA,NA ,NA,NA,NA
C2,NC,NA,NA ,NA,NA,NA
C36,NC,NA,NA ,NA,NA,NA
C37,NC,NA,NA ,NA,NA,NA
C41,NC,NA,NA ,NA,NA,NA
C42,NC,NA,NA ,NA,NA,NA
C6,NC,NA,NA ,NA,NA,NA
C7,NC,NA,NA ,NA,NA,NA
D3,NC,NA,NA ,NA,NA,NA
D37,NC,NA,NA ,NA,NA,NA
D39,NC,NA,NA ,NA,NA,NA
D4,NC,NA,NA ,NA,NA,NA
D40,NC,NA,NA ,NA,NA,NA
E1,NC,NA,NA ,NA,NA,NA
E2,NC,NA,NA ,NA,NA,NA
E36,NC,NA,NA ,NA,NA,NA
E37,NC,NA,NA ,NA,NA,NA
E41,NC,NA,NA ,NA,NA,NA
E42,NC,NA,NA ,NA,NA,NA
E6,NC,NA,NA ,NA,NA,NA
E7,NC,NA,NA ,NA,NA,NA
F36,NC,NA,NA ,NA,NA,NA
F38,NC,NA,NA ,NA,NA,NA
F39,NC,NA,NA ,NA,NA,NA
F4,NC,NA,NA ,NA,NA,NA
F5,NC,NA,NA ,NA,NA,NA
G36,NC,NA,NA ,NA,NA,NA
G37,NC,NA,NA ,NA,NA,NA
G39,NC,NA,NA ,NA,NA,NA
G41,NC,NA,NA ,NA,NA,NA
G42,NC,NA,NA ,NA,NA,NA
H37,NC,NA,NA ,NA,NA,NA
H38,NC,NA,NA ,NA,NA,NA
H39,NC,NA,NA ,NA,NA,NA
J36,NC,NA,NA ,NA,NA,NA
J37,NC,NA,NA ,NA,NA,NA
J41,NC,NA,NA ,NA,NA,NA
J42,NC,NA,NA ,NA,NA,NA
K36,NC,NA,NA ,NA,NA,NA
K39,NC,NA,NA ,NA,NA,NA
K40,NC,NA,NA ,NA,NA,NA
K8,NC,NA,NA ,NA,NA,NA
K9,NC,NA,NA ,NA,NA,NA
L36,NC,NA,NA ,NA,NA,NA
L37,NC,NA,NA ,NA,NA,NA
L41,NC,NA,NA ,NA,NA,NA
L42,NC,NA,NA ,NA,NA,NA
M37,NC,NA,NA ,NA,NA,NA
M8,NC,NA,NA ,NA,NA,NA
M9,NC,NA,NA ,NA,NA,NA
N34,NC,NA,NA ,NA,NA,NA
P32,NC,NA,NA ,NA,NA,NA
P33,NC,NA,NA ,NA,NA,NA
P34,NC,NA,NA ,NA,NA,NA
P35,NC,NA,NA ,NA,NA,NA
R32,NC,NA,NA ,NA,NA,NA
R33,NC,NA,NA ,NA,NA,NA
R34,NC,NA,NA ,NA,NA,NA
T32,NC,NA,NA ,NA,NA,NA
T34,NC,NA,NA ,NA,NA,NA
T35,NC,NA,NA ,NA,NA,NA
U13,NC,NA,NA ,NA,NA,NA
U32,NC,NA,NA ,NA,NA,NA
U33,NC,NA,NA ,NA,NA,NA
U34,NC,NA,NA ,NA,NA,NA
V14,NC,NA,NA ,NA,NA,NA
V32,NC,NA,NA ,NA,NA,NA
Y14,NC,NA,NA ,NA,NA,NA
AC27,RSVDGND,500,PMCDIO,NA,NA,NA
AC28,RSVDGND,500,PMCDIO,NA,NA,NA
AA13,VCCAUX,NA,NA,NA,NA,NA
AC13,VCCAUX,NA,NA,NA,NA,NA
AE13,VCCAUX,NA,NA,NA,NA,NA
W13,VCCAUX,NA,NA,NA,NA,NA
AF29,VCCAUX_PMC,NA,NA,NA,NA,NA
AG29,VCCAUX_PMC,NA,NA,NA,NA,NA
Y28,VCCAUX_SMON,NA,NA,NA,NA,NA
AA15,VCCINT,NA,NA,NA,NA,NA
AA17,VCCINT,NA,NA,NA,NA,NA
AA25,VCCINT,NA,NA,NA,NA,NA
AA29,VCCINT,NA,NA,NA,NA,NA
AB16,VCCINT,NA,NA,NA,NA,NA
AB26,VCCINT,NA,NA,NA,NA,NA
AC15,VCCINT,NA,NA,NA,NA,NA
AC17,VCCINT,NA,NA,NA,NA,NA
AC25,VCCINT,NA,NA,NA,NA,NA
AC29,VCCINT,NA,NA,NA,NA,NA
AD16,VCCINT,NA,NA,NA,NA,NA
AD26,VCCINT,NA,NA,NA,NA,NA
AD28,VCCINT,NA,NA,NA,NA,NA
AE15,VCCINT,NA,NA,NA,NA,NA
AE17,VCCINT,NA,NA,NA,NA,NA
AE29,VCCINT,NA,NA,NA,NA,NA
AF16,VCCINT,NA,NA,NA,NA,NA
AG15,VCCINT,NA,NA,NA,NA,NA
AG17,VCCINT,NA,NA,NA,NA,NA
AG19,VCCINT,NA,NA,NA,NA,NA
AG23,VCCINT,NA,NA,NA,NA,NA
AG25,VCCINT,NA,NA,NA,NA,NA
AG27,VCCINT,NA,NA,NA,NA,NA
AH14,VCCINT,NA,NA,NA,NA,NA
AH16,VCCINT,NA,NA,NA,NA,NA
AH18,VCCINT,NA,NA,NA,NA,NA
AH24,VCCINT,NA,NA,NA,NA,NA
AH26,VCCINT,NA,NA,NA,NA,NA
AJ13,VCCINT,NA,NA,NA,NA,NA
AJ19,VCCINT,NA,NA,NA,NA,NA
AJ25,VCCINT,NA,NA,NA,NA,NA
AJ27,VCCINT,NA,NA,NA,NA,NA
R15,VCCINT,NA,NA,NA,NA,NA
R17,VCCINT,NA,NA,NA,NA,NA
R19,VCCINT,NA,NA,NA,NA,NA
R21,VCCINT,NA,NA,NA,NA,NA
R23,VCCINT,NA,NA,NA,NA,NA
R25,VCCINT,NA,NA,NA,NA,NA
R27,VCCINT,NA,NA,NA,NA,NA
T14,VCCINT,NA,NA,NA,NA,NA
T16,VCCINT,NA,NA,NA,NA,NA
T18,VCCINT,NA,NA,NA,NA,NA
T20,VCCINT,NA,NA,NA,NA,NA
T22,VCCINT,NA,NA,NA,NA,NA
T24,VCCINT,NA,NA,NA,NA,NA
T26,VCCINT,NA,NA,NA,NA,NA
T28,VCCINT,NA,NA,NA,NA,NA
U15,VCCINT,NA,NA,NA,NA,NA
U17,VCCINT,NA,NA,NA,NA,NA
U27,VCCINT,NA,NA,NA,NA,NA
U29,VCCINT,NA,NA,NA,NA,NA
V16,VCCINT,NA,NA,NA,NA,NA
V28,VCCINT,NA,NA,NA,NA,NA
V30,VCCINT,NA,NA,NA,NA,NA
W15,VCCINT,NA,NA,NA,NA,NA
W17,VCCINT,NA,NA,NA,NA,NA
W25,VCCINT,NA,NA,NA,NA,NA
W27,VCCINT,NA,NA,NA,NA,NA
W29,VCCINT,NA,NA,NA,NA,NA
Y16,VCCINT,NA,NA,NA,NA,NA
Y26,VCCINT,NA,NA,NA,NA,NA
Y30,VCCINT,NA,NA,NA,NA,NA
AJ28,VCC_BATT,NA,NA,NA,NA,NA
AH28,VCC_FUSE,NA,NA,NA,NA,NA
AG21,VCC_IO,NA,NA,NA,NA,NA
AH20,VCC_IO,NA,NA,NA,NA,NA
AH22,VCC_IO,NA,NA,NA,NA,NA
AJ21,VCC_IO,NA,NA,NA,NA,NA
AJ23,VCC_IO,NA,NA,NA,NA,NA
AK27,VCC_PMC,NA,NA,NA,NA,NA
AL27,VCC_PMC,NA,NA,NA,NA,NA
AL28,VCC_PMC,NA,NA,NA,NA,NA
AJ31,VCC_PSFP,NA,NA,NA,NA,NA
AK29,VCC_PSFP,NA,NA,NA,NA,NA
AK30,VCC_PSFP,NA,NA,NA,NA,NA
AL30,VCC_PSFP,NA,NA,NA,NA,NA
AL31,VCC_PSFP,NA,NA,NA,NA,NA
AG30,VCC_PSLP,NA,NA,NA,NA,NA
AH30,VCC_PSLP,NA,NA,NA,NA,NA
AH31,VCC_PSLP,NA,NA,NA,NA,NA
AB18,VCC_RAM,NA,NA,NA,NA,NA
AD18,VCC_RAM,NA,NA,NA,NA,NA
AF18,VCC_RAM,NA,NA,NA,NA,NA
V18,VCC_RAM,NA,NA,NA,NA,NA
Y18,VCC_RAM,NA,NA,NA,NA,NA
AE20,VCC_SOC,NA,NA,NA,NA,NA
AE21,VCC_SOC,NA,NA,NA,NA,NA
AE23,VCC_SOC,NA,NA,NA,NA,NA
AE25,VCC_SOC,NA,NA,NA,NA,NA
AE26,VCC_SOC,NA,NA,NA,NA,NA
AF20,VCC_SOC,NA,NA,NA,NA,NA
AF21,VCC_SOC,NA,NA,NA,NA,NA
AF23,VCC_SOC,NA,NA,NA,NA,NA
AF25,VCC_SOC,NA,NA,NA,NA,NA
AF26,VCC_SOC,NA,NA,NA,NA,NA
U20,VCC_SOC,NA,NA,NA,NA,NA
U21,VCC_SOC,NA,NA,NA,NA,NA
U24,VCC_SOC,NA,NA,NA,NA,NA
U25,VCC_SOC,NA,NA,NA,NA,NA
V20,VCC_SOC,NA,NA,NA,NA,NA
V21,VCC_SOC,NA,NA,NA,NA,NA
V24,VCC_SOC,NA,NA,NA,NA,NA
V25,VCC_SOC,NA,NA,NA,NA,NA
AB27,VN_500,500,PMCDIO,NA,NA,NA
AA28,VP_500,500,PMCDIO,NA,NA,NA
AA27,VREFN_500,500,PMCDIO,NA,NA,NA
AB28,VREFP_500,500,PMCDIO,NA,NA,NA

"#Total Number of Pins 1724
