"# ////////////////////////////////////////////////////////////////////////////"
"#  Proprietary Note:"
"#  "
"# "
"#  Copyright 2020-2025 AMD, Inc. All rights reserved."
"#  This file contains proprietary information of AMD, Inc."
"#  and is protected under U.S. and international copyright and other"
"#  intellectual property laws."
"# "
"#  DISCLAIMER"
"#  This disclaimer is not a license and does not grant any"
"#  rights to the materials distributed herewith. Except as"
"#  otherwise provided in a valid license issued to you by"
"#  AMD, and to the maximum extent permitted by applicable"
"#  law: (1) THESE MATERIALS ARE MADE AVAILABLE "AS IS" AND"
"#  WITH ALL FAULTS, AND AMD HEREBY DISCLAIMS ALL WARRANTIES"
"#  AND CONDITIONS, EXPRESS, IMPLIED, OR STATUTORY, INCLUDING"
"#  BUT NOT LIMITED TO WARRANTIES OF MERCHANTABILITY, NON-"
"#  INFRINGEMENT, OR FITNESS FOR ANY PARTICULAR PURPOSE; and"
"#  (2) AMD shall not be liable (whether in contract or tort,"
"#  including negligence, or under any other theory of"
"#  liability) for any loss or damage of any kind or nature"
"#  related to, arising under or in connection with these"
"#  materials, including for any direct, or any indirect,"
"#  special, incidental, or consequential loss or damage"
"#  (including loss of data, profits, goodwill, or any type of"
"#  loss or damage suffered as a result of any action brought"
"#  by a third party) even if such damage or loss was"
"#  reasonably foreseeable or AMD had been advised of the"
"#  possibility of the same."
"# "
"#  CRITICAL APPLICATIONS"
"#  AMD products are not designed or intended to be fail-"
"#  safe, or for use in any application requiring fail-safe"
"#  performance, such as life-support or safety devices or"
"#  systems, Class III medical devices, nuclear facilities,"
"#  applications related to the deployment of airbags, or any"
"#  other applications that could lead to death, personal"
"#  injury, or severe property or environmental damage"
"#  (individually and collectively, "Critical"
"#  Applications"). Customer assumes the sole risk and"
"#  liability of any use of AMD products in Critical"
"#  Applications, subject only to applicable laws and"
"#  regulations governing limitations on product liability"
"#  "
"#  THIS COPYRIGHT NOTICE AND DISCLAIMER MUST BE RETAINED AS"
"#  PART OF THIS FILE AT ALL TIMES."
"#  "
"# ////////////////////////////////////////////////////////////////////////////"
"#-----------------------------------------------------------------------------"
"#-----------------------------------------------------------------------------"
"# Device            : xcvp1402vsvd2197"
"# Date              : Wed Jun 14 01:20:50 2023"
"# Revision          : 1.1"
"# Status            : Production "
"# Pkg Spec Revision : v4 "
"# "
"#-----------------------------------------------------------------------------"
"#  Production package specifications are released coincident"
"#  with production release of a particular device."
"#-----------------------------------------------------------------------------"
"# | Date              : Tue Mar 15 10:20:22 2022"
"# | Revision          : 0.1 "
"# | Status            : Evaluation Only "
"# | Details           : Evaluation only for initial release "
"#-----------------------------------------------------------------------------"
"# | Date              : Mon May 23 17:25:04 2022"
"# | Revision          : 1.0 "
"# | Status            : Engineering Sample "
"# | Details           : Engineering sample for package team FDR release "
"#-----------------------------------------------------------------------------"
"# | Date              : Fri Mar 10 17:25:04 2023"
"# | Revision          : 1.0 "
"# | Status            : Production "
"# | Details           : The content in Production is the same as Engineering Sample and move to Production"
"#-----------------------------------------------------------------------------"
"# | Date              : Wed Jun 14 01:20:50 2023"
"# | Revision          : 1.1 "
"# | Status            : Production"
"# | Details           : Add GTM performance classification in Col 6"
"#-----------------------------------------------------------------------------"
"#  ASCII Pinout File"
,,,,,
Pin,Pin Name,Bank,I/O Type,Super Logic Region,XPIO/GTM Perf,DDRMC ONLY
AL13,GTYP_REFCLKN0_102,102,GTYP,NA,NA,NA
AK11,GTYP_REFCLKN1_102,102,GTYP,NA,NA,NA
AL14,GTYP_REFCLKP0_102,102,GTYP,NA,NA,NA
AK12,GTYP_REFCLKP1_102,102,GTYP,NA,NA,NA
BE3,GTYP_RXN0_102,102,GTYP,NA,NA,NA
BD1,GTYP_RXN1_102,102,GTYP,NA,NA,NA
BC3,GTYP_RXN2_102,102,GTYP,NA,NA,NA
BB1,GTYP_RXN3_102,102,GTYP,NA,NA,NA
BE4,GTYP_RXP0_102,102,GTYP,NA,NA,NA
BD2,GTYP_RXP1_102,102,GTYP,NA,NA,NA
BC4,GTYP_RXP2_102,102,GTYP,NA,NA,NA
BB2,GTYP_RXP3_102,102,GTYP,NA,NA,NA
BG4,GTYP_TXN0_102,102,GTYP,NA,NA,NA
BG8,GTYP_TXN1_102,102,GTYP,NA,NA,NA
BF6,GTYP_TXN2_102,102,GTYP,NA,NA,NA
BE8,GTYP_TXN3_102,102,GTYP,NA,NA,NA
BG5,GTYP_TXP0_102,102,GTYP,NA,NA,NA
BG9,GTYP_TXP1_102,102,GTYP,NA,NA,NA
BF7,GTYP_TXP2_102,102,GTYP,NA,NA,NA
BE9,GTYP_TXP3_102,102,GTYP,NA,NA,NA
AK15,GTYP_AVTTRCAL_RS,103,NA,NA,NA,NA
AJ13,GTYP_REFCLKN0_103,103,GTYP,NA,NA,NA
AH11,GTYP_REFCLKN1_103,103,GTYP,NA,NA,NA
AJ14,GTYP_REFCLKP0_103,103,GTYP,NA,NA,NA
AH12,GTYP_REFCLKP1_103,103,GTYP,NA,NA,NA
AK16,GTYP_RREF_RS,103,GTYP,NA,NA,NA
BA3,GTYP_RXN0_103,103,GTYP,NA,NA,NA
AY1,GTYP_RXN1_103,103,GTYP,NA,NA,NA
AW3,GTYP_RXN2_103,103,GTYP,NA,NA,NA
AV1,GTYP_RXN3_103,103,GTYP,NA,NA,NA
BA4,GTYP_RXP0_103,103,GTYP,NA,NA,NA
AY2,GTYP_RXP1_103,103,GTYP,NA,NA,NA
AW4,GTYP_RXP2_103,103,GTYP,NA,NA,NA
AV2,GTYP_RXP3_103,103,GTYP,NA,NA,NA
BD6,GTYP_TXN0_103,103,GTYP,NA,NA,NA
BC8,GTYP_TXN1_103,103,GTYP,NA,NA,NA
BB6,GTYP_TXN2_103,103,GTYP,NA,NA,NA
AY6,GTYP_TXN3_103,103,GTYP,NA,NA,NA
BD7,GTYP_TXP0_103,103,GTYP,NA,NA,NA
BC9,GTYP_TXP1_103,103,GTYP,NA,NA,NA
BB7,GTYP_TXP2_103,103,GTYP,NA,NA,NA
AY7,GTYP_TXP3_103,103,GTYP,NA,NA,NA
AG14,GTM_REFCLKN0_104,104,GTM,NA,NA,NA
AE14,GTM_REFCLKN1_104,104,GTM,NA,NA,NA
AG15,GTM_REFCLKP0_104,104,GTM,NA,NA,NA
AE15,GTM_REFCLKP1_104,104,GTM,NA,NA,NA
AT1,GTM_RXN0_104,104,GTM,NA,HIGH,NA
AT4,GTM_RXN1_104,104,GTM,NA,HIGH,NA
AP1,GTM_RXN2_104,104,GTM,NA,HIGH,NA
AP4,GTM_RXN3_104,104,GTM,NA,HIGH,NA
AT2,GTM_RXP0_104,104,GTM,NA,HIGH,NA
AT5,GTM_RXP1_104,104,GTM,NA,HIGH,NA
AP2,GTM_RXP2_104,104,GTM,NA,HIGH,NA
AP5,GTM_RXP3_104,104,GTM,NA,HIGH,NA
AV7,GTM_TXN0_104,104,GTM,NA,HIGH,NA
AT7,GTM_TXN1_104,104,GTM,NA,HIGH,NA
AP7,GTM_TXN2_104,104,GTM,NA,HIGH,NA
AM7,GTM_TXN3_104,104,GTM,NA,HIGH,NA
AV8,GTM_TXP0_104,104,GTM,NA,HIGH,NA
AT8,GTM_TXP1_104,104,GTM,NA,HIGH,NA
AP8,GTM_TXP2_104,104,GTM,NA,HIGH,NA
AM8,GTM_TXP3_104,104,GTM,NA,HIGH,NA
AC14,GTM_REFCLKN0_105,105,GTM,NA,NA,NA
AA14,GTM_REFCLKN1_105,105,GTM,NA,NA,NA
AC15,GTM_REFCLKP0_105,105,GTM,NA,NA,NA
AA15,GTM_REFCLKP1_105,105,GTM,NA,NA,NA
AM1,GTM_RXN0_105,105,GTM,NA,HIGH,NA
AM4,GTM_RXN1_105,105,GTM,NA,HIGH,NA
AK1,GTM_RXN2_105,105,GTM,NA,HIGH,NA
AH1,GTM_RXN3_105,105,GTM,NA,HIGH,NA
AM2,GTM_RXP0_105,105,GTM,NA,HIGH,NA
AM5,GTM_RXP1_105,105,GTM,NA,HIGH,NA
AK2,GTM_RXP2_105,105,GTM,NA,HIGH,NA
AH2,GTM_RXP3_105,105,GTM,NA,HIGH,NA
AK4,GTM_TXN0_105,105,GTM,NA,HIGH,NA
AK7,GTM_TXN1_105,105,GTM,NA,HIGH,NA
AH4,GTM_TXN2_105,105,GTM,NA,HIGH,NA
AH7,GTM_TXN3_105,105,GTM,NA,HIGH,NA
AK5,GTM_TXP0_105,105,GTM,NA,HIGH,NA
AK8,GTM_TXP1_105,105,GTM,NA,HIGH,NA
AH5,GTM_TXP2_105,105,GTM,NA,HIGH,NA
AH8,GTM_TXP3_105,105,GTM,NA,HIGH,NA
W14,GTM_REFCLKN0_106,106,GTM,NA,NA,NA
V11,GTM_REFCLKN1_106,106,GTM,NA,NA,NA
W15,GTM_REFCLKP0_106,106,GTM,NA,NA,NA
V12,GTM_REFCLKP1_106,106,GTM,NA,NA,NA
AF1,GTM_RXN0_106,106,GTM,NA,HIGH,NA
AF4,GTM_RXN1_106,106,GTM,NA,HIGH,NA
AD1,GTM_RXN2_106,106,GTM,NA,HIGH,NA
AD4,GTM_RXN3_106,106,GTM,NA,HIGH,NA
AF2,GTM_RXP0_106,106,GTM,NA,HIGH,NA
AF5,GTM_RXP1_106,106,GTM,NA,HIGH,NA
AD2,GTM_RXP2_106,106,GTM,NA,HIGH,NA
AD5,GTM_RXP3_106,106,GTM,NA,HIGH,NA
AF7,GTM_TXN0_106,106,GTM,NA,HIGH,NA
AF10,GTM_TXN1_106,106,GTM,NA,HIGH,NA
AD7,GTM_TXN2_106,106,GTM,NA,HIGH,NA
AD10,GTM_TXN3_106,106,GTM,NA,HIGH,NA
AF8,GTM_TXP0_106,106,GTM,NA,HIGH,NA
AF11,GTM_TXP1_106,106,GTM,NA,HIGH,NA
AD8,GTM_TXP2_106,106,GTM,NA,HIGH,NA
AD11,GTM_TXP3_106,106,GTM,NA,HIGH,NA
U13,GTM_AVTTRCAL_RN,107,NA,NA,NA,NA
T11,GTM_REFCLKN0_107,107,GTM,NA,NA,NA
T15,GTM_REFCLKN1_107,107,GTM,NA,NA,NA
T12,GTM_REFCLKP0_107,107,GTM,NA,NA,NA
T16,GTM_REFCLKP1_107,107,GTM,NA,NA,NA
U14,GTM_RREF_RN,107,GTM,NA,NA,NA
AB1,GTM_RXN0_107,107,GTM,NA,HIGH,NA
AB4,GTM_RXN1_107,107,GTM,NA,HIGH,NA
Y1,GTM_RXN2_107,107,GTM,NA,HIGH,NA
Y4,GTM_RXN3_107,107,GTM,NA,HIGH,NA
AB2,GTM_RXP0_107,107,GTM,NA,HIGH,NA
AB5,GTM_RXP1_107,107,GTM,NA,HIGH,NA
Y2,GTM_RXP2_107,107,GTM,NA,HIGH,NA
Y5,GTM_RXP3_107,107,GTM,NA,HIGH,NA
AB7,GTM_TXN0_107,107,GTM,NA,HIGH,NA
AB10,GTM_TXN1_107,107,GTM,NA,HIGH,NA
Y7,GTM_TXN2_107,107,GTM,NA,HIGH,NA
Y10,GTM_TXN3_107,107,GTM,NA,HIGH,NA
AB8,GTM_TXP0_107,107,GTM,NA,HIGH,NA
AB11,GTM_TXP1_107,107,GTM,NA,HIGH,NA
Y8,GTM_TXP2_107,107,GTM,NA,HIGH,NA
Y11,GTM_TXP3_107,107,GTM,NA,HIGH,NA
R13,GTM_REFCLKN0_108,108,GTM,NA,NA,NA
P11,GTM_REFCLKN1_108,108,GTM,NA,NA,NA
R14,GTM_REFCLKP0_108,108,GTM,NA,NA,NA
P12,GTM_REFCLKP1_108,108,GTM,NA,NA,NA
V1,GTM_RXN0_108,108,GTM,NA,HIGH,NA
V4,GTM_RXN1_108,108,GTM,NA,HIGH,NA
T1,GTM_RXN2_108,108,GTM,NA,HIGH,NA
T4,GTM_RXN3_108,108,GTM,NA,HIGH,NA
V2,GTM_RXP0_108,108,GTM,NA,HIGH,NA
V5,GTM_RXP1_108,108,GTM,NA,HIGH,NA
T2,GTM_RXP2_108,108,GTM,NA,HIGH,NA
T5,GTM_RXP3_108,108,GTM,NA,HIGH,NA
V7,GTM_TXN0_108,108,GTM,NA,HIGH,NA
T7,GTM_TXN1_108,108,GTM,NA,HIGH,NA
P4,GTM_TXN2_108,108,GTM,NA,HIGH,NA
P7,GTM_TXN3_108,108,GTM,NA,HIGH,NA
V8,GTM_TXP0_108,108,GTM,NA,HIGH,NA
T8,GTM_TXP1_108,108,GTM,NA,HIGH,NA
P5,GTM_TXP2_108,108,GTM,NA,HIGH,NA
P8,GTM_TXP3_108,108,GTM,NA,HIGH,NA
P15,GTM_REFCLKN0_109,109,GTM,NA,NA,NA
N13,GTM_REFCLKN1_109,109,GTM,NA,NA,NA
P16,GTM_REFCLKP0_109,109,GTM,NA,NA,NA
N14,GTM_REFCLKP1_109,109,GTM,NA,NA,NA
P1,GTM_RXN0_109,109,GTM,NA,HIGH,NA
M1,GTM_RXN1_109,109,GTM,NA,HIGH,NA
K1,GTM_RXN2_109,109,GTM,NA,HIGH,NA
H1,GTM_RXN3_109,109,GTM,NA,HIGH,NA
P2,GTM_RXP0_109,109,GTM,NA,HIGH,NA
M2,GTM_RXP1_109,109,GTM,NA,HIGH,NA
K2,GTM_RXP2_109,109,GTM,NA,HIGH,NA
H2,GTM_RXP3_109,109,GTM,NA,HIGH,NA
M4,GTM_TXN0_109,109,GTM,NA,HIGH,NA
M7,GTM_TXN1_109,109,GTM,NA,HIGH,NA
K4,GTM_TXN2_109,109,GTM,NA,HIGH,NA
K7,GTM_TXN3_109,109,GTM,NA,HIGH,NA
M5,GTM_TXP0_109,109,GTM,NA,HIGH,NA
M8,GTM_TXP1_109,109,GTM,NA,HIGH,NA
K5,GTM_TXP2_109,109,GTM,NA,HIGH,NA
K8,GTM_TXP3_109,109,GTM,NA,HIGH,NA
M11,GTM_REFCLKN0_110,110,GTM,NA,NA,NA
K11,GTM_REFCLKN1_110,110,GTM,NA,NA,NA
M12,GTM_REFCLKP0_110,110,GTM,NA,NA,NA
K12,GTM_REFCLKP1_110,110,GTM,NA,NA,NA
F1,GTM_RXN0_110,110,GTM,NA,HIGH,NA
F4,GTM_RXN1_110,110,GTM,NA,HIGH,NA
D1,GTM_RXN2_110,110,GTM,NA,HIGH,NA
D4,GTM_RXN3_110,110,GTM,NA,HIGH,NA
F2,GTM_RXP0_110,110,GTM,NA,HIGH,NA
F5,GTM_RXP1_110,110,GTM,NA,HIGH,NA
D2,GTM_RXP2_110,110,GTM,NA,HIGH,NA
D5,GTM_RXP3_110,110,GTM,NA,HIGH,NA
H4,GTM_TXN0_110,110,GTM,NA,HIGH,NA
H7,GTM_TXN1_110,110,GTM,NA,HIGH,NA
F7,GTM_TXN2_110,110,GTM,NA,HIGH,NA
D7,GTM_TXN3_110,110,GTM,NA,HIGH,NA
H5,GTM_TXP0_110,110,GTM,NA,HIGH,NA
H8,GTM_TXP1_110,110,GTM,NA,HIGH,NA
F8,GTM_TXP2_110,110,GTM,NA,HIGH,NA
D8,GTM_TXP3_110,110,GTM,NA,HIGH,NA
K14,GTM_REFCLKN0_111,111,GTM,NA,NA,NA
K16,GTM_REFCLKN1_111,111,GTM,NA,NA,NA
L14,GTM_REFCLKP0_111,111,GTM,NA,NA,NA
L16,GTM_REFCLKP1_111,111,GTM,NA,NA,NA
A4,GTM_RXN0_111,111,GTM,NA,HIGH,NA
A6,GTM_RXN1_111,111,GTM,NA,HIGH,NA
A8,GTM_RXN2_111,111,GTM,NA,HIGH,NA
A10,GTM_RXN3_111,111,GTM,NA,HIGH,NA
B4,GTM_RXP0_111,111,GTM,NA,HIGH,NA
B6,GTM_RXP1_111,111,GTM,NA,HIGH,NA
B8,GTM_RXP2_111,111,GTM,NA,HIGH,NA
B10,GTM_RXP3_111,111,GTM,NA,HIGH,NA
D10,GTM_TXN0_111,111,GTM,NA,HIGH,NA
G10,GTM_TXN1_111,111,GTM,NA,HIGH,NA
D12,GTM_TXN2_111,111,GTM,NA,HIGH,NA
G12,GTM_TXN3_111,111,GTM,NA,HIGH,NA
E10,GTM_TXP0_111,111,GTM,NA,HIGH,NA
H10,GTM_TXP1_111,111,GTM,NA,HIGH,NA
E12,GTM_TXP2_111,111,GTM,NA,HIGH,NA
H12,GTM_TXP3_111,111,GTM,NA,HIGH,NA
K18,GTM_REFCLKN0_112,112,GTM,NA,NA,NA
K20,GTM_REFCLKN1_112,112,GTM,NA,NA,NA
L18,GTM_REFCLKP0_112,112,GTM,NA,NA,NA
L20,GTM_REFCLKP1_112,112,GTM,NA,NA,NA
A12,GTM_RXN0_112,112,GTM,NA,HIGH,NA
A14,GTM_RXN1_112,112,GTM,NA,HIGH,NA
A16,GTM_RXN2_112,112,GTM,NA,HIGH,NA
D16,GTM_RXN3_112,112,GTM,NA,HIGH,NA
B12,GTM_RXP0_112,112,GTM,NA,HIGH,NA
B14,GTM_RXP1_112,112,GTM,NA,HIGH,NA
B16,GTM_RXP2_112,112,GTM,NA,HIGH,NA
E16,GTM_RXP3_112,112,GTM,NA,HIGH,NA
D14,GTM_TXN0_112,112,GTM,NA,HIGH,NA
G14,GTM_TXN1_112,112,GTM,NA,HIGH,NA
G16,GTM_TXN2_112,112,GTM,NA,HIGH,NA
G18,GTM_TXN3_112,112,GTM,NA,HIGH,NA
E14,GTM_TXP0_112,112,GTM,NA,HIGH,NA
H14,GTM_TXP1_112,112,GTM,NA,HIGH,NA
H16,GTM_TXP2_112,112,GTM,NA,HIGH,NA
H18,GTM_TXP3_112,112,GTM,NA,HIGH,NA
K22,GTM_REFCLKN0_113,113,GTM,NA,NA,NA
K24,GTM_REFCLKN1_113,113,GTM,NA,NA,NA
L22,GTM_REFCLKP0_113,113,GTM,NA,NA,NA
L24,GTM_REFCLKP1_113,113,GTM,NA,NA,NA
A18,GTM_RXN0_113,113,GTM,NA,HIGH,NA
D18,GTM_RXN1_113,113,GTM,NA,HIGH,NA
A20,GTM_RXN2_113,113,GTM,NA,HIGH,NA
A22,GTM_RXN3_113,113,GTM,NA,HIGH,NA
B18,GTM_RXP0_113,113,GTM,NA,HIGH,NA
E18,GTM_RXP1_113,113,GTM,NA,HIGH,NA
B20,GTM_RXP2_113,113,GTM,NA,HIGH,NA
B22,GTM_RXP3_113,113,GTM,NA,HIGH,NA
D20,GTM_TXN0_113,113,GTM,NA,HIGH,NA
G20,GTM_TXN1_113,113,GTM,NA,HIGH,NA
D22,GTM_TXN2_113,113,GTM,NA,HIGH,NA
G22,GTM_TXN3_113,113,GTM,NA,HIGH,NA
E20,GTM_TXP0_113,113,GTM,NA,HIGH,NA
H20,GTM_TXP1_113,113,GTM,NA,HIGH,NA
E22,GTM_TXP2_113,113,GTM,NA,HIGH,NA
H22,GTM_TXP3_113,113,GTM,NA,HIGH,NA
AV37,GTM_REFCLKN0_200,200,GTM,NA,NA,NA
AU35,GTM_REFCLKN1_200,200,GTM,NA,NA,NA
AV36,GTM_REFCLKP0_200,200,GTM,NA,NA,NA
AU34,GTM_REFCLKP1_200,200,GTM,NA,NA,NA
BG30,GTM_RXN0_200,200,GTM,NA,HIGH,NA
BG32,GTM_RXN1_200,200,GTM,NA,HIGH,NA
BG34,GTM_RXN2_200,200,GTM,NA,HIGH,NA
BG36,GTM_RXN3_200,200,GTM,NA,HIGH,NA
BF30,GTM_RXP0_200,200,GTM,NA,HIGH,NA
BF32,GTM_RXP1_200,200,GTM,NA,HIGH,NA
BF34,GTM_RXP2_200,200,GTM,NA,HIGH,NA
BF36,GTM_RXP3_200,200,GTM,NA,HIGH,NA
BD30,GTM_TXN0_200,200,GTM,NA,HIGH,NA
BA30,GTM_TXN1_200,200,GTM,NA,HIGH,NA
BD32,GTM_TXN2_200,200,GTM,NA,HIGH,NA
BA32,GTM_TXN3_200,200,GTM,NA,HIGH,NA
BC30,GTM_TXP0_200,200,GTM,NA,HIGH,NA
AY30,GTM_TXP1_200,200,GTM,NA,HIGH,NA
BC32,GTM_TXP2_200,200,GTM,NA,HIGH,NA
AY32,GTM_TXP3_200,200,GTM,NA,HIGH,NA
AT37,GTM_REFCLKN0_201,201,GTM,NA,NA,NA
AR35,GTM_REFCLKN1_201,201,GTM,NA,NA,NA
AT36,GTM_REFCLKP0_201,201,GTM,NA,NA,NA
AR34,GTM_REFCLKP1_201,201,GTM,NA,NA,NA
BG38,GTM_RXN0_201,201,GTM,NA,HIGH,NA
BG40,GTM_RXN1_201,201,GTM,NA,HIGH,NA
BG42,GTM_RXN2_201,201,GTM,NA,HIGH,NA
BG44,GTM_RXN3_201,201,GTM,NA,HIGH,NA
BF38,GTM_RXP0_201,201,GTM,NA,HIGH,NA
BF40,GTM_RXP1_201,201,GTM,NA,HIGH,NA
BF42,GTM_RXP2_201,201,GTM,NA,HIGH,NA
BF44,GTM_RXP3_201,201,GTM,NA,HIGH,NA
BD34,GTM_TXN0_201,201,GTM,NA,HIGH,NA
BA34,GTM_TXN1_201,201,GTM,NA,HIGH,NA
BD36,GTM_TXN2_201,201,GTM,NA,HIGH,NA
BA36,GTM_TXN3_201,201,GTM,NA,HIGH,NA
BC34,GTM_TXP0_201,201,GTM,NA,HIGH,NA
AY34,GTM_TXP1_201,201,GTM,NA,HIGH,NA
BC36,GTM_TXP2_201,201,GTM,NA,HIGH,NA
AY36,GTM_TXP3_201,201,GTM,NA,HIGH,NA
AP37,GTM_REFCLKN0_202,202,GTM,NA,NA,NA
AN35,GTM_REFCLKN1_202,202,GTM,NA,NA,NA
AP36,GTM_REFCLKP0_202,202,GTM,NA,NA,NA
AN34,GTM_REFCLKP1_202,202,GTM,NA,NA,NA
BD47,GTM_RXN0_202,202,GTM,NA,HIGH,NA
BD44,GTM_RXN1_202,202,GTM,NA,HIGH,NA
BB47,GTM_RXN2_202,202,GTM,NA,HIGH,NA
BB44,GTM_RXN3_202,202,GTM,NA,HIGH,NA
BD46,GTM_RXP0_202,202,GTM,NA,HIGH,NA
BD43,GTM_RXP1_202,202,GTM,NA,HIGH,NA
BB46,GTM_RXP2_202,202,GTM,NA,HIGH,NA
BB43,GTM_RXP3_202,202,GTM,NA,HIGH,NA
BD38,GTM_TXN0_202,202,GTM,NA,HIGH,NA
BA38,GTM_TXN1_202,202,GTM,NA,HIGH,NA
BD41,GTM_TXN2_202,202,GTM,NA,HIGH,NA
BB41,GTM_TXN3_202,202,GTM,NA,HIGH,NA
BC38,GTM_TXP0_202,202,GTM,NA,HIGH,NA
AY38,GTM_TXP1_202,202,GTM,NA,HIGH,NA
BD40,GTM_TXP2_202,202,GTM,NA,HIGH,NA
BB40,GTM_TXP3_202,202,GTM,NA,HIGH,NA
AM37,GTM_AVTTRCAL_L,203,NA,NA,NA,NA
AL35,GTM_REFCLKN0_203,203,GTM,NA,NA,NA
AK37,GTM_REFCLKN1_203,203,GTM,NA,NA,NA
AL34,GTM_REFCLKP0_203,203,GTM,NA,NA,NA
AK36,GTM_REFCLKP1_203,203,GTM,NA,NA,NA
AM36,GTM_RREF_L,203,GTM,NA,NA,NA
AY47,GTM_RXN0_203,203,GTM,NA,HIGH,NA
AY44,GTM_RXN1_203,203,GTM,NA,HIGH,NA
AV47,GTM_RXN2_203,203,GTM,NA,HIGH,NA
AV44,GTM_RXN3_203,203,GTM,NA,HIGH,NA
AY46,GTM_RXP0_203,203,GTM,NA,HIGH,NA
AY43,GTM_RXP1_203,203,GTM,NA,HIGH,NA
AV46,GTM_RXP2_203,203,GTM,NA,HIGH,NA
AV43,GTM_RXP3_203,203,GTM,NA,HIGH,NA
AY41,GTM_TXN0_203,203,GTM,NA,HIGH,NA
AV41,GTM_TXN1_203,203,GTM,NA,HIGH,NA
AT44,GTM_TXN2_203,203,GTM,NA,HIGH,NA
AT41,GTM_TXN3_203,203,GTM,NA,HIGH,NA
AY40,GTM_TXP0_203,203,GTM,NA,HIGH,NA
AV40,GTM_TXP1_203,203,GTM,NA,HIGH,NA
AT43,GTM_TXP2_203,203,GTM,NA,HIGH,NA
AT40,GTM_TXP3_203,203,GTM,NA,HIGH,NA
AJ35,GTM_REFCLKN0_204,204,GTM,NA,NA,NA
AH37,GTM_REFCLKN1_204,204,GTM,NA,NA,NA
AJ34,GTM_REFCLKP0_204,204,GTM,NA,NA,NA
AH36,GTM_REFCLKP1_204,204,GTM,NA,NA,NA
AT47,GTM_RXN0_204,204,GTM,NA,HIGH,NA
AP47,GTM_RXN1_204,204,GTM,NA,HIGH,NA
AM47,GTM_RXN2_204,204,GTM,NA,HIGH,NA
AK47,GTM_RXN3_204,204,GTM,NA,HIGH,NA
AT46,GTM_RXP0_204,204,GTM,NA,HIGH,NA
AP46,GTM_RXP1_204,204,GTM,NA,HIGH,NA
AM46,GTM_RXP2_204,204,GTM,NA,HIGH,NA
AK46,GTM_RXP3_204,204,GTM,NA,HIGH,NA
AP44,GTM_TXN0_204,204,GTM,NA,HIGH,NA
AP41,GTM_TXN1_204,204,GTM,NA,HIGH,NA
AM44,GTM_TXN2_204,204,GTM,NA,HIGH,NA
AM41,GTM_TXN3_204,204,GTM,NA,HIGH,NA
AP43,GTM_TXP0_204,204,GTM,NA,HIGH,NA
AP40,GTM_TXP1_204,204,GTM,NA,HIGH,NA
AM43,GTM_TXP2_204,204,GTM,NA,HIGH,NA
AM40,GTM_TXP3_204,204,GTM,NA,HIGH,NA
AG34,GTM_REFCLKN0_205,205,GTM,NA,NA,NA
AE34,GTM_REFCLKN1_205,205,GTM,NA,NA,NA
AG33,GTM_REFCLKP0_205,205,GTM,NA,NA,NA
AE33,GTM_REFCLKP1_205,205,GTM,NA,NA,NA
AH47,GTM_RXN0_205,205,GTM,NA,HIGH,NA
AF47,GTM_RXN1_205,205,GTM,NA,HIGH,NA
AF44,GTM_RXN2_205,205,GTM,NA,HIGH,NA
AD47,GTM_RXN3_205,205,GTM,NA,HIGH,NA
AH46,GTM_RXP0_205,205,GTM,NA,HIGH,NA
AF46,GTM_RXP1_205,205,GTM,NA,HIGH,NA
AF43,GTM_RXP2_205,205,GTM,NA,HIGH,NA
AD46,GTM_RXP3_205,205,GTM,NA,HIGH,NA
AK44,GTM_TXN0_205,205,GTM,NA,HIGH,NA
AK41,GTM_TXN1_205,205,GTM,NA,HIGH,NA
AH44,GTM_TXN2_205,205,GTM,NA,HIGH,NA
AH41,GTM_TXN3_205,205,GTM,NA,HIGH,NA
AK43,GTM_TXP0_205,205,GTM,NA,HIGH,NA
AK40,GTM_TXP1_205,205,GTM,NA,HIGH,NA
AH43,GTM_TXP2_205,205,GTM,NA,HIGH,NA
AH40,GTM_TXP3_205,205,GTM,NA,HIGH,NA
AC34,GTM_REFCLKN0_206,206,GTM,NA,NA,NA
AA34,GTM_REFCLKN1_206,206,GTM,NA,NA,NA
AC33,GTM_REFCLKP0_206,206,GTM,NA,NA,NA
AA33,GTM_REFCLKP1_206,206,GTM,NA,NA,NA
AD44,GTM_RXN0_206,206,GTM,NA,HIGH,NA
AB47,GTM_RXN1_206,206,GTM,NA,HIGH,NA
AB44,GTM_RXN2_206,206,GTM,NA,HIGH,NA
Y47,GTM_RXN3_206,206,GTM,NA,HIGH,NA
AD43,GTM_RXP0_206,206,GTM,NA,HIGH,NA
AB46,GTM_RXP1_206,206,GTM,NA,HIGH,NA
AB43,GTM_RXP2_206,206,GTM,NA,HIGH,NA
Y46,GTM_RXP3_206,206,GTM,NA,HIGH,NA
AF41,GTM_TXN0_206,206,GTM,NA,HIGH,NA
AF38,GTM_TXN1_206,206,GTM,NA,HIGH,NA
AD41,GTM_TXN2_206,206,GTM,NA,HIGH,NA
AD38,GTM_TXN3_206,206,GTM,NA,HIGH,NA
AF40,GTM_TXP0_206,206,GTM,NA,HIGH,NA
AF37,GTM_TXP1_206,206,GTM,NA,HIGH,NA
AD40,GTM_TXP2_206,206,GTM,NA,HIGH,NA
AD37,GTM_TXP3_206,206,GTM,NA,HIGH,NA
W34,GTM_REFCLKN0_207,207,GTM,NA,NA,NA
V37,GTM_REFCLKN1_207,207,GTM,NA,NA,NA
W33,GTM_REFCLKP0_207,207,GTM,NA,NA,NA
V36,GTM_REFCLKP1_207,207,GTM,NA,NA,NA
Y44,GTM_RXN0_207,207,GTM,NA,HIGH,NA
V47,GTM_RXN1_207,207,GTM,NA,HIGH,NA
V44,GTM_RXN2_207,207,GTM,NA,HIGH,NA
T47,GTM_RXN3_207,207,GTM,NA,HIGH,NA
Y43,GTM_RXP0_207,207,GTM,NA,HIGH,NA
V46,GTM_RXP1_207,207,GTM,NA,HIGH,NA
V43,GTM_RXP2_207,207,GTM,NA,HIGH,NA
T46,GTM_RXP3_207,207,GTM,NA,HIGH,NA
AB41,GTM_TXN0_207,207,GTM,NA,HIGH,NA
AB38,GTM_TXN1_207,207,GTM,NA,HIGH,NA
Y41,GTM_TXN2_207,207,GTM,NA,HIGH,NA
Y38,GTM_TXN3_207,207,GTM,NA,HIGH,NA
AB40,GTM_TXP0_207,207,GTM,NA,HIGH,NA
AB37,GTM_TXP1_207,207,GTM,NA,HIGH,NA
Y40,GTM_TXP2_207,207,GTM,NA,HIGH,NA
Y37,GTM_TXP3_207,207,GTM,NA,HIGH,NA
U35,GTM_REFCLKN0_208,208,GTM,NA,NA,NA
T37,GTM_REFCLKN1_208,208,GTM,NA,NA,NA
U34,GTM_REFCLKP0_208,208,GTM,NA,NA,NA
T36,GTM_REFCLKP1_208,208,GTM,NA,NA,NA
T44,GTM_RXN0_208,208,GTM,NA,HIGH,NA
P47,GTM_RXN1_208,208,GTM,NA,HIGH,NA
M47,GTM_RXN2_208,208,GTM,NA,HIGH,NA
K47,GTM_RXN3_208,208,GTM,NA,HIGH,NA
T43,GTM_RXP0_208,208,GTM,NA,HIGH,NA
P46,GTM_RXP1_208,208,GTM,NA,HIGH,NA
M46,GTM_RXP2_208,208,GTM,NA,HIGH,NA
K46,GTM_RXP3_208,208,GTM,NA,HIGH,NA
V41,GTM_TXN0_208,208,GTM,NA,HIGH,NA
T41,GTM_TXN1_208,208,GTM,NA,HIGH,NA
P44,GTM_TXN2_208,208,GTM,NA,HIGH,NA
P41,GTM_TXN3_208,208,GTM,NA,HIGH,NA
V40,GTM_TXP0_208,208,GTM,NA,HIGH,NA
T40,GTM_TXP1_208,208,GTM,NA,HIGH,NA
P43,GTM_TXP2_208,208,GTM,NA,HIGH,NA
P40,GTM_TXP3_208,208,GTM,NA,HIGH,NA
R35,GTM_REFCLKN0_209,209,GTM,NA,NA,NA
P37,GTM_REFCLKN1_209,209,GTM,NA,NA,NA
R34,GTM_REFCLKP0_209,209,GTM,NA,NA,NA
P36,GTM_REFCLKP1_209,209,GTM,NA,NA,NA
H47,GTM_RXN0_209,209,GTM,NA,HIGH,NA
F47,GTM_RXN1_209,209,GTM,NA,HIGH,NA
F44,GTM_RXN2_209,209,GTM,NA,HIGH,NA
D47,GTM_RXN3_209,209,GTM,NA,HIGH,NA
H46,GTM_RXP0_209,209,GTM,NA,HIGH,NA
F46,GTM_RXP1_209,209,GTM,NA,HIGH,NA
F43,GTM_RXP2_209,209,GTM,NA,HIGH,NA
D46,GTM_RXP3_209,209,GTM,NA,HIGH,NA
M44,GTM_TXN0_209,209,GTM,NA,HIGH,NA
M41,GTM_TXN1_209,209,GTM,NA,HIGH,NA
K44,GTM_TXN2_209,209,GTM,NA,HIGH,NA
K41,GTM_TXN3_209,209,GTM,NA,HIGH,NA
M43,GTM_TXP0_209,209,GTM,NA,HIGH,NA
M40,GTM_TXP1_209,209,GTM,NA,HIGH,NA
K43,GTM_TXP2_209,209,GTM,NA,HIGH,NA
K40,GTM_TXP3_209,209,GTM,NA,HIGH,NA
N35,GTM_REFCLKN0_210,210,GTM,NA,NA,NA
M37,GTM_REFCLKN1_210,210,GTM,NA,NA,NA
N34,GTM_REFCLKP0_210,210,GTM,NA,NA,NA
M36,GTM_REFCLKP1_210,210,GTM,NA,NA,NA
D44,GTM_RXN0_210,210,GTM,NA,HIGH,NA
A44,GTM_RXN1_210,210,GTM,NA,HIGH,NA
A42,GTM_RXN2_210,210,GTM,NA,HIGH,NA
A40,GTM_RXN3_210,210,GTM,NA,HIGH,NA
D43,GTM_RXP0_210,210,GTM,NA,HIGH,NA
B44,GTM_RXP1_210,210,GTM,NA,HIGH,NA
B42,GTM_RXP2_210,210,GTM,NA,HIGH,NA
B40,GTM_RXP3_210,210,GTM,NA,HIGH,NA
H44,GTM_TXN0_210,210,GTM,NA,HIGH,NA
H41,GTM_TXN1_210,210,GTM,NA,HIGH,NA
F41,GTM_TXN2_210,210,GTM,NA,HIGH,NA
D41,GTM_TXN3_210,210,GTM,NA,HIGH,NA
H43,GTM_TXP0_210,210,GTM,NA,HIGH,NA
H40,GTM_TXP1_210,210,GTM,NA,HIGH,NA
F40,GTM_TXP2_210,210,GTM,NA,HIGH,NA
D40,GTM_TXP3_210,210,GTM,NA,HIGH,NA
L35,GTM_REFCLKN0_211,211,GTM,NA,NA,NA
K37,GTM_REFCLKN1_211,211,GTM,NA,NA,NA
L34,GTM_REFCLKP0_211,211,GTM,NA,NA,NA
K36,GTM_REFCLKP1_211,211,GTM,NA,NA,NA
A38,GTM_RXN0_211,211,GTM,NA,HIGH,NA
D38,GTM_RXN1_211,211,GTM,NA,HIGH,NA
A36,GTM_RXN2_211,211,GTM,NA,HIGH,NA
D36,GTM_RXN3_211,211,GTM,NA,HIGH,NA
B38,GTM_RXP0_211,211,GTM,NA,HIGH,NA
E38,GTM_RXP1_211,211,GTM,NA,HIGH,NA
B36,GTM_RXP2_211,211,GTM,NA,HIGH,NA
E36,GTM_RXP3_211,211,GTM,NA,HIGH,NA
G38,GTM_TXN0_211,211,GTM,NA,HIGH,NA
G36,GTM_TXN1_211,211,GTM,NA,HIGH,NA
D34,GTM_TXN2_211,211,GTM,NA,HIGH,NA
G34,GTM_TXN3_211,211,GTM,NA,HIGH,NA
H38,GTM_TXP0_211,211,GTM,NA,HIGH,NA
H36,GTM_TXP1_211,211,GTM,NA,HIGH,NA
E34,GTM_TXP2_211,211,GTM,NA,HIGH,NA
H34,GTM_TXP3_211,211,GTM,NA,HIGH,NA
K32,GTM_REFCLKN0_212,212,GTM,NA,NA,NA
K30,GTM_REFCLKN1_212,212,GTM,NA,NA,NA
L32,GTM_REFCLKP0_212,212,GTM,NA,NA,NA
L30,GTM_REFCLKP1_212,212,GTM,NA,NA,NA
A34,GTM_RXN0_212,212,GTM,NA,HIGH,NA
A32,GTM_RXN1_212,212,GTM,NA,HIGH,NA
A30,GTM_RXN2_212,212,GTM,NA,HIGH,NA
D30,GTM_RXN3_212,212,GTM,NA,HIGH,NA
B34,GTM_RXP0_212,212,GTM,NA,HIGH,NA
B32,GTM_RXP1_212,212,GTM,NA,HIGH,NA
B30,GTM_RXP2_212,212,GTM,NA,HIGH,NA
E30,GTM_RXP3_212,212,GTM,NA,HIGH,NA
D32,GTM_TXN0_212,212,GTM,NA,HIGH,NA
G32,GTM_TXN1_212,212,GTM,NA,HIGH,NA
G30,GTM_TXN2_212,212,GTM,NA,HIGH,NA
G28,GTM_TXN3_212,212,GTM,NA,HIGH,NA
E32,GTM_TXP0_212,212,GTM,NA,HIGH,NA
H32,GTM_TXP1_212,212,GTM,NA,HIGH,NA
H30,GTM_TXP2_212,212,GTM,NA,HIGH,NA
H28,GTM_TXP3_212,212,GTM,NA,HIGH,NA
K28,GTM_REFCLKN0_213,213,GTM,NA,NA,NA
K26,GTM_REFCLKN1_213,213,GTM,NA,NA,NA
L28,GTM_REFCLKP0_213,213,GTM,NA,NA,NA
L26,GTM_REFCLKP1_213,213,GTM,NA,NA,NA
A28,GTM_RXN0_213,213,GTM,NA,HIGH,NA
D28,GTM_RXN1_213,213,GTM,NA,HIGH,NA
A26,GTM_RXN2_213,213,GTM,NA,HIGH,NA
A24,GTM_RXN3_213,213,GTM,NA,HIGH,NA
B28,GTM_RXP0_213,213,GTM,NA,HIGH,NA
E28,GTM_RXP1_213,213,GTM,NA,HIGH,NA
B26,GTM_RXP2_213,213,GTM,NA,HIGH,NA
B24,GTM_RXP3_213,213,GTM,NA,HIGH,NA
D26,GTM_TXN0_213,213,GTM,NA,HIGH,NA
G26,GTM_TXN1_213,213,GTM,NA,HIGH,NA
D24,GTM_TXN2_213,213,GTM,NA,HIGH,NA
G24,GTM_TXN3_213,213,GTM,NA,HIGH,NA
E26,GTM_TXP0_213,213,GTM,NA,HIGH,NA
H26,GTM_TXP1_213,213,GTM,NA,HIGH,NA
E24,GTM_TXP2_213,213,GTM,NA,HIGH,NA
H24,GTM_TXP3_213,213,GTM,NA,HIGH,NA
BB16,PMC_MIO0_500,500,PMCMIO,NA,NA,NA
AY13,PMC_MIO10_500,500,PMCMIO,NA,NA,NA
AV13,PMC_MIO11_500,500,PMCMIO,NA,NA,NA
AU12,PMC_MIO12_500,500,PMCMIO,NA,NA,NA
AV12,PMC_MIO13_500,500,PMCMIO,NA,NA,NA
AW12,PMC_MIO14_500,500,PMCMIO,NA,NA,NA
AY12,PMC_MIO15_500,500,PMCMIO,NA,NA,NA
BB12,PMC_MIO16_500,500,PMCMIO,NA,NA,NA
BB11,PMC_MIO17_500,500,PMCMIO,NA,NA,NA
BA11,PMC_MIO18_500,500,PMCMIO,NA,NA,NA
AY11,PMC_MIO19_500,500,PMCMIO,NA,NA,NA
BC15,PMC_MIO1_500,500,PMCMIO,NA,NA,NA
AW11,PMC_MIO20_500,500,PMCMIO,NA,NA,NA
AU11,PMC_MIO21_500,500,PMCMIO,NA,NA,NA
AU10,PMC_MIO22_500,500,PMCMIO,NA,NA,NA
AV10,PMC_MIO23_500,500,PMCMIO,NA,NA,NA
AW10,PMC_MIO24_500,500,PMCMIO,NA,NA,NA
BA10,PMC_MIO25_500,500,PMCMIO,NA,NA,NA
BB15,PMC_MIO2_500,500,PMCMIO,NA,NA,NA
BA15,PMC_MIO3_500,500,PMCMIO,NA,NA,NA
AW15,PMC_MIO4_500,500,PMCMIO,NA,NA,NA
AW14,PMC_MIO5_500,500,PMCMIO,NA,NA,NA
AY14,PMC_MIO6_500,500,PMCMIO,NA,NA,NA
BA14,PMC_MIO7_500,500,PMCMIO,NA,NA,NA
BB13,PMC_MIO8_500,500,PMCMIO,NA,NA,NA
BA13,PMC_MIO9_500,500,PMCMIO,NA,NA,NA
AN11,VCCO_500,500,NA,NA,NA,NA
AP10,VCCO_500,500,NA,NA,NA,NA
BD17,PMC_MIO26_501,501,PMCMIO,NA,NA,NA
BE17,PMC_MIO27_501,501,PMCMIO,NA,NA,NA
BG17,PMC_MIO28_501,501,PMCMIO,NA,NA,NA
BG16,PMC_MIO29_501,501,PMCMIO,NA,NA,NA
BF16,PMC_MIO30_501,501,PMCMIO,NA,NA,NA
BE16,PMC_MIO31_501,501,PMCMIO,NA,NA,NA
BD16,PMC_MIO32_501,501,PMCMIO,NA,NA,NA
BD15,PMC_MIO33_501,501,PMCMIO,NA,NA,NA
BF15,PMC_MIO34_501,501,PMCMIO,NA,NA,NA
BG15,PMC_MIO35_501,501,PMCMIO,NA,NA,NA
BF14,PMC_MIO36_501,501,PMCMIO,NA,NA,NA
BE14,PMC_MIO37_501,501,PMCMIO,NA,NA,NA
BD14,PMC_MIO38_501,501,PMCMIO,NA,NA,NA
BC14,PMC_MIO39_501,501,PMCMIO,NA,NA,NA
BC13,PMC_MIO40_501,501,PMCMIO,NA,NA,NA
BE13,PMC_MIO41_501,501,PMCMIO,NA,NA,NA
BF13,PMC_MIO42_501,501,PMCMIO,NA,NA,NA
BG13,PMC_MIO43_501,501,PMCMIO,NA,NA,NA
BG12,PMC_MIO44_501,501,PMCMIO,NA,NA,NA
BE12,PMC_MIO45_501,501,PMCMIO,NA,NA,NA
BD12,PMC_MIO46_501,501,PMCMIO,NA,NA,NA
BC12,PMC_MIO47_501,501,PMCMIO,NA,NA,NA
BD11,PMC_MIO48_501,501,PMCMIO,NA,NA,NA
BE11,PMC_MIO49_501,501,PMCMIO,NA,NA,NA
BF11,PMC_MIO50_501,501,PMCMIO,NA,NA,NA
BG11,PMC_MIO51_501,501,PMCMIO,NA,NA,NA
AT10,VCCO_501,501,NA,NA,NA,NA
AT11,VCCO_501,501,NA,NA,NA,NA
BB21,LPD_MIO0_502,502,LPDMIO,NA,NA,NA
AY19,LPD_MIO10_502,502,LPDMIO,NA,NA,NA
AW19,LPD_MIO11_502,502,LPDMIO,NA,NA,NA
AV19,LPD_MIO12_502,502,LPDMIO,NA,NA,NA
AV18,LPD_MIO13_502,502,LPDMIO,NA,NA,NA
AY18,LPD_MIO14_502,502,LPDMIO,NA,NA,NA
BA18,LPD_MIO15_502,502,LPDMIO,NA,NA,NA
BB18,LPD_MIO16_502,502,LPDMIO,NA,NA,NA
BC18,LPD_MIO17_502,502,LPDMIO,NA,NA,NA
BC17,LPD_MIO18_502,502,LPDMIO,NA,NA,NA
BB17,LPD_MIO19_502,502,LPDMIO,NA,NA,NA
BA21,LPD_MIO1_502,502,LPDMIO,NA,NA,NA
AY17,LPD_MIO20_502,502,LPDMIO,NA,NA,NA
AW17,LPD_MIO21_502,502,LPDMIO,NA,NA,NA
AV17,LPD_MIO22_502,502,LPDMIO,NA,NA,NA
AW16,LPD_MIO23_502,502,LPDMIO,NA,NA,NA
AY16,LPD_MIO24_502,502,LPDMIO,NA,NA,NA
BA16,LPD_MIO25_502,502,LPDMIO,NA,NA,NA
AV21,LPD_MIO2_502,502,LPDMIO,NA,NA,NA
AV20,LPD_MIO3_502,502,LPDMIO,NA,NA,NA
AW20,LPD_MIO4_502,502,LPDMIO,NA,NA,NA
BA20,LPD_MIO5_502,502,LPDMIO,NA,NA,NA
BB20,LPD_MIO6_502,502,LPDMIO,NA,NA,NA
BC20,LPD_MIO7_502,502,LPDMIO,NA,NA,NA
BC19,LPD_MIO8_502,502,LPDMIO,NA,NA,NA
BA19,LPD_MIO9_502,502,LPDMIO,NA,NA,NA
AM11,VCCO_502,502,NA,NA,NA,NA
AN10,VCCO_502,502,NA,NA,NA,NA
BE21,DONE_503,503,PMCDIO,NA,NA,NA
BF21,ERROR_OUT_503,503,PMCDIO,NA,NA,NA
BF20,MODE0_503,503,PMCDIO,NA,NA,NA
BF19,MODE1_503,503,PMCDIO,NA,NA,NA
BE19,MODE2_503,503,PMCDIO,NA,NA,NA
BF18,MODE3_503,503,PMCDIO,NA,NA,NA
AM17,POR_B_503,503,PMCDIO,NA,NA,NA
BG18,PUDC_B_503,503,PMCDIO,NA,NA,NA
AN17,REF_CLK_503,503,PMCDIO,NA,NA,NA
BG20,RTC_PADI_503,503,PMCDIO,NA,NA,NA
BG21,RTC_PADO_503,503,PMCDIO,NA,NA,NA
BD20,TCK_503,503,PMCDIO,NA,NA,NA
BE18,TDI_503,503,PMCDIO,NA,NA,NA
BD19,TDO_503,503,PMCDIO,NA,NA,NA
BD21,TMS_503,503,PMCDIO,NA,NA,NA
AP12,VCCO_503,503,NA,NA,NA,NA
AR11,VCCO_503,503,NA,NA,NA,NA
AU13,IO_VR_700,700,XPIO,NA,NA,YES
AU15,VCCO_700,700,NA,NA,NA,NA
AV14,VCCO_700,700,NA,NA,NA,NA
AV15,VCCO_700,700,NA,NA,NA,NA
BE23,IO_L0N_XCC_N0P1_M1P109_705,705,XPIO,NA,HIGH,NO
BE22,IO_L0P_XCC_N0P0_M1P108_705,705,XPIO,NA,HIGH,NO
BE27,IO_L10N_N3P3_M1P129_705,705,XPIO,NA,HIGH,NO
BD27,IO_L10P_N3P2_M1P128_705,705,XPIO,NA,HIGH,NO
BF28,IO_L11N_N3P5_M1P131_705,705,XPIO,NA,HIGH,NO
BE28,IO_L11P_N3P4_M1P130_705,705,XPIO,NA,HIGH,NO
AY22,IO_L12N_GC_XCC_N4P1_M1P133_705,705,XPIO,NA,HIGH,NO
AW22,IO_L12P_GC_XCC_N4P0_M1P132_705,705,XPIO,NA,HIGH,NO
AY24,IO_L13N_N4P3_M1P135_705,705,XPIO,NA,HIGH,NO
AW25,IO_L13P_N4P2_M1P134_705,705,XPIO,NA,HIGH,NO
BA28,IO_L14N_N4P5_M1P137_705,705,XPIO,NA,HIGH,NO
AY28,IO_L14P_N4P4_M1P136_705,705,XPIO,NA,HIGH,NO
BC28,IO_L15N_XCC_N5P1_M1P139_705,705,XPIO,NA,HIGH,NO
BB28,IO_L15P_XCC_N5P0_M1P138_705,705,XPIO,NA,HIGH,NO
BB23,IO_L16N_N5P3_M1P141_705,705,XPIO,NA,HIGH,NO
BA24,IO_L16P_N5P2_M1P140_705,705,XPIO,NA,HIGH,NO
BB22,IO_L17N_N5P5_M1P143_705,705,XPIO,NA,HIGH,NO
BA23,IO_L17P_N5P4_M1P142_705,705,XPIO,NA,HIGH,NO
AW23,IO_L18N_XCC_N6P1_M1P145_705,705,XPIO,NA,HIGH,NO
AV23,IO_L18P_XCC_N6P0_M1P144_705,705,XPIO,NA,HIGH,NO
AV24,IO_L19N_N6P3_M1P147_705,705,XPIO,NA,HIGH,NO
AU24,IO_L19P_N6P2_M1P146_705,705,XPIO,NA,HIGH,NO
BG22,IO_L1N_N0P3_M1P111_705,705,XPIO,NA,HIGH,NO
BF23,IO_L1P_N0P2_M1P110_705,705,XPIO,NA,HIGH,NO
AV26,IO_L20N_N6P5_M1P149_705,705,XPIO,NA,HIGH,NO
AU25,IO_L20P_N6P4_M1P148_705,705,XPIO,NA,HIGH,NO
AU28,IO_L21N_XCC_N7P1_M1P151_705,705,XPIO,NA,HIGH,NO
AU27,IO_L21P_XCC_N7P0_M1P150_705,705,XPIO,NA,HIGH,NO
AW28,IO_L22N_N7P3_M1P153_705,705,XPIO,NA,HIGH,NO
AV27,IO_L22P_N7P2_M1P152_705,705,XPIO,NA,HIGH,NO
AY27,IO_L23N_N7P5_M1P155_705,705,XPIO,NA,HIGH,NO
AW26,IO_L23P_N7P4_M1P154_705,705,XPIO,NA,HIGH,NO
BC25,IO_L24N_GC_XCC_N8P1_M1P157_705,705,XPIO,NA,HIGH,NO
BC24,IO_L24P_GC_XCC_N8P0_M1P156_705,705,XPIO,NA,HIGH,NO
BB26,IO_L25N_N8P3_M1P159_705,705,XPIO,NA,HIGH,NO
BB25,IO_L25P_N8P2_M1P158_705,705,XPIO,NA,HIGH,NO
BC27,IO_L26N_N8P5_M1P161_705,705,XPIO,NA,HIGH,NO
BB27,IO_L26P_N8P4_M1P160_705,705,XPIO,NA,HIGH,NO
BG23,IO_L2N_N0P5_M1P113_705,705,XPIO,NA,HIGH,NO
BF24,IO_L2P_N0P4_M1P112_705,705,XPIO,NA,HIGH,NO
BG25,IO_L3N_XCC_N1P1_M1P115_705,705,XPIO,NA,HIGH,NO
BF25,IO_L3P_XCC_N1P0_M1P114_705,705,XPIO,NA,HIGH,NO
BG26,IO_L4N_N1P3_M1P117_705,705,XPIO,NA,HIGH,NO
BF26,IO_L4P_N1P2_M1P116_705,705,XPIO,NA,HIGH,NO
BG28,IO_L5N_N1P5_M1P119_705,705,XPIO,NA,HIGH,NO
BG27,IO_L5P_N1P4_M1P118_705,705,XPIO,NA,HIGH,NO
BD22,IO_L6N_GC_XCC_N2P1_M1P121_705,705,XPIO,NA,HIGH,NO
BC22,IO_L6P_GC_XCC_N2P0_M1P120_705,705,XPIO,NA,HIGH,NO
BD24,IO_L7N_N2P3_M1P123_705,705,XPIO,NA,HIGH,NO
BC23,IO_L7P_N2P2_M1P122_705,705,XPIO,NA,HIGH,NO
BE24,IO_L8N_N2P5_M1P125_705,705,XPIO,NA,HIGH,NO
BD25,IO_L8P_N2P4_M1P124_705,705,XPIO,NA,HIGH,NO
BE26,IO_L9N_GC_XCC_N3P1_M1P127_705,705,XPIO,NA,HIGH,NO
BD26,IO_L9P_GC_XCC_N3P0_M1P126_705,705,XPIO,NA,HIGH,NO
AY25,VCCO_705,705,NA,NA,HIGH,NA
BA25,VCCO_705,705,NA,NA,HIGH,NA
BA26,VCCO_705,705,NA,NA,HIGH,NA
A11,GND,NA,NA,NA,NA,NA
A13,GND,NA,NA,NA,NA,NA
A15,GND,NA,NA,NA,NA,NA
A17,GND,NA,NA,NA,NA,NA
A19,GND,NA,NA,NA,NA,NA
A21,GND,NA,NA,NA,NA,NA
A23,GND,NA,NA,NA,NA,NA
A25,GND,NA,NA,NA,NA,NA
A27,GND,NA,NA,NA,NA,NA
A29,GND,NA,NA,NA,NA,NA
A3,GND,NA,NA,NA,NA,NA
A31,GND,NA,NA,NA,NA,NA
A33,GND,NA,NA,NA,NA,NA
A35,GND,NA,NA,NA,NA,NA
A37,GND,NA,NA,NA,NA,NA
A39,GND,NA,NA,NA,NA,NA
A41,GND,NA,NA,NA,NA,NA
A43,GND,NA,NA,NA,NA,NA
A45,GND,NA,NA,NA,NA,NA
A5,GND,NA,NA,NA,NA,NA
A7,GND,NA,NA,NA,NA,NA
A9,GND,NA,NA,NA,NA,NA
AA1,GND,NA,NA,NA,NA,NA
AA10,GND,NA,NA,NA,NA,NA
AA11,GND,NA,NA,NA,NA,NA
AA12,GND,NA,NA,NA,NA,NA
AA17,GND,NA,NA,NA,NA,NA
AA18,GND,NA,NA,NA,NA,NA
AA19,GND,NA,NA,NA,NA,NA
AA2,GND,NA,NA,NA,NA,NA
AA29,GND,NA,NA,NA,NA,NA
AA3,GND,NA,NA,NA,NA,NA
AA32,GND,NA,NA,NA,NA,NA
AA36,GND,NA,NA,NA,NA,NA
AA37,GND,NA,NA,NA,NA,NA
AA38,GND,NA,NA,NA,NA,NA
AA39,GND,NA,NA,NA,NA,NA
AA4,GND,NA,NA,NA,NA,NA
AA40,GND,NA,NA,NA,NA,NA
AA41,GND,NA,NA,NA,NA,NA
AA42,GND,NA,NA,NA,NA,NA
AA43,GND,NA,NA,NA,NA,NA
AA44,GND,NA,NA,NA,NA,NA
AA45,GND,NA,NA,NA,NA,NA
AA46,GND,NA,NA,NA,NA,NA
AA47,GND,NA,NA,NA,NA,NA
AA5,GND,NA,NA,NA,NA,NA
AA6,GND,NA,NA,NA,NA,NA
AA7,GND,NA,NA,NA,NA,NA
AA8,GND,NA,NA,NA,NA,NA
AA9,GND,NA,NA,NA,NA,NA
AB12,GND,NA,NA,NA,NA,NA
AB14,GND,NA,NA,NA,NA,NA
AB16,GND,NA,NA,NA,NA,NA
AB17,GND,NA,NA,NA,NA,NA
AB20,GND,NA,NA,NA,NA,NA
AB28,GND,NA,NA,NA,NA,NA
AB3,GND,NA,NA,NA,NA,NA
AB30,GND,NA,NA,NA,NA,NA
AB32,GND,NA,NA,NA,NA,NA
AB34,GND,NA,NA,NA,NA,NA
AB36,GND,NA,NA,NA,NA,NA
AB39,GND,NA,NA,NA,NA,NA
AB42,GND,NA,NA,NA,NA,NA
AB45,GND,NA,NA,NA,NA,NA
AB6,GND,NA,NA,NA,NA,NA
AB9,GND,NA,NA,NA,NA,NA
AC1,GND,NA,NA,NA,NA,NA
AC10,GND,NA,NA,NA,NA,NA
AC11,GND,NA,NA,NA,NA,NA
AC12,GND,NA,NA,NA,NA,NA
AC17,GND,NA,NA,NA,NA,NA
AC19,GND,NA,NA,NA,NA,NA
AC2,GND,NA,NA,NA,NA,NA
AC29,GND,NA,NA,NA,NA,NA
AC3,GND,NA,NA,NA,NA,NA
AC31,GND,NA,NA,NA,NA,NA
AC32,GND,NA,NA,NA,NA,NA
AC36,GND,NA,NA,NA,NA,NA
AC37,GND,NA,NA,NA,NA,NA
AC38,GND,NA,NA,NA,NA,NA
AC39,GND,NA,NA,NA,NA,NA
AC4,GND,NA,NA,NA,NA,NA
AC40,GND,NA,NA,NA,NA,NA
AC41,GND,NA,NA,NA,NA,NA
AC42,GND,NA,NA,NA,NA,NA
AC43,GND,NA,NA,NA,NA,NA
AC44,GND,NA,NA,NA,NA,NA
AC45,GND,NA,NA,NA,NA,NA
AC46,GND,NA,NA,NA,NA,NA
AC47,GND,NA,NA,NA,NA,NA
AC5,GND,NA,NA,NA,NA,NA
AC6,GND,NA,NA,NA,NA,NA
AC7,GND,NA,NA,NA,NA,NA
AC8,GND,NA,NA,NA,NA,NA
AC9,GND,NA,NA,NA,NA,NA
AD12,GND,NA,NA,NA,NA,NA
AD13,GND,NA,NA,NA,NA,NA
AD14,GND,NA,NA,NA,NA,NA
AD16,GND,NA,NA,NA,NA,NA
AD17,GND,NA,NA,NA,NA,NA
AD18,GND,NA,NA,NA,NA,NA
AD20,GND,NA,NA,NA,NA,NA
AD28,GND,NA,NA,NA,NA,NA
AD3,GND,NA,NA,NA,NA,NA
AD30,GND,NA,NA,NA,NA,NA
AD32,GND,NA,NA,NA,NA,NA
AD34,GND,NA,NA,NA,NA,NA
AD36,GND,NA,NA,NA,NA,NA
AD39,GND,NA,NA,NA,NA,NA
AD42,GND,NA,NA,NA,NA,NA
AD45,GND,NA,NA,NA,NA,NA
AD6,GND,NA,NA,NA,NA,NA
AD9,GND,NA,NA,NA,NA,NA
AE1,GND,NA,NA,NA,NA,NA
AE10,GND,NA,NA,NA,NA,NA
AE11,GND,NA,NA,NA,NA,NA
AE12,GND,NA,NA,NA,NA,NA
AE17,GND,NA,NA,NA,NA,NA
AE19,GND,NA,NA,NA,NA,NA
AE2,GND,NA,NA,NA,NA,NA
AE29,GND,NA,NA,NA,NA,NA
AE3,GND,NA,NA,NA,NA,NA
AE32,GND,NA,NA,NA,NA,NA
AE36,GND,NA,NA,NA,NA,NA
AE37,GND,NA,NA,NA,NA,NA
AE38,GND,NA,NA,NA,NA,NA
AE39,GND,NA,NA,NA,NA,NA
AE4,GND,NA,NA,NA,NA,NA
AE40,GND,NA,NA,NA,NA,NA
AE41,GND,NA,NA,NA,NA,NA
AE42,GND,NA,NA,NA,NA,NA
AE43,GND,NA,NA,NA,NA,NA
AE44,GND,NA,NA,NA,NA,NA
AE45,GND,NA,NA,NA,NA,NA
AE46,GND,NA,NA,NA,NA,NA
AE47,GND,NA,NA,NA,NA,NA
AE5,GND,NA,NA,NA,NA,NA
AE6,GND,NA,NA,NA,NA,NA
AE7,GND,NA,NA,NA,NA,NA
AE8,GND,NA,NA,NA,NA,NA
AE9,GND,NA,NA,NA,NA,NA
AF12,GND,NA,NA,NA,NA,NA
AF14,GND,NA,NA,NA,NA,NA
AF16,GND,NA,NA,NA,NA,NA
AF17,GND,NA,NA,NA,NA,NA
AF20,GND,NA,NA,NA,NA,NA
AF28,GND,NA,NA,NA,NA,NA
AF3,GND,NA,NA,NA,NA,NA
AF30,GND,NA,NA,NA,NA,NA
AF31,GND,NA,NA,NA,NA,NA
AF32,GND,NA,NA,NA,NA,NA
AF34,GND,NA,NA,NA,NA,NA
AF36,GND,NA,NA,NA,NA,NA
AF39,GND,NA,NA,NA,NA,NA
AF42,GND,NA,NA,NA,NA,NA
AF45,GND,NA,NA,NA,NA,NA
AF6,GND,NA,NA,NA,NA,NA
AF9,GND,NA,NA,NA,NA,NA
AG1,GND,NA,NA,NA,NA,NA
AG10,GND,NA,NA,NA,NA,NA
AG11,GND,NA,NA,NA,NA,NA
AG12,GND,NA,NA,NA,NA,NA
AG17,GND,NA,NA,NA,NA,NA
AG18,GND,NA,NA,NA,NA,NA
AG19,GND,NA,NA,NA,NA,NA
AG2,GND,NA,NA,NA,NA,NA
AG29,GND,NA,NA,NA,NA,NA
AG3,GND,NA,NA,NA,NA,NA
AG32,GND,NA,NA,NA,NA,NA
AG35,GND,NA,NA,NA,NA,NA
AG36,GND,NA,NA,NA,NA,NA
AG37,GND,NA,NA,NA,NA,NA
AG38,GND,NA,NA,NA,NA,NA
AG39,GND,NA,NA,NA,NA,NA
AG4,GND,NA,NA,NA,NA,NA
AG40,GND,NA,NA,NA,NA,NA
AG41,GND,NA,NA,NA,NA,NA
AG42,GND,NA,NA,NA,NA,NA
AG43,GND,NA,NA,NA,NA,NA
AG44,GND,NA,NA,NA,NA,NA
AG45,GND,NA,NA,NA,NA,NA
AG46,GND,NA,NA,NA,NA,NA
AG47,GND,NA,NA,NA,NA,NA
AG5,GND,NA,NA,NA,NA,NA
AG6,GND,NA,NA,NA,NA,NA
AG7,GND,NA,NA,NA,NA,NA
AG8,GND,NA,NA,NA,NA,NA
AG9,GND,NA,NA,NA,NA,NA
AH13,GND,NA,NA,NA,NA,NA
AH14,GND,NA,NA,NA,NA,NA
AH16,GND,NA,NA,NA,NA,NA
AH17,GND,NA,NA,NA,NA,NA
AH20,GND,NA,NA,NA,NA,NA
AH22,GND,NA,NA,NA,NA,NA
AH24,GND,NA,NA,NA,NA,NA
AH26,GND,NA,NA,NA,NA,NA
AH28,GND,NA,NA,NA,NA,NA
AH3,GND,NA,NA,NA,NA,NA
AH30,GND,NA,NA,NA,NA,NA
AH32,GND,NA,NA,NA,NA,NA
AH34,GND,NA,NA,NA,NA,NA
AH35,GND,NA,NA,NA,NA,NA
AH39,GND,NA,NA,NA,NA,NA
AH42,GND,NA,NA,NA,NA,NA
AH45,GND,NA,NA,NA,NA,NA
AH6,GND,NA,NA,NA,NA,NA
AH9,GND,NA,NA,NA,NA,NA
AJ1,GND,NA,NA,NA,NA,NA
AJ11,GND,NA,NA,NA,NA,NA
AJ15,GND,NA,NA,NA,NA,NA
AJ17,GND,NA,NA,NA,NA,NA
AJ19,GND,NA,NA,NA,NA,NA
AJ2,GND,NA,NA,NA,NA,NA
AJ21,GND,NA,NA,NA,NA,NA
AJ23,GND,NA,NA,NA,NA,NA
AJ25,GND,NA,NA,NA,NA,NA
AJ27,GND,NA,NA,NA,NA,NA
AJ29,GND,NA,NA,NA,NA,NA
AJ3,GND,NA,NA,NA,NA,NA
AJ31,GND,NA,NA,NA,NA,NA
AJ32,GND,NA,NA,NA,NA,NA
AJ33,GND,NA,NA,NA,NA,NA
AJ37,GND,NA,NA,NA,NA,NA
AJ39,GND,NA,NA,NA,NA,NA
AJ4,GND,NA,NA,NA,NA,NA
AJ40,GND,NA,NA,NA,NA,NA
AJ41,GND,NA,NA,NA,NA,NA
AJ42,GND,NA,NA,NA,NA,NA
AJ43,GND,NA,NA,NA,NA,NA
AJ44,GND,NA,NA,NA,NA,NA
AJ45,GND,NA,NA,NA,NA,NA
AJ46,GND,NA,NA,NA,NA,NA
AJ47,GND,NA,NA,NA,NA,NA
AJ5,GND,NA,NA,NA,NA,NA
AJ6,GND,NA,NA,NA,NA,NA
AJ7,GND,NA,NA,NA,NA,NA
AJ8,GND,NA,NA,NA,NA,NA
AJ9,GND,NA,NA,NA,NA,NA
AK13,GND,NA,NA,NA,NA,NA
AK17,GND,NA,NA,NA,NA,NA
AK18,GND,NA,NA,NA,NA,NA
AK20,GND,NA,NA,NA,NA,NA
AK22,GND,NA,NA,NA,NA,NA
AK24,GND,NA,NA,NA,NA,NA
AK26,GND,NA,NA,NA,NA,NA
AK28,GND,NA,NA,NA,NA,NA
AK3,GND,NA,NA,NA,NA,NA
AK30,GND,NA,NA,NA,NA,NA
AK33,GND,NA,NA,NA,NA,NA
AK35,GND,NA,NA,NA,NA,NA
AK39,GND,NA,NA,NA,NA,NA
AK42,GND,NA,NA,NA,NA,NA
AK45,GND,NA,NA,NA,NA,NA
AK6,GND,NA,NA,NA,NA,NA
AK9,GND,NA,NA,NA,NA,NA
AL1,GND,NA,NA,NA,NA,NA
AL10,GND,NA,NA,NA,NA,NA
AL11,GND,NA,NA,NA,NA,NA
AL12,GND,NA,NA,NA,NA,NA
AL16,GND,NA,NA,NA,NA,NA
AL17,GND,NA,NA,NA,NA,NA
AL19,GND,NA,NA,NA,NA,NA
AL2,GND,NA,NA,NA,NA,NA
AL21,GND,NA,NA,NA,NA,NA
AL23,GND,NA,NA,NA,NA,NA
AL25,GND,NA,NA,NA,NA,NA
AL27,GND,NA,NA,NA,NA,NA
AL29,GND,NA,NA,NA,NA,NA
AL3,GND,NA,NA,NA,NA,NA
AL31,GND,NA,NA,NA,NA,NA
AL32,GND,NA,NA,NA,NA,NA
AL33,GND,NA,NA,NA,NA,NA
AL37,GND,NA,NA,NA,NA,NA
AL39,GND,NA,NA,NA,NA,NA
AL4,GND,NA,NA,NA,NA,NA
AL40,GND,NA,NA,NA,NA,NA
AL41,GND,NA,NA,NA,NA,NA
AL42,GND,NA,NA,NA,NA,NA
AL43,GND,NA,NA,NA,NA,NA
AL44,GND,NA,NA,NA,NA,NA
AL45,GND,NA,NA,NA,NA,NA
AL46,GND,NA,NA,NA,NA,NA
AL47,GND,NA,NA,NA,NA,NA
AL5,GND,NA,NA,NA,NA,NA
AL6,GND,NA,NA,NA,NA,NA
AL7,GND,NA,NA,NA,NA,NA
AL8,GND,NA,NA,NA,NA,NA
AL9,GND,NA,NA,NA,NA,NA
AM10,GND,NA,NA,NA,NA,NA
AM12,GND,NA,NA,NA,NA,NA
AM13,GND,NA,NA,NA,NA,NA
AM14,GND,NA,NA,NA,NA,NA
AM15,GND,NA,NA,NA,NA,NA
AM16,GND,NA,NA,NA,NA,NA
AM20,GND,NA,NA,NA,NA,NA
AM22,GND,NA,NA,NA,NA,NA
AM24,GND,NA,NA,NA,NA,NA
AM26,GND,NA,NA,NA,NA,NA
AM28,GND,NA,NA,NA,NA,NA
AM3,GND,NA,NA,NA,NA,NA
AM30,GND,NA,NA,NA,NA,NA
AM33,GND,NA,NA,NA,NA,NA
AM35,GND,NA,NA,NA,NA,NA
AM39,GND,NA,NA,NA,NA,NA
AM42,GND,NA,NA,NA,NA,NA
AM45,GND,NA,NA,NA,NA,NA
AM6,GND,NA,NA,NA,NA,NA
AM9,GND,NA,NA,NA,NA,NA
AN1,GND,NA,NA,NA,NA,NA
AN12,GND,NA,NA,NA,NA,NA
AN15,GND,NA,NA,NA,NA,NA
AN18,GND,NA,NA,NA,NA,NA
AN19,GND,NA,NA,NA,NA,NA
AN2,GND,NA,NA,NA,NA,NA
AN25,GND,NA,NA,NA,NA,NA
AN27,GND,NA,NA,NA,NA,NA
AN29,GND,NA,NA,NA,NA,NA
AN3,GND,NA,NA,NA,NA,NA
AN31,GND,NA,NA,NA,NA,NA
AN33,GND,NA,NA,NA,NA,NA
AN37,GND,NA,NA,NA,NA,NA
AN39,GND,NA,NA,NA,NA,NA
AN4,GND,NA,NA,NA,NA,NA
AN40,GND,NA,NA,NA,NA,NA
AN41,GND,NA,NA,NA,NA,NA
AN42,GND,NA,NA,NA,NA,NA
AN43,GND,NA,NA,NA,NA,NA
AN44,GND,NA,NA,NA,NA,NA
AN45,GND,NA,NA,NA,NA,NA
AN46,GND,NA,NA,NA,NA,NA
AN47,GND,NA,NA,NA,NA,NA
AN5,GND,NA,NA,NA,NA,NA
AN6,GND,NA,NA,NA,NA,NA
AN7,GND,NA,NA,NA,NA,NA
AN8,GND,NA,NA,NA,NA,NA
AN9,GND,NA,NA,NA,NA,NA
AP11,GND,NA,NA,NA,NA,NA
AP14,GND,NA,NA,NA,NA,NA
AP17,GND,NA,NA,NA,NA,NA
AP20,GND,NA,NA,NA,NA,NA
AP26,GND,NA,NA,NA,NA,NA
AP28,GND,NA,NA,NA,NA,NA
AP3,GND,NA,NA,NA,NA,NA
AP30,GND,NA,NA,NA,NA,NA
AP32,GND,NA,NA,NA,NA,NA
AP33,GND,NA,NA,NA,NA,NA
AP35,GND,NA,NA,NA,NA,NA
AP39,GND,NA,NA,NA,NA,NA
AP42,GND,NA,NA,NA,NA,NA
AP45,GND,NA,NA,NA,NA,NA
AP6,GND,NA,NA,NA,NA,NA
AP9,GND,NA,NA,NA,NA,NA
AR1,GND,NA,NA,NA,NA,NA
AR10,GND,NA,NA,NA,NA,NA
AR13,GND,NA,NA,NA,NA,NA
AR16,GND,NA,NA,NA,NA,NA
AR19,GND,NA,NA,NA,NA,NA
AR2,GND,NA,NA,NA,NA,NA
AR21,GND,NA,NA,NA,NA,NA
AR23,GND,NA,NA,NA,NA,NA
AR25,GND,NA,NA,NA,NA,NA
AR27,GND,NA,NA,NA,NA,NA
AR29,GND,NA,NA,NA,NA,NA
AR3,GND,NA,NA,NA,NA,NA
AR31,GND,NA,NA,NA,NA,NA
AR33,GND,NA,NA,NA,NA,NA
AR37,GND,NA,NA,NA,NA,NA
AR39,GND,NA,NA,NA,NA,NA
AR4,GND,NA,NA,NA,NA,NA
AR40,GND,NA,NA,NA,NA,NA
AR41,GND,NA,NA,NA,NA,NA
AR42,GND,NA,NA,NA,NA,NA
AR43,GND,NA,NA,NA,NA,NA
AR44,GND,NA,NA,NA,NA,NA
AR45,GND,NA,NA,NA,NA,NA
AR46,GND,NA,NA,NA,NA,NA
AR47,GND,NA,NA,NA,NA,NA
AR5,GND,NA,NA,NA,NA,NA
AR6,GND,NA,NA,NA,NA,NA
AR7,GND,NA,NA,NA,NA,NA
AR8,GND,NA,NA,NA,NA,NA
AR9,GND,NA,NA,NA,NA,NA
AT12,GND,NA,NA,NA,NA,NA
AT15,GND,NA,NA,NA,NA,NA
AT18,GND,NA,NA,NA,NA,NA
AT20,GND,NA,NA,NA,NA,NA
AT22,GND,NA,NA,NA,NA,NA
AT24,GND,NA,NA,NA,NA,NA
AT26,GND,NA,NA,NA,NA,NA
AT28,GND,NA,NA,NA,NA,NA
AT3,GND,NA,NA,NA,NA,NA
AT30,GND,NA,NA,NA,NA,NA
AT32,GND,NA,NA,NA,NA,NA
AT33,GND,NA,NA,NA,NA,NA
AT35,GND,NA,NA,NA,NA,NA
AT39,GND,NA,NA,NA,NA,NA
AT42,GND,NA,NA,NA,NA,NA
AT45,GND,NA,NA,NA,NA,NA
AT6,GND,NA,NA,NA,NA,NA
AT9,GND,NA,NA,NA,NA,NA
AU1,GND,NA,NA,NA,NA,NA
AU14,GND,NA,NA,NA,NA,NA
AU16,GND,NA,NA,NA,NA,NA
AU17,GND,NA,NA,NA,NA,NA
AU19,GND,NA,NA,NA,NA,NA
AU2,GND,NA,NA,NA,NA,NA
AU21,GND,NA,NA,NA,NA,NA
AU23,GND,NA,NA,NA,NA,NA
AU26,GND,NA,NA,NA,NA,NA
AU29,GND,NA,NA,NA,NA,NA
AU3,GND,NA,NA,NA,NA,NA
AU31,GND,NA,NA,NA,NA,NA
AU33,GND,NA,NA,NA,NA,NA
AU37,GND,NA,NA,NA,NA,NA
AU39,GND,NA,NA,NA,NA,NA
AU4,GND,NA,NA,NA,NA,NA
AU40,GND,NA,NA,NA,NA,NA
AU41,GND,NA,NA,NA,NA,NA
AU42,GND,NA,NA,NA,NA,NA
AU43,GND,NA,NA,NA,NA,NA
AU44,GND,NA,NA,NA,NA,NA
AU45,GND,NA,NA,NA,NA,NA
AU46,GND,NA,NA,NA,NA,NA
AU47,GND,NA,NA,NA,NA,NA
AU5,GND,NA,NA,NA,NA,NA
AU6,GND,NA,NA,NA,NA,NA
AU7,GND,NA,NA,NA,NA,NA
AU8,GND,NA,NA,NA,NA,NA
AU9,GND,NA,NA,NA,NA,NA
AV11,GND,NA,NA,NA,NA,NA
AV16,GND,NA,NA,NA,NA,NA
AV22,GND,NA,NA,NA,NA,NA
AV25,GND,NA,NA,NA,NA,NA
AV28,GND,NA,NA,NA,NA,NA
AV29,GND,NA,NA,NA,NA,NA
AV3,GND,NA,NA,NA,NA,NA
AV30,GND,NA,NA,NA,NA,NA
AV31,GND,NA,NA,NA,NA,NA
AV32,GND,NA,NA,NA,NA,NA
AV33,GND,NA,NA,NA,NA,NA
AV35,GND,NA,NA,NA,NA,NA
AV39,GND,NA,NA,NA,NA,NA
AV4,GND,NA,NA,NA,NA,NA
AV42,GND,NA,NA,NA,NA,NA
AV45,GND,NA,NA,NA,NA,NA
AV5,GND,NA,NA,NA,NA,NA
AV6,GND,NA,NA,NA,NA,NA
AV9,GND,NA,NA,NA,NA,NA
AW1,GND,NA,NA,NA,NA,NA
AW13,GND,NA,NA,NA,NA,NA
AW18,GND,NA,NA,NA,NA,NA
AW2,GND,NA,NA,NA,NA,NA
AW21,GND,NA,NA,NA,NA,NA
AW24,GND,NA,NA,NA,NA,NA
AW27,GND,NA,NA,NA,NA,NA
AW29,GND,NA,NA,NA,NA,NA
AW30,GND,NA,NA,NA,NA,NA
AW31,GND,NA,NA,NA,NA,NA
AW32,GND,NA,NA,NA,NA,NA
AW33,GND,NA,NA,NA,NA,NA
AW34,GND,NA,NA,NA,NA,NA
AW35,GND,NA,NA,NA,NA,NA
AW36,GND,NA,NA,NA,NA,NA
AW37,GND,NA,NA,NA,NA,NA
AW38,GND,NA,NA,NA,NA,NA
AW39,GND,NA,NA,NA,NA,NA
AW40,GND,NA,NA,NA,NA,NA
AW41,GND,NA,NA,NA,NA,NA
AW42,GND,NA,NA,NA,NA,NA
AW43,GND,NA,NA,NA,NA,NA
AW44,GND,NA,NA,NA,NA,NA
AW45,GND,NA,NA,NA,NA,NA
AW46,GND,NA,NA,NA,NA,NA
AW47,GND,NA,NA,NA,NA,NA
AW5,GND,NA,NA,NA,NA,NA
AW6,GND,NA,NA,NA,NA,NA
AW7,GND,NA,NA,NA,NA,NA
AW8,GND,NA,NA,NA,NA,NA
AW9,GND,NA,NA,NA,NA,NA
AY10,GND,NA,NA,NA,NA,NA
AY15,GND,NA,NA,NA,NA,NA
AY20,GND,NA,NA,NA,NA,NA
AY21,GND,NA,NA,NA,NA,NA
AY23,GND,NA,NA,NA,NA,NA
AY26,GND,NA,NA,NA,NA,NA
AY29,GND,NA,NA,NA,NA,NA
AY3,GND,NA,NA,NA,NA,NA
AY31,GND,NA,NA,NA,NA,NA
AY33,GND,NA,NA,NA,NA,NA
AY35,GND,NA,NA,NA,NA,NA
AY37,GND,NA,NA,NA,NA,NA
AY39,GND,NA,NA,NA,NA,NA
AY4,GND,NA,NA,NA,NA,NA
AY42,GND,NA,NA,NA,NA,NA
AY45,GND,NA,NA,NA,NA,NA
AY5,GND,NA,NA,NA,NA,NA
AY8,GND,NA,NA,NA,NA,NA
AY9,GND,NA,NA,NA,NA,NA
B11,GND,NA,NA,NA,NA,NA
B13,GND,NA,NA,NA,NA,NA
B15,GND,NA,NA,NA,NA,NA
B17,GND,NA,NA,NA,NA,NA
B19,GND,NA,NA,NA,NA,NA
B2,GND,NA,NA,NA,NA,NA
B21,GND,NA,NA,NA,NA,NA
B23,GND,NA,NA,NA,NA,NA
B25,GND,NA,NA,NA,NA,NA
B27,GND,NA,NA,NA,NA,NA
B29,GND,NA,NA,NA,NA,NA
B3,GND,NA,NA,NA,NA,NA
B31,GND,NA,NA,NA,NA,NA
B33,GND,NA,NA,NA,NA,NA
B35,GND,NA,NA,NA,NA,NA
B37,GND,NA,NA,NA,NA,NA
B39,GND,NA,NA,NA,NA,NA
B41,GND,NA,NA,NA,NA,NA
B43,GND,NA,NA,NA,NA,NA
B45,GND,NA,NA,NA,NA,NA
B46,GND,NA,NA,NA,NA,NA
B5,GND,NA,NA,NA,NA,NA
B7,GND,NA,NA,NA,NA,NA
B9,GND,NA,NA,NA,NA,NA
BA1,GND,NA,NA,NA,NA,NA
BA12,GND,NA,NA,NA,NA,NA
BA17,GND,NA,NA,NA,NA,NA
BA2,GND,NA,NA,NA,NA,NA
BA22,GND,NA,NA,NA,NA,NA
BA27,GND,NA,NA,NA,NA,NA
BA29,GND,NA,NA,NA,NA,NA
BA31,GND,NA,NA,NA,NA,NA
BA33,GND,NA,NA,NA,NA,NA
BA35,GND,NA,NA,NA,NA,NA
BA37,GND,NA,NA,NA,NA,NA
BA39,GND,NA,NA,NA,NA,NA
BA40,GND,NA,NA,NA,NA,NA
BA41,GND,NA,NA,NA,NA,NA
BA42,GND,NA,NA,NA,NA,NA
BA43,GND,NA,NA,NA,NA,NA
BA44,GND,NA,NA,NA,NA,NA
BA45,GND,NA,NA,NA,NA,NA
BA46,GND,NA,NA,NA,NA,NA
BA47,GND,NA,NA,NA,NA,NA
BA5,GND,NA,NA,NA,NA,NA
BA6,GND,NA,NA,NA,NA,NA
BA7,GND,NA,NA,NA,NA,NA
BA8,GND,NA,NA,NA,NA,NA
BA9,GND,NA,NA,NA,NA,NA
BB10,GND,NA,NA,NA,NA,NA
BB14,GND,NA,NA,NA,NA,NA
BB19,GND,NA,NA,NA,NA,NA
BB24,GND,NA,NA,NA,NA,NA
BB29,GND,NA,NA,NA,NA,NA
BB3,GND,NA,NA,NA,NA,NA
BB30,GND,NA,NA,NA,NA,NA
BB31,GND,NA,NA,NA,NA,NA
BB32,GND,NA,NA,NA,NA,NA
BB33,GND,NA,NA,NA,NA,NA
BB34,GND,NA,NA,NA,NA,NA
BB35,GND,NA,NA,NA,NA,NA
BB36,GND,NA,NA,NA,NA,NA
BB37,GND,NA,NA,NA,NA,NA
BB38,GND,NA,NA,NA,NA,NA
BB39,GND,NA,NA,NA,NA,NA
BB4,GND,NA,NA,NA,NA,NA
BB42,GND,NA,NA,NA,NA,NA
BB45,GND,NA,NA,NA,NA,NA
BB5,GND,NA,NA,NA,NA,NA
BB8,GND,NA,NA,NA,NA,NA
BB9,GND,NA,NA,NA,NA,NA
BC1,GND,NA,NA,NA,NA,NA
BC10,GND,NA,NA,NA,NA,NA
BC11,GND,NA,NA,NA,NA,NA
BC16,GND,NA,NA,NA,NA,NA
BC2,GND,NA,NA,NA,NA,NA
BC21,GND,NA,NA,NA,NA,NA
BC26,GND,NA,NA,NA,NA,NA
BC29,GND,NA,NA,NA,NA,NA
BC31,GND,NA,NA,NA,NA,NA
BC33,GND,NA,NA,NA,NA,NA
BC35,GND,NA,NA,NA,NA,NA
BC37,GND,NA,NA,NA,NA,NA
BC39,GND,NA,NA,NA,NA,NA
BC40,GND,NA,NA,NA,NA,NA
BC41,GND,NA,NA,NA,NA,NA
BC42,GND,NA,NA,NA,NA,NA
BC43,GND,NA,NA,NA,NA,NA
BC44,GND,NA,NA,NA,NA,NA
BC45,GND,NA,NA,NA,NA,NA
BC46,GND,NA,NA,NA,NA,NA
BC47,GND,NA,NA,NA,NA,NA
BC5,GND,NA,NA,NA,NA,NA
BC6,GND,NA,NA,NA,NA,NA
BC7,GND,NA,NA,NA,NA,NA
BD10,GND,NA,NA,NA,NA,NA
BD13,GND,NA,NA,NA,NA,NA
BD18,GND,NA,NA,NA,NA,NA
BD23,GND,NA,NA,NA,NA,NA
BD28,GND,NA,NA,NA,NA,NA
BD29,GND,NA,NA,NA,NA,NA
BD3,GND,NA,NA,NA,NA,NA
BD31,GND,NA,NA,NA,NA,NA
BD33,GND,NA,NA,NA,NA,NA
BD35,GND,NA,NA,NA,NA,NA
BD37,GND,NA,NA,NA,NA,NA
BD39,GND,NA,NA,NA,NA,NA
BD4,GND,NA,NA,NA,NA,NA
BD42,GND,NA,NA,NA,NA,NA
BD45,GND,NA,NA,NA,NA,NA
BD5,GND,NA,NA,NA,NA,NA
BD8,GND,NA,NA,NA,NA,NA
BD9,GND,NA,NA,NA,NA,NA
BE1,GND,NA,NA,NA,NA,NA
BE10,GND,NA,NA,NA,NA,NA
BE15,GND,NA,NA,NA,NA,NA
BE2,GND,NA,NA,NA,NA,NA
BE20,GND,NA,NA,NA,NA,NA
BE25,GND,NA,NA,NA,NA,NA
BE29,GND,NA,NA,NA,NA,NA
BE30,GND,NA,NA,NA,NA,NA
BE31,GND,NA,NA,NA,NA,NA
BE32,GND,NA,NA,NA,NA,NA
BE33,GND,NA,NA,NA,NA,NA
BE34,GND,NA,NA,NA,NA,NA
BE35,GND,NA,NA,NA,NA,NA
BE36,GND,NA,NA,NA,NA,NA
BE37,GND,NA,NA,NA,NA,NA
BE38,GND,NA,NA,NA,NA,NA
BE39,GND,NA,NA,NA,NA,NA
BE40,GND,NA,NA,NA,NA,NA
BE41,GND,NA,NA,NA,NA,NA
BE42,GND,NA,NA,NA,NA,NA
BE43,GND,NA,NA,NA,NA,NA
BE44,GND,NA,NA,NA,NA,NA
BE45,GND,NA,NA,NA,NA,NA
BE46,GND,NA,NA,NA,NA,NA
BE47,GND,NA,NA,NA,NA,NA
BE5,GND,NA,NA,NA,NA,NA
BE6,GND,NA,NA,NA,NA,NA
BE7,GND,NA,NA,NA,NA,NA
BF10,GND,NA,NA,NA,NA,NA
BF12,GND,NA,NA,NA,NA,NA
BF17,GND,NA,NA,NA,NA,NA
BF2,GND,NA,NA,NA,NA,NA
BF22,GND,NA,NA,NA,NA,NA
BF27,GND,NA,NA,NA,NA,NA
BF29,GND,NA,NA,NA,NA,NA
BF3,GND,NA,NA,NA,NA,NA
BF31,GND,NA,NA,NA,NA,NA
BF33,GND,NA,NA,NA,NA,NA
BF35,GND,NA,NA,NA,NA,NA
BF37,GND,NA,NA,NA,NA,NA
BF39,GND,NA,NA,NA,NA,NA
BF4,GND,NA,NA,NA,NA,NA
BF41,GND,NA,NA,NA,NA,NA
BF43,GND,NA,NA,NA,NA,NA
BF45,GND,NA,NA,NA,NA,NA
BF46,GND,NA,NA,NA,NA,NA
BF5,GND,NA,NA,NA,NA,NA
BF8,GND,NA,NA,NA,NA,NA
BF9,GND,NA,NA,NA,NA,NA
BG10,GND,NA,NA,NA,NA,NA
BG14,GND,NA,NA,NA,NA,NA
BG19,GND,NA,NA,NA,NA,NA
BG24,GND,NA,NA,NA,NA,NA
BG29,GND,NA,NA,NA,NA,NA
BG3,GND,NA,NA,NA,NA,NA
BG31,GND,NA,NA,NA,NA,NA
BG33,GND,NA,NA,NA,NA,NA
BG35,GND,NA,NA,NA,NA,NA
BG37,GND,NA,NA,NA,NA,NA
BG39,GND,NA,NA,NA,NA,NA
BG41,GND,NA,NA,NA,NA,NA
BG43,GND,NA,NA,NA,NA,NA
BG45,GND,NA,NA,NA,NA,NA
BG6,GND,NA,NA,NA,NA,NA
BG7,GND,NA,NA,NA,NA,NA
C1,GND,NA,NA,NA,NA,NA
C10,GND,NA,NA,NA,NA,NA
C11,GND,NA,NA,NA,NA,NA
C12,GND,NA,NA,NA,NA,NA
C13,GND,NA,NA,NA,NA,NA
C14,GND,NA,NA,NA,NA,NA
C15,GND,NA,NA,NA,NA,NA
C16,GND,NA,NA,NA,NA,NA
C17,GND,NA,NA,NA,NA,NA
C18,GND,NA,NA,NA,NA,NA
C19,GND,NA,NA,NA,NA,NA
C2,GND,NA,NA,NA,NA,NA
C20,GND,NA,NA,NA,NA,NA
C21,GND,NA,NA,NA,NA,NA
C22,GND,NA,NA,NA,NA,NA
C23,GND,NA,NA,NA,NA,NA
C24,GND,NA,NA,NA,NA,NA
C25,GND,NA,NA,NA,NA,NA
C26,GND,NA,NA,NA,NA,NA
C27,GND,NA,NA,NA,NA,NA
C28,GND,NA,NA,NA,NA,NA
C29,GND,NA,NA,NA,NA,NA
C3,GND,NA,NA,NA,NA,NA
C30,GND,NA,NA,NA,NA,NA
C31,GND,NA,NA,NA,NA,NA
C32,GND,NA,NA,NA,NA,NA
C33,GND,NA,NA,NA,NA,NA
C34,GND,NA,NA,NA,NA,NA
C35,GND,NA,NA,NA,NA,NA
C36,GND,NA,NA,NA,NA,NA
C37,GND,NA,NA,NA,NA,NA
C38,GND,NA,NA,NA,NA,NA
C39,GND,NA,NA,NA,NA,NA
C4,GND,NA,NA,NA,NA,NA
C40,GND,NA,NA,NA,NA,NA
C41,GND,NA,NA,NA,NA,NA
C42,GND,NA,NA,NA,NA,NA
C43,GND,NA,NA,NA,NA,NA
C44,GND,NA,NA,NA,NA,NA
C45,GND,NA,NA,NA,NA,NA
C46,GND,NA,NA,NA,NA,NA
C47,GND,NA,NA,NA,NA,NA
C5,GND,NA,NA,NA,NA,NA
C6,GND,NA,NA,NA,NA,NA
C7,GND,NA,NA,NA,NA,NA
C8,GND,NA,NA,NA,NA,NA
C9,GND,NA,NA,NA,NA,NA
D11,GND,NA,NA,NA,NA,NA
D13,GND,NA,NA,NA,NA,NA
D15,GND,NA,NA,NA,NA,NA
D17,GND,NA,NA,NA,NA,NA
D19,GND,NA,NA,NA,NA,NA
D21,GND,NA,NA,NA,NA,NA
D23,GND,NA,NA,NA,NA,NA
D25,GND,NA,NA,NA,NA,NA
D27,GND,NA,NA,NA,NA,NA
D29,GND,NA,NA,NA,NA,NA
D3,GND,NA,NA,NA,NA,NA
D31,GND,NA,NA,NA,NA,NA
D33,GND,NA,NA,NA,NA,NA
D35,GND,NA,NA,NA,NA,NA
D37,GND,NA,NA,NA,NA,NA
D39,GND,NA,NA,NA,NA,NA
D42,GND,NA,NA,NA,NA,NA
D45,GND,NA,NA,NA,NA,NA
D6,GND,NA,NA,NA,NA,NA
D9,GND,NA,NA,NA,NA,NA
E1,GND,NA,NA,NA,NA,NA
E11,GND,NA,NA,NA,NA,NA
E13,GND,NA,NA,NA,NA,NA
E15,GND,NA,NA,NA,NA,NA
E17,GND,NA,NA,NA,NA,NA
E19,GND,NA,NA,NA,NA,NA
E2,GND,NA,NA,NA,NA,NA
E21,GND,NA,NA,NA,NA,NA
E23,GND,NA,NA,NA,NA,NA
E25,GND,NA,NA,NA,NA,NA
E27,GND,NA,NA,NA,NA,NA
E29,GND,NA,NA,NA,NA,NA
E3,GND,NA,NA,NA,NA,NA
E31,GND,NA,NA,NA,NA,NA
E33,GND,NA,NA,NA,NA,NA
E35,GND,NA,NA,NA,NA,NA
E37,GND,NA,NA,NA,NA,NA
E39,GND,NA,NA,NA,NA,NA
E4,GND,NA,NA,NA,NA,NA
E40,GND,NA,NA,NA,NA,NA
E41,GND,NA,NA,NA,NA,NA
E42,GND,NA,NA,NA,NA,NA
E43,GND,NA,NA,NA,NA,NA
E44,GND,NA,NA,NA,NA,NA
E45,GND,NA,NA,NA,NA,NA
E46,GND,NA,NA,NA,NA,NA
E47,GND,NA,NA,NA,NA,NA
E5,GND,NA,NA,NA,NA,NA
E6,GND,NA,NA,NA,NA,NA
E7,GND,NA,NA,NA,NA,NA
E8,GND,NA,NA,NA,NA,NA
E9,GND,NA,NA,NA,NA,NA
F10,GND,NA,NA,NA,NA,NA
F11,GND,NA,NA,NA,NA,NA
F12,GND,NA,NA,NA,NA,NA
F13,GND,NA,NA,NA,NA,NA
F14,GND,NA,NA,NA,NA,NA
F15,GND,NA,NA,NA,NA,NA
F16,GND,NA,NA,NA,NA,NA
F17,GND,NA,NA,NA,NA,NA
F18,GND,NA,NA,NA,NA,NA
F19,GND,NA,NA,NA,NA,NA
F20,GND,NA,NA,NA,NA,NA
F21,GND,NA,NA,NA,NA,NA
F22,GND,NA,NA,NA,NA,NA
F23,GND,NA,NA,NA,NA,NA
F24,GND,NA,NA,NA,NA,NA
F25,GND,NA,NA,NA,NA,NA
F26,GND,NA,NA,NA,NA,NA
F27,GND,NA,NA,NA,NA,NA
F28,GND,NA,NA,NA,NA,NA
F29,GND,NA,NA,NA,NA,NA
F3,GND,NA,NA,NA,NA,NA
F30,GND,NA,NA,NA,NA,NA
F31,GND,NA,NA,NA,NA,NA
F32,GND,NA,NA,NA,NA,NA
F33,GND,NA,NA,NA,NA,NA
F34,GND,NA,NA,NA,NA,NA
F35,GND,NA,NA,NA,NA,NA
F36,GND,NA,NA,NA,NA,NA
F37,GND,NA,NA,NA,NA,NA
F38,GND,NA,NA,NA,NA,NA
F39,GND,NA,NA,NA,NA,NA
F42,GND,NA,NA,NA,NA,NA
F45,GND,NA,NA,NA,NA,NA
F6,GND,NA,NA,NA,NA,NA
F9,GND,NA,NA,NA,NA,NA
G1,GND,NA,NA,NA,NA,NA
G11,GND,NA,NA,NA,NA,NA
G13,GND,NA,NA,NA,NA,NA
G15,GND,NA,NA,NA,NA,NA
G17,GND,NA,NA,NA,NA,NA
G19,GND,NA,NA,NA,NA,NA
G2,GND,NA,NA,NA,NA,NA
G21,GND,NA,NA,NA,NA,NA
G23,GND,NA,NA,NA,NA,NA
G25,GND,NA,NA,NA,NA,NA
G27,GND,NA,NA,NA,NA,NA
G29,GND,NA,NA,NA,NA,NA
G3,GND,NA,NA,NA,NA,NA
G31,GND,NA,NA,NA,NA,NA
G33,GND,NA,NA,NA,NA,NA
G35,GND,NA,NA,NA,NA,NA
G37,GND,NA,NA,NA,NA,NA
G39,GND,NA,NA,NA,NA,NA
G4,GND,NA,NA,NA,NA,NA
G40,GND,NA,NA,NA,NA,NA
G41,GND,NA,NA,NA,NA,NA
G42,GND,NA,NA,NA,NA,NA
G43,GND,NA,NA,NA,NA,NA
G44,GND,NA,NA,NA,NA,NA
G45,GND,NA,NA,NA,NA,NA
G46,GND,NA,NA,NA,NA,NA
G47,GND,NA,NA,NA,NA,NA
G5,GND,NA,NA,NA,NA,NA
G6,GND,NA,NA,NA,NA,NA
G7,GND,NA,NA,NA,NA,NA
G8,GND,NA,NA,NA,NA,NA
G9,GND,NA,NA,NA,NA,NA
H11,GND,NA,NA,NA,NA,NA
H13,GND,NA,NA,NA,NA,NA
H15,GND,NA,NA,NA,NA,NA
H17,GND,NA,NA,NA,NA,NA
H19,GND,NA,NA,NA,NA,NA
H21,GND,NA,NA,NA,NA,NA
H23,GND,NA,NA,NA,NA,NA
H25,GND,NA,NA,NA,NA,NA
H27,GND,NA,NA,NA,NA,NA
H29,GND,NA,NA,NA,NA,NA
H3,GND,NA,NA,NA,NA,NA
H31,GND,NA,NA,NA,NA,NA
H33,GND,NA,NA,NA,NA,NA
H35,GND,NA,NA,NA,NA,NA
H37,GND,NA,NA,NA,NA,NA
H39,GND,NA,NA,NA,NA,NA
H42,GND,NA,NA,NA,NA,NA
H45,GND,NA,NA,NA,NA,NA
H6,GND,NA,NA,NA,NA,NA
H9,GND,NA,NA,NA,NA,NA
J1,GND,NA,NA,NA,NA,NA
J10,GND,NA,NA,NA,NA,NA
J11,GND,NA,NA,NA,NA,NA
J12,GND,NA,NA,NA,NA,NA
J13,GND,NA,NA,NA,NA,NA
J14,GND,NA,NA,NA,NA,NA
J15,GND,NA,NA,NA,NA,NA
J16,GND,NA,NA,NA,NA,NA
J17,GND,NA,NA,NA,NA,NA
J18,GND,NA,NA,NA,NA,NA
J19,GND,NA,NA,NA,NA,NA
J2,GND,NA,NA,NA,NA,NA
J20,GND,NA,NA,NA,NA,NA
J21,GND,NA,NA,NA,NA,NA
J22,GND,NA,NA,NA,NA,NA
J23,GND,NA,NA,NA,NA,NA
J24,GND,NA,NA,NA,NA,NA
J25,GND,NA,NA,NA,NA,NA
J26,GND,NA,NA,NA,NA,NA
J27,GND,NA,NA,NA,NA,NA
J28,GND,NA,NA,NA,NA,NA
J29,GND,NA,NA,NA,NA,NA
J3,GND,NA,NA,NA,NA,NA
J30,GND,NA,NA,NA,NA,NA
J31,GND,NA,NA,NA,NA,NA
J32,GND,NA,NA,NA,NA,NA
J33,GND,NA,NA,NA,NA,NA
J34,GND,NA,NA,NA,NA,NA
J35,GND,NA,NA,NA,NA,NA
J36,GND,NA,NA,NA,NA,NA
J37,GND,NA,NA,NA,NA,NA
J38,GND,NA,NA,NA,NA,NA
J39,GND,NA,NA,NA,NA,NA
J4,GND,NA,NA,NA,NA,NA
J40,GND,NA,NA,NA,NA,NA
J41,GND,NA,NA,NA,NA,NA
J42,GND,NA,NA,NA,NA,NA
J43,GND,NA,NA,NA,NA,NA
J44,GND,NA,NA,NA,NA,NA
J45,GND,NA,NA,NA,NA,NA
J46,GND,NA,NA,NA,NA,NA
J47,GND,NA,NA,NA,NA,NA
J5,GND,NA,NA,NA,NA,NA
J6,GND,NA,NA,NA,NA,NA
J7,GND,NA,NA,NA,NA,NA
J8,GND,NA,NA,NA,NA,NA
J9,GND,NA,NA,NA,NA,NA
K13,GND,NA,NA,NA,NA,NA
K15,GND,NA,NA,NA,NA,NA
K17,GND,NA,NA,NA,NA,NA
K19,GND,NA,NA,NA,NA,NA
K21,GND,NA,NA,NA,NA,NA
K23,GND,NA,NA,NA,NA,NA
K25,GND,NA,NA,NA,NA,NA
K27,GND,NA,NA,NA,NA,NA
K29,GND,NA,NA,NA,NA,NA
K3,GND,NA,NA,NA,NA,NA
K31,GND,NA,NA,NA,NA,NA
K33,GND,NA,NA,NA,NA,NA
K35,GND,NA,NA,NA,NA,NA
K39,GND,NA,NA,NA,NA,NA
K42,GND,NA,NA,NA,NA,NA
K45,GND,NA,NA,NA,NA,NA
K6,GND,NA,NA,NA,NA,NA
K9,GND,NA,NA,NA,NA,NA
L1,GND,NA,NA,NA,NA,NA
L11,GND,NA,NA,NA,NA,NA
L13,GND,NA,NA,NA,NA,NA
L15,GND,NA,NA,NA,NA,NA
L17,GND,NA,NA,NA,NA,NA
L19,GND,NA,NA,NA,NA,NA
L2,GND,NA,NA,NA,NA,NA
L21,GND,NA,NA,NA,NA,NA
L23,GND,NA,NA,NA,NA,NA
L25,GND,NA,NA,NA,NA,NA
L27,GND,NA,NA,NA,NA,NA
L29,GND,NA,NA,NA,NA,NA
L3,GND,NA,NA,NA,NA,NA
L31,GND,NA,NA,NA,NA,NA
L33,GND,NA,NA,NA,NA,NA
L37,GND,NA,NA,NA,NA,NA
L39,GND,NA,NA,NA,NA,NA
L4,GND,NA,NA,NA,NA,NA
L40,GND,NA,NA,NA,NA,NA
L41,GND,NA,NA,NA,NA,NA
L42,GND,NA,NA,NA,NA,NA
L43,GND,NA,NA,NA,NA,NA
L44,GND,NA,NA,NA,NA,NA
L45,GND,NA,NA,NA,NA,NA
L46,GND,NA,NA,NA,NA,NA
L47,GND,NA,NA,NA,NA,NA
L5,GND,NA,NA,NA,NA,NA
L6,GND,NA,NA,NA,NA,NA
L7,GND,NA,NA,NA,NA,NA
L8,GND,NA,NA,NA,NA,NA
L9,GND,NA,NA,NA,NA,NA
M13,GND,NA,NA,NA,NA,NA
M15,GND,NA,NA,NA,NA,NA
M16,GND,NA,NA,NA,NA,NA
M17,GND,NA,NA,NA,NA,NA
M18,GND,NA,NA,NA,NA,NA
M19,GND,NA,NA,NA,NA,NA
M20,GND,NA,NA,NA,NA,NA
M21,GND,NA,NA,NA,NA,NA
M22,GND,NA,NA,NA,NA,NA
M23,GND,NA,NA,NA,NA,NA
M24,GND,NA,NA,NA,NA,NA
M25,GND,NA,NA,NA,NA,NA
M26,GND,NA,NA,NA,NA,NA
M27,GND,NA,NA,NA,NA,NA
M28,GND,NA,NA,NA,NA,NA
M29,GND,NA,NA,NA,NA,NA
M3,GND,NA,NA,NA,NA,NA
M30,GND,NA,NA,NA,NA,NA
M31,GND,NA,NA,NA,NA,NA
M32,GND,NA,NA,NA,NA,NA
M33,GND,NA,NA,NA,NA,NA
M35,GND,NA,NA,NA,NA,NA
M39,GND,NA,NA,NA,NA,NA
M42,GND,NA,NA,NA,NA,NA
M45,GND,NA,NA,NA,NA,NA
M6,GND,NA,NA,NA,NA,NA
M9,GND,NA,NA,NA,NA,NA
N1,GND,NA,NA,NA,NA,NA
N11,GND,NA,NA,NA,NA,NA
N15,GND,NA,NA,NA,NA,NA
N17,GND,NA,NA,NA,NA,NA
N19,GND,NA,NA,NA,NA,NA
N2,GND,NA,NA,NA,NA,NA
N21,GND,NA,NA,NA,NA,NA
N24,GND,NA,NA,NA,NA,NA
N27,GND,NA,NA,NA,NA,NA
N3,GND,NA,NA,NA,NA,NA
N30,GND,NA,NA,NA,NA,NA
N33,GND,NA,NA,NA,NA,NA
N37,GND,NA,NA,NA,NA,NA
N39,GND,NA,NA,NA,NA,NA
N4,GND,NA,NA,NA,NA,NA
N40,GND,NA,NA,NA,NA,NA
N41,GND,NA,NA,NA,NA,NA
N42,GND,NA,NA,NA,NA,NA
N43,GND,NA,NA,NA,NA,NA
N44,GND,NA,NA,NA,NA,NA
N45,GND,NA,NA,NA,NA,NA
N46,GND,NA,NA,NA,NA,NA
N47,GND,NA,NA,NA,NA,NA
N5,GND,NA,NA,NA,NA,NA
N6,GND,NA,NA,NA,NA,NA
N7,GND,NA,NA,NA,NA,NA
N8,GND,NA,NA,NA,NA,NA
N9,GND,NA,NA,NA,NA,NA
P13,GND,NA,NA,NA,NA,NA
P17,GND,NA,NA,NA,NA,NA
P20,GND,NA,NA,NA,NA,NA
P22,GND,NA,NA,NA,NA,NA
P24,GND,NA,NA,NA,NA,NA
P26,GND,NA,NA,NA,NA,NA
P28,GND,NA,NA,NA,NA,NA
P3,GND,NA,NA,NA,NA,NA
P30,GND,NA,NA,NA,NA,NA
P33,GND,NA,NA,NA,NA,NA
P35,GND,NA,NA,NA,NA,NA
P39,GND,NA,NA,NA,NA,NA
P42,GND,NA,NA,NA,NA,NA
P45,GND,NA,NA,NA,NA,NA
P6,GND,NA,NA,NA,NA,NA
P9,GND,NA,NA,NA,NA,NA
R1,GND,NA,NA,NA,NA,NA
R11,GND,NA,NA,NA,NA,NA
R15,GND,NA,NA,NA,NA,NA
R17,GND,NA,NA,NA,NA,NA
R18,GND,NA,NA,NA,NA,NA
R19,GND,NA,NA,NA,NA,NA
R2,GND,NA,NA,NA,NA,NA
R21,GND,NA,NA,NA,NA,NA
R23,GND,NA,NA,NA,NA,NA
R25,GND,NA,NA,NA,NA,NA
R27,GND,NA,NA,NA,NA,NA
R29,GND,NA,NA,NA,NA,NA
R3,GND,NA,NA,NA,NA,NA
R31,GND,NA,NA,NA,NA,NA
R32,GND,NA,NA,NA,NA,NA
R33,GND,NA,NA,NA,NA,NA
R37,GND,NA,NA,NA,NA,NA
R39,GND,NA,NA,NA,NA,NA
R4,GND,NA,NA,NA,NA,NA
R40,GND,NA,NA,NA,NA,NA
R41,GND,NA,NA,NA,NA,NA
R42,GND,NA,NA,NA,NA,NA
R43,GND,NA,NA,NA,NA,NA
R44,GND,NA,NA,NA,NA,NA
R45,GND,NA,NA,NA,NA,NA
R46,GND,NA,NA,NA,NA,NA
R47,GND,NA,NA,NA,NA,NA
R5,GND,NA,NA,NA,NA,NA
R6,GND,NA,NA,NA,NA,NA
R7,GND,NA,NA,NA,NA,NA
R8,GND,NA,NA,NA,NA,NA
R9,GND,NA,NA,NA,NA,NA
T13,GND,NA,NA,NA,NA,NA
T17,GND,NA,NA,NA,NA,NA
T20,GND,NA,NA,NA,NA,NA
T22,GND,NA,NA,NA,NA,NA
T24,GND,NA,NA,NA,NA,NA
T26,GND,NA,NA,NA,NA,NA
T28,GND,NA,NA,NA,NA,NA
T3,GND,NA,NA,NA,NA,NA
T30,GND,NA,NA,NA,NA,NA
T33,GND,NA,NA,NA,NA,NA
T35,GND,NA,NA,NA,NA,NA
T39,GND,NA,NA,NA,NA,NA
T42,GND,NA,NA,NA,NA,NA
T45,GND,NA,NA,NA,NA,NA
T6,GND,NA,NA,NA,NA,NA
T9,GND,NA,NA,NA,NA,NA
U1,GND,NA,NA,NA,NA,NA
U11,GND,NA,NA,NA,NA,NA
U15,GND,NA,NA,NA,NA,NA
U16,GND,NA,NA,NA,NA,NA
U17,GND,NA,NA,NA,NA,NA
U19,GND,NA,NA,NA,NA,NA
U2,GND,NA,NA,NA,NA,NA
U21,GND,NA,NA,NA,NA,NA
U23,GND,NA,NA,NA,NA,NA
U25,GND,NA,NA,NA,NA,NA
U27,GND,NA,NA,NA,NA,NA
U29,GND,NA,NA,NA,NA,NA
U3,GND,NA,NA,NA,NA,NA
U31,GND,NA,NA,NA,NA,NA
U33,GND,NA,NA,NA,NA,NA
U37,GND,NA,NA,NA,NA,NA
U39,GND,NA,NA,NA,NA,NA
U4,GND,NA,NA,NA,NA,NA
U40,GND,NA,NA,NA,NA,NA
U41,GND,NA,NA,NA,NA,NA
U42,GND,NA,NA,NA,NA,NA
U43,GND,NA,NA,NA,NA,NA
U44,GND,NA,NA,NA,NA,NA
U45,GND,NA,NA,NA,NA,NA
U46,GND,NA,NA,NA,NA,NA
U47,GND,NA,NA,NA,NA,NA
U5,GND,NA,NA,NA,NA,NA
U6,GND,NA,NA,NA,NA,NA
U7,GND,NA,NA,NA,NA,NA
U8,GND,NA,NA,NA,NA,NA
U9,GND,NA,NA,NA,NA,NA
V13,GND,NA,NA,NA,NA,NA
V14,GND,NA,NA,NA,NA,NA
V16,GND,NA,NA,NA,NA,NA
V17,GND,NA,NA,NA,NA,NA
V20,GND,NA,NA,NA,NA,NA
V22,GND,NA,NA,NA,NA,NA
V24,GND,NA,NA,NA,NA,NA
V26,GND,NA,NA,NA,NA,NA
V28,GND,NA,NA,NA,NA,NA
V3,GND,NA,NA,NA,NA,NA
V30,GND,NA,NA,NA,NA,NA
V32,GND,NA,NA,NA,NA,NA
V33,GND,NA,NA,NA,NA,NA
V35,GND,NA,NA,NA,NA,NA
V39,GND,NA,NA,NA,NA,NA
V42,GND,NA,NA,NA,NA,NA
V45,GND,NA,NA,NA,NA,NA
V6,GND,NA,NA,NA,NA,NA
V9,GND,NA,NA,NA,NA,NA
W1,GND,NA,NA,NA,NA,NA
W10,GND,NA,NA,NA,NA,NA
W11,GND,NA,NA,NA,NA,NA
W12,GND,NA,NA,NA,NA,NA
W17,GND,NA,NA,NA,NA,NA
W19,GND,NA,NA,NA,NA,NA
W2,GND,NA,NA,NA,NA,NA
W21,GND,NA,NA,NA,NA,NA
W23,GND,NA,NA,NA,NA,NA
W25,GND,NA,NA,NA,NA,NA
W27,GND,NA,NA,NA,NA,NA
W29,GND,NA,NA,NA,NA,NA
W3,GND,NA,NA,NA,NA,NA
W32,GND,NA,NA,NA,NA,NA
W35,GND,NA,NA,NA,NA,NA
W36,GND,NA,NA,NA,NA,NA
W37,GND,NA,NA,NA,NA,NA
W38,GND,NA,NA,NA,NA,NA
W39,GND,NA,NA,NA,NA,NA
W4,GND,NA,NA,NA,NA,NA
W40,GND,NA,NA,NA,NA,NA
W41,GND,NA,NA,NA,NA,NA
W42,GND,NA,NA,NA,NA,NA
W43,GND,NA,NA,NA,NA,NA
W44,GND,NA,NA,NA,NA,NA
W45,GND,NA,NA,NA,NA,NA
W46,GND,NA,NA,NA,NA,NA
W47,GND,NA,NA,NA,NA,NA
W5,GND,NA,NA,NA,NA,NA
W6,GND,NA,NA,NA,NA,NA
W7,GND,NA,NA,NA,NA,NA
W8,GND,NA,NA,NA,NA,NA
W9,GND,NA,NA,NA,NA,NA
Y12,GND,NA,NA,NA,NA,NA
Y14,GND,NA,NA,NA,NA,NA
Y16,GND,NA,NA,NA,NA,NA
Y17,GND,NA,NA,NA,NA,NA
Y20,GND,NA,NA,NA,NA,NA
Y22,GND,NA,NA,NA,NA,NA
Y24,GND,NA,NA,NA,NA,NA
Y26,GND,NA,NA,NA,NA,NA
Y28,GND,NA,NA,NA,NA,NA
Y3,GND,NA,NA,NA,NA,NA
Y30,GND,NA,NA,NA,NA,NA
Y31,GND,NA,NA,NA,NA,NA
Y32,GND,NA,NA,NA,NA,NA
Y34,GND,NA,NA,NA,NA,NA
Y36,GND,NA,NA,NA,NA,NA
Y39,GND,NA,NA,NA,NA,NA
Y42,GND,NA,NA,NA,NA,NA
Y45,GND,NA,NA,NA,NA,NA
Y6,GND,NA,NA,NA,NA,NA
Y9,GND,NA,NA,NA,NA,NA
V18,GND_SENSE,NA,NA,NA,NA,NA
AN21,GND_SMON,NA,NA,NA,NA,NA
AB33,GTM_AVCCAUX_L,NA,NA,NA,NA,NA
AD33,GTM_AVCCAUX_L,NA,NA,NA,NA,NA
AK34,GTM_AVCCAUX_L,NA,NA,NA,NA,NA
AM34,GTM_AVCCAUX_L,NA,NA,NA,NA,NA
AT34,GTM_AVCCAUX_L,NA,NA,NA,NA,NA
AV34,GTM_AVCCAUX_L,NA,NA,NA,NA,NA
P34,GTM_AVCCAUX_L,NA,NA,NA,NA,NA
T34,GTM_AVCCAUX_L,NA,NA,NA,NA,NA
AA16,GTM_AVCCAUX_RN,NA,NA,NA,NA,NA
AE16,GTM_AVCCAUX_RN,NA,NA,NA,NA,NA
AG16,GTM_AVCCAUX_RN,NA,NA,NA,NA,NA
N16,GTM_AVCCAUX_RN,NA,NA,NA,NA,NA
R16,GTM_AVCCAUX_RN,NA,NA,NA,NA,NA
W16,GTM_AVCCAUX_RN,NA,NA,NA,NA,NA
AF33,GTM_AVCC_L,NA,NA,NA,NA,NA
AH33,GTM_AVCC_L,NA,NA,NA,NA,NA
AJ36,GTM_AVCC_L,NA,NA,NA,NA,NA
AL36,GTM_AVCC_L,NA,NA,NA,NA,NA
AN36,GTM_AVCC_L,NA,NA,NA,NA,NA
AP34,GTM_AVCC_L,NA,NA,NA,NA,NA
AR36,GTM_AVCC_L,NA,NA,NA,NA,NA
AU36,GTM_AVCC_L,NA,NA,NA,NA,NA
K34,GTM_AVCC_L,NA,NA,NA,NA,NA
L36,GTM_AVCC_L,NA,NA,NA,NA,NA
M34,GTM_AVCC_L,NA,NA,NA,NA,NA
N36,GTM_AVCC_L,NA,NA,NA,NA,NA
R36,GTM_AVCC_L,NA,NA,NA,NA,NA
U36,GTM_AVCC_L,NA,NA,NA,NA,NA
V34,GTM_AVCC_L,NA,NA,NA,NA,NA
Y33,GTM_AVCC_L,NA,NA,NA,NA,NA
AB15,GTM_AVCC_RN,NA,NA,NA,NA,NA
AC16,GTM_AVCC_RN,NA,NA,NA,NA,NA
AD15,GTM_AVCC_RN,NA,NA,NA,NA,NA
AF15,GTM_AVCC_RN,NA,NA,NA,NA,NA
AH15,GTM_AVCC_RN,NA,NA,NA,NA,NA
L12,GTM_AVCC_RN,NA,NA,NA,NA,NA
M14,GTM_AVCC_RN,NA,NA,NA,NA,NA
N12,GTM_AVCC_RN,NA,NA,NA,NA,NA
P14,GTM_AVCC_RN,NA,NA,NA,NA,NA
R12,GTM_AVCC_RN,NA,NA,NA,NA,NA
T14,GTM_AVCC_RN,NA,NA,NA,NA,NA
U12,GTM_AVCC_RN,NA,NA,NA,NA,NA
V15,GTM_AVCC_RN,NA,NA,NA,NA,NA
Y15,GTM_AVCC_RN,NA,NA,NA,NA,NA
AA35,GTM_AVTT_L,NA,NA,NA,NA,NA
AB35,GTM_AVTT_L,NA,NA,NA,NA,NA
AC35,GTM_AVTT_L,NA,NA,NA,NA,NA
AD35,GTM_AVTT_L,NA,NA,NA,NA,NA
AE35,GTM_AVTT_L,NA,NA,NA,NA,NA
AF35,GTM_AVTT_L,NA,NA,NA,NA,NA
AH38,GTM_AVTT_L,NA,NA,NA,NA,NA
AJ38,GTM_AVTT_L,NA,NA,NA,NA,NA
AK38,GTM_AVTT_L,NA,NA,NA,NA,NA
AL38,GTM_AVTT_L,NA,NA,NA,NA,NA
AM38,GTM_AVTT_L,NA,NA,NA,NA,NA
AN38,GTM_AVTT_L,NA,NA,NA,NA,NA
AP38,GTM_AVTT_L,NA,NA,NA,NA,NA
AR38,GTM_AVTT_L,NA,NA,NA,NA,NA
AT38,GTM_AVTT_L,NA,NA,NA,NA,NA
AU38,GTM_AVTT_L,NA,NA,NA,NA,NA
AV38,GTM_AVTT_L,NA,NA,NA,NA,NA
K38,GTM_AVTT_L,NA,NA,NA,NA,NA
L38,GTM_AVTT_L,NA,NA,NA,NA,NA
M38,GTM_AVTT_L,NA,NA,NA,NA,NA
N38,GTM_AVTT_L,NA,NA,NA,NA,NA
P38,GTM_AVTT_L,NA,NA,NA,NA,NA
R38,GTM_AVTT_L,NA,NA,NA,NA,NA
T38,GTM_AVTT_L,NA,NA,NA,NA,NA
U38,GTM_AVTT_L,NA,NA,NA,NA,NA
V38,GTM_AVTT_L,NA,NA,NA,NA,NA
Y35,GTM_AVTT_L,NA,NA,NA,NA,NA
AA13,GTM_AVTT_RN,NA,NA,NA,NA,NA
AB13,GTM_AVTT_RN,NA,NA,NA,NA,NA
AC13,GTM_AVTT_RN,NA,NA,NA,NA,NA
AE13,GTM_AVTT_RN,NA,NA,NA,NA,NA
AF13,GTM_AVTT_RN,NA,NA,NA,NA,NA
AG13,GTM_AVTT_RN,NA,NA,NA,NA,NA
K10,GTM_AVTT_RN,NA,NA,NA,NA,NA
L10,GTM_AVTT_RN,NA,NA,NA,NA,NA
M10,GTM_AVTT_RN,NA,NA,NA,NA,NA
N10,GTM_AVTT_RN,NA,NA,NA,NA,NA
P10,GTM_AVTT_RN,NA,NA,NA,NA,NA
R10,GTM_AVTT_RN,NA,NA,NA,NA,NA
T10,GTM_AVTT_RN,NA,NA,NA,NA,NA
U10,GTM_AVTT_RN,NA,NA,NA,NA,NA
V10,GTM_AVTT_RN,NA,NA,NA,NA,NA
W13,GTM_AVTT_RN,NA,NA,NA,NA,NA
Y13,GTM_AVTT_RN,NA,NA,NA,NA,NA
AJ16,GTYP_AVCCAUX_RS,NA,NA,NA,NA,NA
AL15,GTYP_AVCCAUX_RS,NA,NA,NA,NA,NA
AJ12,GTYP_AVCC_RS,NA,NA,NA,NA,NA
AK14,GTYP_AVCC_RS,NA,NA,NA,NA,NA
AH10,GTYP_AVTT_RS,NA,NA,NA,NA,NA
AJ10,GTYP_AVTT_RS,NA,NA,NA,NA,NA
AK10,GTYP_AVTT_RS,NA,NA,NA,NA,NA
AN24,RSVDGND,NA,PMCDIO,NA,NA,NA
AP24,RSVDGND,NA,PMCDIO,NA,NA,NA
AL20,VCCAUX,NA,NA,NA,NA,NA
AL22,VCCAUX,NA,NA,NA,NA,NA
AL24,VCCAUX,NA,NA,NA,NA,NA
AL26,VCCAUX,NA,NA,NA,NA,NA
AL28,VCCAUX,NA,NA,NA,NA,NA
T21,VCCAUX,NA,NA,NA,NA,NA
T23,VCCAUX,NA,NA,NA,NA,NA
T25,VCCAUX,NA,NA,NA,NA,NA
T27,VCCAUX,NA,NA,NA,NA,NA
T29,VCCAUX,NA,NA,NA,NA,NA
AM18,VCCAUX_PMC,NA,NA,NA,NA,NA
AP18,VCCAUX_PMC,NA,NA,NA,NA,NA
AP21,VCCAUX_SMON,NA,NA,NA,NA,NA
AA20,VCCINT,NA,NA,NA,NA,NA
AA28,VCCINT,NA,NA,NA,NA,NA
AA30,VCCINT,NA,NA,NA,NA,NA
AB19,VCCINT,NA,NA,NA,NA,NA
AB29,VCCINT,NA,NA,NA,NA,NA
AC20,VCCINT,NA,NA,NA,NA,NA
AC28,VCCINT,NA,NA,NA,NA,NA
AC30,VCCINT,NA,NA,NA,NA,NA
AD19,VCCINT,NA,NA,NA,NA,NA
AD29,VCCINT,NA,NA,NA,NA,NA
AE20,VCCINT,NA,NA,NA,NA,NA
AE28,VCCINT,NA,NA,NA,NA,NA
AE30,VCCINT,NA,NA,NA,NA,NA
AF19,VCCINT,NA,NA,NA,NA,NA
AF29,VCCINT,NA,NA,NA,NA,NA
AG20,VCCINT,NA,NA,NA,NA,NA
AG28,VCCINT,NA,NA,NA,NA,NA
AG30,VCCINT,NA,NA,NA,NA,NA
AH19,VCCINT,NA,NA,NA,NA,NA
AH21,VCCINT,NA,NA,NA,NA,NA
AH23,VCCINT,NA,NA,NA,NA,NA
AH25,VCCINT,NA,NA,NA,NA,NA
AH27,VCCINT,NA,NA,NA,NA,NA
AH29,VCCINT,NA,NA,NA,NA,NA
AJ18,VCCINT,NA,NA,NA,NA,NA
AJ30,VCCINT,NA,NA,NA,NA,NA
AK19,VCCINT,NA,NA,NA,NA,NA
AK21,VCCINT,NA,NA,NA,NA,NA
AK23,VCCINT,NA,NA,NA,NA,NA
AK25,VCCINT,NA,NA,NA,NA,NA
AK27,VCCINT,NA,NA,NA,NA,NA
AK29,VCCINT,NA,NA,NA,NA,NA
AK31,VCCINT,NA,NA,NA,NA,NA
AL18,VCCINT,NA,NA,NA,NA,NA
AL30,VCCINT,NA,NA,NA,NA,NA
AM19,VCCINT,NA,NA,NA,NA,NA
AM21,VCCINT,NA,NA,NA,NA,NA
AM23,VCCINT,NA,NA,NA,NA,NA
AM25,VCCINT,NA,NA,NA,NA,NA
AM27,VCCINT,NA,NA,NA,NA,NA
AM29,VCCINT,NA,NA,NA,NA,NA
AM31,VCCINT,NA,NA,NA,NA,NA
AN20,VCCINT,NA,NA,NA,NA,NA
AN26,VCCINT,NA,NA,NA,NA,NA
AN28,VCCINT,NA,NA,NA,NA,NA
AN30,VCCINT,NA,NA,NA,NA,NA
AP19,VCCINT,NA,NA,NA,NA,NA
AP25,VCCINT,NA,NA,NA,NA,NA
AP27,VCCINT,NA,NA,NA,NA,NA
AP29,VCCINT,NA,NA,NA,NA,NA
AP31,VCCINT,NA,NA,NA,NA,NA
AR20,VCCINT,NA,NA,NA,NA,NA
AR22,VCCINT,NA,NA,NA,NA,NA
AR24,VCCINT,NA,NA,NA,NA,NA
AR26,VCCINT,NA,NA,NA,NA,NA
AR28,VCCINT,NA,NA,NA,NA,NA
AR30,VCCINT,NA,NA,NA,NA,NA
N20,VCCINT,NA,NA,NA,NA,NA
N22,VCCINT,NA,NA,NA,NA,NA
N23,VCCINT,NA,NA,NA,NA,NA
N25,VCCINT,NA,NA,NA,NA,NA
N26,VCCINT,NA,NA,NA,NA,NA
N28,VCCINT,NA,NA,NA,NA,NA
N29,VCCINT,NA,NA,NA,NA,NA
N31,VCCINT,NA,NA,NA,NA,NA
R20,VCCINT,NA,NA,NA,NA,NA
R22,VCCINT,NA,NA,NA,NA,NA
R24,VCCINT,NA,NA,NA,NA,NA
R26,VCCINT,NA,NA,NA,NA,NA
R28,VCCINT,NA,NA,NA,NA,NA
R30,VCCINT,NA,NA,NA,NA,NA
T19,VCCINT,NA,NA,NA,NA,NA
T31,VCCINT,NA,NA,NA,NA,NA
U20,VCCINT,NA,NA,NA,NA,NA
U22,VCCINT,NA,NA,NA,NA,NA
U24,VCCINT,NA,NA,NA,NA,NA
U26,VCCINT,NA,NA,NA,NA,NA
U28,VCCINT,NA,NA,NA,NA,NA
U30,VCCINT,NA,NA,NA,NA,NA
V21,VCCINT,NA,NA,NA,NA,NA
V23,VCCINT,NA,NA,NA,NA,NA
V25,VCCINT,NA,NA,NA,NA,NA
V27,VCCINT,NA,NA,NA,NA,NA
V29,VCCINT,NA,NA,NA,NA,NA
W30,VCCINT,NA,NA,NA,NA,NA
Y19,VCCINT,NA,NA,NA,NA,NA
Y21,VCCINT,NA,NA,NA,NA,NA
Y23,VCCINT,NA,NA,NA,NA,NA
Y25,VCCINT,NA,NA,NA,NA,NA
Y27,VCCINT,NA,NA,NA,NA,NA
Y29,VCCINT,NA,NA,NA,NA,NA
AA31,VCCINT_GT_L,NA,NA,NA,NA,NA
AB31,VCCINT_GT_L,NA,NA,NA,NA,NA
AD31,VCCINT_GT_L,NA,NA,NA,NA,NA
AE31,VCCINT_GT_L,NA,NA,NA,NA,NA
AG31,VCCINT_GT_L,NA,NA,NA,NA,NA
AH31,VCCINT_GT_L,NA,NA,NA,NA,NA
AK32,VCCINT_GT_L,NA,NA,NA,NA,NA
AM32,VCCINT_GT_L,NA,NA,NA,NA,NA
AN32,VCCINT_GT_L,NA,NA,NA,NA,NA
N32,VCCINT_GT_L,NA,NA,NA,NA,NA
P32,VCCINT_GT_L,NA,NA,NA,NA,NA
T32,VCCINT_GT_L,NA,NA,NA,NA,NA
U32,VCCINT_GT_L,NA,NA,NA,NA,NA
V31,VCCINT_GT_L,NA,NA,NA,NA,NA
W31,VCCINT_GT_L,NA,NA,NA,NA,NA
AB18,VCCINT_GT_R,NA,NA,NA,NA,NA
AC18,VCCINT_GT_R,NA,NA,NA,NA,NA
AE18,VCCINT_GT_R,NA,NA,NA,NA,NA
AF18,VCCINT_GT_R,NA,NA,NA,NA,NA
AH18,VCCINT_GT_R,NA,NA,NA,NA,NA
N18,VCCINT_GT_R,NA,NA,NA,NA,NA
P18,VCCINT_GT_R,NA,NA,NA,NA,NA
T18,VCCINT_GT_R,NA,NA,NA,NA,NA
U18,VCCINT_GT_R,NA,NA,NA,NA,NA
W18,VCCINT_GT_R,NA,NA,NA,NA,NA
Y18,VCCINT_GT_R,NA,NA,NA,NA,NA
V19,VCCINT_SENSE,NA,NA,NA,NA,NA
AP16,VCC_BATT,NA,NA,NA,NA,NA
AN16,VCC_FUSE,NA,NA,NA,NA,NA
AT21,VCC_IO,NA,NA,NA,NA,NA
AU20,VCC_IO,NA,NA,NA,NA,NA
AU22,VCC_IO,NA,NA,NA,NA,NA
AN13,VCC_PMC,NA,NA,NA,NA,NA
AP13,VCC_PMC,NA,NA,NA,NA,NA
AR12,VCC_PMC,NA,NA,NA,NA,NA
AR15,VCC_PSFP,NA,NA,NA,NA,NA
AT13,VCC_PSFP,NA,NA,NA,NA,NA
AT14,VCC_PSFP,NA,NA,NA,NA,NA
AT16,VCC_PSFP,NA,NA,NA,NA,NA
AN14,VCC_PSLP,NA,NA,NA,NA,NA
AP15,VCC_PSLP,NA,NA,NA,NA,NA
AR14,VCC_PSLP,NA,NA,NA,NA,NA
W20,VCC_RAM,NA,NA,NA,NA,NA
W22,VCC_RAM,NA,NA,NA,NA,NA
W24,VCC_RAM,NA,NA,NA,NA,NA
W26,VCC_RAM,NA,NA,NA,NA,NA
W28,VCC_RAM,NA,NA,NA,NA,NA
AJ20,VCC_SOC,NA,NA,NA,NA,NA
AJ22,VCC_SOC,NA,NA,NA,NA,NA
AJ24,VCC_SOC,NA,NA,NA,NA,NA
AJ26,VCC_SOC,NA,NA,NA,NA,NA
AJ28,VCC_SOC,NA,NA,NA,NA,NA
AR17,VCC_SOC,NA,NA,NA,NA,NA
AR18,VCC_SOC,NA,NA,NA,NA,NA
AR32,VCC_SOC,NA,NA,NA,NA,NA
AT17,VCC_SOC,NA,NA,NA,NA,NA
AT19,VCC_SOC,NA,NA,NA,NA,NA
AT23,VCC_SOC,NA,NA,NA,NA,NA
AT25,VCC_SOC,NA,NA,NA,NA,NA
AT27,VCC_SOC,NA,NA,NA,NA,NA
AT29,VCC_SOC,NA,NA,NA,NA,NA
AT31,VCC_SOC,NA,NA,NA,NA,NA
AU18,VCC_SOC,NA,NA,NA,NA,NA
AU30,VCC_SOC,NA,NA,NA,NA,NA
AU32,VCC_SOC,NA,NA,NA,NA,NA
P19,VCC_SOC,NA,NA,NA,NA,NA
P21,VCC_SOC,NA,NA,NA,NA,NA
P23,VCC_SOC,NA,NA,NA,NA,NA
P25,VCC_SOC,NA,NA,NA,NA,NA
P27,VCC_SOC,NA,NA,NA,NA,NA
P29,VCC_SOC,NA,NA,NA,NA,NA
P31,VCC_SOC,NA,NA,NA,NA,NA
AN23,VN_500,NA,PMCDIO,NA,NA,NA
AP22,VP_500,NA,PMCDIO,NA,NA,NA
AN22,VREFN_500,NA,PMCDIO,NA,NA,NA
AP23,VREFP_500,NA,PMCDIO,NA,NA,NA

"#Total Number of Pins 2148
