"# ////////////////////////////////////////////////////////////////////////////"
"#  Proprietary Note:"
"#  "
"# "
"#  Copyright 2020-2025 AMD, Inc. All rights reserved."
"#  This file contains proprietary information of AMD, Inc."
"#  and is protected under U.S. and international copyright and other"
"#  intellectual property laws."
"# "
"#  DISCLAIMER"
"#  This disclaimer is not a license and does not grant any"
"#  rights to the materials distributed herewith. Except as"
"#  otherwise provided in a valid license issued to you by"
"#  AMD, and to the maximum extent permitted by applicable"
"#  law: (1) THESE MATERIALS ARE MADE AVAILABLE "AS IS" AND"
"#  WITH ALL FAULTS, AND AMD HEREBY DISCLAIMS ALL WARRANTIES"
"#  AND CONDITIONS, EXPRESS, IMPLIED, OR STATUTORY, INCLUDING"
"#  BUT NOT LIMITED TO WARRANTIES OF MERCHANTABILITY, NON-"
"#  INFRINGEMENT, OR FITNESS FOR ANY PARTICULAR PURPOSE; and"
"#  (2) AMD shall not be liable (whether in contract or tort,"
"#  including negligence, or under any other theory of"
"#  liability) for any loss or damage of any kind or nature"
"#  related to, arising under or in connection with these"
"#  materials, including for any direct, or any indirect,"
"#  special, incidental, or consequential loss or damage"
"#  (including loss of data, profits, goodwill, or any type of"
"#  loss or damage suffered as a result of any action brought"
"#  by a third party) even if such damage or loss was"
"#  reasonably foreseeable or AMD had been advised of the"
"#  possibility of the same."
"# "
"#  CRITICAL APPLICATIONS"
"#  AMD products are not designed or intended to be fail-"
"#  safe, or for use in any application requiring fail-safe"
"#  performance, such as life-support or safety devices or"
"#  systems, Class III medical devices, nuclear facilities,"
"#  applications related to the deployment of airbags, or any"
"#  other applications that could lead to death, personal"
"#  injury, or severe property or environmental damage"
"#  (individually and collectively, "Critical"
"#  Applications"). Customer assumes the sole risk and"
"#  liability of any use of AMD products in Critical"
"#  Applications, subject only to applicable laws and"
"#  regulations governing limitations on product liability"
"#  "
"#  THIS COPYRIGHT NOTICE AND DISCLAIMER MUST BE RETAINED AS"
"#  PART OF THIS FILE AT ALL TIMES."
"#  "
"# ////////////////////////////////////////////////////////////////////////////"
"#-----------------------------------------------------------------------------"
"#-----------------------------------------------------------------------------"
"# Device            : xcvp1202vsvi1760"
"# Date              : Mon Jun 5 17:44:15 2023"
"# Revision          : 1.0 "
"# Status            : Production "
"# Pkg Spec Revision : v4 "
"# "
"#-----------------------------------------------------------------------------"
"#  Production package specifications are released coincident"
"#  with production release of a particular device."
"#-----------------------------------------------------------------------------
"#  Modification History"
"#-----------------------------------------------------------------------------"
"# | Date              : Tue Nov  1 10:13:19 2022"
"# | Revision          : 0.1 "
"# | Status            : Evaluation Only "
"# | Details           : Evaluation Only "
"#-----------------------------------------------------------------------------"
"# | Date              : Tue Jan 17 17:50:40 2023"
"# | Revision          : 1.0 "
"# | Status            : Engineering Sample "
"# | Details           : Engineering sample for package team FDR release   "
"#-----------------------------------------------------------------------------"
"# | Date              : Mon Jun 5 17:44:15 2023"
"# | Revision          : 1.0 "
"# | Status            : Production "
"# | Details           : The content in Production is the same as Engineering Sample and move to Production"
"#-----------------------------------------------------------------------------"
"#  ASCII Pinout File"
,,,,,
Pin,Pin Name,Bank,I/O Type,Super Logic Region,XPIOPerf,DDRMC ONLY
N6,GTYP_LPD_REFCLKN0_102,102,GTYP,NA,NA,NA
K6,GTYP_LPD_REFCLKN1_102,102,GTYP,NA,NA,NA
N7,GTYP_LPD_REFCLKP0_102,102,GTYP,NA,NA,NA
L6,GTYP_LPD_REFCLKP1_102,102,GTYP,NA,NA,NA
A6,GTYP_LPD_RXN0_102,102,GTYP,NA,NA,NA
C7,GTYP_LPD_RXN1_102,102,GTYP,NA,NA,NA
A8,GTYP_LPD_RXN2_102,102,GTYP,NA,NA,NA
C9,GTYP_LPD_RXN3_102,102,GTYP,NA,NA,NA
B6,GTYP_LPD_RXP0_102,102,GTYP,NA,NA,NA
D7,GTYP_LPD_RXP1_102,102,GTYP,NA,NA,NA
B8,GTYP_LPD_RXP2_102,102,GTYP,NA,NA,NA
D9,GTYP_LPD_RXP3_102,102,GTYP,NA,NA,NA
F6,GTYP_LPD_TXN0_102,102,GTYP,NA,NA,NA
H7,GTYP_LPD_TXN1_102,102,GTYP,NA,NA,NA
F8,GTYP_LPD_TXN2_102,102,GTYP,NA,NA,NA
H9,GTYP_LPD_TXN3_102,102,GTYP,NA,NA,NA
G6,GTYP_LPD_TXP0_102,102,GTYP,NA,NA,NA
J7,GTYP_LPD_TXP1_102,102,GTYP,NA,NA,NA
G8,GTYP_LPD_TXP2_102,102,GTYP,NA,NA,NA
J9,GTYP_LPD_TXP3_102,102,GTYP,NA,NA,NA
K8,GTYP_LPD_REFCLKN0_103,103,GTYP,NA,NA,NA
K10,GTYP_LPD_REFCLKN1_103,103,GTYP,NA,NA,NA
L8,GTYP_LPD_REFCLKP0_103,103,GTYP,NA,NA,NA
L10,GTYP_LPD_REFCLKP1_103,103,GTYP,NA,NA,NA
A10,GTYP_LPD_RXN0_103,103,GTYP,NA,NA,NA
C11,GTYP_LPD_RXN1_103,103,GTYP,NA,NA,NA
A12,GTYP_LPD_RXN2_103,103,GTYP,NA,NA,NA
C13,GTYP_LPD_RXN3_103,103,GTYP,NA,NA,NA
B10,GTYP_LPD_RXP0_103,103,GTYP,NA,NA,NA
D11,GTYP_LPD_RXP1_103,103,GTYP,NA,NA,NA
B12,GTYP_LPD_RXP2_103,103,GTYP,NA,NA,NA
D13,GTYP_LPD_RXP3_103,103,GTYP,NA,NA,NA
F10,GTYP_LPD_TXN0_103,103,GTYP,NA,NA,NA
H11,GTYP_LPD_TXN1_103,103,GTYP,NA,NA,NA
F12,GTYP_LPD_TXN2_103,103,GTYP,NA,NA,NA
H13,GTYP_LPD_TXN3_103,103,GTYP,NA,NA,NA
G10,GTYP_LPD_TXP0_103,103,GTYP,NA,NA,NA
J11,GTYP_LPD_TXP1_103,103,GTYP,NA,NA,NA
G12,GTYP_LPD_TXP2_103,103,GTYP,NA,NA,NA
J13,GTYP_LPD_TXP3_103,103,GTYP,NA,NA,NA
K12,GTYP_LPD_REFCLKN0_104,104,GTYP,NA,NA,NA
K14,GTYP_LPD_REFCLKN1_104,104,GTYP,NA,NA,NA
L12,GTYP_LPD_REFCLKP0_104,104,GTYP,NA,NA,NA
L14,GTYP_LPD_REFCLKP1_104,104,GTYP,NA,NA,NA
A14,GTYP_LPD_RXN0_104,104,GTYP,NA,NA,NA
C15,GTYP_LPD_RXN1_104,104,GTYP,NA,NA,NA
A16,GTYP_LPD_RXN2_104,104,GTYP,NA,NA,NA
C17,GTYP_LPD_RXN3_104,104,GTYP,NA,NA,NA
B14,GTYP_LPD_RXP0_104,104,GTYP,NA,NA,NA
D15,GTYP_LPD_RXP1_104,104,GTYP,NA,NA,NA
B16,GTYP_LPD_RXP2_104,104,GTYP,NA,NA,NA
D17,GTYP_LPD_RXP3_104,104,GTYP,NA,NA,NA
F14,GTYP_LPD_TXN0_104,104,GTYP,NA,NA,NA
H15,GTYP_LPD_TXN1_104,104,GTYP,NA,NA,NA
F16,GTYP_LPD_TXN2_104,104,GTYP,NA,NA,NA
H17,GTYP_LPD_TXN3_104,104,GTYP,NA,NA,NA
G14,GTYP_LPD_TXP0_104,104,GTYP,NA,NA,NA
J15,GTYP_LPD_TXP1_104,104,GTYP,NA,NA,NA
G16,GTYP_LPD_TXP2_104,104,GTYP,NA,NA,NA
J17,GTYP_LPD_TXP3_104,104,GTYP,NA,NA,NA
K20,GTYP_LPD_AVTTRCAL_R,105,NA,NA,NA,NA
K16,GTYP_LPD_REFCLKN0_105,105,GTYP,NA,NA,NA
K18,GTYP_LPD_REFCLKN1_105,105,GTYP,NA,NA,NA
L16,GTYP_LPD_REFCLKP0_105,105,GTYP,NA,NA,NA
L18,GTYP_LPD_REFCLKP1_105,105,GTYP,NA,NA,NA
L20,GTYP_LPD_RREF_R,105,GTYP,NA,NA,NA
A18,GTYP_LPD_RXN0_105,105,GTYP,NA,NA,NA
C19,GTYP_LPD_RXN1_105,105,GTYP,NA,NA,NA
A20,GTYP_LPD_RXN2_105,105,GTYP,NA,NA,NA
C21,GTYP_LPD_RXN3_105,105,GTYP,NA,NA,NA
B18,GTYP_LPD_RXP0_105,105,GTYP,NA,NA,NA
D19,GTYP_LPD_RXP1_105,105,GTYP,NA,NA,NA
B20,GTYP_LPD_RXP2_105,105,GTYP,NA,NA,NA
D21,GTYP_LPD_RXP3_105,105,GTYP,NA,NA,NA
F18,GTYP_LPD_TXN0_105,105,GTYP,NA,NA,NA
H19,GTYP_LPD_TXN1_105,105,GTYP,NA,NA,NA
F20,GTYP_LPD_TXN2_105,105,GTYP,NA,NA,NA
H21,GTYP_LPD_TXN3_105,105,GTYP,NA,NA,NA
G18,GTYP_LPD_TXP0_105,105,GTYP,NA,NA,NA
J19,GTYP_LPD_TXP1_105,105,GTYP,NA,NA,NA
G20,GTYP_LPD_TXP2_105,105,GTYP,NA,NA,NA
J21,GTYP_LPD_TXP3_105,105,GTYP,NA,NA,NA
D5,PMC_MIO0_500,500,PMCMIO,NA,NA,NA
F3,PMC_MIO10_500,500,PMCMIO,NA,NA,NA
E3,PMC_MIO11_500,500,PMCMIO,NA,NA,NA
D3,PMC_MIO12_500,500,PMCMIO,NA,NA,NA
C3,PMC_MIO13_500,500,PMCMIO,NA,NA,NA
A3,PMC_MIO14_500,500,PMCMIO,NA,NA,NA
B2,PMC_MIO15_500,500,PMCMIO,NA,NA,NA
C2,PMC_MIO16_500,500,PMCMIO,NA,NA,NA
E2,PMC_MIO17_500,500,PMCMIO,NA,NA,NA
F2,PMC_MIO18_500,500,PMCMIO,NA,NA,NA
G2,PMC_MIO19_500,500,PMCMIO,NA,NA,NA
A4,PMC_MIO1_500,500,PMCMIO,NA,NA,NA
H2,PMC_MIO20_500,500,PMCMIO,NA,NA,NA
H1,PMC_MIO21_500,500,PMCMIO,NA,NA,NA
G1,PMC_MIO22_500,500,PMCMIO,NA,NA,NA
E1,PMC_MIO23_500,500,PMCMIO,NA,NA,NA
D1,PMC_MIO24_500,500,PMCMIO,NA,NA,NA
C1,PMC_MIO25_500,500,PMCMIO,NA,NA,NA
B4,PMC_MIO2_500,500,PMCMIO,NA,NA,NA
C4,PMC_MIO3_500,500,PMCMIO,NA,NA,NA
D4,PMC_MIO4_500,500,PMCMIO,NA,NA,NA
F4,PMC_MIO5_500,500,PMCMIO,NA,NA,NA
G4,PMC_MIO6_500,500,PMCMIO,NA,NA,NA
H4,PMC_MIO7_500,500,PMCMIO,NA,NA,NA
J4,PMC_MIO8_500,500,PMCMIO,NA,NA,NA
H3,PMC_MIO9_500,500,PMCMIO,NA,NA,NA
AF4,VCCO_500,500,NA,NA,NA,NA
AG4,VCCO_500,500,NA,NA,NA,NA
L4,PMC_MIO26_501,501,PMCMIO,NA,NA,NA
M4,PMC_MIO27_501,501,PMCMIO,NA,NA,NA
N4,PMC_MIO28_501,501,PMCMIO,NA,NA,NA
V3,PMC_MIO29_501,501,PMCMIO,NA,NA,NA
T3,PMC_MIO30_501,501,PMCMIO,NA,NA,NA
R3,PMC_MIO31_501,501,PMCMIO,NA,NA,NA
P3,PMC_MIO32_501,501,PMCMIO,NA,NA,NA
N3,PMC_MIO33_501,501,PMCMIO,NA,NA,NA
L3,PMC_MIO34_501,501,PMCMIO,NA,NA,NA
K3,PMC_MIO35_501,501,PMCMIO,NA,NA,NA
J3,PMC_MIO36_501,501,PMCMIO,NA,NA,NA
K2,PMC_MIO37_501,501,PMCMIO,NA,NA,NA
L2,PMC_MIO38_501,501,PMCMIO,NA,NA,NA
M2,PMC_MIO39_501,501,PMCMIO,NA,NA,NA
N2,PMC_MIO40_501,501,PMCMIO,NA,NA,NA
R2,PMC_MIO41_501,501,PMCMIO,NA,NA,NA
T2,PMC_MIO42_501,501,PMCMIO,NA,NA,NA
U2,PMC_MIO43_501,501,PMCMIO,NA,NA,NA
V2,PMC_MIO44_501,501,PMCMIO,NA,NA,NA
U1,PMC_MIO45_501,501,PMCMIO,NA,NA,NA
R1,PMC_MIO46_501,501,PMCMIO,NA,NA,NA
P1,PMC_MIO47_501,501,PMCMIO,NA,NA,NA
N1,PMC_MIO48_501,501,PMCMIO,NA,NA,NA
M1,PMC_MIO49_501,501,PMCMIO,NA,NA,NA
K1,PMC_MIO50_501,501,PMCMIO,NA,NA,NA
J1,PMC_MIO51_501,501,PMCMIO,NA,NA,NA
AG6,VCCO_501,501,NA,NA,NA,NA
AH6,VCCO_501,501,NA,NA,NA,NA
W3,LPD_MIO0_502,502,LPDMIO,NA,NA,NA
AG2,LPD_MIO10_502,502,LPDMIO,NA,NA,NA
AF2,LPD_MIO11_502,502,LPDMIO,NA,NA,NA
AE2,LPD_MIO12_502,502,LPDMIO,NA,NA,NA
AC2,LPD_MIO13_502,502,LPDMIO,NA,NA,NA
AB2,LPD_MIO14_502,502,LPDMIO,NA,NA,NA
AA2,LPD_MIO15_502,502,LPDMIO,NA,NA,NA
Y2,LPD_MIO16_502,502,LPDMIO,NA,NA,NA
V1,LPD_MIO17_502,502,LPDMIO,NA,NA,NA
W1,LPD_MIO18_502,502,LPDMIO,NA,NA,NA
Y1,LPD_MIO19_502,502,LPDMIO,NA,NA,NA
Y3,LPD_MIO1_502,502,LPDMIO,NA,NA,NA
AB1,LPD_MIO20_502,502,LPDMIO,NA,NA,NA
AC1,LPD_MIO21_502,502,LPDMIO,NA,NA,NA
AD1,LPD_MIO22_502,502,LPDMIO,NA,NA,NA
AE1,LPD_MIO23_502,502,LPDMIO,NA,NA,NA
AG1,LPD_MIO24_502,502,LPDMIO,NA,NA,NA
AH1,LPD_MIO25_502,502,LPDMIO,NA,NA,NA
AA3,LPD_MIO2_502,502,LPDMIO,NA,NA,NA
AB3,LPD_MIO3_502,502,LPDMIO,NA,NA,NA
AC3,LPD_MIO4_502,502,LPDMIO,NA,NA,NA
AD3,LPD_MIO5_502,502,LPDMIO,NA,NA,NA
AE3,LPD_MIO6_502,502,LPDMIO,NA,NA,NA
AF3,LPD_MIO7_502,502,LPDMIO,NA,NA,NA
AH3,LPD_MIO8_502,502,LPDMIO,NA,NA,NA
AH2,LPD_MIO9_502,502,LPDMIO,NA,NA,NA
AC4,VCCO_502,502,NA,NA,NA,NA
AD4,VCCO_502,502,NA,NA,NA,NA
AK5,DONE_503,503,PMCDIO,NA,NA,NA
AL5,ERROR_OUT_503,503,PMCDIO,NA,NA,NA
AJ4,MODE0_503,503,PMCDIO,NA,NA,NA
AJ3,MODE1_503,503,PMCDIO,NA,NA,NA
AK3,MODE2_503,503,PMCDIO,NA,NA,NA
AK2,MODE3_503,503,PMCDIO,NA,NA,NA
AE10,POR_B_503,503,PMCDIO,NA,NA,NA
AL2,PUDC_B_503,503,PMCDIO,NA,NA,NA
AD9,REF_CLK_503,503,PMCDIO,NA,NA,NA
AJ1,RTC_PADI_503,503,PMCDIO,NA,NA,NA
AK1,RTC_PADO_503,503,PMCDIO,NA,NA,NA
AL4,TCK_503,503,PMCDIO,NA,NA,NA
AH4,TDI_503,503,PMCDIO,NA,NA,NA
AJ5,TDO_503,503,PMCDIO,NA,NA,NA
AL3,TMS_503,503,PMCDIO,NA,NA,NA
AE5,VCCO_503,503,NA,NA,NA,NA
AF5,VCCO_503,503,NA,NA,NA,NA
AY5,IO_L0N_XCC_N0P1_M0P1_700,700,XPIO,NA,MEDIUM,YES
AW5,IO_L0P_XCC_N0P0_M0P0_700,700,XPIO,NA,MEDIUM,YES
AY1,IO_L10N_N3P3_M0P21_700,700,XPIO,NA,MEDIUM,YES
AW1,IO_L10P_N3P2_M0P20_700,700,XPIO,NA,MEDIUM,YES
AW4,IO_L11N_N3P5_M0P23_700,700,XPIO,NA,MEDIUM,YES
AW3,IO_L11P_N3P4_M0P22_700,700,XPIO,NA,MEDIUM,YES
AR1,IO_L12N_GC_XCC_N4P1_M0P25_700,700,XPIO,NA,MEDIUM,YES_PLUS_GC
AP1,IO_L12P_GC_XCC_N4P0_M0P24_700,700,XPIO,NA,MEDIUM,YES_PLUS_GC
AP4,IO_L13N_N4P3_M0P27_700,700,XPIO,NA,MEDIUM,YES
AP3,IO_L13P_N4P2_M0P26_700,700,XPIO,NA,MEDIUM,YES
AP6,IO_L14N_N4P5_M0P29_700,700,XPIO,NA,MEDIUM,YES
AP5,IO_L14P_N4P4_M0P28_700,700,XPIO,NA,MEDIUM,YES
AR7,IO_L15N_XCC_N5P1_M0P31_700,700,XPIO,NA,MEDIUM,YES
AR6,IO_L15P_XCC_N5P0_M0P30_700,700,XPIO,NA,MEDIUM,YES
AT5,IO_L16N_N5P3_M0P33_700,700,XPIO,NA,MEDIUM,YES
AR5,IO_L16P_N5P2_M0P32_700,700,XPIO,NA,MEDIUM,YES
AR3,IO_L17N_N5P5_M0P35_700,700,XPIO,NA,MEDIUM,YES
AR2,IO_L17P_N5P4_M0P34_700,700,XPIO,NA,MEDIUM,YES
AL7,IO_L18N_XCC_N6P1_M0P37_700,700,XPIO,NA,MEDIUM,YES
AK7,IO_L18P_XCC_N6P0_M0P36_700,700,XPIO,NA,MEDIUM,YES
AN6,IO_L19N_N6P3_M0P39_700,700,XPIO,NA,MEDIUM,YES
AM6,IO_L19P_N6P2_M0P38_700,700,XPIO,NA,MEDIUM,YES
BA5,IO_L1N_N0P3_M0P3_700,700,XPIO,NA,MEDIUM,YES
AY6,IO_L1P_N0P2_M0P2_700,700,XPIO,NA,MEDIUM,YES
AM5,IO_L20N_N6P5_M0P41_700,700,XPIO,NA,MEDIUM,YES
AM4,IO_L20P_N6P4_M0P40_700,700,XPIO,NA,MEDIUM,YES
AM2,IO_L21N_XCC_N7P1_M0P43_700,700,XPIO,NA,MEDIUM,YES
AM1,IO_L21P_XCC_N7P0_M0P42_700,700,XPIO,NA,MEDIUM,YES
AN2,IO_L22N_N7P3_M0P45_700,700,XPIO,NA,MEDIUM,YES
AN1,IO_L22P_N7P2_M0P44_700,700,XPIO,NA,MEDIUM,YES
AN4,IO_L23N_N7P5_M0P47_700,700,XPIO,NA,MEDIUM,YES
AN3,IO_L23P_N7P4_M0P46_700,700,XPIO,NA,MEDIUM,YES
AT3,IO_L24N_GC_XCC_N8P1_M0P49_700,700,XPIO,NA,MEDIUM,YES_PLUS_GC
AT2,IO_L24P_GC_XCC_N8P0_M0P48_700,700,XPIO,NA,MEDIUM,YES_PLUS_GC
AU4,IO_L25N_N8P3_M0P51_700,700,XPIO,NA,MEDIUM,YES
AT4,IO_L25P_N8P2_M0P50_700,700,XPIO,NA,MEDIUM,YES
AU2,IO_L26N_N8P5_M0P53_700,700,XPIO,NA,MEDIUM,YES
AU1,IO_L26P_N8P4_M0P52_700,700,XPIO,NA,MEDIUM,YES
AY3,IO_L2N_N0P5_M0P5_700,700,XPIO,NA,MEDIUM,YES
AY2,IO_L2P_N0P4_M0P4_700,700,XPIO,NA,MEDIUM,YES
BA3,IO_L3N_XCC_N1P1_M0P7_700,700,XPIO,NA,MEDIUM,YES
BA2,IO_L3P_XCC_N1P0_M0P6_700,700,XPIO,NA,MEDIUM,YES
BB4,IO_L4N_N1P3_M0P9_700,700,XPIO,NA,MEDIUM,YES
BA4,IO_L4P_N1P2_M0P8_700,700,XPIO,NA,MEDIUM,YES
BB6,IO_L5N_N1P5_M0P11_700,700,XPIO,NA,MEDIUM,YES
BB5,IO_L5P_N1P4_M0P10_700,700,XPIO,NA,MEDIUM,YES
AU6,IO_L6N_GC_XCC_N2P1_M0P13_700,700,XPIO,NA,MEDIUM,YES_PLUS_GC
AU5,IO_L6P_GC_XCC_N2P0_M0P12_700,700,XPIO,NA,MEDIUM,YES_PLUS_GC
AW6,IO_L7N_N2P3_M0P15_700,700,XPIO,NA,MEDIUM,YES
AV6,IO_L7P_N2P2_M0P14_700,700,XPIO,NA,MEDIUM,YES
AV4,IO_L8N_N2P5_M0P17_700,700,XPIO,NA,MEDIUM,YES
AV3,IO_L8P_N2P4_M0P16_700,700,XPIO,NA,MEDIUM,YES
AV2,IO_L9N_GC_XCC_N3P1_M0P19_700,700,XPIO,NA,MEDIUM,YES_PLUS_GC
AV1,IO_L9P_GC_XCC_N3P0_M0P18_700,700,XPIO,NA,MEDIUM,YES_PLUS_GC
AK6,IO_VR_700,700,XPIO,NA,MEDIUM,YES
AM7,VCCO_700,700,NA,NA,MEDIUM,NA
AN7,VCCO_700,700,NA,NA,MEDIUM,NA
AN8,VCCO_700,700,NA,NA,MEDIUM,NA
AV8,IO_L0N_XCC_N0P1_M0P55_701,701,XPIO,NA,MEDIUM,YES
AV7,IO_L0P_XCC_N0P0_M0P54_701,701,XPIO,NA,MEDIUM,YES
BB12,IO_L10N_N3P3_M0P75_701,701,XPIO,NA,MEDIUM,YES
BB11,IO_L10P_N3P2_M0P74_701,701,XPIO,NA,MEDIUM,YES
BB10,IO_L11N_N3P5_M0P77_701,701,XPIO,NA,MEDIUM,YES
BB9,IO_L11P_N3P4_M0P76_701,701,XPIO,NA,MEDIUM,YES
AJ9,IO_L12N_GC_XCC_N4P1_M0P79_701,701,XPIO,NA,MEDIUM,YES_PLUS_GC
AH9,IO_L12P_GC_XCC_N4P0_M0P78_701,701,XPIO,NA,MEDIUM,YES_PLUS_GC
AK10,IO_L13N_N4P3_M0P81_701,701,XPIO,NA,MEDIUM,YES
AJ10,IO_L13P_N4P2_M0P80_701,701,XPIO,NA,MEDIUM,YES
AL8,IO_L14N_N4P5_M0P83_701,701,XPIO,NA,MEDIUM,YES
AK8,IO_L14P_N4P4_M0P82_701,701,XPIO,NA,MEDIUM,YES
AM9,IO_L15N_XCC_N5P1_M0P85_701,701,XPIO,NA,MEDIUM,YES
AL9,IO_L15P_XCC_N5P0_M0P84_701,701,XPIO,NA,MEDIUM,YES
AP9,IO_L16N_N5P3_M0P87_701,701,XPIO,NA,MEDIUM,YES
AP8,IO_L16P_N5P2_M0P86_701,701,XPIO,NA,MEDIUM,YES
AT8,IO_L17N_N5P5_M0P89_701,701,XPIO,NA,MEDIUM,YES
AR8,IO_L17P_N5P4_M0P88_701,701,XPIO,NA,MEDIUM,YES
AJ11,IO_L18N_XCC_N6P1_M0P91_701,701,XPIO,NA,MEDIUM,YES
AH11,IO_L18P_XCC_N6P0_M0P90_701,701,XPIO,NA,MEDIUM,YES
AL10,IO_L19N_N6P3_M0P93_701,701,XPIO,NA,MEDIUM,YES
AK11,IO_L19P_N6P2_M0P92_701,701,XPIO,NA,MEDIUM,YES
AW9,IO_L1N_N0P3_M0P57_701,701,XPIO,NA,MEDIUM,YES
AV9,IO_L1P_N0P2_M0P56_701,701,XPIO,NA,MEDIUM,YES
AN9,IO_L20N_N6P5_M0P95_701,701,XPIO,NA,MEDIUM,YES
AM10,IO_L20P_N6P4_M0P94_701,701,XPIO,NA,MEDIUM,YES
AP11,IO_L21N_XCC_N7P1_M0P97_701,701,XPIO,NA,MEDIUM,YES
AN12,IO_L21P_XCC_N7P0_M0P96_701,701,XPIO,NA,MEDIUM,YES
AR11,IO_L22N_N7P3_M0P99_701,701,XPIO,NA,MEDIUM,YES
AP10,IO_L22P_N7P2_M0P98_701,701,XPIO,NA,MEDIUM,YES
AT12,IO_L23N_N7P5_M0P101_701,701,XPIO,NA,MEDIUM,YES
AR12,IO_L23P_N7P4_M0P100_701,701,XPIO,NA,MEDIUM,YES
AU7,IO_L24N_GC_XCC_N8P1_M0P103_701,701,XPIO,NA,MEDIUM,YES_PLUS_GC
AT7,IO_L24P_GC_XCC_N8P0_M0P102_701,701,XPIO,NA,MEDIUM,YES_PLUS_GC
AU12,IO_L25N_N8P3_M0P105_701,701,XPIO,NA,MEDIUM,YES
AU11,IO_L25P_N8P2_M0P104_701,701,XPIO,NA,MEDIUM,YES
AU10,IO_L26N_N8P5_M0P107_701,701,XPIO,NA,MEDIUM,YES
AU9,IO_L26P_N8P4_M0P106_701,701,XPIO,NA,MEDIUM,YES
AY8,IO_L2N_N0P5_M0P59_701,701,XPIO,NA,MEDIUM,YES
AW8,IO_L2P_N0P4_M0P58_701,701,XPIO,NA,MEDIUM,YES
BA7,IO_L3N_XCC_N1P1_M0P61_701,701,XPIO,NA,MEDIUM,YES
AY7,IO_L3P_XCC_N1P0_M0P60_701,701,XPIO,NA,MEDIUM,YES
BA10,IO_L4N_N1P3_M0P63_701,701,XPIO,NA,MEDIUM,YES
BA9,IO_L4P_N1P2_M0P62_701,701,XPIO,NA,MEDIUM,YES
BB7,IO_L5N_N1P5_M0P65_701,701,XPIO,NA,MEDIUM,YES
BA8,IO_L5P_N1P4_M0P64_701,701,XPIO,NA,MEDIUM,YES
AV12,IO_L6N_GC_XCC_N2P1_M0P67_701,701,XPIO,NA,MEDIUM,YES_PLUS_GC
AV11,IO_L6P_GC_XCC_N2P0_M0P66_701,701,XPIO,NA,MEDIUM,YES_PLUS_GC
AW11,IO_L7N_N2P3_M0P69_701,701,XPIO,NA,MEDIUM,YES
AW10,IO_L7P_N2P2_M0P68_701,701,XPIO,NA,MEDIUM,YES
AY11,IO_L8N_N2P5_M0P71_701,701,XPIO,NA,MEDIUM,YES
AY10,IO_L8P_N2P4_M0P70_701,701,XPIO,NA,MEDIUM,YES
BA12,IO_L9N_GC_XCC_N3P1_M0P73_701,701,XPIO,NA,MEDIUM,YES_PLUS_GC
AY12,IO_L9P_GC_XCC_N3P0_M0P72_701,701,XPIO,NA,MEDIUM,YES_PLUS_GC
AR10,VCCO_701,701,NA,NA,MEDIUM,NA
AT10,VCCO_701,701,NA,NA,MEDIUM,NA
AT9,VCCO_701,701,NA,NA,MEDIUM,NA
BA13,IO_L0N_XCC_N0P1_M0P109_702,702,XPIO,NA,MEDIUM,YES
AY13,IO_L0P_XCC_N0P0_M0P108_702,702,XPIO,NA,MEDIUM,YES
AW16,IO_L10N_N3P3_M0P129_702,702,XPIO,NA,MEDIUM,YES
AV17,IO_L10P_N3P2_M0P128_702,702,XPIO,NA,MEDIUM,YES
AW15,IO_L11N_N3P5_M0P131_702,702,XPIO,NA,MEDIUM,YES
AW14,IO_L11P_N3P4_M0P130_702,702,XPIO,NA,MEDIUM,YES
AL15,IO_L12N_GC_XCC_N4P1_M0P133_702,702,XPIO,NA,MEDIUM,NO
AK16,IO_L12P_GC_XCC_N4P0_M0P132_702,702,XPIO,NA,MEDIUM,NO
AL14,IO_L13N_N4P3_M0P135_702,702,XPIO,NA,MEDIUM,NO
AL13,IO_L13P_N4P2_M0P134_702,702,XPIO,NA,MEDIUM,NO
AM15,IO_L14N_N4P5_M0P137_702,702,XPIO,NA,MEDIUM,NO
AM14,IO_L14P_N4P4_M0P136_702,702,XPIO,NA,MEDIUM,NO
AP16,IO_L15N_XCC_N5P1_M0P139_702,702,XPIO,NA,MEDIUM,NO
AN17,IO_L15P_XCC_N5P0_M0P138_702,702,XPIO,NA,MEDIUM,NO
AN14,IO_L16N_N5P3_M0P141_702,702,XPIO,NA,MEDIUM,NO
AN13,IO_L16P_N5P2_M0P140_702,702,XPIO,NA,MEDIUM,NO
AP14,IO_L17N_N5P5_M0P143_702,702,XPIO,NA,MEDIUM,NO
AP13,IO_L17P_N5P4_M0P142_702,702,XPIO,NA,MEDIUM,NO
AH13,IO_L18N_XCC_N6P1_M0P145_702,702,XPIO,NA,MEDIUM,NO
AH12,IO_L18P_XCC_N6P0_M0P144_702,702,XPIO,NA,MEDIUM,NO
AJ14,IO_L19N_N6P3_M0P147_702,702,XPIO,NA,MEDIUM,NO
AH14,IO_L19P_N6P2_M0P146_702,702,XPIO,NA,MEDIUM,NO
AY16,IO_L1N_N0P3_M0P111_702,702,XPIO,NA,MEDIUM,YES
AY15,IO_L1P_N0P2_M0P110_702,702,XPIO,NA,MEDIUM,YES
AJ16,IO_L20N_N6P5_M0P149_702,702,XPIO,NA,MEDIUM,NO
AH16,IO_L20P_N6P4_M0P148_702,702,XPIO,NA,MEDIUM,NO
AK15,IO_L21N_XCC_N7P1_M0P151_702,702,XPIO,NA,MEDIUM,NO
AJ15,IO_L21P_XCC_N7P0_M0P150_702,702,XPIO,NA,MEDIUM,NO
AK13,IO_L22N_N7P3_M0P153_702,702,XPIO,NA,MEDIUM,NO
AJ13,IO_L22P_N7P2_M0P152_702,702,XPIO,NA,MEDIUM,NO
AL12,IO_L23N_N7P5_M0P155_702,702,XPIO,NA,MEDIUM,NO
AK12,IO_L23P_N7P4_M0P154_702,702,XPIO,NA,MEDIUM,NO
AR15,IO_L24N_GC_XCC_N8P1_M0P157_702,702,XPIO,NA,MEDIUM,NO
AP15,IO_L24P_GC_XCC_N8P0_M0P156_702,702,XPIO,NA,MEDIUM,NO
AR17,IO_L25N_N8P3_M0P159_702,702,XPIO,NA,MEDIUM,NO
AR16,IO_L25P_N8P2_M0P158_702,702,XPIO,NA,MEDIUM,NO
AU15,IO_L26N_N8P5_M0P161_702,702,XPIO,NA,MEDIUM,NO
AT15,IO_L26P_N8P4_M0P160_702,702,XPIO,NA,MEDIUM,NO
BA17,IO_L2N_N0P5_M0P113_702,702,XPIO,NA,MEDIUM,YES
AY17,IO_L2P_N0P4_M0P112_702,702,XPIO,NA,MEDIUM,YES
BA15,IO_L3N_XCC_N1P1_M0P115_702,702,XPIO,NA,MEDIUM,YES
BA14,IO_L3P_XCC_N1P0_M0P114_702,702,XPIO,NA,MEDIUM,YES
BB15,IO_L4N_N1P3_M0P117_702,702,XPIO,NA,MEDIUM,YES
BB14,IO_L4P_N1P2_M0P116_702,702,XPIO,NA,MEDIUM,YES
BB17,IO_L5N_N1P5_M0P119_702,702,XPIO,NA,MEDIUM,YES
BB16,IO_L5P_N1P4_M0P118_702,702,XPIO,NA,MEDIUM,YES
AU17,IO_L6N_GC_XCC_N2P1_M0P121_702,702,XPIO,NA,MEDIUM,YES_PLUS_GC
AT17,IO_L6P_GC_XCC_N2P0_M0P120_702,702,XPIO,NA,MEDIUM,YES_PLUS_GC
AV16,IO_L7N_N2P3_M0P123_702,702,XPIO,NA,MEDIUM,YES
AU16,IO_L7P_N2P2_M0P122_702,702,XPIO,NA,MEDIUM,YES
AV14,IO_L8N_N2P5_M0P125_702,702,XPIO,NA,MEDIUM,YES
AU14,IO_L8P_N2P4_M0P124_702,702,XPIO,NA,MEDIUM,YES
AW13,IO_L9N_GC_XCC_N3P1_M0P127_702,702,XPIO,NA,MEDIUM,YES_PLUS_GC
AV13,IO_L9P_GC_XCC_N3P0_M0P126_702,702,XPIO,NA,MEDIUM,YES_PLUS_GC
AM11,VCCO_702,702,NA,NA,MEDIUM,NA
AM12,VCCO_702,702,NA,NA,MEDIUM,NA
AN11,VCCO_702,702,NA,NA,MEDIUM,NA
AW21,IO_L0N_XCC_N0P1_M1P1_703,703,XPIO,NA,MEDIUM,NO
AW20,IO_L0P_XCC_N0P0_M1P0_703,703,XPIO,NA,MEDIUM,NO
AV22,IO_L10N_N3P3_M1P21_703,703,XPIO,NA,MEDIUM,NO
AV21,IO_L10P_N3P2_M1P20_703,703,XPIO,NA,MEDIUM,NO
AW19,IO_L11N_N3P5_M1P23_703,703,XPIO,NA,MEDIUM,NO
AW18,IO_L11P_N3P4_M1P22_703,703,XPIO,NA,MEDIUM,NO
AK21,IO_L12N_GC_XCC_N4P1_M1P25_703,703,XPIO,NA,MEDIUM,NO
AK20,IO_L12P_GC_XCC_N4P0_M1P24_703,703,XPIO,NA,MEDIUM,NO
AL22,IO_L13N_N4P3_M1P27_703,703,XPIO,NA,MEDIUM,NO
AK22,IO_L13P_N4P2_M1P26_703,703,XPIO,NA,MEDIUM,NO
AM19,IO_L14N_N4P5_M1P29_703,703,XPIO,NA,MEDIUM,NO
AL20,IO_L14P_N4P4_M1P28_703,703,XPIO,NA,MEDIUM,NO
AL19,IO_L15N_XCC_N5P1_M1P31_703,703,XPIO,NA,MEDIUM,NO
AL18,IO_L15P_XCC_N5P0_M1P30_703,703,XPIO,NA,MEDIUM,NO
AN22,IO_L16N_N5P3_M1P33_703,703,XPIO,NA,MEDIUM,NO
AM22,IO_L16P_N5P2_M1P32_703,703,XPIO,NA,MEDIUM,NO
AN19,IO_L17N_N5P5_M1P35_703,703,XPIO,NA,MEDIUM,NO
AN18,IO_L17P_N5P4_M1P34_703,703,XPIO,NA,MEDIUM,NO
AH18,IO_L18N_XCC_N6P1_M1P37_703,703,XPIO,NA,MEDIUM,NO
AH17,IO_L18P_XCC_N6P0_M1P36_703,703,XPIO,NA,MEDIUM,NO
AJ19,IO_L19N_N6P3_M1P39_703,703,XPIO,NA,MEDIUM,NO
AH19,IO_L19P_N6P2_M1P38_703,703,XPIO,NA,MEDIUM,NO
AY22,IO_L1N_N0P3_M1P3_703,703,XPIO,NA,MEDIUM,NO
AY21,IO_L1P_N0P2_M1P2_703,703,XPIO,NA,MEDIUM,NO
AH22,IO_L20N_N6P5_M1P41_703,703,XPIO,NA,MEDIUM,NO
AH21,IO_L20P_N6P4_M1P40_703,703,XPIO,NA,MEDIUM,NO
AJ21,IO_L21N_XCC_N7P1_M1P43_703,703,XPIO,NA,MEDIUM,NO
AJ20,IO_L21P_XCC_N7P0_M1P42_703,703,XPIO,NA,MEDIUM,NO
AK18,IO_L22N_N7P3_M1P45_703,703,XPIO,NA,MEDIUM,NO
AJ18,IO_L22P_N7P2_M1P44_703,703,XPIO,NA,MEDIUM,NO
AL17,IO_L23N_N7P5_M1P47_703,703,XPIO,NA,MEDIUM,NO
AK17,IO_L23P_N7P4_M1P46_703,703,XPIO,NA,MEDIUM,NO
AP19,IO_L24N_GC_XCC_N8P1_M1P49_703,703,XPIO,NA,MEDIUM,NO
AP18,IO_L24P_GC_XCC_N8P0_M1P48_703,703,XPIO,NA,MEDIUM,NO
AP21,IO_L25N_N8P3_M1P51_703,703,XPIO,NA,MEDIUM,NO
AP20,IO_L25P_N8P2_M1P50_703,703,XPIO,NA,MEDIUM,NO
AT20,IO_L26N_N8P5_M1P53_703,703,XPIO,NA,MEDIUM,NO
AR20,IO_L26P_N8P4_M1P52_703,703,XPIO,NA,MEDIUM,NO
BA20,IO_L2N_N0P5_M1P5_703,703,XPIO,NA,MEDIUM,NO
AY20,IO_L2P_N0P4_M1P4_703,703,XPIO,NA,MEDIUM,NO
BA18,IO_L3N_XCC_N1P1_M1P7_703,703,XPIO,NA,MEDIUM,NO
AY18,IO_L3P_XCC_N1P0_M1P6_703,703,XPIO,NA,MEDIUM,NO
BB19,IO_L4N_N1P3_M1P9_703,703,XPIO,NA,MEDIUM,NO
BA19,IO_L4P_N1P2_M1P8_703,703,XPIO,NA,MEDIUM,NO
BB21,IO_L5N_N1P5_M1P11_703,703,XPIO,NA,MEDIUM,NO
BB20,IO_L5P_N1P4_M1P10_703,703,XPIO,NA,MEDIUM,NO
AR22,IO_L6N_GC_XCC_N2P1_M1P13_703,703,XPIO,NA,MEDIUM,NO
AR21,IO_L6P_GC_XCC_N2P0_M1P12_703,703,XPIO,NA,MEDIUM,NO
AU22,IO_L7N_N2P3_M1P15_703,703,XPIO,NA,MEDIUM,NO
AU21,IO_L7P_N2P2_M1P14_703,703,XPIO,NA,MEDIUM,NO
AU20,IO_L8N_N2P5_M1P17_703,703,XPIO,NA,MEDIUM,NO
AU19,IO_L8P_N2P4_M1P16_703,703,XPIO,NA,MEDIUM,NO
AV19,IO_L9N_GC_XCC_N3P1_M1P19_703,703,XPIO,NA,MEDIUM,NO
AV18,IO_L9P_GC_XCC_N3P0_M1P18_703,703,XPIO,NA,MEDIUM,NO
AR13,VCCO_703,703,NA,NA,MEDIUM,NA
AT13,VCCO_703,703,NA,NA,MEDIUM,NA
AT14,VCCO_703,703,NA,NA,MEDIUM,NA
AV24,IO_L0N_XCC_N0P1_M1P55_704,704,XPIO,NA,MEDIUM,NO
AV23,IO_L0P_XCC_N0P0_M1P54_704,704,XPIO,NA,MEDIUM,NO
AY26,IO_L10N_N3P3_M1P75_704,704,XPIO,NA,MEDIUM,NO
AY25,IO_L10P_N3P2_M1P74_704,704,XPIO,NA,MEDIUM,NO
BB27,IO_L11N_N3P5_M1P77_704,704,XPIO,NA,MEDIUM,NO
BB26,IO_L11P_N3P4_M1P76_704,704,XPIO,NA,MEDIUM,NO
AH24,IO_L12N_GC_XCC_N4P1_M1P79_704,704,XPIO,NA,MEDIUM,NO
AH23,IO_L12P_GC_XCC_N4P0_M1P78_704,704,XPIO,NA,MEDIUM,NO
AJ24,IO_L13N_N4P3_M1P81_704,704,XPIO,NA,MEDIUM,NO
AJ23,IO_L13P_N4P2_M1P80_704,704,XPIO,NA,MEDIUM,NO
AL23,IO_L14N_N4P5_M1P83_704,704,XPIO,NA,MEDIUM,NO
AK23,IO_L14P_N4P4_M1P82_704,704,XPIO,NA,MEDIUM,NO
AL25,IO_L15N_XCC_N5P1_M1P85_704,704,XPIO,NA,MEDIUM,NO
AL24,IO_L15P_XCC_N5P0_M1P84_704,704,XPIO,NA,MEDIUM,NO
AP23,IO_L16N_N5P3_M1P87_704,704,XPIO,NA,MEDIUM,NO
AN23,IO_L16P_N5P2_M1P86_704,704,XPIO,NA,MEDIUM,NO
AP25,IO_L17N_N5P5_M1P89_704,704,XPIO,NA,MEDIUM,NO
AP24,IO_L17P_N5P4_M1P88_704,704,XPIO,NA,MEDIUM,NO
AH27,IO_L18N_XCC_N6P1_M1P91_704,704,XPIO,NA,MEDIUM,NO
AH26,IO_L18P_XCC_N6P0_M1P90_704,704,XPIO,NA,MEDIUM,NO
AJ26,IO_L19N_N6P3_M1P93_704,704,XPIO,NA,MEDIUM,NO
AJ25,IO_L19P_N6P2_M1P92_704,704,XPIO,NA,MEDIUM,NO
AW24,IO_L1N_N0P3_M1P57_704,704,XPIO,NA,MEDIUM,NO
AW23,IO_L1P_N0P2_M1P56_704,704,XPIO,NA,MEDIUM,NO
AK26,IO_L20N_N6P5_M1P95_704,704,XPIO,NA,MEDIUM,NO
AK25,IO_L20P_N6P4_M1P94_704,704,XPIO,NA,MEDIUM,NO
AL27,IO_L21N_XCC_N7P1_M1P97_704,704,XPIO,NA,MEDIUM,NO
AK27,IO_L21P_XCC_N7P0_M1P96_704,704,XPIO,NA,MEDIUM,NO
AM27,IO_L22N_N7P3_M1P99_704,704,XPIO,NA,MEDIUM,NO
AM26,IO_L22P_N7P2_M1P98_704,704,XPIO,NA,MEDIUM,NO
AN27,IO_L23N_N7P5_M1P101_704,704,XPIO,NA,MEDIUM,NO
AN26,IO_L23P_N7P4_M1P100_704,704,XPIO,NA,MEDIUM,NO
AR25,IO_L24N_GC_XCC_N8P1_M1P103_704,704,XPIO,NA,MEDIUM,NO
AP26,IO_L24P_GC_XCC_N8P0_M1P102_704,704,XPIO,NA,MEDIUM,NO
AT25,IO_L25N_N8P3_M1P105_704,704,XPIO,NA,MEDIUM,NO
AT24,IO_L25P_N8P2_M1P104_704,704,XPIO,NA,MEDIUM,NO
AU25,IO_L26N_N8P5_M1P107_704,704,XPIO,NA,MEDIUM,NO
AU24,IO_L26P_N8P4_M1P106_704,704,XPIO,NA,MEDIUM,NO
BA23,IO_L2N_N0P5_M1P59_704,704,XPIO,NA,MEDIUM,NO
AY23,IO_L2P_N0P4_M1P58_704,704,XPIO,NA,MEDIUM,NO
BA25,IO_L3N_XCC_N1P1_M1P61_704,704,XPIO,NA,MEDIUM,NO
BA24,IO_L3P_XCC_N1P0_M1P60_704,704,XPIO,NA,MEDIUM,NO
BB22,IO_L4N_N1P3_M1P63_704,704,XPIO,NA,MEDIUM,NO
BA22,IO_L4P_N1P2_M1P62_704,704,XPIO,NA,MEDIUM,NO
BB25,IO_L5N_N1P5_M1P65_704,704,XPIO,NA,MEDIUM,NO
BB24,IO_L5P_N1P4_M1P64_704,704,XPIO,NA,MEDIUM,NO
AU27,IO_L6N_GC_XCC_N2P1_M1P67_704,704,XPIO,NA,MEDIUM,NO
AU26,IO_L6P_GC_XCC_N2P0_M1P66_704,704,XPIO,NA,MEDIUM,NO
AV27,IO_L7N_N2P3_M1P69_704,704,XPIO,NA,MEDIUM,NO
AV26,IO_L7P_N2P2_M1P68_704,704,XPIO,NA,MEDIUM,NO
AW26,IO_L8N_N2P5_M1P71_704,704,XPIO,NA,MEDIUM,NO
AW25,IO_L8P_N2P4_M1P70_704,704,XPIO,NA,MEDIUM,NO
BA27,IO_L9N_GC_XCC_N3P1_M1P73_704,704,XPIO,NA,MEDIUM,NO
AY27,IO_L9P_GC_XCC_N3P0_M1P72_704,704,XPIO,NA,MEDIUM,NO
AM16,VCCO_704,704,NA,NA,MEDIUM,NA
AM17,VCCO_704,704,NA,NA,MEDIUM,NA
AN16,VCCO_704,704,NA,NA,MEDIUM,NA
BA28,IO_L0N_XCC_N0P1_M1P109_705,705,XPIO,NA,MEDIUM,NO
AY28,IO_L0P_XCC_N0P0_M1P108_705,705,XPIO,NA,MEDIUM,NO
AW29,IO_L10N_N3P3_M1P129_705,705,XPIO,NA,MEDIUM,NO
AW28,IO_L10P_N3P2_M1P128_705,705,XPIO,NA,MEDIUM,NO
AW31,IO_L11N_N3P5_M1P131_705,705,XPIO,NA,MEDIUM,NO
AW30,IO_L11P_N3P4_M1P130_705,705,XPIO,NA,MEDIUM,NO
AL32,IO_L12N_GC_XCC_N4P1_M1P133_705,705,XPIO,NA,MEDIUM,NO
AK32,IO_L12P_GC_XCC_N4P0_M1P132_705,705,XPIO,NA,MEDIUM,NO
AL30,IO_L13N_N4P3_M1P135_705,705,XPIO,NA,MEDIUM,NO
AL29,IO_L13P_N4P2_M1P134_705,705,XPIO,NA,MEDIUM,NO
AM32,IO_L14N_N4P5_M1P137_705,705,XPIO,NA,MEDIUM,NO
AM31,IO_L14P_N4P4_M1P136_705,705,XPIO,NA,MEDIUM,NO
AN32,IO_L15N_XCC_N5P1_M1P139_705,705,XPIO,NA,MEDIUM,NO
AN31,IO_L15P_XCC_N5P0_M1P138_705,705,XPIO,NA,MEDIUM,NO
AP28,IO_L16N_N5P3_M1P141_705,705,XPIO,NA,MEDIUM,NO
AN28,IO_L16P_N5P2_M1P140_705,705,XPIO,NA,MEDIUM,NO
AP30,IO_L17N_N5P5_M1P143_705,705,XPIO,NA,MEDIUM,NO
AP29,IO_L17P_N5P4_M1P142_705,705,XPIO,NA,MEDIUM,NO
AH29,IO_L18N_XCC_N6P1_M1P145_705,705,XPIO,NA,MEDIUM,NO
AH28,IO_L18P_XCC_N6P0_M1P144_705,705,XPIO,NA,MEDIUM,NO
AH32,IO_L19N_N6P3_M1P147_705,705,XPIO,NA,MEDIUM,NO
AH31,IO_L19P_N6P2_M1P146_705,705,XPIO,NA,MEDIUM,NO
AY31,IO_L1N_N0P3_M1P111_705,705,XPIO,NA,MEDIUM,NO
AY30,IO_L1P_N0P2_M1P110_705,705,XPIO,NA,MEDIUM,NO
AJ31,IO_L20N_N6P5_M1P149_705,705,XPIO,NA,MEDIUM,NO
AJ30,IO_L20P_N6P4_M1P148_705,705,XPIO,NA,MEDIUM,NO
AJ29,IO_L21N_XCC_N7P1_M1P151_705,705,XPIO,NA,MEDIUM,NO
AJ28,IO_L21P_XCC_N7P0_M1P150_705,705,XPIO,NA,MEDIUM,NO
AL28,IO_L22N_N7P3_M1P153_705,705,XPIO,NA,MEDIUM,NO
AK28,IO_L22P_N7P2_M1P152_705,705,XPIO,NA,MEDIUM,NO
AK31,IO_L23N_N7P5_M1P155_705,705,XPIO,NA,MEDIUM,NO
AK30,IO_L23P_N7P4_M1P154_705,705,XPIO,NA,MEDIUM,NO
AR30,IO_L24N_GC_XCC_N8P1_M1P157_705,705,XPIO,NA,MEDIUM,NO
AP31,IO_L24P_GC_XCC_N8P0_M1P156_705,705,XPIO,NA,MEDIUM,NO
AT28,IO_L25N_N8P3_M1P159_705,705,XPIO,NA,MEDIUM,NO
AR28,IO_L25P_N8P2_M1P158_705,705,XPIO,NA,MEDIUM,NO
AT30,IO_L26N_N8P5_M1P161_705,705,XPIO,NA,MEDIUM,NO
AT29,IO_L26P_N8P4_M1P160_705,705,XPIO,NA,MEDIUM,NO
BA32,IO_L2N_N0P5_M1P113_705,705,XPIO,NA,MEDIUM,NO
AY32,IO_L2P_N0P4_M1P112_705,705,XPIO,NA,MEDIUM,NO
BA30,IO_L3N_XCC_N1P1_M1P115_705,705,XPIO,NA,MEDIUM,NO
BA29,IO_L3P_XCC_N1P0_M1P114_705,705,XPIO,NA,MEDIUM,NO
BB30,IO_L4N_N1P3_M1P117_705,705,XPIO,NA,MEDIUM,NO
BB29,IO_L4P_N1P2_M1P116_705,705,XPIO,NA,MEDIUM,NO
BB32,IO_L5N_N1P5_M1P119_705,705,XPIO,NA,MEDIUM,NO
BB31,IO_L5P_N1P4_M1P118_705,705,XPIO,NA,MEDIUM,NO
AU30,IO_L6N_GC_XCC_N2P1_M1P121_705,705,XPIO,NA,MEDIUM,NO
AU29,IO_L6P_GC_XCC_N2P0_M1P120_705,705,XPIO,NA,MEDIUM,NO
AU32,IO_L7N_N2P3_M1P123_705,705,XPIO,NA,MEDIUM,NO
AU31,IO_L7P_N2P2_M1P122_705,705,XPIO,NA,MEDIUM,NO
AV32,IO_L8N_N2P5_M1P125_705,705,XPIO,NA,MEDIUM,NO
AV31,IO_L8P_N2P4_M1P124_705,705,XPIO,NA,MEDIUM,NO
AV29,IO_L9N_GC_XCC_N3P1_M1P127_705,705,XPIO,NA,MEDIUM,NO
AV28,IO_L9P_GC_XCC_N3P0_M1P126_705,705,XPIO,NA,MEDIUM,NO
AR18,VCCO_705,705,NA,NA,MEDIUM,NA
AT18,VCCO_705,705,NA,NA,MEDIUM,NA
AT19,VCCO_705,705,NA,NA,MEDIUM,NA
AW40,IO_L0N_XCC_N0P1_M2P1_706,706,XPIO,NA,LOW,NO
AY40,IO_L0P_XCC_N0P0_M2P0_706,706,XPIO,NA,LOW,NO
BA39,IO_L10N_N3P3_M2P21_706,706,XPIO,NA,LOW,NO
BB39,IO_L10P_N3P2_M2P20_706,706,XPIO,NA,LOW,NO
BA40,IO_L11N_N3P5_M2P23_706,706,XPIO,NA,LOW,NO
BB40,IO_L11P_N3P4_M2P22_706,706,XPIO,NA,LOW,NO
BA35,IO_L12N_GC_XCC_N4P1_M2P25_706,706,XPIO,NA,LOW,NO
BB35,IO_L12P_GC_XCC_N4P0_M2P24_706,706,XPIO,NA,LOW,NO
AW35,IO_L13N_N4P3_M2P27_706,706,XPIO,NA,LOW,NO
AY35,IO_L13P_N4P2_M2P26_706,706,XPIO,NA,LOW,NO
AU36,IO_L14N_N4P5_M2P29_706,706,XPIO,NA,LOW,NO
AT35,IO_L14P_N4P4_M2P28_706,706,XPIO,NA,LOW,NO
AV37,IO_L15N_XCC_N5P1_M2P31_706,706,XPIO,NA,LOW,NO
AV36,IO_L15P_XCC_N5P0_M2P30_706,706,XPIO,NA,LOW,NO
AW36,IO_L16N_N5P3_M2P33_706,706,XPIO,NA,LOW,NO
AY36,IO_L16P_N5P2_M2P32_706,706,XPIO,NA,LOW,NO
BB37,IO_L17N_N5P5_M2P35_706,706,XPIO,NA,LOW,NO
BB36,IO_L17P_N5P4_M2P34_706,706,XPIO,NA,LOW,NO
AY33,IO_L18N_XCC_N6P1_M2P37_706,706,XPIO,NA,LOW,NO
BA33,IO_L18P_XCC_N6P0_M2P36_706,706,XPIO,NA,LOW,NO
AV33,IO_L19N_N6P3_M2P39_706,706,XPIO,NA,LOW,NO
AW33,IO_L19P_N6P2_M2P38_706,706,XPIO,NA,LOW,NO
AU41,IO_L1N_N0P3_M2P3_706,706,XPIO,NA,LOW,NO
AT40,IO_L1P_N0P2_M2P2_706,706,XPIO,NA,LOW,NO
AT34,IO_L20N_N6P5_M2P41_706,706,XPIO,NA,LOW,NO
AT33,IO_L20P_N6P4_M2P40_706,706,XPIO,NA,LOW,NO
AU35,IO_L21N_XCC_N7P1_M2P43_706,706,XPIO,NA,LOW,NO
AU34,IO_L21P_XCC_N7P0_M2P42_706,706,XPIO,NA,LOW,NO
AV34,IO_L22N_N7P3_M2P45_706,706,XPIO,NA,LOW,NO
AW34,IO_L22P_N7P2_M2P44_706,706,XPIO,NA,LOW,NO
BA34,IO_L23N_N7P5_M2P47_706,706,XPIO,NA,LOW,NO
BB34,IO_L23P_N7P4_M2P46_706,706,XPIO,NA,LOW,NO
AY37,IO_L24N_GC_XCC_N8P1_M2P49_706,706,XPIO,NA,LOW,NO
BA37,IO_L24P_GC_XCC_N8P0_M2P48_706,706,XPIO,NA,LOW,NO
AT37,IO_L25N_N8P3_M2P51_706,706,XPIO,NA,LOW,NO
AU37,IO_L25P_N8P2_M2P50_706,706,XPIO,NA,LOW,NO
AY38,IO_L26N_N8P5_M2P53_706,706,XPIO,NA,LOW,NO
BA38,IO_L26P_N8P4_M2P52_706,706,XPIO,NA,LOW,NO
AV41,IO_L2N_N0P5_M2P5_706,706,XPIO,NA,LOW,NO
AW41,IO_L2P_N0P4_M2P4_706,706,XPIO,NA,LOW,NO
AY42,IO_L3N_XCC_N1P1_M2P7_706,706,XPIO,NA,LOW,NO
AY41,IO_L3P_XCC_N1P0_M2P6_706,706,XPIO,NA,LOW,NO
AU42,IO_L4N_N1P3_M2P9_706,706,XPIO,NA,LOW,NO
AV42,IO_L4P_N1P2_M2P8_706,706,XPIO,NA,LOW,NO
AR42,IO_L5N_N1P5_M2P11_706,706,XPIO,NA,LOW,NO
AT42,IO_L5P_N1P4_M2P10_706,706,XPIO,NA,LOW,NO
AV38,IO_L6N_GC_XCC_N2P1_M2P13_706,706,XPIO,NA,LOW,NO
AW38,IO_L6P_GC_XCC_N2P0_M2P12_706,706,XPIO,NA,LOW,NO
AT39,IO_L7N_N2P3_M2P15_706,706,XPIO,NA,LOW,NO
AT38,IO_L7P_N2P2_M2P14_706,706,XPIO,NA,LOW,NO
AU40,IO_L8N_N2P5_M2P17_706,706,XPIO,NA,LOW,NO
AU39,IO_L8P_N2P4_M2P16_706,706,XPIO,NA,LOW,NO
AV39,IO_L9N_GC_XCC_N3P1_M2P19_706,706,XPIO,NA,LOW,NO
AW39,IO_L9P_GC_XCC_N3P0_M2P18_706,706,XPIO,NA,LOW,NO
AM20,VCCO_706,706,NA,NA,LOW,NA
AM21,VCCO_706,706,NA,NA,LOW,NA
AN21,VCCO_706,706,NA,NA,LOW,NA
AP39,IO_L0N_XCC_N0P1_M2P55_707,707,XPIO,NA,LOW,NO
AP38,IO_L0P_XCC_N0P0_M2P54_707,707,XPIO,NA,LOW,NO
AK41,IO_L10N_N3P3_M2P75_707,707,XPIO,NA,LOW,NO
AK40,IO_L10P_N3P2_M2P74_707,707,XPIO,NA,LOW,NO
AK42,IO_L11N_N3P5_M2P77_707,707,XPIO,NA,LOW,NO
AL42,IO_L11P_N3P4_M2P76_707,707,XPIO,NA,LOW,NO
AP33,IO_L12N_GC_XCC_N4P1_M2P79_707,707,XPIO,NA,LOW,NO
AR33,IO_L12P_GC_XCC_N4P0_M2P78_707,707,XPIO,NA,LOW,NO
AN34,IO_L13N_N4P3_M2P81_707,707,XPIO,NA,LOW,NO
AN33,IO_L13P_N4P2_M2P80_707,707,XPIO,NA,LOW,NO
AL34,IO_L14N_N4P5_M2P83_707,707,XPIO,NA,LOW,NO
AM34,IO_L14P_N4P4_M2P82_707,707,XPIO,NA,LOW,NO
AP35,IO_L15N_XCC_N5P1_M2P85_707,707,XPIO,NA,LOW,NO
AP34,IO_L15P_XCC_N5P0_M2P84_707,707,XPIO,NA,LOW,NO
AR36,IO_L16N_N5P3_M2P87_707,707,XPIO,NA,LOW,NO
AR35,IO_L16P_N5P2_M2P86_707,707,XPIO,NA,LOW,NO
AN36,IO_L17N_N5P5_M2P89_707,707,XPIO,NA,LOW,NO
AP36,IO_L17P_N5P4_M2P88_707,707,XPIO,NA,LOW,NO
AK33,IO_L18N_XCC_N6P1_M2P91_707,707,XPIO,NA,LOW,NO
AL33,IO_L18P_XCC_N6P0_M2P90_707,707,XPIO,NA,LOW,NO
AH33,IO_L19N_N6P3_M2P93_707,707,XPIO,NA,LOW,NO
AJ33,IO_L19P_N6P2_M2P92_707,707,XPIO,NA,LOW,NO
AM39,IO_L1N_N0P3_M2P57_707,707,XPIO,NA,LOW,NO
AN39,IO_L1P_N0P2_M2P56_707,707,XPIO,NA,LOW,NO
AH34,IO_L20N_N6P5_M2P95_707,707,XPIO,NA,LOW,NO
AJ34,IO_L20P_N6P4_M2P94_707,707,XPIO,NA,LOW,NO
AL35,IO_L21N_XCC_N7P1_M2P97_707,707,XPIO,NA,LOW,NO
AM35,IO_L21P_XCC_N7P0_M2P96_707,707,XPIO,NA,LOW,NO
AJ35,IO_L22N_N7P3_M2P99_707,707,XPIO,NA,LOW,NO
AK35,IO_L22P_N7P2_M2P98_707,707,XPIO,NA,LOW,NO
AM37,IO_L23N_N7P5_M2P101_707,707,XPIO,NA,LOW,NO
AM36,IO_L23P_N7P4_M2P100_707,707,XPIO,NA,LOW,NO
AJ36,IO_L24N_GC_XCC_N8P1_M2P103_707,707,XPIO,NA,LOW,NO
AK36,IO_L24P_GC_XCC_N8P0_M2P102_707,707,XPIO,NA,LOW,NO
AN38,IO_L25N_N8P3_M2P105_707,707,XPIO,NA,LOW,NO
AN37,IO_L25P_N8P2_M2P104_707,707,XPIO,NA,LOW,NO
AR38,IO_L26N_N8P5_M2P107_707,707,XPIO,NA,LOW,NO
AR37,IO_L26P_N8P4_M2P106_707,707,XPIO,NA,LOW,NO
AP40,IO_L2N_N0P5_M2P59_707,707,XPIO,NA,LOW,NO
AR40,IO_L2P_N0P4_M2P58_707,707,XPIO,NA,LOW,NO
AM41,IO_L3N_XCC_N1P1_M2P61_707,707,XPIO,NA,LOW,NO
AN41,IO_L3P_XCC_N1P0_M2P60_707,707,XPIO,NA,LOW,NO
AP41,IO_L4N_N1P3_M2P63_707,707,XPIO,NA,LOW,NO
AR41,IO_L4P_N1P2_M2P62_707,707,XPIO,NA,LOW,NO
AM42,IO_L5N_N1P5_M2P65_707,707,XPIO,NA,LOW,NO
AN42,IO_L5P_N1P4_M2P64_707,707,XPIO,NA,LOW,NO
AK37,IO_L6N_GC_XCC_N2P1_M2P67_707,707,XPIO,NA,LOW,NO
AL37,IO_L6P_GC_XCC_N2P0_M2P66_707,707,XPIO,NA,LOW,NO
AJ38,IO_L7N_N2P3_M2P69_707,707,XPIO,NA,LOW,NO
AK38,IO_L7P_N2P2_M2P68_707,707,XPIO,NA,LOW,NO
AL39,IO_L8N_N2P5_M2P71_707,707,XPIO,NA,LOW,NO
AL38,IO_L8P_N2P4_M2P70_707,707,XPIO,NA,LOW,NO
AL40,IO_L9N_GC_XCC_N3P1_M2P73_707,707,XPIO,NA,LOW,NO
AM40,IO_L9P_GC_XCC_N3P0_M2P72_707,707,XPIO,NA,LOW,NO
AR23,VCCO_707,707,NA,NA,LOW,NA
AT22,VCCO_707,707,NA,NA,LOW,NA
AT23,VCCO_707,707,NA,NA,LOW,NA
AF42,IO_L0N_XCC_N0P1_M2P109_708,708,XPIO,NA,LOW,NO
AG41,IO_L0P_XCC_N0P0_M2P108_708,708,XPIO,NA,LOW,NO
AF40,IO_L10N_N3P3_M2P129_708,708,XPIO,NA,LOW,NO
AG40,IO_L10P_N3P2_M2P128_708,708,XPIO,NA,LOW,NO
AH41,IO_L11N_N3P5_M2P131_708,708,XPIO,NA,LOW,NO
AJ41,IO_L11P_N3P4_M2P130_708,708,XPIO,NA,LOW,NO
AG37,IO_L12N_GC_XCC_N4P1_M2P133_708,708,XPIO,NA,LOW,NO
AH37,IO_L12P_GC_XCC_N4P0_M2P132_708,708,XPIO,NA,LOW,NO
AE37,IO_L13N_N4P3_M2P135_708,708,XPIO,NA,LOW,NO
AF37,IO_L13P_N4P2_M2P134_708,708,XPIO,NA,LOW,NO
AB37,IO_L14N_N4P5_M2P137_708,708,XPIO,NA,LOW,NO
AC37,IO_L14P_N4P4_M2P136_708,708,XPIO,NA,LOW,NO
AA38,IO_L15N_XCC_N5P1_M2P139_708,708,XPIO,NA,LOW,NO
AA37,IO_L15P_XCC_N5P0_M2P138_708,708,XPIO,NA,LOW,NO
AE38,IO_L16N_N5P3_M2P141_708,708,XPIO,NA,LOW,NO
AF38,IO_L16P_N5P2_M2P140_708,708,XPIO,NA,LOW,NO
AH39,IO_L17N_N5P5_M2P143_708,708,XPIO,NA,LOW,NO
AH38,IO_L17P_N5P4_M2P142_708,708,XPIO,NA,LOW,NO
AF35,IO_L18N_XCC_N6P1_M2P145_708,708,XPIO,NA,LOW,NO
AG35,IO_L18P_XCC_N6P0_M2P144_708,708,XPIO,NA,LOW,NO
AD35,IO_L19N_N6P3_M2P147_708,708,XPIO,NA,LOW,NO
AE35,IO_L19P_N6P2_M2P146_708,708,XPIO,NA,LOW,NO
AE42,IO_L1N_N0P3_M2P111_708,708,XPIO,NA,LOW,NO
AE41,IO_L1P_N0P2_M2P110_708,708,XPIO,NA,LOW,NO
AA35,IO_L20N_N6P5_M2P149_708,708,XPIO,NA,LOW,NO
AB35,IO_L20P_N6P4_M2P148_708,708,XPIO,NA,LOW,NO
AB36,IO_L21N_XCC_N7P1_M2P151_708,708,XPIO,NA,LOW,NO
AC36,IO_L21P_XCC_N7P0_M2P150_708,708,XPIO,NA,LOW,NO
AD36,IO_L22N_N7P3_M2P153_708,708,XPIO,NA,LOW,NO
AE36,IO_L22P_N7P2_M2P152_708,708,XPIO,NA,LOW,NO
AG36,IO_L23N_N7P5_M2P155_708,708,XPIO,NA,LOW,NO
AH36,IO_L23P_N7P4_M2P154_708,708,XPIO,NA,LOW,NO
AC38,IO_L24N_GC_XCC_N8P1_M2P157_708,708,XPIO,NA,LOW,NO
AD38,IO_L24P_GC_XCC_N8P0_M2P156_708,708,XPIO,NA,LOW,NO
AF39,IO_L25N_N8P3_M2P159_708,708,XPIO,NA,LOW,NO
AG39,IO_L25P_N8P2_M2P158_708,708,XPIO,NA,LOW,NO
AJ40,IO_L26N_N8P5_M2P161_708,708,XPIO,NA,LOW,NO
AJ39,IO_L26P_N8P4_M2P160_708,708,XPIO,NA,LOW,NO
AC41,IO_L2N_N0P5_M2P113_708,708,XPIO,NA,LOW,NO
AD41,IO_L2P_N0P4_M2P112_708,708,XPIO,NA,LOW,NO
AA42,IO_L3N_XCC_N1P1_M2P115_708,708,XPIO,NA,LOW,NO
AB41,IO_L3P_XCC_N1P0_M2P114_708,708,XPIO,NA,LOW,NO
AB42,IO_L4N_N1P3_M2P117_708,708,XPIO,NA,LOW,NO
AC42,IO_L4P_N1P2_M2P116_708,708,XPIO,NA,LOW,NO
AG42,IO_L5N_N1P5_M2P119_708,708,XPIO,NA,LOW,NO
AH42,IO_L5P_N1P4_M2P118_708,708,XPIO,NA,LOW,NO
AC39,IO_L6N_GC_XCC_N2P1_M2P121_708,708,XPIO,NA,LOW,NO
AD39,IO_L6P_GC_XCC_N2P0_M2P120_708,708,XPIO,NA,LOW,NO
AA39,IO_L7N_N2P3_M2P123_708,708,XPIO,NA,LOW,NO
AB39,IO_L7P_N2P2_M2P122_708,708,XPIO,NA,LOW,NO
AA40,IO_L8N_N2P5_M2P125_708,708,XPIO,NA,LOW,NO
AB40,IO_L8P_N2P4_M2P124_708,708,XPIO,NA,LOW,NO
AD40,IO_L9N_GC_XCC_N3P1_M2P127_708,708,XPIO,NA,LOW,NO
AE40,IO_L9P_GC_XCC_N3P0_M2P126_708,708,XPIO,NA,LOW,NO
AM24,VCCO_708,708,NA,NA,LOW,NA
AM25,VCCO_708,708,NA,NA,LOW,NA
AN24,VCCO_708,708,NA,NA,LOW,NA
V41,IO_L0N_XCC_N0P1_M3P1_709,709,XPIO,NA,LOW,NO
W41,IO_L0P_XCC_N0P0_M3P0_709,709,XPIO,NA,LOW,NO
W40,IO_L10N_N3P3_M3P21_709,709,XPIO,NA,LOW,NO
Y40,IO_L10P_N3P2_M3P20_709,709,XPIO,NA,LOW,NO
Y42,IO_L11N_N3P5_M3P23_709,709,XPIO,NA,LOW,NO
Y41,IO_L11P_N3P4_M3P22_709,709,XPIO,NA,LOW,NO
N37,IO_L12N_GC_XCC_N4P1_M3P25_709,709,XPIO,NA,LOW,NO
N36,IO_L12P_GC_XCC_N4P0_M3P24_709,709,XPIO,NA,LOW,NO
R37,IO_L13N_N4P3_M3P27_709,709,XPIO,NA,LOW,NO
T37,IO_L13P_N4P2_M3P26_709,709,XPIO,NA,LOW,NO
U37,IO_L14N_N4P5_M3P29_709,709,XPIO,NA,LOW,NO
V37,IO_L14P_N4P4_M3P28_709,709,XPIO,NA,LOW,NO
Y38,IO_L15N_XCC_N5P1_M3P31_709,709,XPIO,NA,LOW,NO
Y37,IO_L15P_XCC_N5P0_M3P30_709,709,XPIO,NA,LOW,NO
V38,IO_L16N_N5P3_M3P33_709,709,XPIO,NA,LOW,NO
W38,IO_L16P_N5P2_M3P32_709,709,XPIO,NA,LOW,NO
R38,IO_L17N_N5P5_M3P35_709,709,XPIO,NA,LOW,NO
T38,IO_L17P_N5P4_M3P34_709,709,XPIO,NA,LOW,NO
W35,IO_L18N_XCC_N6P1_M3P37_709,709,XPIO,NA,LOW,NO
Y35,IO_L18P_XCC_N6P0_M3P36_709,709,XPIO,NA,LOW,NO
T35,IO_L19N_N6P3_M3P39_709,709,XPIO,NA,LOW,NO
U35,IO_L19P_N6P2_M3P38_709,709,XPIO,NA,LOW,NO
T42,IO_L1N_N0P3_M3P3_709,709,XPIO,NA,LOW,NO
U41,IO_L1P_N0P2_M3P2_709,709,XPIO,NA,LOW,NO
P35,IO_L20N_N6P5_M3P41_709,709,XPIO,NA,LOW,NO
R35,IO_L20P_N6P4_M3P40_709,709,XPIO,NA,LOW,NO
P36,IO_L21N_XCC_N7P1_M3P43_709,709,XPIO,NA,LOW,NO
R36,IO_L21P_XCC_N7P0_M3P42_709,709,XPIO,NA,LOW,NO
U36,IO_L22N_N7P3_M3P45_709,709,XPIO,NA,LOW,NO
V36,IO_L22P_N7P2_M3P44_709,709,XPIO,NA,LOW,NO
W36,IO_L23N_N7P5_M3P47_709,709,XPIO,NA,LOW,NO
Y36,IO_L23P_N7P4_M3P46_709,709,XPIO,NA,LOW,NO
N38,IO_L24N_GC_XCC_N8P1_M3P49_709,709,XPIO,NA,LOW,NO
P38,IO_L24P_GC_XCC_N8P0_M3P48_709,709,XPIO,NA,LOW,NO
T39,IO_L25N_N8P3_M3P51_709,709,XPIO,NA,LOW,NO
U39,IO_L25P_N8P2_M3P50_709,709,XPIO,NA,LOW,NO
V39,IO_L26N_N8P5_M3P53_709,709,XPIO,NA,LOW,NO
W39,IO_L26P_N8P4_M3P52_709,709,XPIO,NA,LOW,NO
R42,IO_L2N_N0P5_M3P5_709,709,XPIO,NA,LOW,NO
R41,IO_L2P_N0P4_M3P4_709,709,XPIO,NA,LOW,NO
N41,IO_L3N_XCC_N1P1_M3P7_709,709,XPIO,NA,LOW,NO
P41,IO_L3P_XCC_N1P0_M3P6_709,709,XPIO,NA,LOW,NO
M42,IO_L4N_N1P3_M3P9_709,709,XPIO,NA,LOW,NO
N42,IO_L4P_N1P2_M3P8_709,709,XPIO,NA,LOW,NO
U42,IO_L5N_N1P5_M3P11_709,709,XPIO,NA,LOW,NO
V42,IO_L5P_N1P4_M3P10_709,709,XPIO,NA,LOW,NO
N39,IO_L6N_GC_XCC_N2P1_M3P13_709,709,XPIO,NA,LOW,NO
P39,IO_L6P_GC_XCC_N2P0_M3P12_709,709,XPIO,NA,LOW,NO
M41,IO_L7N_N2P3_M3P15_709,709,XPIO,NA,LOW,NO
M40,IO_L7P_N2P2_M3P14_709,709,XPIO,NA,LOW,NO
P40,IO_L8N_N2P5_M3P17_709,709,XPIO,NA,LOW,NO
R40,IO_L8P_N2P4_M3P16_709,709,XPIO,NA,LOW,NO
T40,IO_L9N_GC_XCC_N3P1_M3P19_709,709,XPIO,NA,LOW,NO
U40,IO_L9P_GC_XCC_N3P0_M3P18_709,709,XPIO,NA,LOW,NO
AR26,VCCO_709,709,NA,NA,LOW,NA
AR27,VCCO_709,709,NA,NA,LOW,NA
AT27,VCCO_709,709,NA,NA,LOW,NA
K38,IO_L0N_XCC_N0P1_M3P55_710,710,XPIO,NA,LOW,NO
L38,IO_L0P_XCC_N0P0_M3P54_710,710,XPIO,NA,LOW,NO
F42,IO_L10N_N3P3_M3P75_710,710,XPIO,NA,LOW,NO
G41,IO_L10P_N3P2_M3P74_710,710,XPIO,NA,LOW,NO
G42,IO_L11N_N3P5_M3P77_710,710,XPIO,NA,LOW,NO
H42,IO_L11P_N3P4_M3P76_710,710,XPIO,NA,LOW,NO
J31,IO_L12N_GC_XCC_N4P1_M3P79_710,710,XPIO,NA,LOW,NO
K31,IO_L12P_GC_XCC_N4P0_M3P78_710,710,XPIO,NA,LOW,NO
K32,IO_L13N_N4P3_M3P81_710,710,XPIO,NA,LOW,NO
L32,IO_L13P_N4P2_M3P80_710,710,XPIO,NA,LOW,NO
K33,IO_L14N_N4P5_M3P83_710,710,XPIO,NA,LOW,NO
L33,IO_L14P_N4P4_M3P82_710,710,XPIO,NA,LOW,NO
L34,IO_L15N_XCC_N5P1_M3P85_710,710,XPIO,NA,LOW,NO
M34,IO_L15P_XCC_N5P0_M3P84_710,710,XPIO,NA,LOW,NO
L35,IO_L16N_N5P3_M3P87_710,710,XPIO,NA,LOW,NO
M35,IO_L16P_N5P2_M3P86_710,710,XPIO,NA,LOW,NO
M37,IO_L17N_N5P5_M3P89_710,710,XPIO,NA,LOW,NO
M36,IO_L17P_N5P4_M3P88_710,710,XPIO,NA,LOW,NO
G31,IO_L18N_XCC_N6P1_M3P91_710,710,XPIO,NA,LOW,NO
H31,IO_L18P_XCC_N6P0_M3P90_710,710,XPIO,NA,LOW,NO
G32,IO_L19N_N6P3_M3P93_710,710,XPIO,NA,LOW,NO
H32,IO_L19P_N6P2_M3P92_710,710,XPIO,NA,LOW,NO
H38,IO_L1N_N0P3_M3P57_710,710,XPIO,NA,LOW,NO
J38,IO_L1P_N0P2_M3P56_710,710,XPIO,NA,LOW,NO
H33,IO_L20N_N6P5_M3P95_710,710,XPIO,NA,LOW,NO
J33,IO_L20P_N6P4_M3P94_710,710,XPIO,NA,LOW,NO
G35,IO_L21N_XCC_N7P1_M3P97_710,710,XPIO,NA,LOW,NO
G34,IO_L21P_XCC_N7P0_M3P96_710,710,XPIO,NA,LOW,NO
H34,IO_L22N_N7P3_M3P99_710,710,XPIO,NA,LOW,NO
J34,IO_L22P_N7P2_M3P98_710,710,XPIO,NA,LOW,NO
J35,IO_L23N_N7P5_M3P101_710,710,XPIO,NA,LOW,NO
K35,IO_L23P_N7P4_M3P100_710,710,XPIO,NA,LOW,NO
J36,IO_L24N_GC_XCC_N8P1_M3P103_710,710,XPIO,NA,LOW,NO
K36,IO_L24P_GC_XCC_N8P0_M3P102_710,710,XPIO,NA,LOW,NO
G36,IO_L25N_N8P3_M3P105_710,710,XPIO,NA,LOW,NO
H36,IO_L25P_N8P2_M3P104_710,710,XPIO,NA,LOW,NO
K37,IO_L26N_N8P5_M3P107_710,710,XPIO,NA,LOW,NO
L37,IO_L26P_N8P4_M3P106_710,710,XPIO,NA,LOW,NO
L39,IO_L2N_N0P5_M3P59_710,710,XPIO,NA,LOW,NO
M39,IO_L2P_N0P4_M3P58_710,710,XPIO,NA,LOW,NO
K40,IO_L3N_XCC_N1P1_M3P61_710,710,XPIO,NA,LOW,NO
L40,IO_L3P_XCC_N1P0_M3P60_710,710,XPIO,NA,LOW,NO
J41,IO_L4N_N1P3_M3P63_710,710,XPIO,NA,LOW,NO
K41,IO_L4P_N1P2_M3P62_710,710,XPIO,NA,LOW,NO
K42,IO_L5N_N1P5_M3P65_710,710,XPIO,NA,LOW,NO
L42,IO_L5P_N1P4_M3P64_710,710,XPIO,NA,LOW,NO
G37,IO_L6N_GC_XCC_N2P1_M3P67_710,710,XPIO,NA,LOW,NO
H37,IO_L6P_GC_XCC_N2P0_M3P66_710,710,XPIO,NA,LOW,NO
G40,IO_L7N_N2P3_M3P69_710,710,XPIO,NA,LOW,NO
G39,IO_L7P_N2P2_M3P68_710,710,XPIO,NA,LOW,NO
H39,IO_L8N_N2P5_M3P71_710,710,XPIO,NA,LOW,NO
J39,IO_L8P_N2P4_M3P70_710,710,XPIO,NA,LOW,NO
H41,IO_L9N_GC_XCC_N3P1_M3P73_710,710,XPIO,NA,LOW,NO
J40,IO_L9P_GC_XCC_N3P0_M3P72_710,710,XPIO,NA,LOW,NO
AM29,VCCO_710,710,NA,NA,LOW,NA
AM30,VCCO_710,710,NA,NA,LOW,NA
AN29,VCCO_710,710,NA,NA,LOW,NA
A39,IO_L0N_XCC_N0P1_M3P109_711,711,XPIO,NA,LOW,NO
B39,IO_L0P_XCC_N0P0_M3P108_711,711,XPIO,NA,LOW,NO
F40,IO_L10N_N3P3_M3P129_711,711,XPIO,NA,LOW,NO
F39,IO_L10P_N3P2_M3P128_711,711,XPIO,NA,LOW,NO
C39,IO_L11N_N3P5_M3P131_711,711,XPIO,NA,LOW,NO
D39,IO_L11P_N3P4_M3P130_711,711,XPIO,NA,LOW,NO
C33,IO_L12N_GC_XCC_N4P1_M3P133_711,711,XPIO,NA,LOW,NO
D33,IO_L12P_GC_XCC_N4P0_M3P132_711,711,XPIO,NA,LOW,NO
A34,IO_L13N_N4P3_M3P135_711,711,XPIO,NA,LOW,NO
B34,IO_L13P_N4P2_M3P134_711,711,XPIO,NA,LOW,NO
C34,IO_L14N_N4P5_M3P137_711,711,XPIO,NA,LOW,NO
D34,IO_L14P_N4P4_M3P136_711,711,XPIO,NA,LOW,NO
F35,IO_L15N_XCC_N5P1_M3P139_711,711,XPIO,NA,LOW,NO
F34,IO_L15P_XCC_N5P0_M3P138_711,711,XPIO,NA,LOW,NO
D35,IO_L16N_N5P3_M3P141_711,711,XPIO,NA,LOW,NO
E35,IO_L16P_N5P2_M3P140_711,711,XPIO,NA,LOW,NO
A35,IO_L17N_N5P5_M3P143_711,711,XPIO,NA,LOW,NO
B35,IO_L17P_N5P4_M3P142_711,711,XPIO,NA,LOW,NO
D31,IO_L18N_XCC_N6P1_M3P145_711,711,XPIO,NA,LOW,NO
E31,IO_L18P_XCC_N6P0_M3P144_711,711,XPIO,NA,LOW,NO
B31,IO_L19N_N6P3_M3P147_711,711,XPIO,NA,LOW,NO
C31,IO_L19P_N6P2_M3P146_711,711,XPIO,NA,LOW,NO
A40,IO_L1N_N0P3_M3P111_711,711,XPIO,NA,LOW,NO
B40,IO_L1P_N0P2_M3P110_711,711,XPIO,NA,LOW,NO
A33,IO_L20N_N6P5_M3P149_711,711,XPIO,NA,LOW,NO
A32,IO_L20P_N6P4_M3P148_711,711,XPIO,NA,LOW,NO
B32,IO_L21N_XCC_N7P1_M3P151_711,711,XPIO,NA,LOW,NO
C32,IO_L21P_XCC_N7P0_M3P150_711,711,XPIO,NA,LOW,NO
E32,IO_L22N_N7P3_M3P153_711,711,XPIO,NA,LOW,NO
F32,IO_L22P_N7P2_M3P152_711,711,XPIO,NA,LOW,NO
E33,IO_L23N_N7P5_M3P155_711,711,XPIO,NA,LOW,NO
F33,IO_L23P_N7P4_M3P154_711,711,XPIO,NA,LOW,NO
D36,IO_L24N_GC_XCC_N8P1_M3P157_711,711,XPIO,NA,LOW,NO
E36,IO_L24P_GC_XCC_N8P0_M3P156_711,711,XPIO,NA,LOW,NO
B36,IO_L25N_N8P3_M3P159_711,711,XPIO,NA,LOW,NO
C36,IO_L25P_N8P2_M3P158_711,711,XPIO,NA,LOW,NO
E37,IO_L26N_N8P5_M3P161_711,711,XPIO,NA,LOW,NO
F37,IO_L26P_N8P4_M3P160_711,711,XPIO,NA,LOW,NO
D40,IO_L2N_N0P5_M3P113_711,711,XPIO,NA,LOW,NO
E40,IO_L2P_N0P4_M3P112_711,711,XPIO,NA,LOW,NO
E42,IO_L3N_XCC_N1P1_M3P115_711,711,XPIO,NA,LOW,NO
E41,IO_L3P_XCC_N1P0_M3P114_711,711,XPIO,NA,LOW,NO
C41,IO_L4N_N1P3_M3P117_711,711,XPIO,NA,LOW,NO
D41,IO_L4P_N1P2_M3P116_711,711,XPIO,NA,LOW,NO
C42,IO_L5N_N1P5_M3P119_711,711,XPIO,NA,LOW,NO
B41,IO_L5P_N1P4_M3P118_711,711,XPIO,NA,LOW,NO
B37,IO_L6N_GC_XCC_N2P1_M3P121_711,711,XPIO,NA,LOW,NO
C37,IO_L6P_GC_XCC_N2P0_M3P120_711,711,XPIO,NA,LOW,NO
A38,IO_L7N_N2P3_M3P123_711,711,XPIO,NA,LOW,NO
A37,IO_L7P_N2P2_M3P122_711,711,XPIO,NA,LOW,NO
C38,IO_L8N_N2P5_M3P125_711,711,XPIO,NA,LOW,NO
D38,IO_L8P_N2P4_M3P124_711,711,XPIO,NA,LOW,NO
E38,IO_L9N_GC_XCC_N3P1_M3P127_711,711,XPIO,NA,LOW,NO
F38,IO_L9P_GC_XCC_N3P0_M3P126_711,711,XPIO,NA,LOW,NO
AR31,VCCO_711,711,NA,NA,LOW,NA
AR32,VCCO_711,711,NA,NA,LOW,NA
AT32,VCCO_711,711,NA,NA,LOW,NA
A11,GND,NA,NA,NA,NA,NA
A13,GND,NA,NA,NA,NA,NA
A15,GND,NA,NA,NA,NA,NA
A17,GND,NA,NA,NA,NA,NA
A19,GND,NA,NA,NA,NA,NA
A2,GND,NA,NA,NA,NA,NA
A21,GND,NA,NA,NA,NA,NA
A22,GND,NA,NA,NA,NA,NA
A25,GND,NA,NA,NA,NA,NA
A27,GND,NA,NA,NA,NA,NA
A30,GND,NA,NA,NA,NA,NA
A31,GND,NA,NA,NA,NA,NA
A36,GND,NA,NA,NA,NA,NA
A41,GND,NA,NA,NA,NA,NA
A5,GND,NA,NA,NA,NA,NA
A7,GND,NA,NA,NA,NA,NA
A9,GND,NA,NA,NA,NA,NA
AA1,GND,NA,NA,NA,NA,NA
AA13,GND,NA,NA,NA,NA,NA
AA15,GND,NA,NA,NA,NA,NA
AA17,GND,NA,NA,NA,NA,NA
AA25,GND,NA,NA,NA,NA,NA
AA27,GND,NA,NA,NA,NA,NA
AA29,GND,NA,NA,NA,NA,NA
AA31,GND,NA,NA,NA,NA,NA
AA33,GND,NA,NA,NA,NA,NA
AA36,GND,NA,NA,NA,NA,NA
AA4,GND,NA,NA,NA,NA,NA
AA41,GND,NA,NA,NA,NA,NA
AA6,GND,NA,NA,NA,NA,NA
AA8,GND,NA,NA,NA,NA,NA
AA9,GND,NA,NA,NA,NA,NA
AB10,GND,NA,NA,NA,NA,NA
AB14,GND,NA,NA,NA,NA,NA
AB16,GND,NA,NA,NA,NA,NA
AB18,GND,NA,NA,NA,NA,NA
AB26,GND,NA,NA,NA,NA,NA
AB28,GND,NA,NA,NA,NA,NA
AB30,GND,NA,NA,NA,NA,NA
AB32,GND,NA,NA,NA,NA,NA
AB34,GND,NA,NA,NA,NA,NA
AB38,GND,NA,NA,NA,NA,NA
AB4,GND,NA,NA,NA,NA,NA
AB5,GND,NA,NA,NA,NA,NA
AB6,GND,NA,NA,NA,NA,NA
AB7,GND,NA,NA,NA,NA,NA
AB8,GND,NA,NA,NA,NA,NA
AC13,GND,NA,NA,NA,NA,NA
AC15,GND,NA,NA,NA,NA,NA
AC17,GND,NA,NA,NA,NA,NA
AC25,GND,NA,NA,NA,NA,NA
AC27,GND,NA,NA,NA,NA,NA
AC29,GND,NA,NA,NA,NA,NA
AC31,GND,NA,NA,NA,NA,NA
AC33,GND,NA,NA,NA,NA,NA
AC35,GND,NA,NA,NA,NA,NA
AC40,GND,NA,NA,NA,NA,NA
AC6,GND,NA,NA,NA,NA,NA
AC9,GND,NA,NA,NA,NA,NA
AD10,GND,NA,NA,NA,NA,NA
AD12,GND,NA,NA,NA,NA,NA
AD14,GND,NA,NA,NA,NA,NA
AD16,GND,NA,NA,NA,NA,NA
AD18,GND,NA,NA,NA,NA,NA
AD2,GND,NA,NA,NA,NA,NA
AD26,GND,NA,NA,NA,NA,NA
AD28,GND,NA,NA,NA,NA,NA
AD30,GND,NA,NA,NA,NA,NA
AD32,GND,NA,NA,NA,NA,NA
AD34,GND,NA,NA,NA,NA,NA
AD37,GND,NA,NA,NA,NA,NA
AD42,GND,NA,NA,NA,NA,NA
AD5,GND,NA,NA,NA,NA,NA
AD8,GND,NA,NA,NA,NA,NA
AE11,GND,NA,NA,NA,NA,NA
AE13,GND,NA,NA,NA,NA,NA
AE15,GND,NA,NA,NA,NA,NA
AE17,GND,NA,NA,NA,NA,NA
AE19,GND,NA,NA,NA,NA,NA
AE21,GND,NA,NA,NA,NA,NA
AE23,GND,NA,NA,NA,NA,NA
AE25,GND,NA,NA,NA,NA,NA
AE27,GND,NA,NA,NA,NA,NA
AE29,GND,NA,NA,NA,NA,NA
AE31,GND,NA,NA,NA,NA,NA
AE33,GND,NA,NA,NA,NA,NA
AE39,GND,NA,NA,NA,NA,NA
AE4,GND,NA,NA,NA,NA,NA
AE7,GND,NA,NA,NA,NA,NA
AF1,GND,NA,NA,NA,NA,NA
AF10,GND,NA,NA,NA,NA,NA
AF12,GND,NA,NA,NA,NA,NA
AF14,GND,NA,NA,NA,NA,NA
AF16,GND,NA,NA,NA,NA,NA
AF18,GND,NA,NA,NA,NA,NA
AF20,GND,NA,NA,NA,NA,NA
AF22,GND,NA,NA,NA,NA,NA
AF24,GND,NA,NA,NA,NA,NA
AF26,GND,NA,NA,NA,NA,NA
AF28,GND,NA,NA,NA,NA,NA
AF30,GND,NA,NA,NA,NA,NA
AF32,GND,NA,NA,NA,NA,NA
AF34,GND,NA,NA,NA,NA,NA
AF36,GND,NA,NA,NA,NA,NA
AF41,GND,NA,NA,NA,NA,NA
AF6,GND,NA,NA,NA,NA,NA
AF9,GND,NA,NA,NA,NA,NA
AG11,GND,NA,NA,NA,NA,NA
AG13,GND,NA,NA,NA,NA,NA
AG15,GND,NA,NA,NA,NA,NA
AG17,GND,NA,NA,NA,NA,NA
AG19,GND,NA,NA,NA,NA,NA
AG21,GND,NA,NA,NA,NA,NA
AG23,GND,NA,NA,NA,NA,NA
AG25,GND,NA,NA,NA,NA,NA
AG27,GND,NA,NA,NA,NA,NA
AG29,GND,NA,NA,NA,NA,NA
AG3,GND,NA,NA,NA,NA,NA
AG31,GND,NA,NA,NA,NA,NA
AG33,GND,NA,NA,NA,NA,NA
AG38,GND,NA,NA,NA,NA,NA
AG5,GND,NA,NA,NA,NA,NA
AG8,GND,NA,NA,NA,NA,NA
AH10,GND,NA,NA,NA,NA,NA
AH15,GND,NA,NA,NA,NA,NA
AH20,GND,NA,NA,NA,NA,NA
AH25,GND,NA,NA,NA,NA,NA
AH30,GND,NA,NA,NA,NA,NA
AH35,GND,NA,NA,NA,NA,NA
AH40,GND,NA,NA,NA,NA,NA
AH5,GND,NA,NA,NA,NA,NA
AH7,GND,NA,NA,NA,NA,NA
AJ12,GND,NA,NA,NA,NA,NA
AJ17,GND,NA,NA,NA,NA,NA
AJ2,GND,NA,NA,NA,NA,NA
AJ22,GND,NA,NA,NA,NA,NA
AJ27,GND,NA,NA,NA,NA,NA
AJ32,GND,NA,NA,NA,NA,NA
AJ37,GND,NA,NA,NA,NA,NA
AJ42,GND,NA,NA,NA,NA,NA
AJ6,GND,NA,NA,NA,NA,NA
AK14,GND,NA,NA,NA,NA,NA
AK19,GND,NA,NA,NA,NA,NA
AK24,GND,NA,NA,NA,NA,NA
AK29,GND,NA,NA,NA,NA,NA
AK34,GND,NA,NA,NA,NA,NA
AK39,GND,NA,NA,NA,NA,NA
AK4,GND,NA,NA,NA,NA,NA
AK9,GND,NA,NA,NA,NA,NA
AL1,GND,NA,NA,NA,NA,NA
AL11,GND,NA,NA,NA,NA,NA
AL16,GND,NA,NA,NA,NA,NA
AL21,GND,NA,NA,NA,NA,NA
AL26,GND,NA,NA,NA,NA,NA
AL31,GND,NA,NA,NA,NA,NA
AL36,GND,NA,NA,NA,NA,NA
AL41,GND,NA,NA,NA,NA,NA
AL6,GND,NA,NA,NA,NA,NA
AM13,GND,NA,NA,NA,NA,NA
AM18,GND,NA,NA,NA,NA,NA
AM23,GND,NA,NA,NA,NA,NA
AM28,GND,NA,NA,NA,NA,NA
AM3,GND,NA,NA,NA,NA,NA
AM33,GND,NA,NA,NA,NA,NA
AM38,GND,NA,NA,NA,NA,NA
AM8,GND,NA,NA,NA,NA,NA
AN10,GND,NA,NA,NA,NA,NA
AN15,GND,NA,NA,NA,NA,NA
AN20,GND,NA,NA,NA,NA,NA
AN25,GND,NA,NA,NA,NA,NA
AN30,GND,NA,NA,NA,NA,NA
AN35,GND,NA,NA,NA,NA,NA
AN40,GND,NA,NA,NA,NA,NA
AN5,GND,NA,NA,NA,NA,NA
AP12,GND,NA,NA,NA,NA,NA
AP17,GND,NA,NA,NA,NA,NA
AP2,GND,NA,NA,NA,NA,NA
AP22,GND,NA,NA,NA,NA,NA
AP27,GND,NA,NA,NA,NA,NA
AP32,GND,NA,NA,NA,NA,NA
AP37,GND,NA,NA,NA,NA,NA
AP42,GND,NA,NA,NA,NA,NA
AP7,GND,NA,NA,NA,NA,NA
AR14,GND,NA,NA,NA,NA,NA
AR19,GND,NA,NA,NA,NA,NA
AR24,GND,NA,NA,NA,NA,NA
AR29,GND,NA,NA,NA,NA,NA
AR34,GND,NA,NA,NA,NA,NA
AR39,GND,NA,NA,NA,NA,NA
AR4,GND,NA,NA,NA,NA,NA
AR9,GND,NA,NA,NA,NA,NA
AT1,GND,NA,NA,NA,NA,NA
AT11,GND,NA,NA,NA,NA,NA
AT16,GND,NA,NA,NA,NA,NA
AT21,GND,NA,NA,NA,NA,NA
AT26,GND,NA,NA,NA,NA,NA
AT31,GND,NA,NA,NA,NA,NA
AT36,GND,NA,NA,NA,NA,NA
AT41,GND,NA,NA,NA,NA,NA
AT6,GND,NA,NA,NA,NA,NA
AU13,GND,NA,NA,NA,NA,NA
AU18,GND,NA,NA,NA,NA,NA
AU23,GND,NA,NA,NA,NA,NA
AU28,GND,NA,NA,NA,NA,NA
AU3,GND,NA,NA,NA,NA,NA
AU33,GND,NA,NA,NA,NA,NA
AU38,GND,NA,NA,NA,NA,NA
AU8,GND,NA,NA,NA,NA,NA
AV10,GND,NA,NA,NA,NA,NA
AV15,GND,NA,NA,NA,NA,NA
AV20,GND,NA,NA,NA,NA,NA
AV25,GND,NA,NA,NA,NA,NA
AV30,GND,NA,NA,NA,NA,NA
AV35,GND,NA,NA,NA,NA,NA
AV40,GND,NA,NA,NA,NA,NA
AV5,GND,NA,NA,NA,NA,NA
AW12,GND,NA,NA,NA,NA,NA
AW17,GND,NA,NA,NA,NA,NA
AW2,GND,NA,NA,NA,NA,NA
AW22,GND,NA,NA,NA,NA,NA
AW27,GND,NA,NA,NA,NA,NA
AW32,GND,NA,NA,NA,NA,NA
AW37,GND,NA,NA,NA,NA,NA
AW42,GND,NA,NA,NA,NA,NA
AW7,GND,NA,NA,NA,NA,NA
AY14,GND,NA,NA,NA,NA,NA
AY19,GND,NA,NA,NA,NA,NA
AY24,GND,NA,NA,NA,NA,NA
AY29,GND,NA,NA,NA,NA,NA
AY34,GND,NA,NA,NA,NA,NA
AY39,GND,NA,NA,NA,NA,NA
AY4,GND,NA,NA,NA,NA,NA
AY9,GND,NA,NA,NA,NA,NA
B1,GND,NA,NA,NA,NA,NA
B11,GND,NA,NA,NA,NA,NA
B13,GND,NA,NA,NA,NA,NA
B15,GND,NA,NA,NA,NA,NA
B17,GND,NA,NA,NA,NA,NA
B19,GND,NA,NA,NA,NA,NA
B21,GND,NA,NA,NA,NA,NA
B22,GND,NA,NA,NA,NA,NA
B25,GND,NA,NA,NA,NA,NA
B27,GND,NA,NA,NA,NA,NA
B3,GND,NA,NA,NA,NA,NA
B30,GND,NA,NA,NA,NA,NA
B33,GND,NA,NA,NA,NA,NA
B38,GND,NA,NA,NA,NA,NA
B42,GND,NA,NA,NA,NA,NA
B5,GND,NA,NA,NA,NA,NA
B7,GND,NA,NA,NA,NA,NA
B9,GND,NA,NA,NA,NA,NA
BA1,GND,NA,NA,NA,NA,NA
BA11,GND,NA,NA,NA,NA,NA
BA16,GND,NA,NA,NA,NA,NA
BA21,GND,NA,NA,NA,NA,NA
BA26,GND,NA,NA,NA,NA,NA
BA31,GND,NA,NA,NA,NA,NA
BA36,GND,NA,NA,NA,NA,NA
BA41,GND,NA,NA,NA,NA,NA
BA42,GND,NA,NA,NA,NA,NA
BA6,GND,NA,NA,NA,NA,NA
BB13,GND,NA,NA,NA,NA,NA
BB18,GND,NA,NA,NA,NA,NA
BB2,GND,NA,NA,NA,NA,NA
BB23,GND,NA,NA,NA,NA,NA
BB28,GND,NA,NA,NA,NA,NA
BB3,GND,NA,NA,NA,NA,NA
BB33,GND,NA,NA,NA,NA,NA
BB38,GND,NA,NA,NA,NA,NA
BB41,GND,NA,NA,NA,NA,NA
BB8,GND,NA,NA,NA,NA,NA
C10,GND,NA,NA,NA,NA,NA
C12,GND,NA,NA,NA,NA,NA
C14,GND,NA,NA,NA,NA,NA
C16,GND,NA,NA,NA,NA,NA
C18,GND,NA,NA,NA,NA,NA
C20,GND,NA,NA,NA,NA,NA
C22,GND,NA,NA,NA,NA,NA
C25,GND,NA,NA,NA,NA,NA
C27,GND,NA,NA,NA,NA,NA
C30,GND,NA,NA,NA,NA,NA
C35,GND,NA,NA,NA,NA,NA
C40,GND,NA,NA,NA,NA,NA
C5,GND,NA,NA,NA,NA,NA
C6,GND,NA,NA,NA,NA,NA
C8,GND,NA,NA,NA,NA,NA
D10,GND,NA,NA,NA,NA,NA
D12,GND,NA,NA,NA,NA,NA
D14,GND,NA,NA,NA,NA,NA
D16,GND,NA,NA,NA,NA,NA
D18,GND,NA,NA,NA,NA,NA
D2,GND,NA,NA,NA,NA,NA
D20,GND,NA,NA,NA,NA,NA
D22,GND,NA,NA,NA,NA,NA
D25,GND,NA,NA,NA,NA,NA
D27,GND,NA,NA,NA,NA,NA
D30,GND,NA,NA,NA,NA,NA
D32,GND,NA,NA,NA,NA,NA
D37,GND,NA,NA,NA,NA,NA
D42,GND,NA,NA,NA,NA,NA
D6,GND,NA,NA,NA,NA,NA
D8,GND,NA,NA,NA,NA,NA
E10,GND,NA,NA,NA,NA,NA
E11,GND,NA,NA,NA,NA,NA
E12,GND,NA,NA,NA,NA,NA
E13,GND,NA,NA,NA,NA,NA
E14,GND,NA,NA,NA,NA,NA
E15,GND,NA,NA,NA,NA,NA
E16,GND,NA,NA,NA,NA,NA
E17,GND,NA,NA,NA,NA,NA
E18,GND,NA,NA,NA,NA,NA
E19,GND,NA,NA,NA,NA,NA
E20,GND,NA,NA,NA,NA,NA
E21,GND,NA,NA,NA,NA,NA
E22,GND,NA,NA,NA,NA,NA
E25,GND,NA,NA,NA,NA,NA
E27,GND,NA,NA,NA,NA,NA
E30,GND,NA,NA,NA,NA,NA
E34,GND,NA,NA,NA,NA,NA
E39,GND,NA,NA,NA,NA,NA
E4,GND,NA,NA,NA,NA,NA
E5,GND,NA,NA,NA,NA,NA
E6,GND,NA,NA,NA,NA,NA
E7,GND,NA,NA,NA,NA,NA
E8,GND,NA,NA,NA,NA,NA
E9,GND,NA,NA,NA,NA,NA
F1,GND,NA,NA,NA,NA,NA
F11,GND,NA,NA,NA,NA,NA
F13,GND,NA,NA,NA,NA,NA
F15,GND,NA,NA,NA,NA,NA
F17,GND,NA,NA,NA,NA,NA
F19,GND,NA,NA,NA,NA,NA
F21,GND,NA,NA,NA,NA,NA
F22,GND,NA,NA,NA,NA,NA
F25,GND,NA,NA,NA,NA,NA
F27,GND,NA,NA,NA,NA,NA
F30,GND,NA,NA,NA,NA,NA
F31,GND,NA,NA,NA,NA,NA
F36,GND,NA,NA,NA,NA,NA
F41,GND,NA,NA,NA,NA,NA
F5,GND,NA,NA,NA,NA,NA
F7,GND,NA,NA,NA,NA,NA
F9,GND,NA,NA,NA,NA,NA
G11,GND,NA,NA,NA,NA,NA
G13,GND,NA,NA,NA,NA,NA
G15,GND,NA,NA,NA,NA,NA
G17,GND,NA,NA,NA,NA,NA
G19,GND,NA,NA,NA,NA,NA
G21,GND,NA,NA,NA,NA,NA
G22,GND,NA,NA,NA,NA,NA
G25,GND,NA,NA,NA,NA,NA
G27,GND,NA,NA,NA,NA,NA
G3,GND,NA,NA,NA,NA,NA
G30,GND,NA,NA,NA,NA,NA
G33,GND,NA,NA,NA,NA,NA
G38,GND,NA,NA,NA,NA,NA
G5,GND,NA,NA,NA,NA,NA
G7,GND,NA,NA,NA,NA,NA
G9,GND,NA,NA,NA,NA,NA
H10,GND,NA,NA,NA,NA,NA
H12,GND,NA,NA,NA,NA,NA
H14,GND,NA,NA,NA,NA,NA
H16,GND,NA,NA,NA,NA,NA
H18,GND,NA,NA,NA,NA,NA
H20,GND,NA,NA,NA,NA,NA
H22,GND,NA,NA,NA,NA,NA
H25,GND,NA,NA,NA,NA,NA
H27,GND,NA,NA,NA,NA,NA
H30,GND,NA,NA,NA,NA,NA
H35,GND,NA,NA,NA,NA,NA
H40,GND,NA,NA,NA,NA,NA
H5,GND,NA,NA,NA,NA,NA
H6,GND,NA,NA,NA,NA,NA
H8,GND,NA,NA,NA,NA,NA
J10,GND,NA,NA,NA,NA,NA
J12,GND,NA,NA,NA,NA,NA
J14,GND,NA,NA,NA,NA,NA
J16,GND,NA,NA,NA,NA,NA
J18,GND,NA,NA,NA,NA,NA
J2,GND,NA,NA,NA,NA,NA
J20,GND,NA,NA,NA,NA,NA
J22,GND,NA,NA,NA,NA,NA
J25,GND,NA,NA,NA,NA,NA
J27,GND,NA,NA,NA,NA,NA
J30,GND,NA,NA,NA,NA,NA
J32,GND,NA,NA,NA,NA,NA
J37,GND,NA,NA,NA,NA,NA
J42,GND,NA,NA,NA,NA,NA
J5,GND,NA,NA,NA,NA,NA
J6,GND,NA,NA,NA,NA,NA
J8,GND,NA,NA,NA,NA,NA
K11,GND,NA,NA,NA,NA,NA
K13,GND,NA,NA,NA,NA,NA
K15,GND,NA,NA,NA,NA,NA
K17,GND,NA,NA,NA,NA,NA
K19,GND,NA,NA,NA,NA,NA
K21,GND,NA,NA,NA,NA,NA
K22,GND,NA,NA,NA,NA,NA
K25,GND,NA,NA,NA,NA,NA
K27,GND,NA,NA,NA,NA,NA
K30,GND,NA,NA,NA,NA,NA
K34,GND,NA,NA,NA,NA,NA
K39,GND,NA,NA,NA,NA,NA
K4,GND,NA,NA,NA,NA,NA
K5,GND,NA,NA,NA,NA,NA
K7,GND,NA,NA,NA,NA,NA
K9,GND,NA,NA,NA,NA,NA
L1,GND,NA,NA,NA,NA,NA
L11,GND,NA,NA,NA,NA,NA
L13,GND,NA,NA,NA,NA,NA
L15,GND,NA,NA,NA,NA,NA
L17,GND,NA,NA,NA,NA,NA
L19,GND,NA,NA,NA,NA,NA
L21,GND,NA,NA,NA,NA,NA
L25,GND,NA,NA,NA,NA,NA
L27,GND,NA,NA,NA,NA,NA
L31,GND,NA,NA,NA,NA,NA
L36,GND,NA,NA,NA,NA,NA
L41,GND,NA,NA,NA,NA,NA
L5,GND,NA,NA,NA,NA,NA
L7,GND,NA,NA,NA,NA,NA
L9,GND,NA,NA,NA,NA,NA
M10,GND,NA,NA,NA,NA,NA
M11,GND,NA,NA,NA,NA,NA
M12,GND,NA,NA,NA,NA,NA
M13,GND,NA,NA,NA,NA,NA
M14,GND,NA,NA,NA,NA,NA
M15,GND,NA,NA,NA,NA,NA
M16,GND,NA,NA,NA,NA,NA
M17,GND,NA,NA,NA,NA,NA
M18,GND,NA,NA,NA,NA,NA
M19,GND,NA,NA,NA,NA,NA
M20,GND,NA,NA,NA,NA,NA
M21,GND,NA,NA,NA,NA,NA
M23,GND,NA,NA,NA,NA,NA
M25,GND,NA,NA,NA,NA,NA
M27,GND,NA,NA,NA,NA,NA
M29,GND,NA,NA,NA,NA,NA
M3,GND,NA,NA,NA,NA,NA
M31,GND,NA,NA,NA,NA,NA
M32,GND,NA,NA,NA,NA,NA
M33,GND,NA,NA,NA,NA,NA
M38,GND,NA,NA,NA,NA,NA
M5,GND,NA,NA,NA,NA,NA
M6,GND,NA,NA,NA,NA,NA
M7,GND,NA,NA,NA,NA,NA
M8,GND,NA,NA,NA,NA,NA
M9,GND,NA,NA,NA,NA,NA
N11,GND,NA,NA,NA,NA,NA
N15,GND,NA,NA,NA,NA,NA
N17,GND,NA,NA,NA,NA,NA
N19,GND,NA,NA,NA,NA,NA
N21,GND,NA,NA,NA,NA,NA
N23,GND,NA,NA,NA,NA,NA
N25,GND,NA,NA,NA,NA,NA
N27,GND,NA,NA,NA,NA,NA
N29,GND,NA,NA,NA,NA,NA
N31,GND,NA,NA,NA,NA,NA
N33,GND,NA,NA,NA,NA,NA
N35,GND,NA,NA,NA,NA,NA
N40,GND,NA,NA,NA,NA,NA
N5,GND,NA,NA,NA,NA,NA
N8,GND,NA,NA,NA,NA,NA
N9,GND,NA,NA,NA,NA,NA
P10,GND,NA,NA,NA,NA,NA
P12,GND,NA,NA,NA,NA,NA
P14,GND,NA,NA,NA,NA,NA
P16,GND,NA,NA,NA,NA,NA
P18,GND,NA,NA,NA,NA,NA
P2,GND,NA,NA,NA,NA,NA
P20,GND,NA,NA,NA,NA,NA
P22,GND,NA,NA,NA,NA,NA
P24,GND,NA,NA,NA,NA,NA
P26,GND,NA,NA,NA,NA,NA
P28,GND,NA,NA,NA,NA,NA
P30,GND,NA,NA,NA,NA,NA
P32,GND,NA,NA,NA,NA,NA
P34,GND,NA,NA,NA,NA,NA
P37,GND,NA,NA,NA,NA,NA
P4,GND,NA,NA,NA,NA,NA
P42,GND,NA,NA,NA,NA,NA
P5,GND,NA,NA,NA,NA,NA
P6,GND,NA,NA,NA,NA,NA
P7,GND,NA,NA,NA,NA,NA
P8,GND,NA,NA,NA,NA,NA
R11,GND,NA,NA,NA,NA,NA
R13,GND,NA,NA,NA,NA,NA
R15,GND,NA,NA,NA,NA,NA
R17,GND,NA,NA,NA,NA,NA
R19,GND,NA,NA,NA,NA,NA
R21,GND,NA,NA,NA,NA,NA
R23,GND,NA,NA,NA,NA,NA
R25,GND,NA,NA,NA,NA,NA
R27,GND,NA,NA,NA,NA,NA
R29,GND,NA,NA,NA,NA,NA
R31,GND,NA,NA,NA,NA,NA
R33,GND,NA,NA,NA,NA,NA
R39,GND,NA,NA,NA,NA,NA
R4,GND,NA,NA,NA,NA,NA
R6,GND,NA,NA,NA,NA,NA
R8,GND,NA,NA,NA,NA,NA
R9,GND,NA,NA,NA,NA,NA
T1,GND,NA,NA,NA,NA,NA
T10,GND,NA,NA,NA,NA,NA
T12,GND,NA,NA,NA,NA,NA
T14,GND,NA,NA,NA,NA,NA
T16,GND,NA,NA,NA,NA,NA
T18,GND,NA,NA,NA,NA,NA
T20,GND,NA,NA,NA,NA,NA
T22,GND,NA,NA,NA,NA,NA
T24,GND,NA,NA,NA,NA,NA
T26,GND,NA,NA,NA,NA,NA
T28,GND,NA,NA,NA,NA,NA
T30,GND,NA,NA,NA,NA,NA
T32,GND,NA,NA,NA,NA,NA
T34,GND,NA,NA,NA,NA,NA
T36,GND,NA,NA,NA,NA,NA
T4,GND,NA,NA,NA,NA,NA
T41,GND,NA,NA,NA,NA,NA
T6,GND,NA,NA,NA,NA,NA
T8,GND,NA,NA,NA,NA,NA
U11,GND,NA,NA,NA,NA,NA
U13,GND,NA,NA,NA,NA,NA
U15,GND,NA,NA,NA,NA,NA
U17,GND,NA,NA,NA,NA,NA
U19,GND,NA,NA,NA,NA,NA
U21,GND,NA,NA,NA,NA,NA
U23,GND,NA,NA,NA,NA,NA
U25,GND,NA,NA,NA,NA,NA
U27,GND,NA,NA,NA,NA,NA
U29,GND,NA,NA,NA,NA,NA
U3,GND,NA,NA,NA,NA,NA
U31,GND,NA,NA,NA,NA,NA
U33,GND,NA,NA,NA,NA,NA
U38,GND,NA,NA,NA,NA,NA
U4,GND,NA,NA,NA,NA,NA
U6,GND,NA,NA,NA,NA,NA
U7,GND,NA,NA,NA,NA,NA
U8,GND,NA,NA,NA,NA,NA
U9,GND,NA,NA,NA,NA,NA
V10,GND,NA,NA,NA,NA,NA
V12,GND,NA,NA,NA,NA,NA
V14,GND,NA,NA,NA,NA,NA
V16,GND,NA,NA,NA,NA,NA
V18,GND,NA,NA,NA,NA,NA
V20,GND,NA,NA,NA,NA,NA
V22,GND,NA,NA,NA,NA,NA
V24,GND,NA,NA,NA,NA,NA
V26,GND,NA,NA,NA,NA,NA
V28,GND,NA,NA,NA,NA,NA
V30,GND,NA,NA,NA,NA,NA
V32,GND,NA,NA,NA,NA,NA
V34,GND,NA,NA,NA,NA,NA
V35,GND,NA,NA,NA,NA,NA
V4,GND,NA,NA,NA,NA,NA
V40,GND,NA,NA,NA,NA,NA
V5,GND,NA,NA,NA,NA,NA
V8,GND,NA,NA,NA,NA,NA
W11,GND,NA,NA,NA,NA,NA
W13,GND,NA,NA,NA,NA,NA
W15,GND,NA,NA,NA,NA,NA
W17,GND,NA,NA,NA,NA,NA
W2,GND,NA,NA,NA,NA,NA
W25,GND,NA,NA,NA,NA,NA
W27,GND,NA,NA,NA,NA,NA
W29,GND,NA,NA,NA,NA,NA
W31,GND,NA,NA,NA,NA,NA
W33,GND,NA,NA,NA,NA,NA
W37,GND,NA,NA,NA,NA,NA
W4,GND,NA,NA,NA,NA,NA
W42,GND,NA,NA,NA,NA,NA
W6,GND,NA,NA,NA,NA,NA
W7,GND,NA,NA,NA,NA,NA
W8,GND,NA,NA,NA,NA,NA
W9,GND,NA,NA,NA,NA,NA
Y10,GND,NA,NA,NA,NA,NA
Y14,GND,NA,NA,NA,NA,NA
Y16,GND,NA,NA,NA,NA,NA
Y18,GND,NA,NA,NA,NA,NA
Y26,GND,NA,NA,NA,NA,NA
Y28,GND,NA,NA,NA,NA,NA
Y30,GND,NA,NA,NA,NA,NA
Y32,GND,NA,NA,NA,NA,NA
Y34,GND,NA,NA,NA,NA,NA
Y39,GND,NA,NA,NA,NA,NA
Y4,GND,NA,NA,NA,NA,NA
Y6,GND,NA,NA,NA,NA,NA
Y8,GND,NA,NA,NA,NA,NA
N13,GND_SENSE,NA,NA,NA,NA,NA
Y12,GND_SMON,NA,NA,NA,NA,NA
V6,GTYP_LPD_AVCCAUX_R,NA,NA,NA,NA,NA
V7,GTYP_LPD_AVCCAUX_R,NA,NA,NA,NA,NA
AA7,GTYP_LPD_AVCC_R,NA,NA,NA,NA,NA
R7,GTYP_LPD_AVCC_R,NA,NA,NA,NA,NA
T7,GTYP_LPD_AVCC_R,NA,NA,NA,NA,NA
Y7,GTYP_LPD_AVCC_R,NA,NA,NA,NA,NA
AA5,GTYP_LPD_AVTT_R,NA,NA,NA,NA,NA
R5,GTYP_LPD_AVTT_R,NA,NA,NA,NA,NA
T5,GTYP_LPD_AVTT_R,NA,NA,NA,NA,NA
U5,GTYP_LPD_AVTT_R,NA,NA,NA,NA,NA
W5,GTYP_LPD_AVTT_R,NA,NA,NA,NA,NA
Y5,GTYP_LPD_AVTT_R,NA,NA,NA,NA,NA
AC11,RSVDGND,NA,PMCDIO,NA,NA,NA
AC12,RSVDGND,NA,PMCDIO,NA,NA,NA
AF15,VCCAUX,NA,NA,NA,NA,NA
AF17,VCCAUX,NA,NA,NA,NA,NA
AF25,VCCAUX,NA,NA,NA,NA,NA
AF27,VCCAUX,NA,NA,NA,NA,NA
T17,VCCAUX,NA,NA,NA,NA,NA
T19,VCCAUX,NA,NA,NA,NA,NA
T21,VCCAUX,NA,NA,NA,NA,NA
T23,VCCAUX,NA,NA,NA,NA,NA
T25,VCCAUX,NA,NA,NA,NA,NA
AC7,VCCAUX_PMC,NA,NA,NA,NA,NA
AC8,VCCAUX_PMC,NA,NA,NA,NA,NA
Y11,VCCAUX_SMON,NA,NA,NA,NA,NA
A23,VCCINT,NA,NA,NA,NA,NA
A24,VCCINT,NA,NA,NA,NA,NA
A26,VCCINT,NA,NA,NA,NA,NA
A28,VCCINT,NA,NA,NA,NA,NA
A29,VCCINT,NA,NA,NA,NA,NA
AA14,VCCINT,NA,NA,NA,NA,NA
AA16,VCCINT,NA,NA,NA,NA,NA
AA18,VCCINT,NA,NA,NA,NA,NA
AA26,VCCINT,NA,NA,NA,NA,NA
AA30,VCCINT,NA,NA,NA,NA,NA
AA32,VCCINT,NA,NA,NA,NA,NA
AA34,VCCINT,NA,NA,NA,NA,NA
AB13,VCCINT,NA,NA,NA,NA,NA
AB17,VCCINT,NA,NA,NA,NA,NA
AB25,VCCINT,NA,NA,NA,NA,NA
AB27,VCCINT,NA,NA,NA,NA,NA
AB29,VCCINT,NA,NA,NA,NA,NA
AB31,VCCINT,NA,NA,NA,NA,NA
AB33,VCCINT,NA,NA,NA,NA,NA
AC14,VCCINT,NA,NA,NA,NA,NA
AC16,VCCINT,NA,NA,NA,NA,NA
AC18,VCCINT,NA,NA,NA,NA,NA
AC26,VCCINT,NA,NA,NA,NA,NA
AC30,VCCINT,NA,NA,NA,NA,NA
AC32,VCCINT,NA,NA,NA,NA,NA
AC34,VCCINT,NA,NA,NA,NA,NA
AD11,VCCINT,NA,NA,NA,NA,NA
AD13,VCCINT,NA,NA,NA,NA,NA
AD15,VCCINT,NA,NA,NA,NA,NA
AD17,VCCINT,NA,NA,NA,NA,NA
AD25,VCCINT,NA,NA,NA,NA,NA
AD27,VCCINT,NA,NA,NA,NA,NA
AD29,VCCINT,NA,NA,NA,NA,NA
AD31,VCCINT,NA,NA,NA,NA,NA
AD33,VCCINT,NA,NA,NA,NA,NA
AE12,VCCINT,NA,NA,NA,NA,NA
AE14,VCCINT,NA,NA,NA,NA,NA
AE16,VCCINT,NA,NA,NA,NA,NA
AE18,VCCINT,NA,NA,NA,NA,NA
AE20,VCCINT,NA,NA,NA,NA,NA
AE22,VCCINT,NA,NA,NA,NA,NA
AE24,VCCINT,NA,NA,NA,NA,NA
AE26,VCCINT,NA,NA,NA,NA,NA
AE28,VCCINT,NA,NA,NA,NA,NA
AE30,VCCINT,NA,NA,NA,NA,NA
AE32,VCCINT,NA,NA,NA,NA,NA
AE34,VCCINT,NA,NA,NA,NA,NA
B23,VCCINT,NA,NA,NA,NA,NA
B24,VCCINT,NA,NA,NA,NA,NA
B26,VCCINT,NA,NA,NA,NA,NA
B28,VCCINT,NA,NA,NA,NA,NA
B29,VCCINT,NA,NA,NA,NA,NA
C23,VCCINT,NA,NA,NA,NA,NA
C24,VCCINT,NA,NA,NA,NA,NA
C26,VCCINT,NA,NA,NA,NA,NA
C28,VCCINT,NA,NA,NA,NA,NA
C29,VCCINT,NA,NA,NA,NA,NA
D23,VCCINT,NA,NA,NA,NA,NA
D24,VCCINT,NA,NA,NA,NA,NA
D26,VCCINT,NA,NA,NA,NA,NA
D28,VCCINT,NA,NA,NA,NA,NA
D29,VCCINT,NA,NA,NA,NA,NA
E23,VCCINT,NA,NA,NA,NA,NA
E24,VCCINT,NA,NA,NA,NA,NA
E26,VCCINT,NA,NA,NA,NA,NA
E28,VCCINT,NA,NA,NA,NA,NA
E29,VCCINT,NA,NA,NA,NA,NA
F23,VCCINT,NA,NA,NA,NA,NA
F24,VCCINT,NA,NA,NA,NA,NA
F26,VCCINT,NA,NA,NA,NA,NA
F28,VCCINT,NA,NA,NA,NA,NA
F29,VCCINT,NA,NA,NA,NA,NA
G23,VCCINT,NA,NA,NA,NA,NA
G24,VCCINT,NA,NA,NA,NA,NA
G26,VCCINT,NA,NA,NA,NA,NA
G28,VCCINT,NA,NA,NA,NA,NA
G29,VCCINT,NA,NA,NA,NA,NA
H23,VCCINT,NA,NA,NA,NA,NA
H24,VCCINT,NA,NA,NA,NA,NA
H26,VCCINT,NA,NA,NA,NA,NA
H28,VCCINT,NA,NA,NA,NA,NA
H29,VCCINT,NA,NA,NA,NA,NA
J23,VCCINT,NA,NA,NA,NA,NA
J24,VCCINT,NA,NA,NA,NA,NA
J26,VCCINT,NA,NA,NA,NA,NA
J28,VCCINT,NA,NA,NA,NA,NA
J29,VCCINT,NA,NA,NA,NA,NA
K23,VCCINT,NA,NA,NA,NA,NA
K24,VCCINT,NA,NA,NA,NA,NA
K26,VCCINT,NA,NA,NA,NA,NA
K28,VCCINT,NA,NA,NA,NA,NA
K29,VCCINT,NA,NA,NA,NA,NA
L22,VCCINT,NA,NA,NA,NA,NA
L23,VCCINT,NA,NA,NA,NA,NA
L24,VCCINT,NA,NA,NA,NA,NA
L26,VCCINT,NA,NA,NA,NA,NA
L28,VCCINT,NA,NA,NA,NA,NA
L29,VCCINT,NA,NA,NA,NA,NA
L30,VCCINT,NA,NA,NA,NA,NA
M22,VCCINT,NA,NA,NA,NA,NA
M24,VCCINT,NA,NA,NA,NA,NA
M26,VCCINT,NA,NA,NA,NA,NA
M28,VCCINT,NA,NA,NA,NA,NA
M30,VCCINT,NA,NA,NA,NA,NA
N10,VCCINT,NA,NA,NA,NA,NA
N14,VCCINT,NA,NA,NA,NA,NA
N16,VCCINT,NA,NA,NA,NA,NA
N18,VCCINT,NA,NA,NA,NA,NA
N20,VCCINT,NA,NA,NA,NA,NA
N22,VCCINT,NA,NA,NA,NA,NA
N24,VCCINT,NA,NA,NA,NA,NA
N26,VCCINT,NA,NA,NA,NA,NA
N28,VCCINT,NA,NA,NA,NA,NA
N30,VCCINT,NA,NA,NA,NA,NA
P9,VCCINT,NA,NA,NA,NA,NA
R10,VCCINT,NA,NA,NA,NA,NA
R12,VCCINT,NA,NA,NA,NA,NA
R14,VCCINT,NA,NA,NA,NA,NA
R16,VCCINT,NA,NA,NA,NA,NA
R18,VCCINT,NA,NA,NA,NA,NA
R20,VCCINT,NA,NA,NA,NA,NA
R22,VCCINT,NA,NA,NA,NA,NA
R24,VCCINT,NA,NA,NA,NA,NA
R26,VCCINT,NA,NA,NA,NA,NA
R28,VCCINT,NA,NA,NA,NA,NA
R30,VCCINT,NA,NA,NA,NA,NA
R32,VCCINT,NA,NA,NA,NA,NA
R34,VCCINT,NA,NA,NA,NA,NA
T11,VCCINT,NA,NA,NA,NA,NA
T13,VCCINT,NA,NA,NA,NA,NA
T15,VCCINT,NA,NA,NA,NA,NA
T27,VCCINT,NA,NA,NA,NA,NA
T29,VCCINT,NA,NA,NA,NA,NA
T31,VCCINT,NA,NA,NA,NA,NA
T33,VCCINT,NA,NA,NA,NA,NA
U12,VCCINT,NA,NA,NA,NA,NA
U14,VCCINT,NA,NA,NA,NA,NA
U16,VCCINT,NA,NA,NA,NA,NA
U18,VCCINT,NA,NA,NA,NA,NA
U20,VCCINT,NA,NA,NA,NA,NA
U22,VCCINT,NA,NA,NA,NA,NA
U24,VCCINT,NA,NA,NA,NA,NA
U26,VCCINT,NA,NA,NA,NA,NA
U28,VCCINT,NA,NA,NA,NA,NA
U30,VCCINT,NA,NA,NA,NA,NA
U32,VCCINT,NA,NA,NA,NA,NA
U34,VCCINT,NA,NA,NA,NA,NA
V11,VCCINT,NA,NA,NA,NA,NA
V13,VCCINT,NA,NA,NA,NA,NA
V17,VCCINT,NA,NA,NA,NA,NA
V19,VCCINT,NA,NA,NA,NA,NA
V21,VCCINT,NA,NA,NA,NA,NA
V23,VCCINT,NA,NA,NA,NA,NA
V25,VCCINT,NA,NA,NA,NA,NA
V27,VCCINT,NA,NA,NA,NA,NA
V29,VCCINT,NA,NA,NA,NA,NA
V31,VCCINT,NA,NA,NA,NA,NA
V33,VCCINT,NA,NA,NA,NA,NA
W12,VCCINT,NA,NA,NA,NA,NA
W14,VCCINT,NA,NA,NA,NA,NA
W16,VCCINT,NA,NA,NA,NA,NA
W18,VCCINT,NA,NA,NA,NA,NA
W26,VCCINT,NA,NA,NA,NA,NA
W30,VCCINT,NA,NA,NA,NA,NA
W32,VCCINT,NA,NA,NA,NA,NA
W34,VCCINT,NA,NA,NA,NA,NA
Y13,VCCINT,NA,NA,NA,NA,NA
Y17,VCCINT,NA,NA,NA,NA,NA
Y25,VCCINT,NA,NA,NA,NA,NA
Y27,VCCINT,NA,NA,NA,NA,NA
Y29,VCCINT,NA,NA,NA,NA,NA
Y31,VCCINT,NA,NA,NA,NA,NA
Y33,VCCINT,NA,NA,NA,NA,NA
N12,VCCINT_SENSE,NA,NA,NA,NA,NA
AJ8,VCC_BATT,NA,NA,NA,NA,NA
AA10,VCC_CPM5,NA,NA,NA,NA,NA
AB9,VCC_CPM5,NA,NA,NA,NA,NA
AC10,VCC_CPM5,NA,NA,NA,NA,NA
T9,VCC_CPM5,NA,NA,NA,NA,NA
U10,VCC_CPM5,NA,NA,NA,NA,NA
V9,VCC_CPM5,NA,NA,NA,NA,NA
W10,VCC_CPM5,NA,NA,NA,NA,NA
Y9,VCC_CPM5,NA,NA,NA,NA,NA
AJ7,VCC_FUSE,NA,NA,NA,NA,NA
AG16,VCC_IO,NA,NA,NA,NA,NA
AG18,VCC_IO,NA,NA,NA,NA,NA
AG20,VCC_IO,NA,NA,NA,NA,NA
AG22,VCC_IO,NA,NA,NA,NA,NA
AG24,VCC_IO,NA,NA,NA,NA,NA
AC5,VCC_PMC,NA,NA,NA,NA,NA
AD6,VCC_PMC,NA,NA,NA,NA,NA
AE6,VCC_PMC,NA,NA,NA,NA,NA
AF7,VCC_PSFP,NA,NA,NA,NA,NA
AF8,VCC_PSFP,NA,NA,NA,NA,NA
AG7,VCC_PSFP,NA,NA,NA,NA,NA
AG9,VCC_PSFP,NA,NA,NA,NA,NA
AH8,VCC_PSFP,NA,NA,NA,NA,NA
AD7,VCC_PSLP,NA,NA,NA,NA,NA
AE8,VCC_PSLP,NA,NA,NA,NA,NA
AE9,VCC_PSLP,NA,NA,NA,NA,NA
AA28,VCC_RAM,NA,NA,NA,NA,NA
AB15,VCC_RAM,NA,NA,NA,NA,NA
AC28,VCC_RAM,NA,NA,NA,NA,NA
V15,VCC_RAM,NA,NA,NA,NA,NA
W28,VCC_RAM,NA,NA,NA,NA,NA
Y15,VCC_RAM,NA,NA,NA,NA,NA
AF11,VCC_SOC,NA,NA,NA,NA,NA
AF13,VCC_SOC,NA,NA,NA,NA,NA
AF19,VCC_SOC,NA,NA,NA,NA,NA
AF21,VCC_SOC,NA,NA,NA,NA,NA
AF23,VCC_SOC,NA,NA,NA,NA,NA
AF29,VCC_SOC,NA,NA,NA,NA,NA
AF31,VCC_SOC,NA,NA,NA,NA,NA
AF33,VCC_SOC,NA,NA,NA,NA,NA
AG10,VCC_SOC,NA,NA,NA,NA,NA
AG12,VCC_SOC,NA,NA,NA,NA,NA
AG14,VCC_SOC,NA,NA,NA,NA,NA
AG26,VCC_SOC,NA,NA,NA,NA,NA
AG28,VCC_SOC,NA,NA,NA,NA,NA
AG30,VCC_SOC,NA,NA,NA,NA,NA
AG32,VCC_SOC,NA,NA,NA,NA,NA
AG34,VCC_SOC,NA,NA,NA,NA,NA
N32,VCC_SOC,NA,NA,NA,NA,NA
N34,VCC_SOC,NA,NA,NA,NA,NA
P11,VCC_SOC,NA,NA,NA,NA,NA
P13,VCC_SOC,NA,NA,NA,NA,NA
P15,VCC_SOC,NA,NA,NA,NA,NA
P17,VCC_SOC,NA,NA,NA,NA,NA
P19,VCC_SOC,NA,NA,NA,NA,NA
P21,VCC_SOC,NA,NA,NA,NA,NA
P23,VCC_SOC,NA,NA,NA,NA,NA
P25,VCC_SOC,NA,NA,NA,NA,NA
P27,VCC_SOC,NA,NA,NA,NA,NA
P29,VCC_SOC,NA,NA,NA,NA,NA
P31,VCC_SOC,NA,NA,NA,NA,NA
P33,VCC_SOC,NA,NA,NA,NA,NA
AB12,VN_500,NA,PMCDIO,NA,NA,NA
AA11,VP_500,NA,PMCDIO,NA,NA,NA
AA12,VREFN_500,NA,PMCDIO,NA,NA,NA
AB11,VREFP_500,NA,PMCDIO,NA,NA,NA

"#Total Number of Pins 1724
