"# ////////////////////////////////////////////////////////////////////////////"
"#  Proprietary Note:"
"#  "
"# "
"#  Copyright 2020-2025 AMD, Inc. All rights reserved."
"#  This file contains proprietary information of AMD, Inc."
"#  and is protected under U.S. and international copyright and other"
"#  intellectual property laws."
"# "
"#  DISCLAIMER"
"#  This disclaimer is not a license and does not grant any"
"#  rights to the materials distributed herewith. Except as"
"#  otherwise provided in a valid license issued to you by"
"#  AMD, and to the maximum extent permitted by applicable"
"#  law: (1) THESE MATERIALS ARE MADE AVAILABLE "AS IS" AND"
"#  WITH ALL FAULTS, AND AMD HEREBY DISCLAIMS ALL WARRANTIES"
"#  AND CONDITIONS, EXPRESS, IMPLIED, OR STATUTORY, INCLUDING"
"#  BUT NOT LIMITED TO WARRANTIES OF MERCHANTABILITY, NON-"
"#  INFRINGEMENT, OR FITNESS FOR ANY PARTICULAR PURPOSE; and"
"#  (2) AMD shall not be liable (whether in contract or tort,"
"#  including negligence, or under any other theory of"
"#  liability) for any loss or damage of any kind or nature"
"#  related to, arising under or in connection with these"
"#  materials, including for any direct, or any indirect,"
"#  special, incidental, or consequential loss or damage"
"#  (including loss of data, profits, goodwill, or any type of"
"#  loss or damage suffered as a result of any action brought"
"#  by a third party) even if such damage or loss was"
"#  reasonably foreseeable or AMD had been advised of the"
"#  possibility of the same."
"# "
"#  CRITICAL APPLICATIONS"
"#  AMD products are not designed or intended to be fail-"
"#  safe, or for use in any application requiring fail-safe"
"#  performance, such as life-support or safety devices or"
"#  systems, Class III medical devices, nuclear facilities,"
"#  applications related to the deployment of airbags, or any"
"#  other applications that could lead to death, personal"
"#  injury, or severe property or environmental damage"
"#  (individually and collectively, "Critical"
"#  Applications"). Customer assumes the sole risk and"
"#  liability of any use of AMD products in Critical"
"#  Applications, subject only to applicable laws and"
"#  regulations governing limitations on product liability"
"#  "
"#  THIS COPYRIGHT NOTICE AND DISCLAIMER MUST BE RETAINED AS"
"#  PART OF THIS FILE AT ALL TIMES."
"#  "
"# ////////////////////////////////////////////////////////////////////////////"
"#-----------------------------------------------------------------------------"
"#-----------------------------------------------------------------------------"
"# Device            : xqrvc1902vsra2197"
"# Date              : Thu Jan 05 20:22:13 2023"
"# Revision          : 1.5"
"# Status            : Production "
"# Pkg Spec Revision : v4 "
"# "
"#-----------------------------------------------------------------------------"
"#  Production package specifications are released coincident"
"#  with production release of a particular device."
"#-----------------------------------------------------------------------------"
"#  Modification History"
"# | Date              : Fri Jun 15 2018"
"# | Revision          : 0.1 "
"# | Status            : Evaluation_Only "
"# | Details           : Initial Pkg file "
"#"
"# | Date              : Thu Jul 26 2018																"
"# | Revision          : 0.2																"
"# | Status            : Evaluation Only																"
"# | Details           : Add bank num to PS nets.																"
"#"
"# | Date              : Thu Sep 13 14:31:45 2018																"
"# | Revision          : 0.3																"
"# | Status            : Evaluation Only																"
"# | Details           : Update pinmap.																"
"#"
"# | Date              : Tue Dec  4 08:04:20 2018"
"# | Revision          : 0.4 "
"# | Status            : Evaluation_Only "
"# | Details           : XPIO naming change.  "
"#"
"# | Date              : Wed Dec 19 18:26:48 2018"
"# | Revision          : 0.5 "
"# | Status            : Evaluation_Only "
"# | Details           : Added VCCINT tunnel (Vccint balls covering BGA field from die to the package north edge)"
"# |                     HDIO, MIO and FIO bank boundary/location"
"# |                     VCCINT/GND pin"
"# |                     3 pair GTY location swapped"
"# |                     2 REFCLK pair P and N swapped"
"# |                     All 12 XPIO banks having pin swap within bank"
"# |                     VCC_PSLP, VCC_PSFP and VCC_PMC pins swap"
"#"
"# | Date              : Fri Jan 11 17:07:58 2019"
"# | Revision          : 0.6 "
"# | Status            : Evaluation_Only "
"# | Details           : Freeze whole chip bump plan"
"#"
"# | Date              : Fri Jan 25 20:30:25 2019"
"# | Revision          : 0.7 "
"# | Status            : Evaluation_Only "
"# | Details           : Label change > Add bank number to the IO_VR pin name in the package files. IO_VR-->IO_VR_700"
"# |                     Add new I/O type: PMCDIO"
"#"
"# | Date              : Thu Feb  7 17:26:07 2019"
"# | Revision          : 1.1 "
"# | Status            : Engineering_Sample "
"# | Details           : Switch to Engineering Sample "
"#"
"# | Date              : Thu Apr  4 13:52:10 2019"
"# | Revision          : 1.2 "
"# | Status            : Engineering_Sample "
"# | Details           : Change header to meet AMD's doc classification rules "
"#"
"# | Date              : Mon Jun  1 17:25:05 2020"
"# | Revision          : 1.3 "
"# | Status            : Production "
"# | Details           : Switch to production. "
"# |                     Change the pkg format to V4.(2 new columns for XPIO: XPIOPerf and DDRMC ONLY) "
"# |                     Label change: HD bank's GC pins need P and N HDGC pins marked as HDGC "
"# |                     	IO_L5N_306	--> IO_L5N_HDGC_306 "
"# |                     	IO_L6N_306	--> IO_L6N_HDGC_306 "
"# |                     	IO_L5N_406	--> IO_L5N_HDGC_406 "
"# |                     	IO_L6N_406	--> IO_L6N_HDGC_406	"
"#"
"#-----------------------------------------------------------------------------"
"# | Date              : Mon Jul 27 10:30:00 2020"
"# | Revision          : 1.4 "
"# | Status            : Production "
"# | Details           : Change the 6 Sysmon pin labels: "
"# |                     	SYSMON_ROOT_DXN_500 	--> RSVDGND"
"# |                     	SYSMON_ROOT_DXP_500 	--> RSVDGND"
"# |                     	SYSMON_ROOT_VN_500 		--> VN_500"
"# |                     	SYSMON_ROOT_VP_500 		--> VP_500"
"# |                     	SYSMON_ROOT_VREFN_500 	--> VREFN_500"
"# |                     	SYSMON_ROOT_VREFP_500 	--> VREFP_500"
"#-----------------------------------------------------------------------------"
"# | Date              : Thu Jan 05 20:22:13 2023"
"# | Revision          : 1.5 "
"# | Status            : Production "
"# | Details           : Update XPIO performance grade"
"#-----------------------------------------------------------------------------"
"#  ASCII Pinout File"
,,,,,
Pin,Pin Name,Bank,I/O Type,Super Logic Region,XPIOPerf,DDRMC ONLY
W40,GTY_REFCLKN0_103,103,GTY,NA,NA,NA
U40,GTY_REFCLKN1_103,103,GTY,NA,NA,NA
W39,GTY_REFCLKP0_103,103,GTY,NA,NA,NA
U39,GTY_REFCLKP1_103,103,GTY,NA,NA,NA
AB47,GTY_RXN0_103,103,GTY,NA,NA,NA
AA45,GTY_RXN1_103,103,GTY,NA,NA,NA
Y47,GTY_RXN2_103,103,GTY,NA,NA,NA
W45,GTY_RXN3_103,103,GTY,NA,NA,NA
AB46,GTY_RXP0_103,103,GTY,NA,NA,NA
AA44,GTY_RXP1_103,103,GTY,NA,NA,NA
Y46,GTY_RXP2_103,103,GTY,NA,NA,NA
W44,GTY_RXP3_103,103,GTY,NA,NA,NA
AB42,GTY_TXN0_103,103,GTY,NA,NA,NA
Y42,GTY_TXN1_103,103,GTY,NA,NA,NA
V42,GTY_TXN2_103,103,GTY,NA,NA,NA
U44,GTY_TXN3_103,103,GTY,NA,NA,NA
AB41,GTY_TXP0_103,103,GTY,NA,NA,NA
Y41,GTY_TXP1_103,103,GTY,NA,NA,NA
V41,GTY_TXP2_103,103,GTY,NA,NA,NA
U43,GTY_TXP3_103,103,GTY,NA,NA,NA
R40,GTY_REFCLKN0_104,104,GTY,NA,NA,NA
N40,GTY_REFCLKN1_104,104,GTY,NA,NA,NA
R39,GTY_REFCLKP0_104,104,GTY,NA,NA,NA
N39,GTY_REFCLKP1_104,104,GTY,NA,NA,NA
V47,GTY_RXN0_104,104,GTY,NA,NA,NA
T47,GTY_RXN1_104,104,GTY,NA,NA,NA
P47,GTY_RXN2_104,104,GTY,NA,NA,NA
N45,GTY_RXN3_104,104,GTY,NA,NA,NA
V46,GTY_RXP0_104,104,GTY,NA,NA,NA
T46,GTY_RXP1_104,104,GTY,NA,NA,NA
P46,GTY_RXP2_104,104,GTY,NA,NA,NA
N44,GTY_RXP3_104,104,GTY,NA,NA,NA
T42,GTY_TXN0_104,104,GTY,NA,NA,NA
R44,GTY_TXN1_104,104,GTY,NA,NA,NA
P42,GTY_TXN2_104,104,GTY,NA,NA,NA
M42,GTY_TXN3_104,104,GTY,NA,NA,NA
T41,GTY_TXP0_104,104,GTY,NA,NA,NA
R43,GTY_TXP1_104,104,GTY,NA,NA,NA
P41,GTY_TXP2_104,104,GTY,NA,NA,NA
M41,GTY_TXP3_104,104,GTY,NA,NA,NA
AA40,GTY_AVTTRCAL_L,105,NA,NA,NA,NA
L40,GTY_REFCLKN0_105,105,GTY,NA,NA,NA
J40,GTY_REFCLKN1_105,105,GTY,NA,NA,NA
L39,GTY_REFCLKP0_105,105,GTY,NA,NA,NA
J39,GTY_REFCLKP1_105,105,GTY,NA,NA,NA
AA39,GTY_RREF_L,105,NA,NA,NA,NA
M47,GTY_RXN0_105,105,GTY,NA,NA,NA
L45,GTY_RXN1_105,105,GTY,NA,NA,NA
K47,GTY_RXN2_105,105,GTY,NA,NA,NA
H47,GTY_RXN3_105,105,GTY,NA,NA,NA
M46,GTY_RXP0_105,105,GTY,NA,NA,NA
L44,GTY_RXP1_105,105,GTY,NA,NA,NA
K46,GTY_RXP2_105,105,GTY,NA,NA,NA
H46,GTY_RXP3_105,105,GTY,NA,NA,NA
K42,GTY_TXN0_105,105,GTY,NA,NA,NA
J44,GTY_TXN1_105,105,GTY,NA,NA,NA
H42,GTY_TXN2_105,105,GTY,NA,NA,NA
G44,GTY_TXN3_105,105,GTY,NA,NA,NA
K41,GTY_TXP0_105,105,GTY,NA,NA,NA
J43,GTY_TXP1_105,105,GTY,NA,NA,NA
H41,GTY_TXP2_105,105,GTY,NA,NA,NA
G43,GTY_TXP3_105,105,GTY,NA,NA,NA
G40,GTY_REFCLKN0_106,106,GTY,NA,NA,NA
E40,GTY_REFCLKN1_106,106,GTY,NA,NA,NA
G39,GTY_REFCLKP0_106,106,GTY,NA,NA,NA
E39,GTY_REFCLKP1_106,106,GTY,NA,NA,NA
F47,GTY_RXN0_106,106,GTY,NA,NA,NA
E45,GTY_RXN1_106,106,GTY,NA,NA,NA
D47,GTY_RXN2_106,106,GTY,NA,NA,NA
C45,GTY_RXN3_106,106,GTY,NA,NA,NA
F46,GTY_RXP0_106,106,GTY,NA,NA,NA
E44,GTY_RXP1_106,106,GTY,NA,NA,NA
D46,GTY_RXP2_106,106,GTY,NA,NA,NA
C44,GTY_RXP3_106,106,GTY,NA,NA,NA
F42,GTY_TXN0_106,106,GTY,NA,NA,NA
D42,GTY_TXN1_106,106,GTY,NA,NA,NA
B42,GTY_TXN2_106,106,GTY,NA,NA,NA
A44,GTY_TXN3_106,106,GTY,NA,NA,NA
F41,GTY_TXP0_106,106,GTY,NA,NA,NA
D41,GTY_TXP1_106,106,GTY,NA,NA,NA
B41,GTY_TXP2_106,106,GTY,NA,NA,NA
A43,GTY_TXP3_106,106,GTY,NA,NA,NA
AF10,GTY_REFCLKN0_200,200,GTY,NA,NA,NA
AD10,GTY_REFCLKN1_200,200,GTY,NA,NA,NA
AF11,GTY_REFCLKP0_200,200,GTY,NA,NA,NA
AD11,GTY_REFCLKP1_200,200,GTY,NA,NA,NA
AF1,GTY_RXN0_200,200,GTY,NA,NA,NA
AE3,GTY_RXN1_200,200,GTY,NA,NA,NA
AD1,GTY_RXN2_200,200,GTY,NA,NA,NA
AC3,GTY_RXN3_200,200,GTY,NA,NA,NA
AF2,GTY_RXP0_200,200,GTY,NA,NA,NA
AE4,GTY_RXP1_200,200,GTY,NA,NA,NA
AD2,GTY_RXP2_200,200,GTY,NA,NA,NA
AC4,GTY_RXP3_200,200,GTY,NA,NA,NA
AF6,GTY_TXN0_200,200,GTY,NA,NA,NA
AE8,GTY_TXN1_200,200,GTY,NA,NA,NA
AD6,GTY_TXN2_200,200,GTY,NA,NA,NA
AC8,GTY_TXN3_200,200,GTY,NA,NA,NA
AF7,GTY_TXP0_200,200,GTY,NA,NA,NA
AE9,GTY_TXP1_200,200,GTY,NA,NA,NA
AD7,GTY_TXP2_200,200,GTY,NA,NA,NA
AC9,GTY_TXP3_200,200,GTY,NA,NA,NA
AB10,GTY_REFCLKN0_201,201,GTY,NA,NA,NA
M14,GTY_REFCLKN1_201,201,GTY,NA,NA,NA
AB11,GTY_REFCLKP0_201,201,GTY,NA,NA,NA
M15,GTY_REFCLKP1_201,201,GTY,NA,NA,NA
AB1,GTY_RXN0_201,201,GTY,NA,NA,NA
AA3,GTY_RXN1_201,201,GTY,NA,NA,NA
Y1,GTY_RXN2_201,201,GTY,NA,NA,NA
W3,GTY_RXN3_201,201,GTY,NA,NA,NA
AB2,GTY_RXP0_201,201,GTY,NA,NA,NA
AA4,GTY_RXP1_201,201,GTY,NA,NA,NA
Y2,GTY_RXP2_201,201,GTY,NA,NA,NA
W4,GTY_RXP3_201,201,GTY,NA,NA,NA
AB6,GTY_TXN0_201,201,GTY,NA,NA,NA
AA8,GTY_TXN1_201,201,GTY,NA,NA,NA
Y6,GTY_TXN2_201,201,GTY,NA,NA,NA
W8,GTY_TXN3_201,201,GTY,NA,NA,NA
AB7,GTY_TXP0_201,201,GTY,NA,NA,NA
AA9,GTY_TXP1_201,201,GTY,NA,NA,NA
Y7,GTY_TXP2_201,201,GTY,NA,NA,NA
W9,GTY_TXP3_201,201,GTY,NA,NA,NA
L12,GTY_REFCLKN0_202,202,GTY,NA,NA,NA
K14,GTY_REFCLKN1_202,202,GTY,NA,NA,NA
L13,GTY_REFCLKP0_202,202,GTY,NA,NA,NA
K15,GTY_REFCLKP1_202,202,GTY,NA,NA,NA
V1,GTY_RXN0_202,202,GTY,NA,NA,NA
U3,GTY_RXN1_202,202,GTY,NA,NA,NA
T1,GTY_RXN2_202,202,GTY,NA,NA,NA
R3,GTY_RXN3_202,202,GTY,NA,NA,NA
V2,GTY_RXP0_202,202,GTY,NA,NA,NA
U4,GTY_RXP1_202,202,GTY,NA,NA,NA
T2,GTY_RXP2_202,202,GTY,NA,NA,NA
R4,GTY_RXP3_202,202,GTY,NA,NA,NA
V6,GTY_TXN0_202,202,GTY,NA,NA,NA
U8,GTY_TXN1_202,202,GTY,NA,NA,NA
T6,GTY_TXN2_202,202,GTY,NA,NA,NA
R8,GTY_TXN3_202,202,GTY,NA,NA,NA
V7,GTY_TXP0_202,202,GTY,NA,NA,NA
U9,GTY_TXP1_202,202,GTY,NA,NA,NA
T7,GTY_TXP2_202,202,GTY,NA,NA,NA
R9,GTY_TXP3_202,202,GTY,NA,NA,NA
Y10,GTY_AVTTRCAL_R,203,NA,NA,NA,NA
J12,GTY_REFCLKN0_203,203,GTY,NA,NA,NA
H14,GTY_REFCLKN1_203,203,GTY,NA,NA,NA
J13,GTY_REFCLKP0_203,203,GTY,NA,NA,NA
H15,GTY_REFCLKP1_203,203,GTY,NA,NA,NA
Y11,GTY_RREF_R,203,NA,NA,NA,NA
P1,GTY_RXN0_203,203,GTY,NA,NA,NA
N3,GTY_RXN1_203,203,GTY,NA,NA,NA
M1,GTY_RXN2_203,203,GTY,NA,NA,NA
L3,GTY_RXN3_203,203,GTY,NA,NA,NA
P2,GTY_RXP0_203,203,GTY,NA,NA,NA
N4,GTY_RXP1_203,203,GTY,NA,NA,NA
M2,GTY_RXP2_203,203,GTY,NA,NA,NA
L4,GTY_RXP3_203,203,GTY,NA,NA,NA
P6,GTY_TXN0_203,203,GTY,NA,NA,NA
N8,GTY_TXN1_203,203,GTY,NA,NA,NA
M6,GTY_TXN2_203,203,GTY,NA,NA,NA
L8,GTY_TXN3_203,203,GTY,NA,NA,NA
P7,GTY_TXP0_203,203,GTY,NA,NA,NA
N9,GTY_TXP1_203,203,GTY,NA,NA,NA
M7,GTY_TXP2_203,203,GTY,NA,NA,NA
L9,GTY_TXP3_203,203,GTY,NA,NA,NA
G12,GTY_REFCLKN0_204,204,GTY,NA,NA,NA
F14,GTY_REFCLKN1_204,204,GTY,NA,NA,NA
G13,GTY_REFCLKP0_204,204,GTY,NA,NA,NA
F15,GTY_REFCLKP1_204,204,GTY,NA,NA,NA
K1,GTY_RXN0_204,204,GTY,NA,NA,NA
J3,GTY_RXN1_204,204,GTY,NA,NA,NA
H1,GTY_RXN2_204,204,GTY,NA,NA,NA
H5,GTY_RXN3_204,204,GTY,NA,NA,NA
K2,GTY_RXP0_204,204,GTY,NA,NA,NA
J4,GTY_RXP1_204,204,GTY,NA,NA,NA
H2,GTY_RXP2_204,204,GTY,NA,NA,NA
H6,GTY_RXP3_204,204,GTY,NA,NA,NA
K6,GTY_TXN0_204,204,GTY,NA,NA,NA
K10,GTY_TXN1_204,204,GTY,NA,NA,NA
J8,GTY_TXN2_204,204,GTY,NA,NA,NA
H10,GTY_TXN3_204,204,GTY,NA,NA,NA
K7,GTY_TXP0_204,204,GTY,NA,NA,NA
K11,GTY_TXP1_204,204,GTY,NA,NA,NA
J9,GTY_TXP2_204,204,GTY,NA,NA,NA
H11,GTY_TXP3_204,204,GTY,NA,NA,NA
E12,GTY_REFCLKN0_205,205,GTY,NA,NA,NA
D14,GTY_REFCLKN1_205,205,GTY,NA,NA,NA
E13,GTY_REFCLKP0_205,205,GTY,NA,NA,NA
D15,GTY_REFCLKP1_205,205,GTY,NA,NA,NA
G3,GTY_RXN0_205,205,GTY,NA,NA,NA
F1,GTY_RXN1_205,205,GTY,NA,NA,NA
F5,GTY_RXN2_205,205,GTY,NA,NA,NA
E3,GTY_RXN3_205,205,GTY,NA,NA,NA
G4,GTY_RXP0_205,205,GTY,NA,NA,NA
F2,GTY_RXP1_205,205,GTY,NA,NA,NA
F6,GTY_RXP2_205,205,GTY,NA,NA,NA
E4,GTY_RXP3_205,205,GTY,NA,NA,NA
G8,GTY_TXN0_205,205,GTY,NA,NA,NA
F10,GTY_TXN1_205,205,GTY,NA,NA,NA
E8,GTY_TXN2_205,205,GTY,NA,NA,NA
D10,GTY_TXN3_205,205,GTY,NA,NA,NA
G9,GTY_TXP0_205,205,GTY,NA,NA,NA
F11,GTY_TXP1_205,205,GTY,NA,NA,NA
E9,GTY_TXP2_205,205,GTY,NA,NA,NA
D11,GTY_TXP3_205,205,GTY,NA,NA,NA
C12,GTY_REFCLKN0_206,206,GTY,NA,NA,NA
B14,GTY_REFCLKN1_206,206,GTY,NA,NA,NA
C13,GTY_REFCLKP0_206,206,GTY,NA,NA,NA
B15,GTY_REFCLKP1_206,206,GTY,NA,NA,NA
D1,GTY_RXN0_206,206,GTY,NA,NA,NA
D5,GTY_RXN1_206,206,GTY,NA,NA,NA
C3,GTY_RXN2_206,206,GTY,NA,NA,NA
B5,GTY_RXN3_206,206,GTY,NA,NA,NA
D2,GTY_RXP0_206,206,GTY,NA,NA,NA
D6,GTY_RXP1_206,206,GTY,NA,NA,NA
C4,GTY_RXP2_206,206,GTY,NA,NA,NA
B6,GTY_RXP3_206,206,GTY,NA,NA,NA
C8,GTY_TXN0_206,206,GTY,NA,NA,NA
B10,GTY_TXN1_206,206,GTY,NA,NA,NA
A8,GTY_TXN2_206,206,GTY,NA,NA,NA
A12,GTY_TXN3_206,206,GTY,NA,NA,NA
C9,GTY_TXP0_206,206,GTY,NA,NA,NA
B11,GTY_TXP1_206,206,GTY,NA,NA,NA
A9,GTY_TXP2_206,206,GTY,NA,NA,NA
A13,GTY_TXP3_206,206,GTY,NA,NA,NA
L37,IO_L0N_306,306,HDIO,NA,NA,NA
M37,IO_L0P_306,306,HDIO,NA,NA,NA
G37,IO_L10N_306,306,HDIO,NA,NA,NA
G36,IO_L10P_306,306,HDIO,NA,NA,NA
M34,IO_L1N_306,306,HDIO,NA,NA,NA
N34,IO_L1P_306,306,HDIO,NA,NA,NA
M36,IO_L2N_306,306,HDIO,NA,NA,NA
M35,IO_L2P_306,306,HDIO,NA,NA,NA
K33,IO_L3N_306,306,HDIO,NA,NA,NA
L33,IO_L3P_306,306,HDIO,NA,NA,NA
J36,IO_L4N_306,306,HDIO,NA,NA,NA
K37,IO_L4P_306,306,HDIO,NA,NA,NA
K35,IO_L5N_HDGC_306,306,HDIO,NA,NA,NA
L34,IO_L5P_HDGC_306,306,HDIO,NA,NA,NA
K36,IO_L6N_HDGC_306,306,HDIO,NA,NA,NA
L35,IO_L6P_HDGC_306,306,HDIO,NA,NA,NA
H34,IO_L7N_306,306,HDIO,NA,NA,NA
J33,IO_L7P_306,306,HDIO,NA,NA,NA
H37,IO_L8N_306,306,HDIO,NA,NA,NA
H36,IO_L8P_306,306,HDIO,NA,NA,NA
J35,IO_L9N_306,306,HDIO,NA,NA,NA
J34,IO_L9P_306,306,HDIO,NA,NA,NA
J37,VCCO_306,306,NA,NA,NA,NA
M33,VCCO_306,306,NA,NA,NA,NA
M21,IO_L0N_406,406,HDIO,NA,NA,NA
M20,IO_L0P_406,406,HDIO,NA,NA,NA
G21,IO_L10N_406,406,HDIO,NA,NA,NA
H21,IO_L10P_406,406,HDIO,NA,NA,NA
L17,IO_L1N_406,406,HDIO,NA,NA,NA
M17,IO_L1P_406,406,HDIO,NA,NA,NA
L19,IO_L2N_406,406,HDIO,NA,NA,NA
M19,IO_L2P_406,406,HDIO,NA,NA,NA
K17,IO_L3N_406,406,HDIO,NA,NA,NA
L18,IO_L3P_406,406,HDIO,NA,NA,NA
K21,IO_L4N_406,406,HDIO,NA,NA,NA
L20,IO_L4P_406,406,HDIO,NA,NA,NA
J18,IO_L5N_HDGC_406,406,HDIO,NA,NA,NA
K18,IO_L5P_HDGC_406,406,HDIO,NA,NA,NA
J19,IO_L6N_HDGC_406,406,HDIO,NA,NA,NA
K20,IO_L6P_HDGC_406,406,HDIO,NA,NA,NA
H18,IO_L7N_406,406,HDIO,NA,NA,NA
H17,IO_L7P_406,406,HDIO,NA,NA,NA
J21,IO_L8N_406,406,HDIO,NA,NA,NA
J20,IO_L8P_406,406,HDIO,NA,NA,NA
G20,IO_L9N_406,406,HDIO,NA,NA,NA
H19,IO_L9P_406,406,HDIO,NA,NA,NA
J17,VCCO_406,406,NA,NA,NA,NA
M18,VCCO_406,406,NA,NA,NA,NA
F34,PMC_MIO0_500,500,PMCMIO,NA,NA,NA
M32,PMC_MIO10_500,500,PMCMIO,NA,NA,NA
N32,PMC_MIO11_500,500,PMCMIO,NA,NA,NA
N31,PMC_MIO12_500,500,PMCMIO,NA,NA,NA
M31,PMC_MIO13_500,500,PMCMIO,NA,NA,NA
K31,PMC_MIO14_500,500,PMCMIO,NA,NA,NA
J31,PMC_MIO15_500,500,PMCMIO,NA,NA,NA
H31,PMC_MIO16_500,500,PMCMIO,NA,NA,NA
G31,PMC_MIO17_500,500,PMCMIO,NA,NA,NA
F30,PMC_MIO18_500,500,PMCMIO,NA,NA,NA
G30,PMC_MIO19_500,500,PMCMIO,NA,NA,NA
G34,PMC_MIO1_500,500,PMCMIO,NA,NA,NA
J30,PMC_MIO20_500,500,PMCMIO,NA,NA,NA
K30,PMC_MIO21_500,500,PMCMIO,NA,NA,NA
L30,PMC_MIO22_500,500,PMCMIO,NA,NA,NA
M30,PMC_MIO23_500,500,PMCMIO,NA,NA,NA
M29,PMC_MIO24_500,500,PMCMIO,NA,NA,NA
L29,PMC_MIO25_500,500,PMCMIO,NA,NA,NA
H33,PMC_MIO2_500,500,PMCMIO,NA,NA,NA
F33,PMC_MIO3_500,500,PMCMIO,NA,NA,NA
E33,PMC_MIO4_500,500,PMCMIO,NA,NA,NA
F32,PMC_MIO5_500,500,PMCMIO,NA,NA,NA
G32,PMC_MIO6_500,500,PMCMIO,NA,NA,NA
H32,PMC_MIO7_500,500,PMCMIO,NA,NA,NA
K32,PMC_MIO8_500,500,PMCMIO,NA,NA,NA
L32,PMC_MIO9_500,500,PMCMIO,NA,NA,NA
AC32,RSVDGND,500,PMCDIO,NA,NA,NA
AC33,RSVDGND,500,PMCDIO,NA,NA,NA
AB32,VN_500,500,PMCDIO,NA,NA,NA
AA33,VP_500,500,PMCDIO,NA,NA,NA
AA32,VREFN_500,500,PMCDIO,NA,NA,NA
AB33,VREFP_500,500,PMCDIO,NA,NA,NA
AJ36,VCCO_500,500,NA,NA,NA,NA
AK36,VCCO_500,500,NA,NA,NA,NA
B21,PMC_MIO26_501,501,PMCMIO,NA,NA,NA
C21,PMC_MIO27_501,501,PMCMIO,NA,NA,NA
D21,PMC_MIO28_501,501,PMCMIO,NA,NA,NA
E21,PMC_MIO29_501,501,PMCMIO,NA,NA,NA
F20,PMC_MIO30_501,501,PMCMIO,NA,NA,NA
E20,PMC_MIO31_501,501,PMCMIO,NA,NA,NA
D20,PMC_MIO32_501,501,PMCMIO,NA,NA,NA
B20,PMC_MIO33_501,501,PMCMIO,NA,NA,NA
A20,PMC_MIO34_501,501,PMCMIO,NA,NA,NA
A19,PMC_MIO35_501,501,PMCMIO,NA,NA,NA
B19,PMC_MIO36_501,501,PMCMIO,NA,NA,NA
C19,PMC_MIO37_501,501,PMCMIO,NA,NA,NA
D19,PMC_MIO38_501,501,PMCMIO,NA,NA,NA
F19,PMC_MIO39_501,501,PMCMIO,NA,NA,NA
G19,PMC_MIO40_501,501,PMCMIO,NA,NA,NA
F18,PMC_MIO41_501,501,PMCMIO,NA,NA,NA
E18,PMC_MIO42_501,501,PMCMIO,NA,NA,NA
D18,PMC_MIO43_501,501,PMCMIO,NA,NA,NA
C18,PMC_MIO44_501,501,PMCMIO,NA,NA,NA
A18,PMC_MIO45_501,501,PMCMIO,NA,NA,NA
A17,PMC_MIO46_501,501,PMCMIO,NA,NA,NA
B17,PMC_MIO47_501,501,PMCMIO,NA,NA,NA
C17,PMC_MIO48_501,501,PMCMIO,NA,NA,NA
E17,PMC_MIO49_501,501,PMCMIO,NA,NA,NA
F17,PMC_MIO50_501,501,PMCMIO,NA,NA,NA
G17,PMC_MIO51_501,501,PMCMIO,NA,NA,NA
AK35,VCCO_501,501,NA,NA,NA,NA
AL35,VCCO_501,501,NA,NA,NA,NA
A39,LPD_MIO0_502,502,LPDMIO,NA,NA,NA
E36,LPD_MIO10_502,502,LPDMIO,NA,NA,NA
D36,LPD_MIO11_502,502,LPDMIO,NA,NA,NA
C36,LPD_MIO12_502,502,LPDMIO,NA,NA,NA
B36,LPD_MIO13_502,502,LPDMIO,NA,NA,NA
A35,LPD_MIO14_502,502,LPDMIO,NA,NA,NA
B35,LPD_MIO15_502,502,LPDMIO,NA,NA,NA
D35,LPD_MIO16_502,502,LPDMIO,NA,NA,NA
E35,LPD_MIO17_502,502,LPDMIO,NA,NA,NA
F35,LPD_MIO18_502,502,LPDMIO,NA,NA,NA
G35,LPD_MIO19_502,502,LPDMIO,NA,NA,NA
B39,LPD_MIO1_502,502,LPDMIO,NA,NA,NA
D34,LPD_MIO20_502,502,LPDMIO,NA,NA,NA
C34,LPD_MIO21_502,502,LPDMIO,NA,NA,NA
B34,LPD_MIO22_502,502,LPDMIO,NA,NA,NA
A34,LPD_MIO23_502,502,LPDMIO,NA,NA,NA
C33,LPD_MIO24_502,502,LPDMIO,NA,NA,NA
D33,LPD_MIO25_502,502,LPDMIO,NA,NA,NA
C39,LPD_MIO2_502,502,LPDMIO,NA,NA,NA
C38,LPD_MIO3_502,502,LPDMIO,NA,NA,NA
A38,LPD_MIO4_502,502,LPDMIO,NA,NA,NA
A37,LPD_MIO5_502,502,LPDMIO,NA,NA,NA
B37,LPD_MIO6_502,502,LPDMIO,NA,NA,NA
C37,LPD_MIO7_502,502,LPDMIO,NA,NA,NA
E37,LPD_MIO8_502,502,LPDMIO,NA,NA,NA
F37,LPD_MIO9_502,502,LPDMIO,NA,NA,NA
AF36,VCCO_502,502,NA,NA,NA,NA
AG36,VCCO_502,502,NA,NA,NA,NA
A33,DONE_503,503,PMCDIO,NA,NA,NA
A32,ERROR_OUT_503,503,PMCDIO,NA,NA,NA
C32,MODE0_503,503,PMCDIO,NA,NA,NA
E32,MODE1_503,503,PMCDIO,NA,NA,NA
E31,MODE2_503,503,PMCDIO,NA,NA,NA
E30,MODE3_503,503,PMCDIO,NA,NA,NA
AE34,POR_B_503,503,PMCDIO,NA,NA,NA
B32,PUDC_B_503,503,PMCDIO,NA,NA,NA
AE32,REF_CLK_503,503,PMCDIO,NA,NA,NA
B30,RTC_PADI_503,503,PMCDIO,NA,NA,NA
A30,RTC_PADO_503,503,PMCDIO,NA,NA,NA
D31,TCK_503,503,PMCDIO,NA,NA,NA
B31,TDI_503,503,PMCDIO,NA,NA,NA
C31,TDO_503,503,PMCDIO,NA,NA,NA
D30,TMS_503,503,PMCDIO,NA,NA,NA
AD36,VCCO_503,503,NA,NA,NA,NA
AE35,VCCO_503,503,NA,NA,NA,NA
AF46,IO_L0N_XCC_N0P1_M0P1_700,700,XPIO,NA,HIGH,YES
AF47,IO_L0P_XCC_N0P0_M0P0_700,700,XPIO,NA,HIGH,YES
AK45,IO_L10N_N3P3_M0P21_700,700,XPIO,NA,HIGH,YES
AK44,IO_L10P_N3P2_M0P20_700,700,XPIO,NA,HIGH,YES
AE45,IO_L11N_N3P5_M0P23_700,700,XPIO,NA,HIGH,YES
AF44,IO_L11P_N3P4_M0P22_700,700,XPIO,NA,HIGH,YES
AF40,IO_L12N_GC_XCC_N4P1_M0P25_700,700,XPIO,NA,HIGH,YES_PLUS_GC
AF39,IO_L12P_GC_XCC_N4P0_M0P24_700,700,XPIO,NA,HIGH,YES_PLUS_GC
AD40,IO_L13N_N4P3_M0P27_700,700,XPIO,NA,HIGH,YES
AC39,IO_L13P_N4P2_M0P26_700,700,XPIO,NA,HIGH,YES
AH41,IO_L14N_N4P5_M0P29_700,700,XPIO,NA,HIGH,YES
AH40,IO_L14P_N4P4_M0P28_700,700,XPIO,NA,HIGH,YES
AF41,IO_L15N_XCC_N5P1_M0P31_700,700,XPIO,NA,HIGH,YES
AG41,IO_L15P_XCC_N5P0_M0P30_700,700,XPIO,NA,HIGH,YES
AJ40,IO_L16N_N5P3_M0P33_700,700,XPIO,NA,HIGH,YES
AH39,IO_L16P_N5P2_M0P32_700,700,XPIO,NA,HIGH,YES
AD41,IO_L17N_N5P5_M0P35_700,700,XPIO,NA,HIGH,YES
AE40,IO_L17P_N5P4_M0P34_700,700,XPIO,NA,HIGH,YES
AF37,IO_L18N_XCC_N6P1_M0P37_700,700,XPIO,NA,HIGH,YES
AE38,IO_L18P_XCC_N6P0_M0P36_700,700,XPIO,NA,HIGH,YES
AD37,IO_L19N_N6P3_M0P39_700,700,XPIO,NA,HIGH,YES
AC37,IO_L19P_N6P2_M0P38_700,700,XPIO,NA,HIGH,YES
AE46,IO_L1N_N0P3_M0P3_700,700,XPIO,NA,HIGH,YES
AD45,IO_L1P_N0P2_M0P2_700,700,XPIO,NA,HIGH,YES
AH38,IO_L20N_N6P5_M0P41_700,700,XPIO,NA,HIGH,YES
AG37,IO_L20P_N6P4_M0P40_700,700,XPIO,NA,HIGH,YES
AF38,IO_L21N_XCC_N7P1_M0P43_700,700,XPIO,NA,HIGH,YES
AG39,IO_L21P_XCC_N7P0_M0P42_700,700,XPIO,NA,HIGH,YES
AJ38,IO_L22N_N7P3_M0P45_700,700,XPIO,NA,HIGH,YES
AH37,IO_L22P_N7P2_M0P44_700,700,XPIO,NA,HIGH,YES
AD39,IO_L23N_N7P5_M0P47_700,700,XPIO,NA,HIGH,YES
AD38,IO_L23P_N7P4_M0P46_700,700,XPIO,NA,HIGH,YES
AF43,IO_L24N_GC_XCC_N8P1_M0P49_700,700,XPIO,NA,HIGH,YES_PLUS_GC
AE42,IO_L24P_GC_XCC_N8P0_M0P48_700,700,XPIO,NA,HIGH,YES_PLUS_GC
AD43,IO_L25N_N8P3_M0P51_700,700,XPIO,NA,HIGH,YES
AD42,IO_L25P_N8P2_M0P50_700,700,XPIO,NA,HIGH,YES
AG43,IO_L26N_N8P5_M0P53_700,700,XPIO,NA,HIGH,YES
AF42,IO_L26P_N8P4_M0P52_700,700,XPIO,NA,HIGH,YES
AJ47,IO_L2N_N0P5_M0P5_700,700,XPIO,NA,HIGH,YES
AH47,IO_L2P_N0P4_M0P4_700,700,XPIO,NA,HIGH,YES
AG46,IO_L3N_XCC_N1P1_M0P7_700,700,XPIO,NA,HIGH,YES
AH46,IO_L3P_XCC_N1P0_M0P6_700,700,XPIO,NA,HIGH,YES
AK47,IO_L4N_N1P3_M0P9_700,700,XPIO,NA,HIGH,YES
AK46,IO_L4P_N1P2_M0P8_700,700,XPIO,NA,HIGH,YES
AE47,IO_L5N_N1P5_M0P11_700,700,XPIO,NA,HIGH,YES
AD47,IO_L5P_N1P4_M0P10_700,700,XPIO,NA,HIGH,YES
AG44,IO_L6N_GC_XCC_N2P1_M0P13_700,700,XPIO,NA,HIGH,YES_PLUS_GC
AH43,IO_L6P_GC_XCC_N2P0_M0P12_700,700,XPIO,NA,HIGH,YES_PLUS_GC
AE44,IO_L7N_N2P3_M0P15_700,700,XPIO,NA,HIGH,YES
AD44,IO_L7P_N2P2_M0P14_700,700,XPIO,NA,HIGH,YES
AJ45,IO_L8N_N2P5_M0P17_700,700,XPIO,NA,HIGH,YES
AJ44,IO_L8P_N2P4_M0P16_700,700,XPIO,NA,HIGH,YES
AG45,IO_L9N_GC_XCC_N3P1_M0P19_700,700,XPIO,NA,HIGH,YES_PLUS_GC
AH45,IO_L9P_GC_XCC_N3P0_M0P18_700,700,XPIO,NA,HIGH,YES_PLUS_GC
AL28,IO_VR_700,700,XPIO,NA,HIGH,YES
AH42,VCCO_700,700,NA,NA,HIGH,NA
AJ42,VCCO_700,700,NA,NA,HIGH,NA
AJ43,VCCO_700,700,NA,NA,HIGH,NA
AP47,IO_L0N_XCC_N0P1_M0P55_701,701,XPIO,NA,HIGH,YES
AN46,IO_L0P_XCC_N0P0_M0P54_701,701,XPIO,NA,HIGH,YES
AU46,IO_L10N_N3P3_M0P75_701,701,XPIO,NA,HIGH,YES
AU45,IO_L10P_N3P2_M0P74_701,701,XPIO,NA,HIGH,YES
AR45,IO_L11N_N3P5_M0P77_701,701,XPIO,NA,HIGH,YES
AR44,IO_L11P_N3P4_M0P76_701,701,XPIO,NA,HIGH,YES
AK41,IO_L12N_GC_XCC_N4P1_M0P79_701,701,XPIO,NA,HIGH,YES_PLUS_GC
AK40,IO_L12P_GC_XCC_N4P0_M0P78_701,701,XPIO,NA,HIGH,YES_PLUS_GC
AK38,IO_L13N_N4P3_M0P81_701,701,XPIO,NA,HIGH,YES
AK37,IO_L13P_N4P2_M0P80_701,701,XPIO,NA,HIGH,YES
AM41,IO_L14N_N4P5_M0P83_701,701,XPIO,NA,HIGH,YES
AL41,IO_L14P_N4P4_M0P82_701,701,XPIO,NA,HIGH,YES
AK39,IO_L15N_XCC_N5P1_M0P85_701,701,XPIO,NA,HIGH,YES
AL39,IO_L15P_XCC_N5P0_M0P84_701,701,XPIO,NA,HIGH,YES
AM40,IO_L16N_N5P3_M0P87_701,701,XPIO,NA,HIGH,YES
AM39,IO_L16P_N5P2_M0P86_701,701,XPIO,NA,HIGH,YES
AM38,IO_L17N_N5P5_M0P89_701,701,XPIO,NA,HIGH,YES
AL37,IO_L17P_N5P4_M0P88_701,701,XPIO,NA,HIGH,YES
AP41,IO_L18N_XCC_N6P1_M0P91_701,701,XPIO,NA,HIGH,YES
AP40,IO_L18P_XCC_N6P0_M0P90_701,701,XPIO,NA,HIGH,YES
AN38,IO_L19N_N6P3_M0P93_701,701,XPIO,NA,HIGH,YES
AM37,IO_L19P_N6P2_M0P92_701,701,XPIO,NA,HIGH,YES
AL47,IO_L1N_N0P3_M0P57_701,701,XPIO,NA,HIGH,YES
AL46,IO_L1P_N0P2_M0P56_701,701,XPIO,NA,HIGH,YES
AT39,IO_L20N_N6P5_M0P95_701,701,XPIO,NA,HIGH,YES
AR39,IO_L20P_N6P4_M0P94_701,701,XPIO,NA,HIGH,YES
AR41,IO_L21N_XCC_N7P1_M0P97_701,701,XPIO,NA,HIGH,YES
AR42,IO_L21P_XCC_N7P0_M0P96_701,701,XPIO,NA,HIGH,YES
AT41,IO_L22N_N7P3_M0P99_701,701,XPIO,NA,HIGH,YES
AT40,IO_L22P_N7P2_M0P98_701,701,XPIO,NA,HIGH,YES
AN40,IO_L23N_N7P5_M0P101_701,701,XPIO,NA,HIGH,YES
AP39,IO_L23P_N7P4_M0P100_701,701,XPIO,NA,HIGH,YES
AN43,IO_L24N_GC_XCC_N8P1_M0P103_701,701,XPIO,NA,HIGH,YES_PLUS_GC
AM43,IO_L24P_GC_XCC_N8P0_M0P102_701,701,XPIO,NA,HIGH,YES_PLUS_GC
AL42,IO_L25N_N8P3_M0P105_701,701,XPIO,NA,HIGH,YES
AK42,IO_L25P_N8P2_M0P104_701,701,XPIO,NA,HIGH,YES
AP42,IO_L26N_N8P5_M0P107_701,701,XPIO,NA,HIGH,YES
AN42,IO_L26P_N8P4_M0P106_701,701,XPIO,NA,HIGH,YES
AM45,IO_L2N_N0P5_M0P59_701,701,XPIO,NA,HIGH,YES
AM44,IO_L2P_N0P4_M0P58_701,701,XPIO,NA,HIGH,YES
AN45,IO_L3N_XCC_N1P1_M0P61_701,701,XPIO,NA,HIGH,YES
AP45,IO_L3P_XCC_N1P0_M0P60_701,701,XPIO,NA,HIGH,YES
AL44,IO_L4N_N1P3_M0P63_701,701,XPIO,NA,HIGH,YES
AL43,IO_L4P_N1P2_M0P62_701,701,XPIO,NA,HIGH,YES
AN47,IO_L5N_N1P5_M0P65_701,701,XPIO,NA,HIGH,YES
AM46,IO_L5P_N1P4_M0P64_701,701,XPIO,NA,HIGH,YES
AT46,IO_L6N_GC_XCC_N2P1_M0P67_701,701,XPIO,NA,HIGH,YES_PLUS_GC
AR46,IO_L6P_GC_XCC_N2P0_M0P66_701,701,XPIO,NA,HIGH,YES_PLUS_GC
AP44,IO_L7N_N2P3_M0P69_701,701,XPIO,NA,HIGH,YES
AP43,IO_L7P_N2P2_M0P68_701,701,XPIO,NA,HIGH,YES
AU44,IO_L8N_N2P5_M0P71_701,701,XPIO,NA,HIGH,YES
AT44,IO_L8P_N2P4_M0P70_701,701,XPIO,NA,HIGH,YES
AR47,IO_L9N_GC_XCC_N3P1_M0P73_701,701,XPIO,NA,HIGH,YES_PLUS_GC
AT47,IO_L9P_GC_XCC_N3P0_M0P72_701,701,XPIO,NA,HIGH,YES_PLUS_GC
AT42,VCCO_701,701,NA,NA,HIGH,NA
AT43,VCCO_701,701,NA,NA,HIGH,NA
AU43,VCCO_701,701,NA,NA,HIGH,NA
BA46,IO_L0N_XCC_N0P1_M0P109_702,702,XPIO,NA,HIGH,YES
AY47,IO_L0P_XCC_N0P0_M0P108_702,702,XPIO,NA,HIGH,YES
BE45,IO_L10N_N3P3_M0P129_702,702,XPIO,NA,HIGH,YES
BD44,IO_L10P_N3P2_M0P128_702,702,XPIO,NA,HIGH,YES
AW45,IO_L11N_N3P5_M0P131_702,702,XPIO,NA,HIGH,YES
AY44,IO_L11P_N3P4_M0P130_702,702,XPIO,NA,HIGH,YES
BA43,IO_L12N_GC_XCC_N4P1_M0P133_702,702,XPIO,NA,HIGH,NO
AY42,IO_L12P_GC_XCC_N4P0_M0P132_702,702,XPIO,NA,HIGH,NO
AV43,IO_L13N_N4P3_M0P135_702,702,XPIO,NA,HIGH,NO
AV42,IO_L13P_N4P2_M0P134_702,702,XPIO,NA,HIGH,NO
BC43,IO_L14N_N4P5_M0P137_702,702,XPIO,NA,HIGH,NO
BC42,IO_L14P_N4P4_M0P136_702,702,XPIO,NA,HIGH,NO
BA42,IO_L15N_XCC_N5P1_M0P139_702,702,XPIO,NA,HIGH,NO
BB43,IO_L15P_XCC_N5P0_M0P138_702,702,XPIO,NA,HIGH,NO
BE42,IO_L16N_N5P3_M0P141_702,702,XPIO,NA,HIGH,NO
BD42,IO_L16P_N5P2_M0P140_702,702,XPIO,NA,HIGH,NO
AW43,IO_L17N_N5P5_M0P143_702,702,XPIO,NA,HIGH,NO
AW42,IO_L17P_N5P4_M0P142_702,702,XPIO,NA,HIGH,NO
BA41,IO_L18N_XCC_N6P1_M0P145_702,702,XPIO,NA,HIGH,NO
AY41,IO_L18P_XCC_N6P0_M0P144_702,702,XPIO,NA,HIGH,NO
AV41,IO_L19N_N6P3_M0P147_702,702,XPIO,NA,HIGH,NO
AU41,IO_L19P_N6P2_M0P146_702,702,XPIO,NA,HIGH,NO
AV47,IO_L1N_N0P3_M0P111_702,702,XPIO,NA,HIGH,YES
AV46,IO_L1P_N0P2_M0P110_702,702,XPIO,NA,HIGH,YES
BF41,IO_L20N_N6P5_M0P149_702,702,XPIO,NA,HIGH,NO
BE41,IO_L20P_N6P4_M0P148_702,702,XPIO,NA,HIGH,NO
BB41,IO_L21N_XCC_N7P1_M0P151_702,702,XPIO,NA,HIGH,NO
BC41,IO_L21P_XCC_N7P0_M0P150_702,702,XPIO,NA,HIGH,NO
BF42,IO_L22N_N7P3_M0P153_702,702,XPIO,NA,HIGH,NO
BG41,IO_L22P_N7P2_M0P152_702,702,XPIO,NA,HIGH,NO
AW41,IO_L23N_N7P5_M0P155_702,702,XPIO,NA,HIGH,NO
AW40,IO_L23P_N7P4_M0P154_702,702,XPIO,NA,HIGH,NO
BF44,IO_L24N_GC_XCC_N8P1_M0P157_702,702,XPIO,NA,HIGH,NO
BF43,IO_L24P_GC_XCC_N8P0_M0P156_702,702,XPIO,NA,HIGH,NO
BE44,IO_L25N_N8P3_M0P159_702,702,XPIO,NA,HIGH,NO
BD43,IO_L25P_N8P2_M0P158_702,702,XPIO,NA,HIGH,NO
BG44,IO_L26N_N8P5_M0P161_702,702,XPIO,NA,HIGH,NO
BG43,IO_L26P_N8P4_M0P160_702,702,XPIO,NA,HIGH,NO
BC47,IO_L2N_N0P5_M0P113_702,702,XPIO,NA,HIGH,YES
BC46,IO_L2P_N0P4_M0P112_702,702,XPIO,NA,HIGH,YES
BA47,IO_L3N_XCC_N1P1_M0P115_702,702,XPIO,NA,HIGH,YES
BB46,IO_L3P_XCC_N1P0_M0P114_702,702,XPIO,NA,HIGH,YES
BD47,IO_L4N_N1P3_M0P117_702,702,XPIO,NA,HIGH,YES
BE46,IO_L4P_N1P2_M0P116_702,702,XPIO,NA,HIGH,YES
AW47,IO_L5N_N1P5_M0P119_702,702,XPIO,NA,HIGH,YES
AY46,IO_L5P_N1P4_M0P118_702,702,XPIO,NA,HIGH,YES
BA44,IO_L6N_GC_XCC_N2P1_M0P121_702,702,XPIO,NA,HIGH,YES_PLUS_GC
AY45,IO_L6P_GC_XCC_N2P0_M0P120_702,702,XPIO,NA,HIGH,YES_PLUS_GC
AV45,IO_L7N_N2P3_M0P123_702,702,XPIO,NA,HIGH,YES
AW44,IO_L7P_N2P2_M0P122_702,702,XPIO,NA,HIGH,YES
BD45,IO_L8N_N2P5_M0P125_702,702,XPIO,NA,HIGH,YES
BC45,IO_L8P_N2P4_M0P124_702,702,XPIO,NA,HIGH,YES
BB45,IO_L9N_GC_XCC_N3P1_M0P127_702,702,XPIO,NA,HIGH,YES_PLUS_GC
BB44,IO_L9P_GC_XCC_N3P0_M0P126_702,702,XPIO,NA,HIGH,YES_PLUS_GC
AU39,VCCO_702,702,NA,NA,HIGH,NA
AU40,VCCO_702,702,NA,NA,HIGH,NA
AV39,VCCO_702,702,NA,NA,HIGH,NA
BG38,IO_L0N_XCC_N0P1_M1P1_703,703,XPIO,NA,HIGH,NO
BF39,IO_L0P_XCC_N0P0_M1P0_703,703,XPIO,NA,HIGH,NO
BC35,IO_L10N_N3P3_M1P21_703,703,XPIO,NA,HIGH,NO
BB35,IO_L10P_N3P2_M1P20_703,703,XPIO,NA,HIGH,NO
BC38,IO_L11N_N3P5_M1P23_703,703,XPIO,NA,HIGH,NO
BB38,IO_L11P_N3P4_M1P22_703,703,XPIO,NA,HIGH,NO
AW37,IO_L12N_GC_XCC_N4P1_M1P25_703,703,XPIO,NA,HIGH,NO
AV38,IO_L12P_GC_XCC_N4P0_M1P24_703,703,XPIO,NA,HIGH,NO
AY39,IO_L13N_N4P3_M1P27_703,703,XPIO,NA,HIGH,NO
AW39,IO_L13P_N4P2_M1P26_703,703,XPIO,NA,HIGH,NO
AY35,IO_L14N_N4P5_M1P29_703,703,XPIO,NA,HIGH,NO
AW35,IO_L14P_N4P4_M1P28_703,703,XPIO,NA,HIGH,NO
AV37,IO_L15N_XCC_N5P1_M1P31_703,703,XPIO,NA,HIGH,NO
AW36,IO_L15P_XCC_N5P0_M1P30_703,703,XPIO,NA,HIGH,NO
AV35,IO_L16N_N5P3_M1P33_703,703,XPIO,NA,HIGH,NO
AU35,IO_L16P_N5P2_M1P32_703,703,XPIO,NA,HIGH,NO
AU36,IO_L17N_N5P5_M1P35_703,703,XPIO,NA,HIGH,NO
AU37,IO_L17P_N5P4_M1P34_703,703,XPIO,NA,HIGH,NO
AT37,IO_L18N_XCC_N6P1_M1P37_703,703,XPIO,NA,HIGH,NO
AT38,IO_L18P_XCC_N6P0_M1P36_703,703,XPIO,NA,HIGH,NO
AM35,IO_L19N_N6P3_M1P39_703,703,XPIO,NA,HIGH,NO
AM36,IO_L19P_N6P2_M1P38_703,703,XPIO,NA,HIGH,NO
BE39,IO_L1N_N0P3_M1P3_703,703,XPIO,NA,HIGH,NO
BE40,IO_L1P_N0P2_M1P2_703,703,XPIO,NA,HIGH,NO
AT35,IO_L20N_N6P5_M1P41_703,703,XPIO,NA,HIGH,NO
AR35,IO_L20P_N6P4_M1P40_703,703,XPIO,NA,HIGH,NO
AP37,IO_L21N_XCC_N7P1_M1P43_703,703,XPIO,NA,HIGH,NO
AR36,IO_L21P_XCC_N7P0_M1P42_703,703,XPIO,NA,HIGH,NO
AP36,IO_L22N_N7P3_M1P45_703,703,XPIO,NA,HIGH,NO
AN35,IO_L22P_N7P2_M1P44_703,703,XPIO,NA,HIGH,NO
AR37,IO_L23N_N7P5_M1P47_703,703,XPIO,NA,HIGH,NO
AP38,IO_L23P_N7P4_M1P46_703,703,XPIO,NA,HIGH,NO
BA37,IO_L24N_GC_XCC_N8P1_M1P49_703,703,XPIO,NA,HIGH,NO
AY37,IO_L24P_GC_XCC_N8P0_M1P48_703,703,XPIO,NA,HIGH,NO
BA39,IO_L25N_N8P3_M1P51_703,703,XPIO,NA,HIGH,NO
AY38,IO_L25P_N8P2_M1P50_703,703,XPIO,NA,HIGH,NO
BA35,IO_L26N_N8P5_M1P53_703,703,XPIO,NA,HIGH,NO
BA36,IO_L26P_N8P4_M1P52_703,703,XPIO,NA,HIGH,NO
BG36,IO_L2N_N0P5_M1P5_703,703,XPIO,NA,HIGH,NO
BF37,IO_L2P_N0P4_M1P4_703,703,XPIO,NA,HIGH,NO
BF38,IO_L3N_XCC_N1P1_M1P7_703,703,XPIO,NA,HIGH,NO
BE37,IO_L3P_XCC_N1P0_M1P6_703,703,XPIO,NA,HIGH,NO
BF36,IO_L4N_N1P3_M1P9_703,703,XPIO,NA,HIGH,NO
BE36,IO_L4P_N1P2_M1P8_703,703,XPIO,NA,HIGH,NO
BG39,IO_L5N_N1P5_M1P11_703,703,XPIO,NA,HIGH,NO
BG40,IO_L5P_N1P4_M1P10_703,703,XPIO,NA,HIGH,NO
BD38,IO_L6N_GC_XCC_N2P1_M1P13_703,703,XPIO,NA,HIGH,NO
BD39,IO_L6P_GC_XCC_N2P0_M1P12_703,703,XPIO,NA,HIGH,NO
BD40,IO_L7N_N2P3_M1P15_703,703,XPIO,NA,HIGH,NO
BC40,IO_L7P_N2P2_M1P14_703,703,XPIO,NA,HIGH,NO
BC36,IO_L8N_N2P5_M1P17_703,703,XPIO,NA,HIGH,NO
BB36,IO_L8P_N2P4_M1P16_703,703,XPIO,NA,HIGH,NO
BC37,IO_L9N_GC_XCC_N3P1_M1P19_703,703,XPIO,NA,HIGH,NO
BD37,IO_L9P_GC_XCC_N3P0_M1P18_703,703,XPIO,NA,HIGH,NO
BA40,VCCO_703,703,NA,NA,HIGH,NA
BB39,VCCO_703,703,NA,NA,HIGH,NA
BB40,VCCO_703,703,NA,NA,HIGH,NA
BG33,IO_L0N_XCC_N0P1_M1P55_704,704,XPIO,NA,HIGH,NO
BF33,IO_L0P_XCC_N0P0_M1P54_704,704,XPIO,NA,HIGH,NO
BG31,IO_L10N_N3P3_M1P75_704,704,XPIO,NA,HIGH,NO
BF31,IO_L10P_N3P2_M1P74_704,704,XPIO,NA,HIGH,NO
BC32,IO_L11N_N3P5_M1P77_704,704,XPIO,NA,HIGH,NO
BB33,IO_L11P_N3P4_M1P76_704,704,XPIO,NA,HIGH,NO
AT34,IO_L12N_GC_XCC_N4P1_M1P79_704,704,XPIO,NA,HIGH,NO
AR33,IO_L12P_GC_XCC_N4P0_M1P78_704,704,XPIO,NA,HIGH,NO
AP34,IO_L13N_N4P3_M1P81_704,704,XPIO,NA,HIGH,NO
AN34,IO_L13P_N4P2_M1P80_704,704,XPIO,NA,HIGH,NO
AV34,IO_L14N_N4P5_M1P83_704,704,XPIO,NA,HIGH,NO
AU33,IO_L14P_N4P4_M1P82_704,704,XPIO,NA,HIGH,NO
AT32,IO_L15N_XCC_N5P1_M1P85_704,704,XPIO,NA,HIGH,NO
AU32,IO_L15P_XCC_N5P0_M1P84_704,704,XPIO,NA,HIGH,NO
AW33,IO_L16N_N5P3_M1P87_704,704,XPIO,NA,HIGH,NO
AV33,IO_L16P_N5P2_M1P86_704,704,XPIO,NA,HIGH,NO
AR32,IO_L17N_N5P5_M1P89_704,704,XPIO,NA,HIGH,NO
AP33,IO_L17P_N5P4_M1P88_704,704,XPIO,NA,HIGH,NO
AP31,IO_L18N_XCC_N6P1_M1P91_704,704,XPIO,NA,HIGH,NO
AN32,IO_L18P_XCC_N6P0_M1P90_704,704,XPIO,NA,HIGH,NO
AM32,IO_L19N_N6P3_M1P93_704,704,XPIO,NA,HIGH,NO
AM33,IO_L19P_N6P2_M1P92_704,704,XPIO,NA,HIGH,NO
BF34,IO_L1N_N0P3_M1P57_704,704,XPIO,NA,HIGH,NO
BE35,IO_L1P_N0P2_M1P56_704,704,XPIO,NA,HIGH,NO
AV30,IO_L20N_N6P5_M1P95_704,704,XPIO,NA,HIGH,NO
AV31,IO_L20P_N6P4_M1P94_704,704,XPIO,NA,HIGH,NO
AP30,IO_L21N_XCC_N7P1_M1P97_704,704,XPIO,NA,HIGH,NO
AR30,IO_L21P_XCC_N7P0_M1P96_704,704,XPIO,NA,HIGH,NO
AU31,IO_L22N_N7P3_M1P99_704,704,XPIO,NA,HIGH,NO
AT31,IO_L22P_N7P2_M1P98_704,704,XPIO,NA,HIGH,NO
AN31,IO_L23N_N7P5_M1P101_704,704,XPIO,NA,HIGH,NO
AM30,IO_L23P_N7P4_M1P100_704,704,XPIO,NA,HIGH,NO
BA31,IO_L24N_GC_XCC_N8P1_M1P103_704,704,XPIO,NA,HIGH,NO
AY31,IO_L24P_GC_XCC_N8P0_M1P102_704,704,XPIO,NA,HIGH,NO
BA32,IO_L25N_N8P3_M1P105_704,704,XPIO,NA,HIGH,NO
BA33,IO_L25P_N8P2_M1P104_704,704,XPIO,NA,HIGH,NO
AY30,IO_L26N_N8P5_M1P107_704,704,XPIO,NA,HIGH,NO
AW31,IO_L26P_N8P4_M1P106_704,704,XPIO,NA,HIGH,NO
BD34,IO_L2N_N0P5_M1P59_704,704,XPIO,NA,HIGH,NO
BD35,IO_L2P_N0P4_M1P58_704,704,XPIO,NA,HIGH,NO
BE34,IO_L3N_XCC_N1P1_M1P61_704,704,XPIO,NA,HIGH,NO
BD33,IO_L3P_XCC_N1P0_M1P60_704,704,XPIO,NA,HIGH,NO
BC33,IO_L4N_N1P3_M1P63_704,704,XPIO,NA,HIGH,NO
BB34,IO_L4P_N1P2_M1P62_704,704,XPIO,NA,HIGH,NO
BG34,IO_L5N_N1P5_M1P65_704,704,XPIO,NA,HIGH,NO
BG35,IO_L5P_N1P4_M1P64_704,704,XPIO,NA,HIGH,NO
BC30,IO_L6N_GC_XCC_N2P1_M1P67_704,704,XPIO,NA,HIGH,NO
BC31,IO_L6P_GC_XCC_N2P0_M1P66_704,704,XPIO,NA,HIGH,NO
BB30,IO_L7N_N2P3_M1P69_704,704,XPIO,NA,HIGH,NO
BB31,IO_L7P_N2P2_M1P68_704,704,XPIO,NA,HIGH,NO
BF32,IO_L8N_N2P5_M1P71_704,704,XPIO,NA,HIGH,NO
BE32,IO_L8P_N2P4_M1P70_704,704,XPIO,NA,HIGH,NO
BD32,IO_L9N_GC_XCC_N3P1_M1P73_704,704,XPIO,NA,HIGH,NO
BE31,IO_L9P_GC_XCC_N3P0_M1P72_704,704,XPIO,NA,HIGH,NO
AW32,VCCO_704,704,NA,NA,HIGH,NA
AY33,VCCO_704,704,NA,NA,HIGH,NA
AY34,VCCO_704,704,NA,NA,HIGH,NA
BG28,IO_L0N_XCC_N0P1_M1P109_705,705,XPIO,NA,HIGH,NO
BF29,IO_L0P_XCC_N0P0_M1P108_705,705,XPIO,NA,HIGH,NO
BA27,IO_L10N_N3P3_M1P129_705,705,XPIO,NA,HIGH,NO
BA28,IO_L10P_N3P2_M1P128_705,705,XPIO,NA,HIGH,NO
BD29,IO_L11N_N3P5_M1P131_705,705,XPIO,NA,HIGH,NO
BD30,IO_L11P_N3P4_M1P130_705,705,XPIO,NA,HIGH,NO
AV27,IO_L12N_GC_XCC_N4P1_M1P133_705,705,XPIO,NA,HIGH,NO
AU28,IO_L12P_GC_XCC_N4P0_M1P132_705,705,XPIO,NA,HIGH,NO
AU29,IO_L13N_N4P3_M1P135_705,705,XPIO,NA,HIGH,NO
AT29,IO_L13P_N4P2_M1P134_705,705,XPIO,NA,HIGH,NO
AT25,IO_L14N_N4P5_M1P137_705,705,XPIO,NA,HIGH,NO
AT26,IO_L14P_N4P4_M1P136_705,705,XPIO,NA,HIGH,NO
AU27,IO_L15N_XCC_N5P1_M1P139_705,705,XPIO,NA,HIGH,NO
AV26,IO_L15P_XCC_N5P0_M1P138_705,705,XPIO,NA,HIGH,NO
AV25,IO_L16N_N5P3_M1P141_705,705,XPIO,NA,HIGH,NO
AU25,IO_L16P_N5P2_M1P140_705,705,XPIO,NA,HIGH,NO
AT28,IO_L17N_N5P5_M1P143_705,705,XPIO,NA,HIGH,NO
AR29,IO_L17P_N5P4_M1P142_705,705,XPIO,NA,HIGH,NO
AR27,IO_L18N_XCC_N6P1_M1P145_705,705,XPIO,NA,HIGH,NO
AP28,IO_L18P_XCC_N6P0_M1P144_705,705,XPIO,NA,HIGH,NO
AN29,IO_L19N_N6P3_M1P147_705,705,XPIO,NA,HIGH,NO
AM29,IO_L19P_N6P2_M1P146_705,705,XPIO,NA,HIGH,NO
BE29,IO_L1N_N0P3_M1P111_705,705,XPIO,NA,HIGH,NO
BE30,IO_L1P_N0P2_M1P110_705,705,XPIO,NA,HIGH,NO
AN26,IO_L20N_N6P5_M1P149_705,705,XPIO,NA,HIGH,NO
AM26,IO_L20P_N6P4_M1P148_705,705,XPIO,NA,HIGH,NO
AP27,IO_L21N_XCC_N7P1_M1P151_705,705,XPIO,NA,HIGH,NO
AR26,IO_L21P_XCC_N7P0_M1P150_705,705,XPIO,NA,HIGH,NO
AP25,IO_L22N_N7P3_M1P153_705,705,XPIO,NA,HIGH,NO
AN25,IO_L22P_N7P2_M1P152_705,705,XPIO,NA,HIGH,NO
AN28,IO_L23N_N7P5_M1P155_705,705,XPIO,NA,HIGH,NO
AM27,IO_L23P_N7P4_M1P154_705,705,XPIO,NA,HIGH,NO
AY27,IO_L24N_GC_XCC_N8P1_M1P157_705,705,XPIO,NA,HIGH,NO
AW27,IO_L24P_GC_XCC_N8P0_M1P156_705,705,XPIO,NA,HIGH,NO
AW28,IO_L25N_N8P3_M1P159_705,705,XPIO,NA,HIGH,NO
AV29,IO_L25P_N8P2_M1P158_705,705,XPIO,NA,HIGH,NO
AY26,IO_L26N_N8P5_M1P161_705,705,XPIO,NA,HIGH,NO
AW25,IO_L26P_N8P4_M1P160_705,705,XPIO,NA,HIGH,NO
BF27,IO_L2N_N0P5_M1P113_705,705,XPIO,NA,HIGH,NO
BE26,IO_L2P_N0P4_M1P112_705,705,XPIO,NA,HIGH,NO
BF28,IO_L3N_XCC_N1P1_M1P115_705,705,XPIO,NA,HIGH,NO
BE27,IO_L3P_XCC_N1P0_M1P114_705,705,XPIO,NA,HIGH,NO
BG26,IO_L4N_N1P3_M1P117_705,705,XPIO,NA,HIGH,NO
BF26,IO_L4P_N1P2_M1P116_705,705,XPIO,NA,HIGH,NO
BG29,IO_L5N_N1P5_M1P119_705,705,XPIO,NA,HIGH,NO
BG30,IO_L5P_N1P4_M1P118_705,705,XPIO,NA,HIGH,NO
BD28,IO_L6N_GC_XCC_N2P1_M1P121_705,705,XPIO,NA,HIGH,NO
BC28,IO_L6P_GC_XCC_N2P0_M1P120_705,705,XPIO,NA,HIGH,NO
BB28,IO_L7N_N2P3_M1P123_705,705,XPIO,NA,HIGH,NO
BB29,IO_L7P_N2P2_M1P122_705,705,XPIO,NA,HIGH,NO
BC26,IO_L8N_N2P5_M1P125_705,705,XPIO,NA,HIGH,NO
BB26,IO_L8P_N2P4_M1P124_705,705,XPIO,NA,HIGH,NO
BC27,IO_L9N_GC_XCC_N3P1_M1P127_705,705,XPIO,NA,HIGH,NO
BD27,IO_L9P_GC_XCC_N3P0_M1P126_705,705,XPIO,NA,HIGH,NO
AW29,VCCO_705,705,NA,NA,HIGH,NA
AY29,VCCO_705,705,NA,NA,HIGH,NA
BA29,VCCO_705,705,NA,NA,HIGH,NA
BE22,IO_L0N_XCC_N0P1_M2P1_706,706,XPIO,NA,HIGH,NO
BF23,IO_L0P_XCC_N0P0_M2P0_706,706,XPIO,NA,HIGH,NO
BD20,IO_L10N_N3P3_M2P21_706,706,XPIO,NA,HIGH,NO
BC20,IO_L10P_N3P2_M2P20_706,706,XPIO,NA,HIGH,NO
BD25,IO_L11N_N3P5_M2P23_706,706,XPIO,NA,HIGH,NO
BC25,IO_L11P_N3P4_M2P22_706,706,XPIO,NA,HIGH,NO
AW23,IO_L12N_GC_XCC_N4P1_M2P25_706,706,XPIO,NA,HIGH,NO
AV23,IO_L12P_GC_XCC_N4P0_M2P24_706,706,XPIO,NA,HIGH,NO
AU23,IO_L13N_N4P3_M2P27_706,706,XPIO,NA,HIGH,NO
AU24,IO_L13P_N4P2_M2P26_706,706,XPIO,NA,HIGH,NO
AW21,IO_L14N_N4P5_M2P29_706,706,XPIO,NA,HIGH,NO
AV22,IO_L14P_N4P4_M2P28_706,706,XPIO,NA,HIGH,NO
AY23,IO_L15N_XCC_N5P1_M2P31_706,706,XPIO,NA,HIGH,NO
AY22,IO_L15P_XCC_N5P0_M2P30_706,706,XPIO,NA,HIGH,NO
AV21,IO_L16N_N5P3_M2P33_706,706,XPIO,NA,HIGH,NO
AU21,IO_L16P_N5P2_M2P32_706,706,XPIO,NA,HIGH,NO
AY25,IO_L17N_N5P5_M2P35_706,706,XPIO,NA,HIGH,NO
AW24,IO_L17P_N5P4_M2P34_706,706,XPIO,NA,HIGH,NO
AR23,IO_L18N_XCC_N6P1_M2P37_706,706,XPIO,NA,HIGH,NO
AT23,IO_L18P_XCC_N6P0_M2P36_706,706,XPIO,NA,HIGH,NO
AM23,IO_L19N_N6P3_M2P39_706,706,XPIO,NA,HIGH,NO
AM24,IO_L19P_N6P2_M2P38_706,706,XPIO,NA,HIGH,NO
BG24,IO_L1N_N0P3_M2P3_706,706,XPIO,NA,HIGH,NO
BG25,IO_L1P_N0P2_M2P2_706,706,XPIO,NA,HIGH,NO
AP21,IO_L20N_N6P5_M2P41_706,706,XPIO,NA,HIGH,NO
AP22,IO_L20P_N6P4_M2P40_706,706,XPIO,NA,HIGH,NO
AT22,IO_L21N_XCC_N7P1_M2P43_706,706,XPIO,NA,HIGH,NO
AR21,IO_L21P_XCC_N7P0_M2P42_706,706,XPIO,NA,HIGH,NO
AN22,IO_L22N_N7P3_M2P45_706,706,XPIO,NA,HIGH,NO
AN23,IO_L22P_N7P2_M2P44_706,706,XPIO,NA,HIGH,NO
AR24,IO_L23N_N7P5_M2P47_706,706,XPIO,NA,HIGH,NO
AP24,IO_L23P_N7P4_M2P46_706,706,XPIO,NA,HIGH,NO
BB24,IO_L24N_GC_XCC_N8P1_M2P49_706,706,XPIO,NA,HIGH,NO
BA24,IO_L24P_GC_XCC_N8P0_M2P48_706,706,XPIO,NA,HIGH,NO
BB25,IO_L25N_N8P3_M2P51_706,706,XPIO,NA,HIGH,NO
BA25,IO_L25P_N8P2_M2P50_706,706,XPIO,NA,HIGH,NO
BB23,IO_L26N_N8P5_M2P53_706,706,XPIO,NA,HIGH,NO
BA23,IO_L26P_N8P4_M2P52_706,706,XPIO,NA,HIGH,NO
BG20,IO_L2N_N0P5_M2P5_706,706,XPIO,NA,HIGH,NO
BF21,IO_L2P_N0P4_M2P4_706,706,XPIO,NA,HIGH,NO
BF22,IO_L3N_XCC_N1P1_M2P7_706,706,XPIO,NA,HIGH,NO
BG21,IO_L3P_XCC_N1P0_M2P6_706,706,XPIO,NA,HIGH,NO
BE20,IO_L4N_N1P3_M2P9_706,706,XPIO,NA,HIGH,NO
BE21,IO_L4P_N1P2_M2P8_706,706,XPIO,NA,HIGH,NO
BG23,IO_L5N_N1P5_M2P11_706,706,XPIO,NA,HIGH,NO
BF24,IO_L5P_N1P4_M2P10_706,706,XPIO,NA,HIGH,NO
BD24,IO_L6N_GC_XCC_N2P1_M2P13_706,706,XPIO,NA,HIGH,NO
BD23,IO_L6P_GC_XCC_N2P0_M2P12_706,706,XPIO,NA,HIGH,NO
BE24,IO_L7N_N2P3_M2P15_706,706,XPIO,NA,HIGH,NO
BE25,IO_L7P_N2P2_M2P14_706,706,XPIO,NA,HIGH,NO
BC21,IO_L8N_N2P5_M2P17_706,706,XPIO,NA,HIGH,NO
BC22,IO_L8P_N2P4_M2P16_706,706,XPIO,NA,HIGH,NO
BD22,IO_L9N_GC_XCC_N3P1_M2P19_706,706,XPIO,NA,HIGH,NO
BC23,IO_L9P_GC_XCC_N3P0_M2P18_706,706,XPIO,NA,HIGH,NO
AY21,VCCO_706,706,NA,NA,HIGH,NA
BA21,VCCO_706,706,NA,NA,HIGH,NA
BB21,VCCO_706,706,NA,NA,HIGH,NA
BD19,IO_L0N_XCC_N0P1_M2P55_707,707,XPIO,NA,HIGH,NO
BE19,IO_L0P_XCC_N0P0_M2P54_707,707,XPIO,NA,HIGH,NO
BG16,IO_L10N_N3P3_M2P75_707,707,XPIO,NA,HIGH,NO
BF16,IO_L10P_N3P2_M2P74_707,707,XPIO,NA,HIGH,NO
BC17,IO_L11N_N3P5_M2P77_707,707,XPIO,NA,HIGH,NO
BB18,IO_L11P_N3P4_M2P76_707,707,XPIO,NA,HIGH,NO
AP18,IO_L12N_GC_XCC_N4P1_M2P79_707,707,XPIO,NA,HIGH,NO
AP19,IO_L12P_GC_XCC_N4P0_M2P78_707,707,XPIO,NA,HIGH,NO
AM20,IO_L13N_N4P3_M2P81_707,707,XPIO,NA,HIGH,NO
AM21,IO_L13P_N4P2_M2P80_707,707,XPIO,NA,HIGH,NO
AT19,IO_L14N_N4P5_M2P83_707,707,XPIO,NA,HIGH,NO
AR18,IO_L14P_N4P4_M2P82_707,707,XPIO,NA,HIGH,NO
AR20,IO_L15N_XCC_N5P1_M2P85_707,707,XPIO,NA,HIGH,NO
AT20,IO_L15P_XCC_N5P0_M2P84_707,707,XPIO,NA,HIGH,NO
AU19,IO_L16N_N5P3_M2P87_707,707,XPIO,NA,HIGH,NO
AU20,IO_L16P_N5P2_M2P86_707,707,XPIO,NA,HIGH,NO
AN19,IO_L17N_N5P5_M2P89_707,707,XPIO,NA,HIGH,NO
AN20,IO_L17P_N5P4_M2P88_707,707,XPIO,NA,HIGH,NO
AR17,IO_L18N_XCC_N6P1_M2P91_707,707,XPIO,NA,HIGH,NO
AT16,IO_L18P_XCC_N6P0_M2P90_707,707,XPIO,NA,HIGH,NO
AN17,IO_L19N_N6P3_M2P93_707,707,XPIO,NA,HIGH,NO
AM18,IO_L19P_N6P2_M2P92_707,707,XPIO,NA,HIGH,NO
BB19,IO_L1N_N0P3_M2P57_707,707,XPIO,NA,HIGH,NO
BB20,IO_L1P_N0P2_M2P56_707,707,XPIO,NA,HIGH,NO
AV17,IO_L20N_N6P5_M2P95_707,707,XPIO,NA,HIGH,NO
AU17,IO_L20P_N6P4_M2P94_707,707,XPIO,NA,HIGH,NO
AP16,IO_L21N_XCC_N7P1_M2P97_707,707,XPIO,NA,HIGH,NO
AN16,IO_L21P_XCC_N7P0_M2P96_707,707,XPIO,NA,HIGH,NO
AU16,IO_L22N_N7P3_M2P99_707,707,XPIO,NA,HIGH,NO
AT17,IO_L22P_N7P2_M2P98_707,707,XPIO,NA,HIGH,NO
AM17,IO_L23N_N7P5_M2P101_707,707,XPIO,NA,HIGH,NO
AL16,IO_L23P_N7P4_M2P100_707,707,XPIO,NA,HIGH,NO
AY18,IO_L24N_GC_XCC_N8P1_M2P103_707,707,XPIO,NA,HIGH,NO
AW19,IO_L24P_GC_XCC_N8P0_M2P102_707,707,XPIO,NA,HIGH,NO
AY19,IO_L25N_N8P3_M2P105_707,707,XPIO,NA,HIGH,NO
AW20,IO_L25P_N8P2_M2P104_707,707,XPIO,NA,HIGH,NO
AV18,IO_L26N_N8P5_M2P107_707,707,XPIO,NA,HIGH,NO
AV19,IO_L26P_N8P4_M2P106_707,707,XPIO,NA,HIGH,NO
BG19,IO_L2N_N0P5_M2P59_707,707,XPIO,NA,HIGH,NO
BF19,IO_L2P_N0P4_M2P58_707,707,XPIO,NA,HIGH,NO
BD18,IO_L3N_XCC_N1P1_M2P61_707,707,XPIO,NA,HIGH,NO
BC18,IO_L3P_XCC_N1P0_M2P60_707,707,XPIO,NA,HIGH,NO
BG18,IO_L4N_N1P3_M2P63_707,707,XPIO,NA,HIGH,NO
BF18,IO_L4P_N1P2_M2P62_707,707,XPIO,NA,HIGH,NO
BA19,IO_L5N_N1P5_M2P65_707,707,XPIO,NA,HIGH,NO
BA20,IO_L5P_N1P4_M2P64_707,707,XPIO,NA,HIGH,NO
BC16,IO_L6N_GC_XCC_N2P1_M2P67_707,707,XPIO,NA,HIGH,NO
BB16,IO_L6P_GC_XCC_N2P0_M2P66_707,707,XPIO,NA,HIGH,NO
BA16,IO_L7N_N2P3_M2P69_707,707,XPIO,NA,HIGH,NO
BA17,IO_L7P_N2P2_M2P68_707,707,XPIO,NA,HIGH,NO
BF17,IO_L8N_N2P5_M2P71_707,707,XPIO,NA,HIGH,NO
BE16,IO_L8P_N2P4_M2P70_707,707,XPIO,NA,HIGH,NO
BD17,IO_L9N_GC_XCC_N3P1_M2P73_707,707,XPIO,NA,HIGH,NO
BE17,IO_L9P_GC_XCC_N3P0_M2P72_707,707,XPIO,NA,HIGH,NO
AW16,VCCO_707,707,NA,NA,HIGH,NA
AW17,VCCO_707,707,NA,NA,HIGH,NA
AY17,VCCO_707,707,NA,NA,HIGH,NA
BG13,IO_L0N_XCC_N0P1_M2P109_708,708,XPIO,NA,HIGH,NO
BF14,IO_L0P_XCC_N0P0_M2P108_708,708,XPIO,NA,HIGH,NO
BC11,IO_L10N_N3P3_M2P129_708,708,XPIO,NA,HIGH,NO
BB11,IO_L10P_N3P2_M2P128_708,708,XPIO,NA,HIGH,NO
BD14,IO_L11N_N3P5_M2P131_708,708,XPIO,NA,HIGH,NO
BD15,IO_L11P_N3P4_M2P130_708,708,XPIO,NA,HIGH,NO
AV13,IO_L12N_GC_XCC_N4P1_M2P133_708,708,XPIO,NA,HIGH,NO
AU13,IO_L12P_GC_XCC_N4P0_M2P132_708,708,XPIO,NA,HIGH,NO
AU15,IO_L13N_N4P3_M2P135_708,708,XPIO,NA,HIGH,NO
AT14,IO_L13P_N4P2_M2P134_708,708,XPIO,NA,HIGH,NO
AU11,IO_L14N_N4P5_M2P137_708,708,XPIO,NA,HIGH,NO
AU12,IO_L14P_N4P4_M2P136_708,708,XPIO,NA,HIGH,NO
AW13,IO_L15N_XCC_N5P1_M2P139_708,708,XPIO,NA,HIGH,NO
AW12,IO_L15P_XCC_N5P0_M2P138_708,708,XPIO,NA,HIGH,NO
AW11,IO_L16N_N5P3_M2P141_708,708,XPIO,NA,HIGH,NO
AV11,IO_L16P_N5P2_M2P140_708,708,XPIO,NA,HIGH,NO
AV14,IO_L17N_N5P5_M2P143_708,708,XPIO,NA,HIGH,NO
AV15,IO_L17P_N5P4_M2P142_708,708,XPIO,NA,HIGH,NO
AT13,IO_L18N_XCC_N6P1_M2P145_708,708,XPIO,NA,HIGH,NO
AR14,IO_L18P_XCC_N6P0_M2P144_708,708,XPIO,NA,HIGH,NO
AR15,IO_L19N_N6P3_M2P147_708,708,XPIO,NA,HIGH,NO
AP15,IO_L19P_N6P2_M2P146_708,708,XPIO,NA,HIGH,NO
BE14,IO_L1N_N0P3_M2P111_708,708,XPIO,NA,HIGH,NO
BE15,IO_L1P_N0P2_M2P110_708,708,XPIO,NA,HIGH,NO
AR12,IO_L20N_N6P5_M2P149_708,708,XPIO,NA,HIGH,NO
AP11,IO_L20P_N6P4_M2P148_708,708,XPIO,NA,HIGH,NO
AN13,IO_L21N_XCC_N7P1_M2P151_708,708,XPIO,NA,HIGH,NO
AP12,IO_L21P_XCC_N7P0_M2P150_708,708,XPIO,NA,HIGH,NO
AT11,IO_L22N_N7P3_M2P153_708,708,XPIO,NA,HIGH,NO
AR11,IO_L22P_N7P2_M2P152_708,708,XPIO,NA,HIGH,NO
AP13,IO_L23N_N7P5_M2P155_708,708,XPIO,NA,HIGH,NO
AN14,IO_L23P_N7P4_M2P154_708,708,XPIO,NA,HIGH,NO
BA12,IO_L24N_GC_XCC_N8P1_M2P157_708,708,XPIO,NA,HIGH,NO
AY13,IO_L24P_GC_XCC_N8P0_M2P156_708,708,XPIO,NA,HIGH,NO
BA13,IO_L25N_N8P3_M2P159_708,708,XPIO,NA,HIGH,NO
AY14,IO_L25P_N8P2_M2P158_708,708,XPIO,NA,HIGH,NO
BA11,IO_L26N_N8P5_M2P161_708,708,XPIO,NA,HIGH,NO
AY11,IO_L26P_N8P4_M2P160_708,708,XPIO,NA,HIGH,NO
BF12,IO_L2N_N0P5_M2P113_708,708,XPIO,NA,HIGH,NO
BE11,IO_L2P_N0P4_M2P112_708,708,XPIO,NA,HIGH,NO
BF13,IO_L3N_XCC_N1P1_M2P115_708,708,XPIO,NA,HIGH,NO
BE12,IO_L3P_XCC_N1P0_M2P114_708,708,XPIO,NA,HIGH,NO
BG11,IO_L4N_N1P3_M2P117_708,708,XPIO,NA,HIGH,NO
BF11,IO_L4P_N1P2_M2P116_708,708,XPIO,NA,HIGH,NO
BG14,IO_L5N_N1P5_M2P119_708,708,XPIO,NA,HIGH,NO
BG15,IO_L5P_N1P4_M2P118_708,708,XPIO,NA,HIGH,NO
BB13,IO_L6N_GC_XCC_N2P1_M2P121_708,708,XPIO,NA,HIGH,NO
BB14,IO_L6P_GC_XCC_N2P0_M2P120_708,708,XPIO,NA,HIGH,NO
BC15,IO_L7N_N2P3_M2P123_708,708,XPIO,NA,HIGH,NO
BB15,IO_L7P_N2P2_M2P122_708,708,XPIO,NA,HIGH,NO
BD12,IO_L8N_N2P5_M2P125_708,708,XPIO,NA,HIGH,NO
BC12,IO_L8P_N2P4_M2P124_708,708,XPIO,NA,HIGH,NO
BD13,IO_L9N_GC_XCC_N3P1_M2P127_708,708,XPIO,NA,HIGH,NO
BC13,IO_L9P_GC_XCC_N3P0_M2P126_708,708,XPIO,NA,HIGH,NO
AW15,VCCO_708,708,NA,NA,HIGH,NA
AY15,VCCO_708,708,NA,NA,HIGH,NA
BA15,VCCO_708,708,NA,NA,HIGH,NA
BC1,IO_L0N_XCC_N0P1_M3P1_709,709,XPIO,NA,HIGH,NO
BC2,IO_L0P_XCC_N0P0_M3P0_709,709,XPIO,NA,HIGH,NO
AY4,IO_L10N_N3P3_M3P21_709,709,XPIO,NA,HIGH,NO
AY5,IO_L10P_N3P2_M3P20_709,709,XPIO,NA,HIGH,NO
BE4,IO_L11N_N3P5_M3P23_709,709,XPIO,NA,HIGH,NO
BF4,IO_L11P_N3P4_M3P22_709,709,XPIO,NA,HIGH,NO
BC6,IO_L12N_GC_XCC_N4P1_M3P25_709,709,XPIO,NA,HIGH,NO
BD7,IO_L12P_GC_XCC_N4P0_M3P24_709,709,XPIO,NA,HIGH,NO
BF7,IO_L13N_N4P3_M3P27_709,709,XPIO,NA,HIGH,NO
BF8,IO_L13P_N4P2_M3P26_709,709,XPIO,NA,HIGH,NO
BA8,IO_L14N_N4P5_M3P29_709,709,XPIO,NA,HIGH,NO
BB8,IO_L14P_N4P4_M3P28_709,709,XPIO,NA,HIGH,NO
BC7,IO_L15N_XCC_N5P1_M3P31_709,709,XPIO,NA,HIGH,NO
BC8,IO_L15P_XCC_N5P0_M3P30_709,709,XPIO,NA,HIGH,NO
AY6,IO_L16N_N5P3_M3P33_709,709,XPIO,NA,HIGH,NO
AY7,IO_L16P_N5P2_M3P32_709,709,XPIO,NA,HIGH,NO
BE7,IO_L17N_N5P5_M3P35_709,709,XPIO,NA,HIGH,NO
BD8,IO_L17P_N5P4_M3P34_709,709,XPIO,NA,HIGH,NO
BE10,IO_L18N_XCC_N6P1_M3P37_709,709,XPIO,NA,HIGH,NO
BE9,IO_L18P_XCC_N6P0_M3P36_709,709,XPIO,NA,HIGH,NO
BG8,IO_L19N_N6P3_M3P39_709,709,XPIO,NA,HIGH,NO
BG9,IO_L19P_N6P2_M3P38_709,709,XPIO,NA,HIGH,NO
BE2,IO_L1N_N0P3_M3P3_709,709,XPIO,NA,HIGH,NO
BF3,IO_L1P_N0P2_M3P2_709,709,XPIO,NA,HIGH,NO
BB9,IO_L20N_N6P5_M3P41_709,709,XPIO,NA,HIGH,NO
BC10,IO_L20P_N6P4_M3P40_709,709,XPIO,NA,HIGH,NO
BD9,IO_L21N_XCC_N7P1_M3P43_709,709,XPIO,NA,HIGH,NO
BD10,IO_L21P_XCC_N7P0_M3P42_709,709,XPIO,NA,HIGH,NO
BA9,IO_L22N_N7P3_M3P45_709,709,XPIO,NA,HIGH,NO
BB10,IO_L22P_N7P2_M3P44_709,709,XPIO,NA,HIGH,NO
BF9,IO_L23N_N7P5_M3P47_709,709,XPIO,NA,HIGH,NO
BG10,IO_L23P_N7P4_M3P46_709,709,XPIO,NA,HIGH,NO
BE5,IO_L24N_GC_XCC_N8P1_M3P49_709,709,XPIO,NA,HIGH,NO
BE6,IO_L24P_GC_XCC_N8P0_M3P48_709,709,XPIO,NA,HIGH,NO
BF6,IO_L25N_N8P3_M3P51_709,709,XPIO,NA,HIGH,NO
BG6,IO_L25P_N8P2_M3P50_709,709,XPIO,NA,HIGH,NO
BC5,IO_L26N_N8P5_M3P53_709,709,XPIO,NA,HIGH,NO
BD5,IO_L26P_N8P4_M3P52_709,709,XPIO,NA,HIGH,NO
BA2,IO_L2N_N0P5_M3P5_709,709,XPIO,NA,HIGH,NO
BA3,IO_L2P_N0P4_M3P4_709,709,XPIO,NA,HIGH,NO
BB1,IO_L3N_XCC_N1P1_M3P7_709,709,XPIO,NA,HIGH,NO
BA1,IO_L3P_XCC_N1P0_M3P6_709,709,XPIO,NA,HIGH,NO
AY1,IO_L4N_N1P3_M3P9_709,709,XPIO,NA,HIGH,NO
AY2,IO_L4P_N1P2_M3P8_709,709,XPIO,NA,HIGH,NO
BD2,IO_L5N_N1P5_M3P11_709,709,XPIO,NA,HIGH,NO
BD3,IO_L5P_N1P4_M3P10_709,709,XPIO,NA,HIGH,NO
BC3,IO_L6N_GC_XCC_N2P1_M3P13_709,709,XPIO,NA,HIGH,NO
BD4,IO_L6P_GC_XCC_N2P0_M3P12_709,709,XPIO,NA,HIGH,NO
BG4,IO_L7N_N2P3_M3P15_709,709,XPIO,NA,HIGH,NO
BG5,IO_L7P_N2P2_M3P14_709,709,XPIO,NA,HIGH,NO
BA4,IO_L8N_N2P5_M3P17_709,709,XPIO,NA,HIGH,NO
BB5,IO_L8P_N2P4_M3P16_709,709,XPIO,NA,HIGH,NO
BB4,IO_L9N_GC_XCC_N3P1_M3P19_709,709,XPIO,NA,HIGH,NO
BB3,IO_L9P_GC_XCC_N3P0_M3P18_709,709,XPIO,NA,HIGH,NO
BA6,VCCO_709,709,NA,NA,HIGH,NA
BA7,VCCO_709,709,NA,NA,HIGH,NA
BB6,VCCO_709,709,NA,NA,HIGH,NA
AT1,IO_L0N_XCC_N0P1_M3P55_710,710,XPIO,NA,HIGH,NO
AT2,IO_L0P_XCC_N0P0_M3P54_710,710,XPIO,NA,HIGH,NO
AM1,IO_L10N_N3P3_M3P75_710,710,XPIO,NA,HIGH,NO
AN2,IO_L10P_N3P2_M3P74_710,710,XPIO,NA,HIGH,NO
AP3,IO_L11N_N3P5_M3P77_710,710,XPIO,NA,HIGH,NO
AP4,IO_L11P_N3P4_M3P76_710,710,XPIO,NA,HIGH,NO
AW8,IO_L12N_GC_XCC_N4P1_M3P79_710,710,XPIO,NA,HIGH,NO
AV9,IO_L12P_GC_XCC_N4P0_M3P78_710,710,XPIO,NA,HIGH,NO
AW9,IO_L13N_N4P3_M3P81_710,710,XPIO,NA,HIGH,NO
AV10,IO_L13P_N4P2_M3P80_710,710,XPIO,NA,HIGH,NO
AV7,IO_L14N_N4P5_M3P83_710,710,XPIO,NA,HIGH,NO
AW7,IO_L14P_N4P4_M3P82_710,710,XPIO,NA,HIGH,NO
AU9,IO_L15N_XCC_N5P1_M3P85_710,710,XPIO,NA,HIGH,NO
AU8,IO_L15P_XCC_N5P0_M3P84_710,710,XPIO,NA,HIGH,NO
AU6,IO_L16N_N5P3_M3P87_710,710,XPIO,NA,HIGH,NO
AV6,IO_L16P_N5P2_M3P86_710,710,XPIO,NA,HIGH,NO
AY9,IO_L17N_N5P5_M3P89_710,710,XPIO,NA,HIGH,NO
AY10,IO_L17P_N5P4_M3P88_710,710,XPIO,NA,HIGH,NO
AT7,IO_L18N_XCC_N6P1_M3P91_710,710,XPIO,NA,HIGH,NO
AT8,IO_L18P_XCC_N6P0_M3P90_710,710,XPIO,NA,HIGH,NO
AN10,IO_L19N_N6P3_M3P93_710,710,XPIO,NA,HIGH,NO
AP10,IO_L19P_N6P2_M3P92_710,710,XPIO,NA,HIGH,NO
AV2,IO_L1N_N0P3_M3P57_710,710,XPIO,NA,HIGH,NO
AW2,IO_L1P_N0P2_M3P56_710,710,XPIO,NA,HIGH,NO
AR7,IO_L20N_N6P5_M3P95_710,710,XPIO,NA,HIGH,NO
AP8,IO_L20P_N6P4_M3P94_710,710,XPIO,NA,HIGH,NO
AR9,IO_L21N_XCC_N7P1_M3P97_710,710,XPIO,NA,HIGH,NO
AP9,IO_L21P_XCC_N7P0_M3P96_710,710,XPIO,NA,HIGH,NO
AP7,IO_L22N_N7P3_M3P99_710,710,XPIO,NA,HIGH,NO
AN8,IO_L22P_N7P2_M3P98_710,710,XPIO,NA,HIGH,NO
AT9,IO_L23N_N7P5_M3P101_710,710,XPIO,NA,HIGH,NO
AT10,IO_L23P_N7P4_M3P100_710,710,XPIO,NA,HIGH,NO
AP5,IO_L24N_GC_XCC_N8P1_M3P103_710,710,XPIO,NA,HIGH,NO
AR5,IO_L24P_GC_XCC_N8P0_M3P102_710,710,XPIO,NA,HIGH,NO
AR6,IO_L25N_N8P3_M3P105_710,710,XPIO,NA,HIGH,NO
AT6,IO_L25P_N8P2_M3P104_710,710,XPIO,NA,HIGH,NO
AN5,IO_L26N_N8P5_M3P107_710,710,XPIO,NA,HIGH,NO
AN6,IO_L26P_N8P4_M3P106_710,710,XPIO,NA,HIGH,NO
AV3,IO_L2N_N0P5_M3P59_710,710,XPIO,NA,HIGH,NO
AW3,IO_L2P_N0P4_M3P58_710,710,XPIO,NA,HIGH,NO
AU3,IO_L3N_XCC_N1P1_M3P61_710,710,XPIO,NA,HIGH,NO
AT3,IO_L3P_XCC_N1P0_M3P60_710,710,XPIO,NA,HIGH,NO
AW4,IO_L4N_N1P3_M3P63_710,710,XPIO,NA,HIGH,NO
AW5,IO_L4P_N1P2_M3P62_710,710,XPIO,NA,HIGH,NO
AU1,IO_L5N_N1P5_M3P65_710,710,XPIO,NA,HIGH,NO
AV1,IO_L5P_N1P4_M3P64_710,710,XPIO,NA,HIGH,NO
AM3,IO_L6N_GC_XCC_N2P1_M3P67_710,710,XPIO,NA,HIGH,NO
AN3,IO_L6P_GC_XCC_N2P0_M3P66_710,710,XPIO,NA,HIGH,NO
AR4,IO_L7N_N2P3_M3P69_710,710,XPIO,NA,HIGH,NO
AT4,IO_L7P_N2P2_M3P68_710,710,XPIO,NA,HIGH,NO
AN1,IO_L8N_N2P5_M3P71_710,710,XPIO,NA,HIGH,NO
AP2,IO_L8P_N2P4_M3P70_710,710,XPIO,NA,HIGH,NO
AR1,IO_L9N_GC_XCC_N3P1_M3P73_710,710,XPIO,NA,HIGH,NO
AR2,IO_L9P_GC_XCC_N3P0_M3P72_710,710,XPIO,NA,HIGH,NO
AU4,VCCO_710,710,NA,NA,HIGH,NA
AU5,VCCO_710,710,NA,NA,HIGH,NA
AV5,VCCO_710,710,NA,NA,HIGH,NA
AK1,IO_L0N_XCC_N0P1_M3P109_711,711,XPIO,NA,HIGH,YES
AK2,IO_L0P_XCC_N0P0_M3P108_711,711,XPIO,NA,HIGH,YES
AH6,IO_L10N_N3P3_M3P129_711,711,XPIO,NA,HIGH,YES
AH7,IO_L10P_N3P2_M3P128_711,711,XPIO,NA,HIGH,YES
AL4,IO_L11N_N3P5_M3P131_711,711,XPIO,NA,HIGH,YES
AM5,IO_L11P_N3P4_M3P130_711,711,XPIO,NA,HIGH,YES
AK11,IO_L12N_GC_XCC_N4P1_M3P133_711,711,XPIO,NA,HIGH,YES_PLUS_GC
AL11,IO_L12P_GC_XCC_N4P0_M3P132_711,711,XPIO,NA,HIGH,YES_PLUS_GC
AM10,IO_L13N_N4P3_M3P135_711,711,XPIO,NA,HIGH,YES
AM11,IO_L13P_N4P2_M3P134_711,711,XPIO,NA,HIGH,YES
AH9,IO_L14N_N4P5_M3P137_711,711,XPIO,NA,HIGH,YES
AJ10,IO_L14P_N4P4_M3P136_711,711,XPIO,NA,HIGH,YES
AK9,IO_L15N_XCC_N5P1_M3P139_711,711,XPIO,NA,HIGH,YES
AK10,IO_L15P_XCC_N5P0_M3P138_711,711,XPIO,NA,HIGH,YES
AH10,IO_L16N_N5P3_M3P141_711,711,XPIO,NA,HIGH,YES
AH11,IO_L16P_N5P2_M3P140_711,711,XPIO,NA,HIGH,YES
AL12,IO_L17N_N5P5_M3P143_711,711,XPIO,NA,HIGH,YES
AM12,IO_L17P_N5P4_M3P142_711,711,XPIO,NA,HIGH,YES
AJ14,IO_L18N_XCC_N6P1_M3P145_711,711,XPIO,NA,HIGH,YES
AK14,IO_L18P_XCC_N6P0_M3P144_711,711,XPIO,NA,HIGH,YES
AL15,IO_L19N_N6P3_M3P147_711,711,XPIO,NA,HIGH,YES
AM15,IO_L19P_N6P2_M3P146_711,711,XPIO,NA,HIGH,YES
AL3,IO_L1N_N0P3_M3P111_711,711,XPIO,NA,HIGH,YES
AM4,IO_L1P_N0P2_M3P110_711,711,XPIO,NA,HIGH,YES
AH15,IO_L20N_N6P5_M3P149_711,711,XPIO,NA,HIGH,YES
AJ15,IO_L20P_N6P4_M3P148_711,711,XPIO,NA,HIGH,YES
AK13,IO_L21N_XCC_N7P1_M3P151_711,711,XPIO,NA,HIGH,YES
AJ12,IO_L21P_XCC_N7P0_M3P150_711,711,XPIO,NA,HIGH,YES
AH12,IO_L22N_N7P3_M3P153_711,711,XPIO,NA,HIGH,YES
AH13,IO_L22P_N7P2_M3P152_711,711,XPIO,NA,HIGH,YES
AL13,IO_L23N_N7P5_M3P155_711,711,XPIO,NA,HIGH,YES
AM14,IO_L23P_N7P4_M3P154_711,711,XPIO,NA,HIGH,YES
AK7,IO_L24N_GC_XCC_N8P1_M3P157_711,711,XPIO,NA,HIGH,YES_PLUS_GC
AK8,IO_L24P_GC_XCC_N8P0_M3P156_711,711,XPIO,NA,HIGH,YES_PLUS_GC
AL7,IO_L25N_N8P3_M3P159_711,711,XPIO,NA,HIGH,YES
AM7,IO_L25P_N8P2_M3P158_711,711,XPIO,NA,HIGH,YES
AH8,IO_L26N_N8P5_M3P161_711,711,XPIO,NA,HIGH,YES
AJ8,IO_L26P_N8P4_M3P160_711,711,XPIO,NA,HIGH,YES
AH1,IO_L2N_N0P5_M3P113_711,711,XPIO,NA,HIGH,YES
AH2,IO_L2P_N0P4_M3P112_711,711,XPIO,NA,HIGH,YES
AJ3,IO_L3N_XCC_N1P1_M3P115_711,711,XPIO,NA,HIGH,YES
AJ2,IO_L3P_XCC_N1P0_M3P114_711,711,XPIO,NA,HIGH,YES
AH3,IO_L4N_N1P3_M3P117_711,711,XPIO,NA,HIGH,YES
AG4,IO_L4P_N1P2_M3P116_711,711,XPIO,NA,HIGH,YES
AL1,IO_L5N_N1P5_M3P119_711,711,XPIO,NA,HIGH,YES
AL2,IO_L5P_N1P4_M3P118_711,711,XPIO,NA,HIGH,YES
AK5,IO_L6N_GC_XCC_N2P1_M3P121_711,711,XPIO,NA,HIGH,YES_PLUS_GC
AK6,IO_L6P_GC_XCC_N2P0_M3P120_711,711,XPIO,NA,HIGH,YES_PLUS_GC
AL6,IO_L7N_N2P3_M3P123_711,711,XPIO,NA,HIGH,YES
AM6,IO_L7P_N2P2_M3P122_711,711,XPIO,NA,HIGH,YES
AH5,IO_L8N_N2P5_M3P125_711,711,XPIO,NA,HIGH,YES
AJ5,IO_L8P_N2P4_M3P124_711,711,XPIO,NA,HIGH,YES
AK4,IO_L9N_GC_XCC_N3P1_M3P127_711,711,XPIO,NA,HIGH,YES_PLUS_GC
AJ4,IO_L9P_GC_XCC_N3P0_M3P126_711,711,XPIO,NA,HIGH,YES_PLUS_GC
AL9,VCCO_711,711,NA,NA,HIGH,NA
AM8,VCCO_711,711,NA,NA,HIGH,NA
AM9,VCCO_711,711,NA,NA,HIGH,NA
A10,GND,NA,NA,NA,NA,NA
A11,GND,NA,NA,NA,NA,NA
A14,GND,NA,NA,NA,NA,NA
A16,GND,NA,NA,NA,NA,NA
A21,GND,NA,NA,NA,NA,NA
A3,GND,NA,NA,NA,NA,NA
A31,GND,NA,NA,NA,NA,NA
A36,GND,NA,NA,NA,NA,NA
A4,GND,NA,NA,NA,NA,NA
A40,GND,NA,NA,NA,NA,NA
A41,GND,NA,NA,NA,NA,NA
A42,GND,NA,NA,NA,NA,NA
A45,GND,NA,NA,NA,NA,NA
A5,GND,NA,NA,NA,NA,NA
A6,GND,NA,NA,NA,NA,NA
A7,GND,NA,NA,NA,NA,NA
AA1,GND,NA,NA,NA,NA,NA
AA10,GND,NA,NA,NA,NA,NA
AA12,GND,NA,NA,NA,NA,NA
AA14,GND,NA,NA,NA,NA,NA
AA15,GND,NA,NA,NA,NA,NA
AA17,GND,NA,NA,NA,NA,NA
AA19,GND,NA,NA,NA,NA,NA
AA2,GND,NA,NA,NA,NA,NA
AA29,GND,NA,NA,NA,NA,NA
AA31,GND,NA,NA,NA,NA,NA
AA35,GND,NA,NA,NA,NA,NA
AA37,GND,NA,NA,NA,NA,NA
AA38,GND,NA,NA,NA,NA,NA
AA42,GND,NA,NA,NA,NA,NA
AA43,GND,NA,NA,NA,NA,NA
AA46,GND,NA,NA,NA,NA,NA
AA47,GND,NA,NA,NA,NA,NA
AA5,GND,NA,NA,NA,NA,NA
AA6,GND,NA,NA,NA,NA,NA
AA7,GND,NA,NA,NA,NA,NA
AB14,GND,NA,NA,NA,NA,NA
AB16,GND,NA,NA,NA,NA,NA
AB18,GND,NA,NA,NA,NA,NA
AB20,GND,NA,NA,NA,NA,NA
AB28,GND,NA,NA,NA,NA,NA
AB3,GND,NA,NA,NA,NA,NA
AB30,GND,NA,NA,NA,NA,NA
AB34,GND,NA,NA,NA,NA,NA
AB36,GND,NA,NA,NA,NA,NA
AB38,GND,NA,NA,NA,NA,NA
AB39,GND,NA,NA,NA,NA,NA
AB4,GND,NA,NA,NA,NA,NA
AB40,GND,NA,NA,NA,NA,NA
AB43,GND,NA,NA,NA,NA,NA
AB44,GND,NA,NA,NA,NA,NA
AB45,GND,NA,NA,NA,NA,NA
AB5,GND,NA,NA,NA,NA,NA
AB8,GND,NA,NA,NA,NA,NA
AB9,GND,NA,NA,NA,NA,NA
AC1,GND,NA,NA,NA,NA,NA
AC10,GND,NA,NA,NA,NA,NA
AC12,GND,NA,NA,NA,NA,NA
AC14,GND,NA,NA,NA,NA,NA
AC15,GND,NA,NA,NA,NA,NA
AC17,GND,NA,NA,NA,NA,NA
AC19,GND,NA,NA,NA,NA,NA
AC2,GND,NA,NA,NA,NA,NA
AC29,GND,NA,NA,NA,NA,NA
AC31,GND,NA,NA,NA,NA,NA
AC35,GND,NA,NA,NA,NA,NA
AC38,GND,NA,NA,NA,NA,NA
AC40,GND,NA,NA,NA,NA,NA
AC41,GND,NA,NA,NA,NA,NA
AC42,GND,NA,NA,NA,NA,NA
AC43,GND,NA,NA,NA,NA,NA
AC44,GND,NA,NA,NA,NA,NA
AC45,GND,NA,NA,NA,NA,NA
AC46,GND,NA,NA,NA,NA,NA
AC47,GND,NA,NA,NA,NA,NA
AC5,GND,NA,NA,NA,NA,NA
AC6,GND,NA,NA,NA,NA,NA
AC7,GND,NA,NA,NA,NA,NA
AD14,GND,NA,NA,NA,NA,NA
AD16,GND,NA,NA,NA,NA,NA
AD18,GND,NA,NA,NA,NA,NA
AD20,GND,NA,NA,NA,NA,NA
AD28,GND,NA,NA,NA,NA,NA
AD3,GND,NA,NA,NA,NA,NA
AD30,GND,NA,NA,NA,NA,NA
AD32,GND,NA,NA,NA,NA,NA
AD34,GND,NA,NA,NA,NA,NA
AD4,GND,NA,NA,NA,NA,NA
AD46,GND,NA,NA,NA,NA,NA
AD5,GND,NA,NA,NA,NA,NA
AD8,GND,NA,NA,NA,NA,NA
AD9,GND,NA,NA,NA,NA,NA
AE1,GND,NA,NA,NA,NA,NA
AE10,GND,NA,NA,NA,NA,NA
AE12,GND,NA,NA,NA,NA,NA
AE14,GND,NA,NA,NA,NA,NA
AE15,GND,NA,NA,NA,NA,NA
AE17,GND,NA,NA,NA,NA,NA
AE19,GND,NA,NA,NA,NA,NA
AE2,GND,NA,NA,NA,NA,NA
AE29,GND,NA,NA,NA,NA,NA
AE31,GND,NA,NA,NA,NA,NA
AE33,GND,NA,NA,NA,NA,NA
AE36,GND,NA,NA,NA,NA,NA
AE37,GND,NA,NA,NA,NA,NA
AE39,GND,NA,NA,NA,NA,NA
AE41,GND,NA,NA,NA,NA,NA
AE43,GND,NA,NA,NA,NA,NA
AE5,GND,NA,NA,NA,NA,NA
AE6,GND,NA,NA,NA,NA,NA
AE7,GND,NA,NA,NA,NA,NA
AF14,GND,NA,NA,NA,NA,NA
AF16,GND,NA,NA,NA,NA,NA
AF18,GND,NA,NA,NA,NA,NA
AF20,GND,NA,NA,NA,NA,NA
AF28,GND,NA,NA,NA,NA,NA
AF3,GND,NA,NA,NA,NA,NA
AF30,GND,NA,NA,NA,NA,NA
AF32,GND,NA,NA,NA,NA,NA
AF35,GND,NA,NA,NA,NA,NA
AF4,GND,NA,NA,NA,NA,NA
AF45,GND,NA,NA,NA,NA,NA
AF5,GND,NA,NA,NA,NA,NA
AF8,GND,NA,NA,NA,NA,NA
AF9,GND,NA,NA,NA,NA,NA
AG1,GND,NA,NA,NA,NA,NA
AG10,GND,NA,NA,NA,NA,NA
AG11,GND,NA,NA,NA,NA,NA
AG12,GND,NA,NA,NA,NA,NA
AG13,GND,NA,NA,NA,NA,NA
AG14,GND,NA,NA,NA,NA,NA
AG17,GND,NA,NA,NA,NA,NA
AG19,GND,NA,NA,NA,NA,NA
AG2,GND,NA,NA,NA,NA,NA
AG29,GND,NA,NA,NA,NA,NA
AG3,GND,NA,NA,NA,NA,NA
AG31,GND,NA,NA,NA,NA,NA
AG34,GND,NA,NA,NA,NA,NA
AG38,GND,NA,NA,NA,NA,NA
AG40,GND,NA,NA,NA,NA,NA
AG42,GND,NA,NA,NA,NA,NA
AG47,GND,NA,NA,NA,NA,NA
AG5,GND,NA,NA,NA,NA,NA
AG6,GND,NA,NA,NA,NA,NA
AG7,GND,NA,NA,NA,NA,NA
AG8,GND,NA,NA,NA,NA,NA
AG9,GND,NA,NA,NA,NA,NA
AH14,GND,NA,NA,NA,NA,NA
AH16,GND,NA,NA,NA,NA,NA
AH18,GND,NA,NA,NA,NA,NA
AH20,GND,NA,NA,NA,NA,NA
AH21,GND,NA,NA,NA,NA,NA
AH24,GND,NA,NA,NA,NA,NA
AH26,GND,NA,NA,NA,NA,NA
AH29,GND,NA,NA,NA,NA,NA
AH30,GND,NA,NA,NA,NA,NA
AH33,GND,NA,NA,NA,NA,NA
AH36,GND,NA,NA,NA,NA,NA
AH4,GND,NA,NA,NA,NA,NA
AH44,GND,NA,NA,NA,NA,NA
AJ1,GND,NA,NA,NA,NA,NA
AJ11,GND,NA,NA,NA,NA,NA
AJ13,GND,NA,NA,NA,NA,NA
AJ17,GND,NA,NA,NA,NA,NA
AJ19,GND,NA,NA,NA,NA,NA
AJ21,GND,NA,NA,NA,NA,NA
AJ24,GND,NA,NA,NA,NA,NA
AJ26,GND,NA,NA,NA,NA,NA
AJ29,GND,NA,NA,NA,NA,NA
AJ31,GND,NA,NA,NA,NA,NA
AJ32,GND,NA,NA,NA,NA,NA
AJ35,GND,NA,NA,NA,NA,NA
AJ37,GND,NA,NA,NA,NA,NA
AJ39,GND,NA,NA,NA,NA,NA
AJ41,GND,NA,NA,NA,NA,NA
AJ46,GND,NA,NA,NA,NA,NA
AJ6,GND,NA,NA,NA,NA,NA
AJ7,GND,NA,NA,NA,NA,NA
AJ9,GND,NA,NA,NA,NA,NA
AK12,GND,NA,NA,NA,NA,NA
AK15,GND,NA,NA,NA,NA,NA
AK16,GND,NA,NA,NA,NA,NA
AK18,GND,NA,NA,NA,NA,NA
AK20,GND,NA,NA,NA,NA,NA
AK22,GND,NA,NA,NA,NA,NA
AK24,GND,NA,NA,NA,NA,NA
AK26,GND,NA,NA,NA,NA,NA
AK28,GND,NA,NA,NA,NA,NA
AK3,GND,NA,NA,NA,NA,NA
AK30,GND,NA,NA,NA,NA,NA
AK34,GND,NA,NA,NA,NA,NA
AK43,GND,NA,NA,NA,NA,NA
AL10,GND,NA,NA,NA,NA,NA
AL14,GND,NA,NA,NA,NA,NA
AL17,GND,NA,NA,NA,NA,NA
AL19,GND,NA,NA,NA,NA,NA
AL21,GND,NA,NA,NA,NA,NA
AL23,GND,NA,NA,NA,NA,NA
AL25,GND,NA,NA,NA,NA,NA
AL27,GND,NA,NA,NA,NA,NA
AL29,GND,NA,NA,NA,NA,NA
AL31,GND,NA,NA,NA,NA,NA
AL33,GND,NA,NA,NA,NA,NA
AL36,GND,NA,NA,NA,NA,NA
AL38,GND,NA,NA,NA,NA,NA
AL40,GND,NA,NA,NA,NA,NA
AL45,GND,NA,NA,NA,NA,NA
AL5,GND,NA,NA,NA,NA,NA
AL8,GND,NA,NA,NA,NA,NA
AM13,GND,NA,NA,NA,NA,NA
AM16,GND,NA,NA,NA,NA,NA
AM19,GND,NA,NA,NA,NA,NA
AM2,GND,NA,NA,NA,NA,NA
AM22,GND,NA,NA,NA,NA,NA
AM25,GND,NA,NA,NA,NA,NA
AM28,GND,NA,NA,NA,NA,NA
AM31,GND,NA,NA,NA,NA,NA
AM34,GND,NA,NA,NA,NA,NA
AM42,GND,NA,NA,NA,NA,NA
AM47,GND,NA,NA,NA,NA,NA
AN11,GND,NA,NA,NA,NA,NA
AN12,GND,NA,NA,NA,NA,NA
AN15,GND,NA,NA,NA,NA,NA
AN18,GND,NA,NA,NA,NA,NA
AN21,GND,NA,NA,NA,NA,NA
AN24,GND,NA,NA,NA,NA,NA
AN27,GND,NA,NA,NA,NA,NA
AN30,GND,NA,NA,NA,NA,NA
AN33,GND,NA,NA,NA,NA,NA
AN36,GND,NA,NA,NA,NA,NA
AN37,GND,NA,NA,NA,NA,NA
AN39,GND,NA,NA,NA,NA,NA
AN4,GND,NA,NA,NA,NA,NA
AN41,GND,NA,NA,NA,NA,NA
AN44,GND,NA,NA,NA,NA,NA
AN7,GND,NA,NA,NA,NA,NA
AN9,GND,NA,NA,NA,NA,NA
AP1,GND,NA,NA,NA,NA,NA
AP14,GND,NA,NA,NA,NA,NA
AP17,GND,NA,NA,NA,NA,NA
AP20,GND,NA,NA,NA,NA,NA
AP23,GND,NA,NA,NA,NA,NA
AP26,GND,NA,NA,NA,NA,NA
AP29,GND,NA,NA,NA,NA,NA
AP32,GND,NA,NA,NA,NA,NA
AP35,GND,NA,NA,NA,NA,NA
AP46,GND,NA,NA,NA,NA,NA
AP6,GND,NA,NA,NA,NA,NA
AR10,GND,NA,NA,NA,NA,NA
AR13,GND,NA,NA,NA,NA,NA
AR16,GND,NA,NA,NA,NA,NA
AR19,GND,NA,NA,NA,NA,NA
AR22,GND,NA,NA,NA,NA,NA
AR25,GND,NA,NA,NA,NA,NA
AR28,GND,NA,NA,NA,NA,NA
AR3,GND,NA,NA,NA,NA,NA
AR31,GND,NA,NA,NA,NA,NA
AR34,GND,NA,NA,NA,NA,NA
AR38,GND,NA,NA,NA,NA,NA
AR40,GND,NA,NA,NA,NA,NA
AR43,GND,NA,NA,NA,NA,NA
AR8,GND,NA,NA,NA,NA,NA
AT12,GND,NA,NA,NA,NA,NA
AT15,GND,NA,NA,NA,NA,NA
AT18,GND,NA,NA,NA,NA,NA
AT21,GND,NA,NA,NA,NA,NA
AT24,GND,NA,NA,NA,NA,NA
AT27,GND,NA,NA,NA,NA,NA
AT30,GND,NA,NA,NA,NA,NA
AT33,GND,NA,NA,NA,NA,NA
AT36,GND,NA,NA,NA,NA,NA
AT45,GND,NA,NA,NA,NA,NA
AT5,GND,NA,NA,NA,NA,NA
AU10,GND,NA,NA,NA,NA,NA
AU14,GND,NA,NA,NA,NA,NA
AU18,GND,NA,NA,NA,NA,NA
AU2,GND,NA,NA,NA,NA,NA
AU22,GND,NA,NA,NA,NA,NA
AU26,GND,NA,NA,NA,NA,NA
AU30,GND,NA,NA,NA,NA,NA
AU34,GND,NA,NA,NA,NA,NA
AU38,GND,NA,NA,NA,NA,NA
AU42,GND,NA,NA,NA,NA,NA
AU47,GND,NA,NA,NA,NA,NA
AU7,GND,NA,NA,NA,NA,NA
AV12,GND,NA,NA,NA,NA,NA
AV16,GND,NA,NA,NA,NA,NA
AV20,GND,NA,NA,NA,NA,NA
AV24,GND,NA,NA,NA,NA,NA
AV28,GND,NA,NA,NA,NA,NA
AV32,GND,NA,NA,NA,NA,NA
AV36,GND,NA,NA,NA,NA,NA
AV4,GND,NA,NA,NA,NA,NA
AV40,GND,NA,NA,NA,NA,NA
AV44,GND,NA,NA,NA,NA,NA
AV8,GND,NA,NA,NA,NA,NA
AW1,GND,NA,NA,NA,NA,NA
AW10,GND,NA,NA,NA,NA,NA
AW14,GND,NA,NA,NA,NA,NA
AW18,GND,NA,NA,NA,NA,NA
AW22,GND,NA,NA,NA,NA,NA
AW26,GND,NA,NA,NA,NA,NA
AW30,GND,NA,NA,NA,NA,NA
AW34,GND,NA,NA,NA,NA,NA
AW38,GND,NA,NA,NA,NA,NA
AW46,GND,NA,NA,NA,NA,NA
AW6,GND,NA,NA,NA,NA,NA
AY12,GND,NA,NA,NA,NA,NA
AY16,GND,NA,NA,NA,NA,NA
AY20,GND,NA,NA,NA,NA,NA
AY24,GND,NA,NA,NA,NA,NA
AY28,GND,NA,NA,NA,NA,NA
AY3,GND,NA,NA,NA,NA,NA
AY32,GND,NA,NA,NA,NA,NA
AY36,GND,NA,NA,NA,NA,NA
AY40,GND,NA,NA,NA,NA,NA
AY43,GND,NA,NA,NA,NA,NA
AY8,GND,NA,NA,NA,NA,NA
B12,GND,NA,NA,NA,NA,NA
B13,GND,NA,NA,NA,NA,NA
B16,GND,NA,NA,NA,NA,NA
B18,GND,NA,NA,NA,NA,NA
B2,GND,NA,NA,NA,NA,NA
B3,GND,NA,NA,NA,NA,NA
B33,GND,NA,NA,NA,NA,NA
B38,GND,NA,NA,NA,NA,NA
B4,GND,NA,NA,NA,NA,NA
B40,GND,NA,NA,NA,NA,NA
B43,GND,NA,NA,NA,NA,NA
B44,GND,NA,NA,NA,NA,NA
B45,GND,NA,NA,NA,NA,NA
B46,GND,NA,NA,NA,NA,NA
B7,GND,NA,NA,NA,NA,NA
B8,GND,NA,NA,NA,NA,NA
B9,GND,NA,NA,NA,NA,NA
BA10,GND,NA,NA,NA,NA,NA
BA14,GND,NA,NA,NA,NA,NA
BA18,GND,NA,NA,NA,NA,NA
BA22,GND,NA,NA,NA,NA,NA
BA26,GND,NA,NA,NA,NA,NA
BA30,GND,NA,NA,NA,NA,NA
BA34,GND,NA,NA,NA,NA,NA
BA38,GND,NA,NA,NA,NA,NA
BA45,GND,NA,NA,NA,NA,NA
BA5,GND,NA,NA,NA,NA,NA
BB12,GND,NA,NA,NA,NA,NA
BB17,GND,NA,NA,NA,NA,NA
BB2,GND,NA,NA,NA,NA,NA
BB22,GND,NA,NA,NA,NA,NA
BB27,GND,NA,NA,NA,NA,NA
BB32,GND,NA,NA,NA,NA,NA
BB37,GND,NA,NA,NA,NA,NA
BB42,GND,NA,NA,NA,NA,NA
BB47,GND,NA,NA,NA,NA,NA
BB7,GND,NA,NA,NA,NA,NA
BC14,GND,NA,NA,NA,NA,NA
BC19,GND,NA,NA,NA,NA,NA
BC24,GND,NA,NA,NA,NA,NA
BC29,GND,NA,NA,NA,NA,NA
BC34,GND,NA,NA,NA,NA,NA
BC39,GND,NA,NA,NA,NA,NA
BC4,GND,NA,NA,NA,NA,NA
BC44,GND,NA,NA,NA,NA,NA
BC9,GND,NA,NA,NA,NA,NA
BD1,GND,NA,NA,NA,NA,NA
BD11,GND,NA,NA,NA,NA,NA
BD16,GND,NA,NA,NA,NA,NA
BD21,GND,NA,NA,NA,NA,NA
BD26,GND,NA,NA,NA,NA,NA
BD31,GND,NA,NA,NA,NA,NA
BD36,GND,NA,NA,NA,NA,NA
BD41,GND,NA,NA,NA,NA,NA
BD46,GND,NA,NA,NA,NA,NA
BD6,GND,NA,NA,NA,NA,NA
BE1,GND,NA,NA,NA,NA,NA
BE13,GND,NA,NA,NA,NA,NA
BE18,GND,NA,NA,NA,NA,NA
BE23,GND,NA,NA,NA,NA,NA
BE28,GND,NA,NA,NA,NA,NA
BE3,GND,NA,NA,NA,NA,NA
BE33,GND,NA,NA,NA,NA,NA
BE38,GND,NA,NA,NA,NA,NA
BE43,GND,NA,NA,NA,NA,NA
BE47,GND,NA,NA,NA,NA,NA
BE8,GND,NA,NA,NA,NA,NA
BF10,GND,NA,NA,NA,NA,NA
BF15,GND,NA,NA,NA,NA,NA
BF2,GND,NA,NA,NA,NA,NA
BF20,GND,NA,NA,NA,NA,NA
BF25,GND,NA,NA,NA,NA,NA
BF30,GND,NA,NA,NA,NA,NA
BF35,GND,NA,NA,NA,NA,NA
BF40,GND,NA,NA,NA,NA,NA
BF45,GND,NA,NA,NA,NA,NA
BF46,GND,NA,NA,NA,NA,NA
BF5,GND,NA,NA,NA,NA,NA
BG12,GND,NA,NA,NA,NA,NA
BG17,GND,NA,NA,NA,NA,NA
BG22,GND,NA,NA,NA,NA,NA
BG27,GND,NA,NA,NA,NA,NA
BG3,GND,NA,NA,NA,NA,NA
BG32,GND,NA,NA,NA,NA,NA
BG37,GND,NA,NA,NA,NA,NA
BG42,GND,NA,NA,NA,NA,NA
BG45,GND,NA,NA,NA,NA,NA
BG7,GND,NA,NA,NA,NA,NA
C1,GND,NA,NA,NA,NA,NA
C10,GND,NA,NA,NA,NA,NA
C11,GND,NA,NA,NA,NA,NA
C14,GND,NA,NA,NA,NA,NA
C16,GND,NA,NA,NA,NA,NA
C2,GND,NA,NA,NA,NA,NA
C20,GND,NA,NA,NA,NA,NA
C30,GND,NA,NA,NA,NA,NA
C35,GND,NA,NA,NA,NA,NA
C40,GND,NA,NA,NA,NA,NA
C41,GND,NA,NA,NA,NA,NA
C43,GND,NA,NA,NA,NA,NA
C46,GND,NA,NA,NA,NA,NA
C47,GND,NA,NA,NA,NA,NA
C5,GND,NA,NA,NA,NA,NA
C6,GND,NA,NA,NA,NA,NA
C7,GND,NA,NA,NA,NA,NA
D12,GND,NA,NA,NA,NA,NA
D16,GND,NA,NA,NA,NA,NA
D17,GND,NA,NA,NA,NA,NA
D3,GND,NA,NA,NA,NA,NA
D32,GND,NA,NA,NA,NA,NA
D37,GND,NA,NA,NA,NA,NA
D38,GND,NA,NA,NA,NA,NA
D39,GND,NA,NA,NA,NA,NA
D4,GND,NA,NA,NA,NA,NA
D40,GND,NA,NA,NA,NA,NA
D43,GND,NA,NA,NA,NA,NA
D44,GND,NA,NA,NA,NA,NA
D45,GND,NA,NA,NA,NA,NA
D7,GND,NA,NA,NA,NA,NA
D8,GND,NA,NA,NA,NA,NA
D9,GND,NA,NA,NA,NA,NA
E1,GND,NA,NA,NA,NA,NA
E10,GND,NA,NA,NA,NA,NA
E11,GND,NA,NA,NA,NA,NA
E14,GND,NA,NA,NA,NA,NA
E16,GND,NA,NA,NA,NA,NA
E19,GND,NA,NA,NA,NA,NA
E2,GND,NA,NA,NA,NA,NA
E34,GND,NA,NA,NA,NA,NA
E38,GND,NA,NA,NA,NA,NA
E42,GND,NA,NA,NA,NA,NA
E43,GND,NA,NA,NA,NA,NA
E46,GND,NA,NA,NA,NA,NA
E47,GND,NA,NA,NA,NA,NA
E5,GND,NA,NA,NA,NA,NA
E6,GND,NA,NA,NA,NA,NA
E7,GND,NA,NA,NA,NA,NA
F12,GND,NA,NA,NA,NA,NA
F16,GND,NA,NA,NA,NA,NA
F21,GND,NA,NA,NA,NA,NA
F3,GND,NA,NA,NA,NA,NA
F31,GND,NA,NA,NA,NA,NA
F36,GND,NA,NA,NA,NA,NA
F38,GND,NA,NA,NA,NA,NA
F4,GND,NA,NA,NA,NA,NA
F40,GND,NA,NA,NA,NA,NA
F43,GND,NA,NA,NA,NA,NA
F44,GND,NA,NA,NA,NA,NA
F45,GND,NA,NA,NA,NA,NA
F7,GND,NA,NA,NA,NA,NA
F8,GND,NA,NA,NA,NA,NA
F9,GND,NA,NA,NA,NA,NA
G1,GND,NA,NA,NA,NA,NA
G10,GND,NA,NA,NA,NA,NA
G11,GND,NA,NA,NA,NA,NA
G14,GND,NA,NA,NA,NA,NA
G16,GND,NA,NA,NA,NA,NA
G18,GND,NA,NA,NA,NA,NA
G2,GND,NA,NA,NA,NA,NA
G33,GND,NA,NA,NA,NA,NA
G38,GND,NA,NA,NA,NA,NA
G41,GND,NA,NA,NA,NA,NA
G45,GND,NA,NA,NA,NA,NA
G46,GND,NA,NA,NA,NA,NA
G47,GND,NA,NA,NA,NA,NA
G5,GND,NA,NA,NA,NA,NA
G6,GND,NA,NA,NA,NA,NA
G7,GND,NA,NA,NA,NA,NA
H12,GND,NA,NA,NA,NA,NA
H16,GND,NA,NA,NA,NA,NA
H20,GND,NA,NA,NA,NA,NA
H3,GND,NA,NA,NA,NA,NA
H30,GND,NA,NA,NA,NA,NA
H35,GND,NA,NA,NA,NA,NA
H38,GND,NA,NA,NA,NA,NA
H4,GND,NA,NA,NA,NA,NA
H40,GND,NA,NA,NA,NA,NA
H43,GND,NA,NA,NA,NA,NA
H44,GND,NA,NA,NA,NA,NA
H45,GND,NA,NA,NA,NA,NA
H7,GND,NA,NA,NA,NA,NA
H8,GND,NA,NA,NA,NA,NA
H9,GND,NA,NA,NA,NA,NA
J1,GND,NA,NA,NA,NA,NA
J10,GND,NA,NA,NA,NA,NA
J11,GND,NA,NA,NA,NA,NA
J14,GND,NA,NA,NA,NA,NA
J16,GND,NA,NA,NA,NA,NA
J2,GND,NA,NA,NA,NA,NA
J32,GND,NA,NA,NA,NA,NA
J38,GND,NA,NA,NA,NA,NA
J42,GND,NA,NA,NA,NA,NA
J45,GND,NA,NA,NA,NA,NA
J46,GND,NA,NA,NA,NA,NA
J47,GND,NA,NA,NA,NA,NA
J5,GND,NA,NA,NA,NA,NA
J6,GND,NA,NA,NA,NA,NA
J7,GND,NA,NA,NA,NA,NA
K12,GND,NA,NA,NA,NA,NA
K16,GND,NA,NA,NA,NA,NA
K19,GND,NA,NA,NA,NA,NA
K29,GND,NA,NA,NA,NA,NA
K3,GND,NA,NA,NA,NA,NA
K34,GND,NA,NA,NA,NA,NA
K38,GND,NA,NA,NA,NA,NA
K4,GND,NA,NA,NA,NA,NA
K40,GND,NA,NA,NA,NA,NA
K43,GND,NA,NA,NA,NA,NA
K44,GND,NA,NA,NA,NA,NA
K45,GND,NA,NA,NA,NA,NA
K5,GND,NA,NA,NA,NA,NA
K8,GND,NA,NA,NA,NA,NA
K9,GND,NA,NA,NA,NA,NA
L1,GND,NA,NA,NA,NA,NA
L10,GND,NA,NA,NA,NA,NA
L11,GND,NA,NA,NA,NA,NA
L14,GND,NA,NA,NA,NA,NA
L16,GND,NA,NA,NA,NA,NA
L2,GND,NA,NA,NA,NA,NA
L21,GND,NA,NA,NA,NA,NA
L31,GND,NA,NA,NA,NA,NA
L36,GND,NA,NA,NA,NA,NA
L38,GND,NA,NA,NA,NA,NA
L41,GND,NA,NA,NA,NA,NA
L43,GND,NA,NA,NA,NA,NA
L46,GND,NA,NA,NA,NA,NA
L47,GND,NA,NA,NA,NA,NA
L5,GND,NA,NA,NA,NA,NA
L6,GND,NA,NA,NA,NA,NA
L7,GND,NA,NA,NA,NA,NA
M10,GND,NA,NA,NA,NA,NA
M11,GND,NA,NA,NA,NA,NA
M12,GND,NA,NA,NA,NA,NA
M13,GND,NA,NA,NA,NA,NA
M16,GND,NA,NA,NA,NA,NA
M3,GND,NA,NA,NA,NA,NA
M38,GND,NA,NA,NA,NA,NA
M4,GND,NA,NA,NA,NA,NA
M40,GND,NA,NA,NA,NA,NA
M43,GND,NA,NA,NA,NA,NA
M44,GND,NA,NA,NA,NA,NA
M45,GND,NA,NA,NA,NA,NA
M5,GND,NA,NA,NA,NA,NA
M8,GND,NA,NA,NA,NA,NA
M9,GND,NA,NA,NA,NA,NA
N1,GND,NA,NA,NA,NA,NA
N10,GND,NA,NA,NA,NA,NA
N13,GND,NA,NA,NA,NA,NA
N14,GND,NA,NA,NA,NA,NA
N15,GND,NA,NA,NA,NA,NA
N16,GND,NA,NA,NA,NA,NA
N17,GND,NA,NA,NA,NA,NA
N19,GND,NA,NA,NA,NA,NA
N2,GND,NA,NA,NA,NA,NA
N21,GND,NA,NA,NA,NA,NA
N30,GND,NA,NA,NA,NA,NA
N33,GND,NA,NA,NA,NA,NA
N35,GND,NA,NA,NA,NA,NA
N37,GND,NA,NA,NA,NA,NA
N38,GND,NA,NA,NA,NA,NA
N42,GND,NA,NA,NA,NA,NA
N43,GND,NA,NA,NA,NA,NA
N46,GND,NA,NA,NA,NA,NA
N47,GND,NA,NA,NA,NA,NA
N5,GND,NA,NA,NA,NA,NA
N6,GND,NA,NA,NA,NA,NA
N7,GND,NA,NA,NA,NA,NA
P10,GND,NA,NA,NA,NA,NA
P12,GND,NA,NA,NA,NA,NA
P14,GND,NA,NA,NA,NA,NA
P16,GND,NA,NA,NA,NA,NA
P18,GND,NA,NA,NA,NA,NA
P20,GND,NA,NA,NA,NA,NA
P22,GND,NA,NA,NA,NA,NA
P24,GND,NA,NA,NA,NA,NA
P26,GND,NA,NA,NA,NA,NA
P28,GND,NA,NA,NA,NA,NA
P3,GND,NA,NA,NA,NA,NA
P30,GND,NA,NA,NA,NA,NA
P32,GND,NA,NA,NA,NA,NA
P34,GND,NA,NA,NA,NA,NA
P36,GND,NA,NA,NA,NA,NA
P38,GND,NA,NA,NA,NA,NA
P4,GND,NA,NA,NA,NA,NA
P40,GND,NA,NA,NA,NA,NA
P43,GND,NA,NA,NA,NA,NA
P44,GND,NA,NA,NA,NA,NA
P45,GND,NA,NA,NA,NA,NA
P5,GND,NA,NA,NA,NA,NA
P8,GND,NA,NA,NA,NA,NA
P9,GND,NA,NA,NA,NA,NA
R1,GND,NA,NA,NA,NA,NA
R10,GND,NA,NA,NA,NA,NA
R13,GND,NA,NA,NA,NA,NA
R15,GND,NA,NA,NA,NA,NA
R17,GND,NA,NA,NA,NA,NA
R19,GND,NA,NA,NA,NA,NA
R2,GND,NA,NA,NA,NA,NA
R21,GND,NA,NA,NA,NA,NA
R23,GND,NA,NA,NA,NA,NA
R25,GND,NA,NA,NA,NA,NA
R27,GND,NA,NA,NA,NA,NA
R29,GND,NA,NA,NA,NA,NA
R31,GND,NA,NA,NA,NA,NA
R33,GND,NA,NA,NA,NA,NA
R35,GND,NA,NA,NA,NA,NA
R38,GND,NA,NA,NA,NA,NA
R41,GND,NA,NA,NA,NA,NA
R45,GND,NA,NA,NA,NA,NA
R46,GND,NA,NA,NA,NA,NA
R47,GND,NA,NA,NA,NA,NA
R5,GND,NA,NA,NA,NA,NA
R6,GND,NA,NA,NA,NA,NA
R7,GND,NA,NA,NA,NA,NA
T10,GND,NA,NA,NA,NA,NA
T12,GND,NA,NA,NA,NA,NA
T14,GND,NA,NA,NA,NA,NA
T16,GND,NA,NA,NA,NA,NA
T18,GND,NA,NA,NA,NA,NA
T20,GND,NA,NA,NA,NA,NA
T22,GND,NA,NA,NA,NA,NA
T24,GND,NA,NA,NA,NA,NA
T26,GND,NA,NA,NA,NA,NA
T28,GND,NA,NA,NA,NA,NA
T3,GND,NA,NA,NA,NA,NA
T30,GND,NA,NA,NA,NA,NA
T32,GND,NA,NA,NA,NA,NA
T34,GND,NA,NA,NA,NA,NA
T36,GND,NA,NA,NA,NA,NA
T38,GND,NA,NA,NA,NA,NA
T4,GND,NA,NA,NA,NA,NA
T40,GND,NA,NA,NA,NA,NA
T43,GND,NA,NA,NA,NA,NA
T44,GND,NA,NA,NA,NA,NA
T45,GND,NA,NA,NA,NA,NA
T5,GND,NA,NA,NA,NA,NA
T8,GND,NA,NA,NA,NA,NA
T9,GND,NA,NA,NA,NA,NA
U1,GND,NA,NA,NA,NA,NA
U10,GND,NA,NA,NA,NA,NA
U17,GND,NA,NA,NA,NA,NA
U19,GND,NA,NA,NA,NA,NA
U2,GND,NA,NA,NA,NA,NA
U21,GND,NA,NA,NA,NA,NA
U23,GND,NA,NA,NA,NA,NA
U25,GND,NA,NA,NA,NA,NA
U27,GND,NA,NA,NA,NA,NA
U29,GND,NA,NA,NA,NA,NA
U31,GND,NA,NA,NA,NA,NA
U33,GND,NA,NA,NA,NA,NA
U35,GND,NA,NA,NA,NA,NA
U38,GND,NA,NA,NA,NA,NA
U42,GND,NA,NA,NA,NA,NA
U45,GND,NA,NA,NA,NA,NA
U46,GND,NA,NA,NA,NA,NA
U47,GND,NA,NA,NA,NA,NA
U5,GND,NA,NA,NA,NA,NA
U6,GND,NA,NA,NA,NA,NA
U7,GND,NA,NA,NA,NA,NA
V10,GND,NA,NA,NA,NA,NA
V11,GND,NA,NA,NA,NA,NA
V12,GND,NA,NA,NA,NA,NA
V13,GND,NA,NA,NA,NA,NA
V14,GND,NA,NA,NA,NA,NA
V16,GND,NA,NA,NA,NA,NA
V18,GND,NA,NA,NA,NA,NA
V20,GND,NA,NA,NA,NA,NA
V22,GND,NA,NA,NA,NA,NA
V24,GND,NA,NA,NA,NA,NA
V26,GND,NA,NA,NA,NA,NA
V28,GND,NA,NA,NA,NA,NA
V3,GND,NA,NA,NA,NA,NA
V30,GND,NA,NA,NA,NA,NA
V32,GND,NA,NA,NA,NA,NA
V34,GND,NA,NA,NA,NA,NA
V36,GND,NA,NA,NA,NA,NA
V38,GND,NA,NA,NA,NA,NA
V4,GND,NA,NA,NA,NA,NA
V40,GND,NA,NA,NA,NA,NA
V43,GND,NA,NA,NA,NA,NA
V44,GND,NA,NA,NA,NA,NA
V45,GND,NA,NA,NA,NA,NA
V5,GND,NA,NA,NA,NA,NA
V8,GND,NA,NA,NA,NA,NA
V9,GND,NA,NA,NA,NA,NA
W1,GND,NA,NA,NA,NA,NA
W10,GND,NA,NA,NA,NA,NA
W12,GND,NA,NA,NA,NA,NA
W14,GND,NA,NA,NA,NA,NA
W15,GND,NA,NA,NA,NA,NA
W17,GND,NA,NA,NA,NA,NA
W19,GND,NA,NA,NA,NA,NA
W2,GND,NA,NA,NA,NA,NA
W21,GND,NA,NA,NA,NA,NA
W24,GND,NA,NA,NA,NA,NA
W25,GND,NA,NA,NA,NA,NA
W28,GND,NA,NA,NA,NA,NA
W29,GND,NA,NA,NA,NA,NA
W31,GND,NA,NA,NA,NA,NA
W33,GND,NA,NA,NA,NA,NA
W35,GND,NA,NA,NA,NA,NA
W37,GND,NA,NA,NA,NA,NA
W38,GND,NA,NA,NA,NA,NA
W41,GND,NA,NA,NA,NA,NA
W43,GND,NA,NA,NA,NA,NA
W46,GND,NA,NA,NA,NA,NA
W47,GND,NA,NA,NA,NA,NA
W5,GND,NA,NA,NA,NA,NA
W6,GND,NA,NA,NA,NA,NA
W7,GND,NA,NA,NA,NA,NA
Y14,GND,NA,NA,NA,NA,NA
Y16,GND,NA,NA,NA,NA,NA
Y18,GND,NA,NA,NA,NA,NA
Y20,GND,NA,NA,NA,NA,NA
Y21,GND,NA,NA,NA,NA,NA
Y24,GND,NA,NA,NA,NA,NA
Y25,GND,NA,NA,NA,NA,NA
Y28,GND,NA,NA,NA,NA,NA
Y3,GND,NA,NA,NA,NA,NA
Y30,GND,NA,NA,NA,NA,NA
Y34,GND,NA,NA,NA,NA,NA
Y36,GND,NA,NA,NA,NA,NA
Y38,GND,NA,NA,NA,NA,NA
Y4,GND,NA,NA,NA,NA,NA
Y40,GND,NA,NA,NA,NA,NA
Y43,GND,NA,NA,NA,NA,NA
Y44,GND,NA,NA,NA,NA,NA
Y45,GND,NA,NA,NA,NA,NA
Y5,GND,NA,NA,NA,NA,NA
Y8,GND,NA,NA,NA,NA,NA
Y9,GND,NA,NA,NA,NA,NA
Y32,GND_SMON,NA,NA,NA,NA,NA
V39,GTY_AVCCAUX_L,NA,NA,NA,NA,NA
Y39,GTY_AVCCAUX_L,NA,NA,NA,NA,NA
G15,GTY_AVCCAUX_R,NA,NA,NA,NA,NA
J15,GTY_AVCCAUX_R,NA,NA,NA,NA,NA
L15,GTY_AVCCAUX_R,NA,NA,NA,NA,NA
F39,GTY_AVCC_L,NA,NA,NA,NA,NA
H39,GTY_AVCC_L,NA,NA,NA,NA,NA
K39,GTY_AVCC_L,NA,NA,NA,NA,NA
M39,GTY_AVCC_L,NA,NA,NA,NA,NA
P39,GTY_AVCC_L,NA,NA,NA,NA,NA
T39,GTY_AVCC_L,NA,NA,NA,NA,NA
A15,GTY_AVCC_R,NA,NA,NA,NA,NA
AA11,GTY_AVCC_R,NA,NA,NA,NA,NA
AC11,GTY_AVCC_R,NA,NA,NA,NA,NA
AE11,GTY_AVCC_R,NA,NA,NA,NA,NA
C15,GTY_AVCC_R,NA,NA,NA,NA,NA
D13,GTY_AVCC_R,NA,NA,NA,NA,NA
E15,GTY_AVCC_R,NA,NA,NA,NA,NA
F13,GTY_AVCC_R,NA,NA,NA,NA,NA
H13,GTY_AVCC_R,NA,NA,NA,NA,NA
K13,GTY_AVCC_R,NA,NA,NA,NA,NA
W11,GTY_AVCC_R,NA,NA,NA,NA,NA
AA41,GTY_AVTT_L,NA,NA,NA,NA,NA
C42,GTY_AVTT_L,NA,NA,NA,NA,NA
E41,GTY_AVTT_L,NA,NA,NA,NA,NA
G42,GTY_AVTT_L,NA,NA,NA,NA,NA
J41,GTY_AVTT_L,NA,NA,NA,NA,NA
L42,GTY_AVTT_L,NA,NA,NA,NA,NA
N41,GTY_AVTT_L,NA,NA,NA,NA,NA
R42,GTY_AVTT_L,NA,NA,NA,NA,NA
U41,GTY_AVTT_L,NA,NA,NA,NA,NA
W42,GTY_AVTT_L,NA,NA,NA,NA,NA
AA13,GTY_AVTT_R,NA,NA,NA,NA,NA
AB12,GTY_AVTT_R,NA,NA,NA,NA,NA
AB13,GTY_AVTT_R,NA,NA,NA,NA,NA
AC13,GTY_AVTT_R,NA,NA,NA,NA,NA
AD12,GTY_AVTT_R,NA,NA,NA,NA,NA
AD13,GTY_AVTT_R,NA,NA,NA,NA,NA
AE13,GTY_AVTT_R,NA,NA,NA,NA,NA
AF12,GTY_AVTT_R,NA,NA,NA,NA,NA
AF13,GTY_AVTT_R,NA,NA,NA,NA,NA
W13,GTY_AVTT_R,NA,NA,NA,NA,NA
Y12,GTY_AVTT_R,NA,NA,NA,NA,NA
Y13,GTY_AVTT_R,NA,NA,NA,NA,NA
AA16,NC,NA,NA ,NA,NA,
AC16,NC,NA,NA ,NA,NA,
AE16,NC,NA,NA ,NA,NA,
AG16,NC,NA,NA ,NA,NA,
AJ16,NC,NA,NA ,NA,NA,
W16,NC,NA,NA ,NA,NA,
AB15,VCCAUX,NA,NA,NA,NA,NA
AD15,VCCAUX,NA,NA,NA,NA,NA
AF15,VCCAUX,NA,NA,NA,NA,NA
AG15,VCCAUX,NA,NA,NA,NA,NA
Y15,VCCAUX,NA,NA,NA,NA,NA
AG32,VCCAUX_PMC,NA,NA,NA,NA,NA
AH32,VCCAUX_PMC,NA,NA,NA,NA,NA
Y33,VCCAUX_SMON,NA,NA,NA,NA,NA
A22,VCCINT,NA,NA,NA,NA,NA
A23,VCCINT,NA,NA,NA,NA,NA
A24,VCCINT,NA,NA,NA,NA,NA
A25,VCCINT,NA,NA,NA,NA,NA
A26,VCCINT,NA,NA,NA,NA,NA
A27,VCCINT,NA,NA,NA,NA,NA
A28,VCCINT,NA,NA,NA,NA,NA
A29,VCCINT,NA,NA,NA,NA,NA
AA18,VCCINT,NA,NA,NA,NA,NA
AA28,VCCINT,NA,NA,NA,NA,NA
AA30,VCCINT,NA,NA,NA,NA,NA
AA34,VCCINT,NA,NA,NA,NA,NA
AA36,VCCINT,NA,NA,NA,NA,NA
AB17,VCCINT,NA,NA,NA,NA,NA
AB19,VCCINT,NA,NA,NA,NA,NA
AB29,VCCINT,NA,NA,NA,NA,NA
AB31,VCCINT,NA,NA,NA,NA,NA
AB35,VCCINT,NA,NA,NA,NA,NA
AB37,VCCINT,NA,NA,NA,NA,NA
AC18,VCCINT,NA,NA,NA,NA,NA
AC28,VCCINT,NA,NA,NA,NA,NA
AC30,VCCINT,NA,NA,NA,NA,NA
AC34,VCCINT,NA,NA,NA,NA,NA
AC36,VCCINT,NA,NA,NA,NA,NA
AD17,VCCINT,NA,NA,NA,NA,NA
AD19,VCCINT,NA,NA,NA,NA,NA
AD29,VCCINT,NA,NA,NA,NA,NA
AD31,VCCINT,NA,NA,NA,NA,NA
AD33,VCCINT,NA,NA,NA,NA,NA
AD35,VCCINT,NA,NA,NA,NA,NA
AE18,VCCINT,NA,NA,NA,NA,NA
AE28,VCCINT,NA,NA,NA,NA,NA
AE30,VCCINT,NA,NA,NA,NA,NA
AF17,VCCINT,NA,NA,NA,NA,NA
AF19,VCCINT,NA,NA,NA,NA,NA
AF29,VCCINT,NA,NA,NA,NA,NA
AF31,VCCINT,NA,NA,NA,NA,NA
AG18,VCCINT,NA,NA,NA,NA,NA
AG28,VCCINT,NA,NA,NA,NA,NA
AG30,VCCINT,NA,NA,NA,NA,NA
AH17,VCCINT,NA,NA,NA,NA,NA
AH19,VCCINT,NA,NA,NA,NA,NA
AH31,VCCINT,NA,NA,NA,NA,NA
AJ18,VCCINT,NA,NA,NA,NA,NA
AJ30,VCCINT,NA,NA,NA,NA,NA
AK17,VCCINT,NA,NA,NA,NA,NA
AK19,VCCINT,NA,NA,NA,NA,NA
AK21,VCCINT,NA,NA,NA,NA,NA
AK27,VCCINT,NA,NA,NA,NA,NA
AK29,VCCINT,NA,NA,NA,NA,NA
AK31,VCCINT,NA,NA,NA,NA,NA
AL18,VCCINT,NA,NA,NA,NA,NA
AL20,VCCINT,NA,NA,NA,NA,NA
AL30,VCCINT,NA,NA,NA,NA,NA
B22,VCCINT,NA,NA,NA,NA,NA
B23,VCCINT,NA,NA,NA,NA,NA
B24,VCCINT,NA,NA,NA,NA,NA
B25,VCCINT,NA,NA,NA,NA,NA
B26,VCCINT,NA,NA,NA,NA,NA
B27,VCCINT,NA,NA,NA,NA,NA
B28,VCCINT,NA,NA,NA,NA,NA
B29,VCCINT,NA,NA,NA,NA,NA
C22,VCCINT,NA,NA,NA,NA,NA
C23,VCCINT,NA,NA,NA,NA,NA
C24,VCCINT,NA,NA,NA,NA,NA
C25,VCCINT,NA,NA,NA,NA,NA
C26,VCCINT,NA,NA,NA,NA,NA
C27,VCCINT,NA,NA,NA,NA,NA
C28,VCCINT,NA,NA,NA,NA,NA
C29,VCCINT,NA,NA,NA,NA,NA
D22,VCCINT,NA,NA,NA,NA,NA
D23,VCCINT,NA,NA,NA,NA,NA
D24,VCCINT,NA,NA,NA,NA,NA
D25,VCCINT,NA,NA,NA,NA,NA
D26,VCCINT,NA,NA,NA,NA,NA
D27,VCCINT,NA,NA,NA,NA,NA
D28,VCCINT,NA,NA,NA,NA,NA
D29,VCCINT,NA,NA,NA,NA,NA
E22,VCCINT,NA,NA,NA,NA,NA
E23,VCCINT,NA,NA,NA,NA,NA
E24,VCCINT,NA,NA,NA,NA,NA
E25,VCCINT,NA,NA,NA,NA,NA
E26,VCCINT,NA,NA,NA,NA,NA
E27,VCCINT,NA,NA,NA,NA,NA
E28,VCCINT,NA,NA,NA,NA,NA
E29,VCCINT,NA,NA,NA,NA,NA
F22,VCCINT,NA,NA,NA,NA,NA
F23,VCCINT,NA,NA,NA,NA,NA
F24,VCCINT,NA,NA,NA,NA,NA
F25,VCCINT,NA,NA,NA,NA,NA
F26,VCCINT,NA,NA,NA,NA,NA
F27,VCCINT,NA,NA,NA,NA,NA
F28,VCCINT,NA,NA,NA,NA,NA
F29,VCCINT,NA,NA,NA,NA,NA
G22,VCCINT,NA,NA,NA,NA,NA
G23,VCCINT,NA,NA,NA,NA,NA
G24,VCCINT,NA,NA,NA,NA,NA
G25,VCCINT,NA,NA,NA,NA,NA
G26,VCCINT,NA,NA,NA,NA,NA
G27,VCCINT,NA,NA,NA,NA,NA
G28,VCCINT,NA,NA,NA,NA,NA
G29,VCCINT,NA,NA,NA,NA,NA
H22,VCCINT,NA,NA,NA,NA,NA
H23,VCCINT,NA,NA,NA,NA,NA
H24,VCCINT,NA,NA,NA,NA,NA
H25,VCCINT,NA,NA,NA,NA,NA
H26,VCCINT,NA,NA,NA,NA,NA
H27,VCCINT,NA,NA,NA,NA,NA
H28,VCCINT,NA,NA,NA,NA,NA
H29,VCCINT,NA,NA,NA,NA,NA
J22,VCCINT,NA,NA,NA,NA,NA
J23,VCCINT,NA,NA,NA,NA,NA
J24,VCCINT,NA,NA,NA,NA,NA
J25,VCCINT,NA,NA,NA,NA,NA
J26,VCCINT,NA,NA,NA,NA,NA
J27,VCCINT,NA,NA,NA,NA,NA
J28,VCCINT,NA,NA,NA,NA,NA
J29,VCCINT,NA,NA,NA,NA,NA
K22,VCCINT,NA,NA,NA,NA,NA
K23,VCCINT,NA,NA,NA,NA,NA
K24,VCCINT,NA,NA,NA,NA,NA
K25,VCCINT,NA,NA,NA,NA,NA
K26,VCCINT,NA,NA,NA,NA,NA
K27,VCCINT,NA,NA,NA,NA,NA
K28,VCCINT,NA,NA,NA,NA,NA
L22,VCCINT,NA,NA,NA,NA,NA
L23,VCCINT,NA,NA,NA,NA,NA
L24,VCCINT,NA,NA,NA,NA,NA
L25,VCCINT,NA,NA,NA,NA,NA
L26,VCCINT,NA,NA,NA,NA,NA
L27,VCCINT,NA,NA,NA,NA,NA
L28,VCCINT,NA,NA,NA,NA,NA
M22,VCCINT,NA,NA,NA,NA,NA
M23,VCCINT,NA,NA,NA,NA,NA
M24,VCCINT,NA,NA,NA,NA,NA
M25,VCCINT,NA,NA,NA,NA,NA
M26,VCCINT,NA,NA,NA,NA,NA
M27,VCCINT,NA,NA,NA,NA,NA
M28,VCCINT,NA,NA,NA,NA,NA
N11,VCCINT,NA,NA,NA,NA,NA
N12,VCCINT,NA,NA,NA,NA,NA
N18,VCCINT,NA,NA,NA,NA,NA
N20,VCCINT,NA,NA,NA,NA,NA
N22,VCCINT,NA,NA,NA,NA,NA
N23,VCCINT,NA,NA,NA,NA,NA
N24,VCCINT,NA,NA,NA,NA,NA
N25,VCCINT,NA,NA,NA,NA,NA
N26,VCCINT,NA,NA,NA,NA,NA
N27,VCCINT,NA,NA,NA,NA,NA
N28,VCCINT,NA,NA,NA,NA,NA
N29,VCCINT,NA,NA,NA,NA,NA
N36,VCCINT,NA,NA,NA,NA,NA
P11,VCCINT,NA,NA,NA,NA,NA
P13,VCCINT,NA,NA,NA,NA,NA
P15,VCCINT,NA,NA,NA,NA,NA
P17,VCCINT,NA,NA,NA,NA,NA
P19,VCCINT,NA,NA,NA,NA,NA
P21,VCCINT,NA,NA,NA,NA,NA
P23,VCCINT,NA,NA,NA,NA,NA
P25,VCCINT,NA,NA,NA,NA,NA
P27,VCCINT,NA,NA,NA,NA,NA
P29,VCCINT,NA,NA,NA,NA,NA
P31,VCCINT,NA,NA,NA,NA,NA
P33,VCCINT,NA,NA,NA,NA,NA
P35,VCCINT,NA,NA,NA,NA,NA
P37,VCCINT,NA,NA,NA,NA,NA
R11,VCCINT,NA,NA,NA,NA,NA
R12,VCCINT,NA,NA,NA,NA,NA
R14,VCCINT,NA,NA,NA,NA,NA
R16,VCCINT,NA,NA,NA,NA,NA
R18,VCCINT,NA,NA,NA,NA,NA
R20,VCCINT,NA,NA,NA,NA,NA
R22,VCCINT,NA,NA,NA,NA,NA
R24,VCCINT,NA,NA,NA,NA,NA
R26,VCCINT,NA,NA,NA,NA,NA
R28,VCCINT,NA,NA,NA,NA,NA
R30,VCCINT,NA,NA,NA,NA,NA
R32,VCCINT,NA,NA,NA,NA,NA
R34,VCCINT,NA,NA,NA,NA,NA
R36,VCCINT,NA,NA,NA,NA,NA
R37,VCCINT,NA,NA,NA,NA,NA
T11,VCCINT,NA,NA,NA,NA,NA
T13,VCCINT,NA,NA,NA,NA,NA
T15,VCCINT,NA,NA,NA,NA,NA
T17,VCCINT,NA,NA,NA,NA,NA
T19,VCCINT,NA,NA,NA,NA,NA
T21,VCCINT,NA,NA,NA,NA,NA
T23,VCCINT,NA,NA,NA,NA,NA
T25,VCCINT,NA,NA,NA,NA,NA
T27,VCCINT,NA,NA,NA,NA,NA
T29,VCCINT,NA,NA,NA,NA,NA
T31,VCCINT,NA,NA,NA,NA,NA
T33,VCCINT,NA,NA,NA,NA,NA
T35,VCCINT,NA,NA,NA,NA,NA
T37,VCCINT,NA,NA,NA,NA,NA
U11,VCCINT,NA,NA,NA,NA,NA
U12,VCCINT,NA,NA,NA,NA,NA
U13,VCCINT,NA,NA,NA,NA,NA
U14,VCCINT,NA,NA,NA,NA,NA
U15,VCCINT,NA,NA,NA,NA,NA
U16,VCCINT,NA,NA,NA,NA,NA
U18,VCCINT,NA,NA,NA,NA,NA
U20,VCCINT,NA,NA,NA,NA,NA
U22,VCCINT,NA,NA,NA,NA,NA
U24,VCCINT,NA,NA,NA,NA,NA
U26,VCCINT,NA,NA,NA,NA,NA
U28,VCCINT,NA,NA,NA,NA,NA
U30,VCCINT,NA,NA,NA,NA,NA
U32,VCCINT,NA,NA,NA,NA,NA
U34,VCCINT,NA,NA,NA,NA,NA
U36,VCCINT,NA,NA,NA,NA,NA
U37,VCCINT,NA,NA,NA,NA,NA
V15,VCCINT,NA,NA,NA,NA,NA
V17,VCCINT,NA,NA,NA,NA,NA
V19,VCCINT,NA,NA,NA,NA,NA
V21,VCCINT,NA,NA,NA,NA,NA
V23,VCCINT,NA,NA,NA,NA,NA
V25,VCCINT,NA,NA,NA,NA,NA
V27,VCCINT,NA,NA,NA,NA,NA
V29,VCCINT,NA,NA,NA,NA,NA
V31,VCCINT,NA,NA,NA,NA,NA
V33,VCCINT,NA,NA,NA,NA,NA
V35,VCCINT,NA,NA,NA,NA,NA
V37,VCCINT,NA,NA,NA,NA,NA
W18,VCCINT,NA,NA,NA,NA,NA
W20,VCCINT,NA,NA,NA,NA,NA
W30,VCCINT,NA,NA,NA,NA,NA
W32,VCCINT,NA,NA,NA,NA,NA
W34,VCCINT,NA,NA,NA,NA,NA
W36,VCCINT,NA,NA,NA,NA,NA
Y17,VCCINT,NA,NA,NA,NA,NA
Y19,VCCINT,NA,NA,NA,NA,NA
Y29,VCCINT,NA,NA,NA,NA,NA
Y31,VCCINT,NA,NA,NA,NA,NA
Y35,VCCINT,NA,NA,NA,NA,NA
Y37,VCCINT,NA,NA,NA,NA,NA
AG33,VCC_BATT,NA,NA,NA,NA,NA
AF33,VCC_FUSE,NA,NA,NA,NA,NA
AK23,VCC_IO,NA,NA,NA,NA,NA
AK25,VCC_IO,NA,NA,NA,NA,NA
AL22,VCC_IO,NA,NA,NA,NA,NA
AL24,VCC_IO,NA,NA,NA,NA,NA
AL26,VCC_IO,NA,NA,NA,NA,NA
AJ33,VCC_PMC,NA,NA,NA,NA,NA
AK32,VCC_PMC,NA,NA,NA,NA,NA
AL32,VCC_PMC,NA,NA,NA,NA,NA
AH34,VCC_PSFP,NA,NA,NA,NA,NA
AJ34,VCC_PSFP,NA,NA,NA,NA,NA
AK33,VCC_PSFP,NA,NA,NA,NA,NA
AL34,VCC_PSFP,NA,NA,NA,NA,NA
AF34,VCC_PSLP,NA,NA,NA,NA,NA
AG35,VCC_PSLP,NA,NA,NA,NA,NA
AH35,VCC_PSLP,NA,NA,NA,NA,NA
AA20,VCC_RAM,NA,NA,NA,NA,NA
AC20,VCC_RAM,NA,NA,NA,NA,NA
AE20,VCC_RAM,NA,NA,NA,NA,NA
AG20,VCC_RAM,NA,NA,NA,NA,NA
AJ20,VCC_RAM,NA,NA,NA,NA,NA
AH22,VCC_SOC,NA,NA,NA,NA,NA
AH23,VCC_SOC,NA,NA,NA,NA,NA
AH25,VCC_SOC,NA,NA,NA,NA,NA
AH27,VCC_SOC,NA,NA,NA,NA,NA
AH28,VCC_SOC,NA,NA,NA,NA,NA
AJ22,VCC_SOC,NA,NA,NA,NA,NA
AJ23,VCC_SOC,NA,NA,NA,NA,NA
AJ25,VCC_SOC,NA,NA,NA,NA,NA
AJ27,VCC_SOC,NA,NA,NA,NA,NA
AJ28,VCC_SOC,NA,NA,NA,NA,NA
W22,VCC_SOC,NA,NA,NA,NA,NA
W23,VCC_SOC,NA,NA,NA,NA,NA
W26,VCC_SOC,NA,NA,NA,NA,NA
W27,VCC_SOC,NA,NA,NA,NA,NA
Y22,VCC_SOC,NA,NA,NA,NA,NA
Y23,VCC_SOC,NA,NA,NA,NA,NA
Y26,VCC_SOC,NA,NA,NA,NA,NA
Y27,VCC_SOC,NA,NA,NA,NA,NA

"#Total Number of Pins 2148
